date,open,high,low,adjClose,value,volume,count,yesterday,close
2018-10-08,930.0,930.0,930.0,930.0,17960507820,19312374,557,667.0,930.0
2018-10-10,900.0,900.0,754.0,854.0,9666251604,11319993,580,930.0,754.0
2018-10-13,780.0,780.0,702.0,731.0,3126720792,4279953,251,854.0,702.0
2018-10-15,780.0,830.0,780.0,803.0,6754747980,8413686,465,731.0,830.0
2018-10-17,760.0,800.0,760.0,770.0,8145205080,10576862,637,803.0,800.0
2018-10-20,820.0,835.0,820.0,823.0,8784825405,10668564,658,770.0,835.0
2018-10-22,827.0,827.0,780.0,798.0,1878498496,2354581,135,823.0,780.0
2018-10-24,775.0,775.0,720.0,732.0,1710995965,2337858,136,798.0,720.0
2018-10-27,730.0,732.0,730.0,730.0,5519091338,7558097,435,732.0,732.0
2018-10-29,770.0,780.0,770.0,770.0,4630290220,6009786,464,730.0,780.0
2018-10-31,805.0,805.0,760.0,787.0,1457340565,1852552,119,770.0,760.0
2018-11-03,770.0,770.0,733.0,751.0,1678580583,2235705,136,787.0,733.0
2018-11-05,739.0,740.0,739.0,739.0,8744591890,11829076,643,751.0,740.0
2018-11-10,739.0,739.0,730.0,736.0,2170204344,2950299,229,739.0,730.0
2018-11-14,741.0,744.0,741.0,741.0,4720872885,6366804,374,736.0,744.0
2018-11-17,750.0,750.0,705.0,739.0,1806031410,2444429,158,741.0,705.0
2018-11-19,705.0,705.0,705.0,705.0,4955064300,7028460,463,739.0,705.0
2018-11-21,726.0,726.0,708.0,713.0,793415586,1112111,64,705.0,708.0
2018-11-24,720.0,720.0,701.0,712.0,673088842,944922,83,713.0,701.0
2018-11-26,680.0,680.0,670.0,679.0,916816660,1350953,132,712.0,670.0
2018-11-28,671.0,671.0,660.0,670.0,2075868597,3099352,243,679.0,660.0
2018-12-01,670.0,670.0,657.0,666.0,438837331,658925,57,670.0,657.0
2018-12-03,670.0,670.0,648.0,660.0,1872275720,2837201,196,666.0,648.0
2018-12-05,644.0,650.0,644.0,644.0,3716986184,5767423,455,660.0,650.0
2018-12-08,630.0,634.0,630.0,630.0,3984873438,6322359,421,644.0,634.0
2018-12-10,630.0,630.0,630.0,630.0,2752776810,4369487,287,630.0,630.0
2018-12-12,630.0,630.0,615.0,628.0,1312275570,2091182,173,630.0,615.0
2018-12-15,625.0,625.0,600.0,606.0,885864550,1461430,99,628.0,600.0
2018-12-17,582.0,582.0,580.0,582.0,3392249174,5830110,421,606.0,580.0
2018-12-19,599.0,599.0,598.0,599.0,776071716,1296630,95,582.0,598.0
2018-12-22,580.0,580.0,580.0,580.0,147821700,254865,27,599.0,580.0
2018-12-24,610.0,635.0,610.0,623.0,1246090560,2000036,111,580.0,635.0
2018-12-26,625.0,639.0,625.0,627.0,2908791851,4637885,336,623.0,639.0
2018-12-29,649.0,649.0,636.0,646.0,874549408,1353412,94,627.0,636.0
2018-12-31,630.0,630.0,630.0,630.0,2157093540,3423958,231,646.0,630.0
2019-01-02,639.0,639.0,622.0,633.0,1293289194,2044204,128,630.0,622.0
2019-01-05,638.0,638.0,630.0,636.0,1392878776,2191628,132,633.0,630.0
2019-01-07,635.0,650.0,635.0,639.0,4517536480,7068446,499,636.0,650.0
2019-01-09,661.0,690.0,661.0,677.0,2374040045,3508561,219,639.0,690.0
2019-01-12,731.0,751.0,731.0,744.0,5861796899,7881129,385,677.0,751.0
2019-01-14,755.0,755.0,700.0,736.0,5071252745,6893464,408,744.0,700.0
2019-01-16,701.0,701.0,680.0,689.0,2636450467,3828797,224,736.0,680.0
2019-01-19,680.0,698.0,680.0,682.0,4902373598,7184305,486,689.0,698.0
2019-01-21,673.0,673.0,673.0,673.0,441485308,655996,32,682.0,673.0
2019-01-23,661.0,689.0,661.0,666.0,1204793021,1808293,157,673.0,689.0
2019-01-26,688.0,688.0,670.0,684.0,2176533392,3182696,251,666.0,670.0
2019-01-28,680.0,680.0,674.0,679.0,2358848700,3472152,266,684.0,674.0
2019-02-02,700.0,700.0,700.0,700.0,517871900,739817,33,679.0,700.0
2019-02-04,750.0,781.0,750.0,759.0,11937882814,15724595,828,700.0,781.0
2019-02-06,770.0,781.0,770.0,775.0,8269414274,10674931,591,759.0,781.0
2019-02-13,760.0,760.0,721.0,737.0,2347069108,3185272,179,775.0,721.0
2019-02-16,734.0,734.0,734.0,734.0,3642230578,4962167,345,737.0,734.0
2019-02-18,700.0,720.0,700.0,702.0,4394361720,6261456,473,734.0,720.0
2019-02-20,685.0,710.0,685.0,686.0,2576216815,3755879,308,702.0,710.0
2019-02-23,697.0,710.0,697.0,700.0,2109975129,3015698,242,686.0,710.0
2019-02-25,720.0,720.0,720.0,720.0,4214492640,5853462,411,700.0,720.0
2019-02-27,720.0,735.0,720.0,723.0,2851172340,3944000,305,720.0,735.0
2019-03-02,740.0,740.0,699.0,720.0,1435896573,1994376,141,723.0,699.0
2019-03-04,690.0,700.0,690.0,693.0,1276746320,1843359,167,720.0,700.0
2019-03-06,686.0,696.0,686.0,686.0,1877482966,2735981,204,693.0,696.0
2019-03-09,686.0,686.0,686.0,686.0,1850399250,2697375,182,686.0,686.0
2019-03-11,696.0,696.0,687.0,695.0,1362065262,1959578,161,686.0,687.0
2019-03-13,695.0,695.0,682.0,693.0,1309363196,1888098,120,695.0,682.0
2019-03-16,670.0,675.0,670.0,670.0,3404621805,5079827,398,693.0,675.0
2019-03-18,689.0,689.0,689.0,689.0,1669532436,2423124,189,670.0,689.0
2019-03-25,699.0,700.0,699.0,699.0,1549029614,2215752,184,689.0,700.0
2019-03-27,700.0,709.0,700.0,701.0,1936870167,2764137,229,699.0,709.0
2019-03-30,710.0,729.0,710.0,716.0,2687710818,3755011,286,701.0,729.0
2019-04-06,735.0,735.0,724.0,729.0,1963360115,2692832,155,716.0,724.0
2019-04-08,709.0,709.0,709.0,709.0,5482402056,7732584,518,729.0,709.0
2019-04-10,700.0,729.0,700.0,704.0,5122241674,7271614,504,709.0,729.0
2019-04-13,730.0,760.0,730.0,737.0,7693945410,10434051,610,704.0,760.0
2019-04-15,774.0,774.0,774.0,774.0,8210491380,10607870,677,737.0,774.0
2019-04-27,849.0,899.0,849.0,881.0,11801518559,13389741,479,774.0,899.0
2019-04-29,935.0,935.0,884.0,910.0,4597724460,5049903,289,881.0,884.0
2019-05-01,849.0,889.0,849.0,863.0,7604739538,8806962,479,910.0,889.0
2019-05-04,950.0,1035.0,950.0,982.0,10264392370,10447856,513,863.0,1035.0
2019-05-06,1080.0,1080.0,971.0,1042.0,9894623171,9492588,392,982.0,971.0
2019-05-08,910.0,1000.0,910.0,974.0,8494168390,8718811,359,1042.0,1000.0
2019-05-11,1010.0,1010.0,999.0,1008.0,9262239740,9185162,552,974.0,999.0
2019-05-13,987.0,987.0,986.0,987.0,4617623432,4679116,375,1008.0,986.0
2019-05-15,1000.0,1000.0,950.0,979.0,2332639250,2382530,115,987.0,950.0
2019-05-18,955.0,970.0,955.0,957.0,8728003210,9124909,586,979.0,970.0
2019-05-20,945.0,945.0,930.0,941.0,1946182215,2067907,109,957.0,930.0
2019-05-22,930.0,950.0,930.0,933.0,14803060990,15872355,826,941.0,950.0
2019-05-25,950.0,952.0,950.0,951.0,8571595724,9017839,443,933.0,952.0
2019-05-29,992.0,992.0,952.0,976.0,3440362520,3525735,196,951.0,952.0
2019-06-01,949.0,949.0,949.0,949.0,8494689749,8951201,523,976.0,949.0
2019-06-03,948.0,948.0,913.0,934.0,1072961427,1148639,86,949.0,913.0
2019-06-08,913.0,913.0,890.0,898.0,1801702749,2005731,141,934.0,890.0
2019-06-10,912.0,915.0,912.0,912.0,8857461528,9709723,592,898.0,915.0
2019-06-12,913.0,915.0,913.0,914.0,2465518822,2698878,179,912.0,915.0
2019-06-15,919.0,940.0,919.0,920.0,6561706620,7129710,417,914.0,940.0
2019-06-17,925.0,925.0,895.0,921.0,3062022800,3323216,254,920.0,895.0
2019-06-19,919.0,919.0,880.0,886.0,765268510,864193,59,921.0,880.0
2019-06-22,890.0,898.0,890.0,890.0,2064639610,2318849,221,886.0,898.0
2019-06-24,921.0,940.0,921.0,923.0,2577439360,2791094,224,890.0,940.0
2019-06-26,949.0,962.0,949.0,950.0,5211443068,5484631,435,923.0,962.0
2019-07-01,986.0,1050.0,986.0,1012.0,6481487620,6404426,411,950.0,1050.0
2019-07-03,1199.0,1400.0,1199.0,1276.0,15541397349,12179514,737,1012.0,1400.0
2019-07-06,1444.0,1500.0,1444.0,1478.0,12537891640,8483612,531,1276.0,1500.0
2019-07-08,1750.0,1750.0,1540.0,1693.0,18603825380,10986311,814,1478.0,1540.0
2019-07-10,1560.0,1660.0,1560.0,1582.0,7636185980,4825628,417,1693.0,1660.0
2019-07-13,1688.0,1688.0,1677.0,1685.0,4863118070,2886065,257,1582.0,1677.0
2019-07-15,1600.0,1600.0,1350.0,1459.0,2647426600,1814421,136,1685.0,1350.0
2019-07-17,1215.0,1322.0,1215.0,1251.0,4769222972,3813754,272,1459.0,1322.0
2019-07-20,1350.0,1406.0,1350.0,1364.0,6325124608,4637264,308,1251.0,1406.0
2019-07-22,1430.0,1430.0,1420.0,1429.0,7915246010,5539373,495,1364.0,1420.0
2019-07-24,1388.0,1400.0,1388.0,1389.0,10716625008,7716069,501,1429.0,1400.0
2019-07-27,1411.0,1411.0,1400.0,1410.0,7058333753,5006785,464,1389.0,1400.0
2019-07-29,1400.0,1400.0,1320.0,1372.0,1325806560,966122,86,1410.0,1320.0
2019-07-31,1370.0,1370.0,1350.0,1365.0,2010024230,1472591,127,1372.0,1350.0
2019-08-03,1343.0,1430.0,1343.0,1373.0,4888194693,3561489,247,1365.0,1430.0
2019-08-05,1432.0,1501.0,1432.0,1467.0,3751587004,2556766,203,1373.0,1501.0
2019-08-07,1601.0,1670.0,1601.0,1609.0,13999787915,8700289,714,1467.0,1670.0
2019-08-10,1801.0,2000.0,1801.0,1884.0,9763366798,5181019,390,1609.0,2000.0
2019-08-14,2223.0,2223.0,2000.0,2112.0,16534851979,7828342,590,1884.0,2000.0
2019-08-17,2010.0,2015.0,2010.0,2011.0,27844081875,13848670,1048,2112.0,2015.0
2019-08-19,2100.0,2100.0,2100.0,2100.0,17984883000,8564230,736,2011.0,2100.0
2019-08-21,2089.0,2089.0,2089.0,2089.0,13932595945,6669505,548,2100.0,2089.0
2019-08-24,2110.0,2190.0,2110.0,2132.0,7926693800,3718108,286,2089.0,2190.0
2019-08-26,2220.0,2220.0,2220.0,2220.0,3559099560,1603198,190,2132.0,2220.0
2019-09-02,2154.0,2154.0,2090.0,2142.0,73984356,34538,14,2220.0,2090.0
2019-09-04,2078.0,2078.0,2078.0,2078.0,246243000,118500,29,2142.0,2078.0
2019-09-16,1954.0,1954.0,1954.0,1954.0,22807088,11672,8,2078.0,1954.0
2019-09-17,1896.0,1896.0,1896.0,1896.0,146979816,77521,25,1954.0,1896.0
2019-09-18,1896.0,1896.0,1896.0,1896.0,73100280,38555,3,1896.0,1896.0
2019-09-21,1896.0,1896.0,1896.0,1896.0,148978200,78575,12,1896.0,1896.0
2019-09-22,1896.0,1896.0,1896.0,1896.0,91597656,48311,9,1896.0,1896.0
2019-09-23,1896.0,1896.0,1896.0,1896.0,158052456,83361,15,1896.0,1896.0
2019-09-28,1840.0,1840.0,1785.0,1810.0,572463645,316263,71,1896.0,1785.0
2019-09-29,1756.0,1756.0,1756.0,1756.0,391131440,222740,41,1810.0,1756.0
2019-09-30,1704.0,1704.0,1704.0,1704.0,4930929552,2893738,163,1756.0,1704.0
2019-10-01,1653.0,1653.0,1653.0,1653.0,768228444,464748,64,1704.0,1653.0
2019-10-02,1604.0,1604.0,1604.0,1604.0,1518489156,946689,119,1653.0,1604.0
2019-10-05,1556.0,1652.0,1556.0,1603.0,33403921069,20837008,1720,1604.0,1610.0
2019-10-06,1647.0,1647.0,1555.0,1575.0,15137076159,9607900,956,1603.0,1555.0
2019-10-07,1619.0,1622.0,1528.0,1600.0,10992660047,6871152,707,1575.0,1588.0
2019-10-08,1561.0,1620.0,1552.0,1564.0,4329702022,2768767,344,1600.0,1552.0
2019-10-09,1530.0,1549.0,1518.0,1520.0,3763942972,2476177,361,1564.0,1518.0
2019-10-12,1502.0,1558.0,1475.0,1509.0,17956494736,11898193,998,1520.0,1510.0
2019-10-13,1470.0,1550.0,1464.0,1498.0,17543941002,11709994,1059,1509.0,1488.0
2019-10-14,1462.0,1500.0,1454.0,1456.0,4038304239,2772805,278,1498.0,1454.0
2019-10-15,1417.0,1455.0,1413.0,1414.0,1838169100,1300043,132,1456.0,1413.0
2019-10-16,1373.0,1380.0,1372.0,1372.0,2288051528,1667436,185,1414.0,1372.0
2019-10-20,1304.0,1304.0,1304.0,1304.0,1688530040,1294885,84,1372.0,1304.0
2019-10-21,1265.0,1299.0,1265.0,1266.0,6300162198,4976897,423,1304.0,1270.0
2019-10-22,1242.0,1303.0,1229.0,1264.0,9931716059,7859380,652,1266.0,1229.0
2019-10-23,1242.0,1290.0,1227.0,1229.0,4528959352,3684816,332,1264.0,1242.0
2019-10-26,1263.0,1265.0,1208.0,1263.0,3812266263,3017891,244,1229.0,1265.0
2019-10-28,1300.0,1300.0,1300.0,1300.0,140102300,107771,25,1263.0,1300.0
2019-10-30,1339.0,1339.0,1339.0,1339.0,102717368,76712,27,1300.0,1339.0
2019-11-02,1405.0,1405.0,1350.0,1396.0,9797846332,7018518,693,1339.0,1399.0
2019-11-03,1420.0,1437.0,1355.0,1406.0,6712507082,4774820,469,1396.0,1437.0
2019-11-04,1446.0,1447.0,1364.0,1405.0,2387764871,1699098,304,1406.0,1438.0
2019-11-05,1433.0,1440.0,1363.0,1387.0,1804317122,1301338,202,1405.0,1392.0
2019-11-09,1428.0,1428.0,1367.0,1426.0,4982245346,3494417,320,1387.0,1428.0
2019-11-10,1464.0,1468.0,1400.0,1459.0,2602164762,1783768,276,1426.0,1468.0
2019-11-11,1502.0,1502.0,1502.0,1502.0,899818160,599080,68,1459.0,1502.0
2019-11-12,1577.0,1577.0,1525.0,1568.0,5898015977,3762629,446,1502.0,1577.0
2019-11-13,1521.0,1600.0,1521.0,1566.0,5620323525,3589080,425,1568.0,1575.0
2019-11-16,1612.0,1612.0,1551.0,1593.0,5858268491,3677813,442,1566.0,1564.0
2019-11-17,1546.0,1546.0,1546.0,1546.0,688235912,445172,58,1593.0,1546.0
2019-11-18,1500.0,1525.0,1500.0,1502.0,4031352023,2684443,264,1546.0,1500.0
2019-11-19,1539.0,1539.0,1457.0,1495.0,2130436281,1424843,213,1502.0,1499.0
2019-11-20,1527.0,1527.0,1451.0,1465.0,2561739557,1748499,245,1495.0,1472.0
2019-11-23,1429.0,1508.0,1423.0,1493.0,4091834271,2740462,311,1465.0,1508.0
2019-11-24,1537.0,1537.0,1525.0,1537.0,1030183358,670334,78,1493.0,1537.0
2019-11-25,1583.0,1583.0,1583.0,1583.0,600651937,379439,70,1537.0,1583.0
2019-11-26,1630.0,1630.0,1600.0,1630.0,10994127582,6745013,545,1583.0,1630.0
2019-11-27,1639.0,1678.0,1589.0,1664.0,6337247621,3809424,383,1630.0,1678.0
2019-11-30,1713.0,1713.0,1713.0,1713.0,377108385,220145,49,1664.0,1713.0
2019-12-01,1764.0,1764.0,1764.0,1764.0,2862555696,1622764,175,1713.0,1764.0
2019-12-02,1852.0,1852.0,1771.0,1844.0,25863117957,14029179,1183,1764.0,1852.0
2019-12-03,1899.0,1899.0,1899.0,1899.0,1477393515,777985,108,1844.0,1899.0
2019-12-04,1955.0,1955.0,1920.0,1953.0,14922467433,7642480,711,1899.0,1955.0
2019-12-07,2011.0,2011.0,1899.0,1984.0,23069905327,11625476,1015,1953.0,2011.0
2019-12-08,2000.0,2083.0,2000.0,2071.0,13265428293,6405303,522,1984.0,2083.0
2019-12-09,2133.0,2133.0,2075.0,2132.0,6704736602,3145067,350,2071.0,2133.0
2019-12-10,2195.0,2195.0,2195.0,2195.0,3581410290,1631622,163,2132.0,2195.0
2019-12-11,2200.0,2260.0,2152.0,2234.0,17676951627,7913489,812,2195.0,2190.0
2019-12-14,2249.0,2301.0,2234.0,2293.0,15372429561,6702763,667,2234.0,2301.0
2019-12-15,2361.0,2361.0,2253.0,2339.0,17499887306,7481605,837,2293.0,2361.0
2019-12-16,2365.0,2409.0,2365.0,2406.0,6341740457,2635644,303,2339.0,2409.0
2019-12-17,2519.0,2526.0,2510.0,2523.0,9391489760,3723007,317,2406.0,2526.0
2019-12-18,2598.0,2598.0,2598.0,2598.0,4353110076,1675562,137,2523.0,2598.0
2019-12-21,2675.0,2675.0,2590.0,2666.0,17755390472,6660455,872,2598.0,2675.0
2019-12-22,2700.0,2745.0,2690.0,2742.0,9812708810,3578055,454,2666.0,2745.0
2019-12-23,2879.0,2879.0,2605.0,2794.0,39733619994,14223017,1245,2742.0,2879.0
2019-12-24,2877.0,2877.0,2877.0,2877.0,1183810698,411474,69,2794.0,2877.0
2019-12-25,2963.0,2963.0,2963.0,2963.0,902592023,304621,53,2877.0,2963.0
2019-12-28,3051.0,3051.0,3051.0,3051.0,3911031135,1281885,94,2963.0,3051.0
2019-12-29,3203.0,3203.0,3203.0,3203.0,13005012780,4060260,248,3051.0,3203.0
2019-12-30,3299.0,3299.0,3299.0,3299.0,1908098713,578387,65,3203.0,3299.0
2019-12-31,3397.0,3397.0,3274.0,3386.0,43749855778,12919653,1266,3299.0,3397.0
2020-01-01,3487.0,3487.0,3487.0,3487.0,1711206893,490739,71,3386.0,3487.0
2020-01-04,3313.0,3313.0,3313.0,3313.0,9573741750,2889750,321,3487.0,3313.0
2020-01-05,3214.0,3412.0,3214.0,3258.0,60767639670,18650509,1569,3313.0,3214.0
2020-01-07,3333.0,3333.0,3161.0,3215.0,12443464041,3870769,470,3258.0,3161.0
2020-01-08,3151.0,3151.0,3151.0,3151.0,770249346,244446,46,3215.0,3151.0
2020-01-11,3214.0,3214.0,3214.0,3214.0,1789722328,556852,52,3151.0,3214.0
2020-01-12,3310.0,3310.0,3214.0,3306.0,48743900114,14743803,1152,3214.0,3310.0
2020-01-13,3400.0,3400.0,3207.0,3282.0,46168097989,14065690,2056,3306.0,3207.0
2020-01-14,3232.0,3240.0,3184.0,3189.0,9861930358,3092026,395,3282.0,3184.0
2020-01-15,3094.0,3094.0,3094.0,3094.0,6224156484,2011686,352,3189.0,3094.0
2020-01-18,3094.0,3186.0,3094.0,3176.0,26215890908,8254630,1050,3094.0,3186.0
2020-01-19,3268.0,3268.0,3081.0,3101.0,66978135288,21601418,2251,3176.0,3081.0
2020-01-20,3024.0,3150.0,3024.0,3085.0,28681076557,9296470,1254,3101.0,3099.0
2020-01-21,3146.0,3177.0,3099.0,3168.0,13717682252,4330150,508,3085.0,3177.0
2020-01-22,3263.0,3263.0,3263.0,3263.0,4041982516,1238732,137,3168.0,3263.0
2020-01-25,3360.0,3360.0,3360.0,3360.0,2833027680,843163,104,3263.0,3360.0
2020-01-26,3528.0,3528.0,3405.0,3523.0,36177829321,10268983,995,3360.0,3528.0
2020-01-27,3628.0,3628.0,3628.0,3628.0,4133438448,1139316,149,3523.0,3628.0
2020-01-28,3736.0,3736.0,3736.0,3736.0,1255232488,335983,100,3628.0,3736.0
2020-02-01,3848.0,3848.0,3848.0,3848.0,1769795248,459926,93,3736.0,3848.0
2020-02-02,4040.0,4040.0,4040.0,4040.0,5570315640,1378791,142,3848.0,4040.0
2020-02-03,4161.0,4161.0,4161.0,4161.0,1878579153,451473,66,4040.0,4161.0
2020-02-04,4285.0,4285.0,4230.0,4285.0,65324410373,15245819,1252,4161.0,4285.0
2020-02-05,4413.0,4413.0,4180.0,4367.0,31862289729,7295489,920,4285.0,4413.0
2020-02-08,4585.0,4585.0,4188.0,4503.0,59921721174,13306530,1935,4367.0,4400.0
2020-02-09,4368.0,4500.0,4368.0,4378.0,59163324966,13514870,1799,4503.0,4368.0
2020-02-10,4248.0,4368.0,4247.0,4257.0,56406343603,13250888,1884,4378.0,4304.0
2020-02-12,4384.0,4384.0,4350.0,4382.0,19122896251,4364114,614,4257.0,4384.0
2020-02-15,4513.0,4513.0,4252.0,4408.0,40078722233,9093033,1564,4382.0,4350.0
2020-02-16,4340.0,4340.0,4276.0,4284.0,36525648211,8525158,1359,4408.0,4276.0
2020-02-17,4269.0,4269.0,4156.0,4166.0,17972751954,4313859,815,4284.0,4156.0
2020-02-18,4042.0,4155.0,4042.0,4061.0,23681361551,5831180,959,4166.0,4120.0
2020-02-19,4182.0,4182.0,4102.0,4181.0,113700370502,27192947,1768,4061.0,4182.0
2020-02-22,4060.0,4306.0,4060.0,4257.0,27159381045,6380394,1058,4181.0,4306.0
2020-02-23,4375.0,4384.0,4250.0,4360.0,26835287621,6155204,1374,4257.0,4329.0
2020-02-24,4400.0,4400.0,4230.0,4245.0,36380804760,8569616,1480,4360.0,4260.0
2020-02-25,4287.0,4372.0,4118.0,4281.0,32540527512,7601647,1394,4245.0,4335.0
2020-02-26,4370.0,4380.0,4155.0,4290.0,34837300307,8119827,1536,4281.0,4250.0
2020-02-29,4162.0,4162.0,4162.0,4162.0,9326068092,2240766,556,4290.0,4162.0
2020-03-01,4038.0,4118.0,4038.0,4060.0,43953454655,10826382,1949,4162.0,4070.0
2020-03-02,4160.0,4181.0,4070.0,4143.0,15168079614,3640628,493,4060.0,4181.0
2020-03-03,4267.0,4267.0,4266.0,4251.0,17386797792,4074753,559,4143.0,4267.0
2020-03-04,4378.0,4378.0,4378.0,4320.0,11120592824,2540108,497,4251.0,4378.0
2020-03-07,4536.0,4536.0,4104.0,4313.0,31776609685,7367098,1400,4320.0,4195.0
2020-03-09,4184.0,4245.0,4184.0,4186.0,21586093047,5157320,826,4313.0,4184.0
2020-03-10,4150.0,4165.0,4061.0,4134.0,9765983942,2390532,625,4186.0,4061.0
2020-03-11,4080.0,4160.0,4010.0,4078.0,16920826119,4155697,959,4134.0,4065.0
2020-03-14,4078.0,4078.0,3956.0,4053.0,4364947870,1100998,308,4078.0,3956.0
2020-03-15,3932.0,3932.0,3932.0,4044.0,1505181396,382803,152,4053.0,3932.0
2020-03-16,4159.0,4159.0,3923.0,3982.0,12412035998,3144317,653,4044.0,3930.0
2020-03-17,3970.0,3970.0,3863.0,3936.0,7600608527,1965095,474,3982.0,3863.0
2020-03-18,3863.0,3882.0,3818.0,3846.0,16402008349,4279306,940,3936.0,3850.0
2020-03-24,3961.0,3961.0,3731.0,3807.0,13775130980,3634639,762,3846.0,3838.0
2020-03-25,3717.0,3921.0,3693.0,3842.0,21049610353,5478870,1286,3807.0,3921.0
2020-03-28,3957.0,3957.0,3957.0,3899.0,10152245394,2565642,365,3842.0,3957.0
2020-03-29,4015.0,4015.0,3850.0,3978.0,18806365527,4717731,1109,3899.0,3953.0
2020-03-30,4090.0,4090.0,3860.0,3981.0,14427047402,3623254,940,3978.0,3940.0
2020-04-04,4070.0,4100.0,3982.0,4050.0,27127647175,6697494,1397,3981.0,4100.0
2020-04-05,4171.0,4171.0,3980.0,4035.0,15980153586,3963833,1087,4050.0,4010.0
2020-04-06,4010.0,4156.0,3914.0,4062.0,33705209349,8297905,1230,4035.0,4156.0
2020-04-07,4183.0,4183.0,4183.0,4113.0,8851487346,2116062,444,4062.0,4183.0
2020-04-08,4236.0,4236.0,4183.0,4219.0,18755853674,4430431,683,4113.0,4236.0
2020-04-11,4429.0,4429.0,4300.0,4425.0,27311670992,6172579,815,4219.0,4429.0
2020-04-12,4557.0,4557.0,4557.0,4470.0,7415583315,1627295,308,4425.0,4557.0
2020-04-13,4604.0,4604.0,4581.0,4603.0,53594520522,11642669,1073,4470.0,4604.0
2020-04-14,4688.0,4741.0,4465.0,4625.0,49143249546,10624653,1878,4603.0,4605.0
2020-04-15,4685.0,4763.0,4611.0,4697.0,32089991535,6832211,1345,4625.0,4676.0
2020-04-26,5640.0,5640.0,5640.0,4995.0,7589195280,1345602,105,4697.0,5640.0
2020-04-27,5144.0,5144.0,5144.0,5074.0,11681720504,2270941,289,4995.0,5144.0
2020-04-28,5226.0,5226.0,5226.0,5183.0,15940047318,3050143,255,5074.0,5226.0
2020-04-29,5338.0,5338.0,5338.0,5255.0,10595513636,1984922,294,5183.0,5338.0
2020-05-02,5517.0,5517.0,5517.0,5410.0,12393824643,2246479,293,5255.0,5517.0
2020-05-03,5572.0,5572.0,5572.0,5572.0,24344274164,4369037,411,5410.0,5572.0
2020-05-04,5739.0,5739.0,5572.0,5726.0,73267246514,12796088,1967,5572.0,5739.0
2020-05-05,5897.0,5897.0,5555.0,5747.0,103906101540,18080346,2980,5726.0,5760.0
2020-05-06,5900.0,5919.0,5575.0,5855.0,37742607272,6445794,1265,5747.0,5919.0
2020-05-09,6030.0,6030.0,6030.0,6010.0,18280240470,3031549,546,5855.0,6030.0
2020-05-10,6190.0,6190.0,6190.0,6157.0,17223291220,2782438,587,6010.0,6190.0
2020-05-11,6464.0,6464.0,6464.0,6380.0,16039614464,2481376,520,6157.0,6464.0
2020-05-12,6571.0,6571.0,6189.0,6358.0,122828721215,19319699,2949,6380.0,6189.0
2020-05-13,6168.0,6548.0,6168.0,6362.0,71310015065,11208584,2166,6358.0,6180.0
2020-05-16,6530.0,6530.0,6172.0,6277.0,12806533879,2055101,585,6362.0,6172.0
2020-05-17,6089.0,6089.0,6089.0,6203.0,7543722990,1238910,236,6277.0,6089.0
2020-05-18,6017.0,6380.0,6017.0,6120.0,64018984832,10460701,2005,6203.0,6017.0
2020-05-19,6000.0,6001.0,5937.0,5949.0,29781248548,5006061,951,6120.0,5937.0
2020-05-20,5771.0,5771.0,5771.0,5839.0,11179673536,1937216,400,5949.0,5771.0
2020-05-23,5664.0,5664.0,5664.0,5780.0,6500142336,1147624,287,5839.0,5664.0
2020-05-26,5491.0,5491.0,5491.0,5717.0,4110244122,748542,148,5780.0,5491.0
2020-05-27,5546.0,5546.0,5546.0,5656.0,6727891422,1213107,246,5717.0,5546.0
2020-05-30,5487.0,5487.0,5487.0,5508.0,16969282758,3092634,710,5656.0,5487.0
2020-05-31,5343.0,5343.0,5343.0,5351.0,17993124201,3367607,517,5508.0,5343.0
2020-06-01,5084.0,5618.0,5084.0,5387.0,124563008038,23121980,3223,5351.0,5618.0
2020-06-02,5548.0,5548.0,5548.0,5520.0,16198717520,2919740,394,5387.0,5548.0
2020-06-06,5685.0,5685.0,5685.0,5645.0,15584534955,2741343,474,5520.0,5685.0
2020-06-07,5814.0,5814.0,5814.0,5814.0,21776395140,3745510,819,5645.0,5814.0
2020-06-08,6080.0,6080.0,5526.0,5752.0,47461666449,8251550,1793,5814.0,5553.0
2020-06-09,5590.0,5780.0,5580.0,5607.0,50141462331,8942761,1437,5752.0,5601.0
2020-06-10,5685.0,5768.0,5439.0,5640.0,57075590254,10119134,1969,5607.0,5700.0
2020-06-13,5809.0,5809.0,5785.0,5806.0,30756514884,5297064,1178,5640.0,5809.0
2020-06-14,5980.0,5980.0,5868.0,5971.0,50939977043,8531736,1218,5806.0,5980.0
2020-06-15,6150.0,6150.0,6104.0,6150.0,34384521165,5591309,801,5971.0,6150.0
2020-06-16,6334.0,6334.0,6334.0,6276.0,15351031728,2423592,655,6150.0,6334.0
2020-06-20,6464.0,6464.0,6464.0,6450.0,19119406656,2957829,624,6276.0,6464.0
2020-06-21,6772.0,6772.0,6772.0,6634.0,12310459884,1817847,423,6450.0,6772.0
2020-06-22,6833.0,6833.0,6833.0,6734.0,10941279753,1601241,283,6634.0,6833.0
2020-06-23,6936.0,6936.0,6936.0,6860.0,13767398184,1984919,498,6734.0,6936.0
2020-06-24,7065.0,7065.0,7065.0,7050.0,20879328735,2955319,657,6860.0,7065.0
2020-06-27,7402.0,7402.0,7402.0,7213.0,9737678894,1315547,247,7050.0,7402.0
2020-06-28,7429.0,7429.0,7429.0,7418.0,20047379370,2698530,549,7213.0,7429.0
2020-06-29,7640.0,7640.0,7640.0,7554.0,13278694360,1738049,448,7418.0,7640.0
2020-06-30,7780.0,7780.0,7780.0,7623.0,6700143780,861201,274,7554.0,7780.0
2020-07-01,8004.0,8004.0,8004.0,7788.0,9821044068,1227017,300,7623.0,8004.0
2020-07-04,8021.0,8021.0,8021.0,7969.0,15974912356,1991636,323,7788.0,8021.0
2020-07-05,8208.0,8208.0,8208.0,8058.0,7846921872,956009,199,7969.0,8208.0
2020-07-06,8299.0,8299.0,8299.0,8299.0,27269825183,3285917,319,8058.0,8299.0
2020-07-07,8713.0,8713.0,8713.0,8491.0,10379971160,1191320,214,8299.0,8713.0
2020-07-08,8745.0,8745.0,8237.0,8551.0,118445940883,13851047,2085,8491.0,8237.0
2020-07-11,8295.0,8295.0,8295.0,8295.0,42710042550,5148890,1101,8551.0,8295.0
2020-07-12,8151.0,8543.0,8047.0,8384.0,98281939279,11722612,2692,8295.0,8190.0
2020-07-13,8230.0,8300.0,8133.0,8143.0,61934643305,7605661,1864,8384.0,8133.0
2020-07-14,7899.0,7980.0,7899.0,7899.0,30677541503,3883681,1116,8143.0,7899.0
2020-07-15,7663.0,8135.0,7663.0,7878.0,129164629240,16395539,2517,7899.0,8135.0
2020-07-18,8114.0,8114.0,8114.0,8114.0,21528235194,2653221,566,7878.0,8114.0
2020-07-19,8357.0,8357.0,8200.0,8355.0,79144235456,9472351,1697,8114.0,8357.0
2020-07-20,8772.0,8772.0,8114.0,8684.0,110489045964,12722685,2899,8355.0,8714.0
2020-07-21,8850.0,8850.0,8424.0,8706.0,68098595546,7822017,2459,8684.0,8426.0
2020-07-22,8450.0,8860.0,8445.0,8475.0,21509696563,2538137,846,8706.0,8445.0
2020-07-25,8221.0,8728.0,8221.0,8330.0,88503200340,10624127,2787,8475.0,8281.0
2020-07-26,8475.0,8500.0,8081.0,8160.0,34516744999,4230188,1479,8330.0,8081.0
2020-07-27,7916.0,8404.0,7916.0,8026.0,70077638591,8730990,2009,8160.0,7950.0
2020-07-28,7949.0,8266.0,7949.0,8165.0,47837410293,5859104,1646,8026.0,7949.0
2020-07-29,7921.0,8350.0,7921.0,8022.0,53892768086,6718378,1454,8165.0,8190.0
2020-08-01,8262.0,8262.0,8022.0,8212.0,44857845362,5462632,1468,8022.0,8169.0
2020-08-02,8400.0,8400.0,8020.0,8172.0,49139006248,6013354,1719,8212.0,8043.0
2020-08-03,8043.0,8200.0,7927.0,7989.0,23663461762,2962163,1009,8172.0,8030.0
2020-08-04,7750.0,7944.0,7750.0,7776.0,38898499468,5002414,1523,7989.0,7750.0
2020-08-05,7750.0,7995.0,7550.0,7811.0,34064480775,4361316,1350,7776.0,7930.0
2020-08-09,8044.0,8044.0,7582.0,7805.0,37840474359,4848053,1652,7811.0,7780.0
2020-08-10,7750.0,7750.0,7571.0,7685.0,11263096550,1482388,523,7805.0,7571.0
2020-08-11,7455.0,7455.0,7455.0,7653.0,2640866655,354241,166,7685.0,7455.0
2020-08-12,7424.0,7600.0,7424.0,7429.0,20725211921,2789739,491,7653.0,7424.0
2020-08-15,7058.0,7400.0,7058.0,7067.0,25363370272,3588915,800,7429.0,7058.0
2020-08-16,6855.0,6855.0,6855.0,6995.0,6228398160,908592,288,7067.0,6855.0
2020-08-17,6786.0,6786.0,6786.0,6960.0,3069565668,452338,129,6995.0,6786.0
2020-08-18,6752.0,7100.0,6752.0,6826.0,53875419098,7892871,1489,6960.0,6752.0
2020-08-19,6485.0,6485.0,6485.0,6697.0,6593098465,1016669,232,6826.0,6485.0
2020-08-22,6497.0,6710.0,6497.0,6637.0,6108903038,938834,246,6697.0,6497.0
2020-08-23,6438.0,6438.0,6438.0,6630.0,642035988,99726,26,6637.0,6438.0
2020-10-18,4520.0,4520.0,4520.0,5436.0,3856992840,853317,105,6630.0,4520.0
2020-10-19,5328.0,5328.0,5328.0,5427.0,660517488,123971,38,5436.0,5328.0
2020-10-20,5319.0,5319.0,5319.0,5421.0,435897369,81951,37,5427.0,5319.0
2020-10-21,5313.0,5313.0,5313.0,5357.0,4762610391,896407,100,5421.0,5313.0
2020-10-24,5143.0,5143.0,5143.0,5340.0,773491771,150397,41,5357.0,5143.0
2020-10-26,5234.0,5234.0,5234.0,5328.0,1146298340,219010,27,5340.0,5234.0
2020-10-27,5222.0,5222.0,5222.0,5325.0,232848980,44590,21,5328.0,5222.0
2020-10-28,5219.0,5219.0,5219.0,5318.0,679028433,130107,27,5325.0,5219.0
2020-10-31,5106.0,5106.0,5106.0,5293.0,1116309462,218627,58,5318.0,5106.0
2020-11-01,5188.0,5188.0,5188.0,5290.0,283918488,54726,24,5293.0,5188.0
2020-11-02,5185.0,5185.0,5185.0,5250.0,3720455270,717542,33,5290.0,5185.0
2020-11-04,5145.0,5145.0,5145.0,5246.0,363813240,70712,20,5250.0,5145.0
2020-11-07,5037.0,5037.0,5037.0,5231.0,702903276,139548,32,5246.0,5037.0
2020-11-08,5127.0,5127.0,5127.0,5230.0,63528657,12391,4,5231.0,5127.0
2020-11-09,5126.0,5126.0,5126.0,5224.0,563306392,109892,11,5230.0,5126.0
2020-11-10,5120.0,5120.0,5120.0,5222.0,170311680,33264,15,5224.0,5120.0
2020-11-11,5014.0,5014.0,5014.0,5203.0,892642420,178030,30,5222.0,5014.0
2020-11-14,5099.0,5099.0,5099.0,5099.0,12958068304,2541296,115,5203.0,5099.0
2020-11-15,4998.0,4998.0,4998.0,4998.0,11183254908,2237546,86,5099.0,4998.0
2020-11-16,4899.0,4899.0,4899.0,4945.0,5022312729,1025171,42,4998.0,4899.0
2020-11-17,4748.0,4748.0,4748.0,4748.0,12139021680,2556660,133,4945.0,4748.0
2020-11-18,4654.0,4654.0,4654.0,4654.0,14353727180,3084170,353,4748.0,4654.0
2020-11-21,4561.0,4561.0,4561.0,4629.0,2620700429,574589,86,4654.0,4561.0
2020-11-22,4537.0,4537.0,4537.0,4617.0,1257411402,277146,35,4629.0,4537.0
2020-11-23,4433.0,4600.0,4433.0,4479.0,77439221683,17290107,1818,4617.0,4433.0
2020-11-24,4390.0,4390.0,4390.0,4422.0,6026596390,1372801,152,4479.0,4390.0
2020-11-25,4334.0,4334.0,4334.0,4398.0,2588581182,597273,105,4422.0,4334.0
2020-11-28,4311.0,4311.0,4311.0,4374.0,2721396348,631268,125,4398.0,4311.0
2020-11-29,4200.0,4548.0,4200.0,4433.0,122919703220,27726365,3303,4374.0,4548.0
2020-11-30,4521.0,4521.0,4345.0,4421.0,58797694359,13300230,1846,4433.0,4346.0
2020-12-01,4333.0,4333.0,4333.0,4372.0,5457196850,1259450,193,4421.0,4333.0
2020-12-02,4285.0,4285.0,4285.0,4302.0,7874381670,1837662,179,4372.0,4285.0
2020-12-05,4216.0,4216.0,4216.0,4263.0,4494546904,1066069,183,4302.0,4216.0
2020-12-06,4093.0,4420.0,4093.0,4263.0,86881786286,20380599,2717,4263.0,4200.0
2020-12-07,4180.0,4310.0,4178.0,4212.0,45061662411,10698453,1444,4263.0,4178.0
2020-12-08,4194.0,4280.0,4128.0,4132.0,27197799712,6582910,846,4212.0,4128.0
2020-12-09,4100.0,4214.0,4090.0,4200.0,42893650404,10213800,1433,4132.0,4214.0
2020-12-12,4284.0,4284.0,4195.0,4270.0,51355326569,12026267,1349,4200.0,4284.0
2020-12-13,4355.0,4355.0,4300.0,4353.0,19203007761,4411304,333,4270.0,4355.0
2020-12-14,4440.0,4440.0,4440.0,4440.0,24296168400,5472110,355,4353.0,4440.0
2020-12-15,4617.0,4617.0,4271.0,4540.0,129499151524,28523999,2514,4440.0,4617.0
2020-12-16,4630.0,4630.0,4550.0,4626.0,89011824742,19240556,1883,4540.0,4630.0
2020-12-19,4700.0,4700.0,4534.0,4541.0,26886303180,5920790,653,4626.0,4534.0
2020-12-20,4451.0,4451.0,4451.0,4451.0,13220475926,2970226,159,4541.0,4451.0
2020-12-21,4362.0,4362.0,4362.0,4362.0,10765459620,2468010,182,4451.0,4362.0
2020-12-22,4188.0,4485.0,4188.0,4348.0,89184704778,20511675,2361,4362.0,4370.0
2020-12-23,4434.0,4434.0,4262.0,4341.0,69971411761,16117633,1754,4348.0,4262.0
2020-12-26,4255.0,4370.0,4255.0,4264.0,62031251634,14548192,1244,4341.0,4260.0
2020-12-27,4300.0,4300.0,4179.0,4187.0,37835134384,9035294,1029,4264.0,4270.0
2020-12-28,4269.0,4270.0,4202.0,4268.0,26687222549,6253477,669,4187.0,4270.0
2020-12-29,4353.0,4353.0,4183.0,4276.0,31422025247,7348065,903,4268.0,4225.0
2020-12-30,4290.0,4360.0,4191.0,4210.0,30275702386,7191985,624,4276.0,4191.0
2021-01-02,4290.0,4290.0,4126.0,4131.0,19109853209,4626140,398,4210.0,4126.0
2021-01-03,4049.0,4150.0,4049.0,4050.0,12809653245,3162727,448,4131.0,4049.0
2021-01-04,4049.0,4131.0,3969.0,4008.0,29802965805,7436615,857,4050.0,3990.0
2021-01-05,4080.0,4088.0,3928.0,4070.0,43685540472,10733725,755,4008.0,4088.0
2021-01-06,4150.0,4151.0,3989.0,4046.0,34745906967,8588678,692,4070.0,4000.0
2021-01-09,3970.0,4006.0,3966.0,3967.0,23918189414,6028826,482,4046.0,3966.0
2021-01-10,4046.0,4046.0,3910.0,4018.0,32828301363,8170946,600,3967.0,4046.0
2021-01-11,4098.0,4098.0,4098.0,4098.0,12308875740,3003630,154,4018.0,4098.0
2021-01-12,4179.0,4179.0,4179.0,4179.0,14270344725,3414775,197,4098.0,4179.0
2021-01-13,4346.0,4346.0,4346.0,4346.0,12042487856,2770936,222,4179.0,4346.0
2021-01-16,4432.0,4432.0,4260.0,4376.0,133314644799,30463100,1826,4346.0,4260.0
2021-01-18,4289.0,4289.0,4289.0,4289.0,16112147469,3756621,154,4376.0,4289.0
2021-01-19,4204.0,4374.0,4204.0,4271.0,78476467059,18373156,1098,4289.0,4204.0
2021-01-20,4300.0,4300.0,4186.0,4199.0,19891097367,4737245,455,4271.0,4186.0
2021-01-23,4116.0,4116.0,4116.0,4152.0,5582123316,1356201,150,4199.0,4116.0
2021-01-24,4069.0,4184.0,4069.0,4076.0,34780592995,8532554,669,4152.0,4069.0
2021-01-25,3930.0,4100.0,3930.0,4007.0,33813291664,8439510,628,4076.0,3965.0
2021-01-26,3950.0,3990.0,3927.0,3933.0,8969022097,2282382,181,4007.0,3927.0
2021-01-27,3855.0,4011.0,3855.0,3965.0,34126039269,8607173,455,3933.0,4011.0
2021-01-30,4044.0,4044.0,4044.0,4044.0,12578797296,3110484,175,3965.0,4044.0
2021-01-31,4124.0,4124.0,4044.0,4120.0,23166138965,5622516,291,4044.0,4090.0
2021-02-01,4185.0,4202.0,4038.0,4171.0,31766804701,7616218,627,4120.0,4202.0
2021-02-02,4254.0,4254.0,4254.0,4254.0,10816679832,2542708,174,4171.0,4254.0
2021-02-03,4339.0,4339.0,4260.0,4339.0,25375476844,5848564,421,4254.0,4339.0
2021-02-06,4440.0,4512.0,4330.0,4399.0,48777484342,11088033,929,4339.0,4511.0
2021-02-07,4486.0,4486.0,4420.0,4483.0,34346750324,7661543,658,4399.0,4486.0
2021-02-08,4572.0,4572.0,4511.0,4550.0,30059402981,6606865,539,4483.0,4572.0
2021-02-09,4641.0,4641.0,4572.0,4632.0,20580501853,4443195,410,4550.0,4641.0
2021-02-13,4817.0,4817.0,4447.0,4767.0,35510988843,7448601,632,4632.0,4817.0
2021-02-14,4862.0,4862.0,4767.0,4834.0,25935916115,5365421,600,4767.0,4862.0
2021-02-15,4930.0,4930.0,4879.0,4925.0,16124963303,3273881,452,4834.0,4930.0
2021-02-16,5023.0,5023.0,4933.0,5018.0,23774901138,4737481,468,4925.0,5023.0
2021-02-17,4950.0,5000.0,4918.0,4922.0,21795945726,4428423,275,5018.0,4918.0
2021-02-20,4824.0,4824.0,4824.0,4824.0,10860579936,2251364,72,4922.0,4824.0
2021-02-21,4728.0,4728.0,4728.0,4815.0,932976240,197330,11,4824.0,4728.0
2021-02-22,4623.0,4820.0,4623.0,4658.0,23431554454,5030071,417,4815.0,4623.0
2021-02-23,4565.0,4565.0,4565.0,4633.0,2499387715,547511,20,4658.0,4565.0
2021-02-24,4541.0,4623.0,4541.0,4561.0,7272291402,1601232,117,4633.0,4541.0
2021-02-27,4470.0,4470.0,4470.0,4559.0,190471170,42611,10,4561.0,4470.0
2021-02-28,4377.0,4377.0,4377.0,4559.0,18234582,4166,3,4559.0,4377.0
2021-03-02,4468.0,4468.0,4468.0,4559.0,15638000,3500,3,4559.0,4468.0
2021-03-03,4468.0,4468.0,4468.0,4558.0,66988724,14993,7,4559.0,4468.0
2021-03-06,4376.0,4376.0,4376.0,4499.0,3108460968,710343,48,4558.0,4376.0
2021-03-07,4410.0,4410.0,4410.0,4497.0,266368410,60401,10,4499.0,4410.0
2021-03-08,4408.0,4408.0,4408.0,4494.0,281499288,63861,12,4497.0,4408.0
2021-03-09,4405.0,4405.0,4405.0,4492.0,253265475,57495,10,4494.0,4405.0
2021-03-10,4313.0,4313.0,4313.0,4481.0,565844035,131195,11,4492.0,4313.0
2021-03-15,4392.0,4392.0,4392.0,4470.0,1206051984,274602,15,4481.0,4392.0
2021-03-16,4381.0,4381.0,4381.0,4458.0,1292942625,295125,36,4470.0,4381.0
2021-03-17,4369.0,4369.0,4369.0,4456.0,235108997,53813,13,4458.0,4369.0
2021-03-27,4367.0,4367.0,4367.0,4451.0,553822940,126820,29,4456.0,4367.0
2021-03-28,4362.0,4362.0,4362.0,4449.0,181891038,41699,11,4451.0,4362.0
2021-03-30,4272.0,4272.0,4272.0,4425.0,1279707504,299557,39,4449.0,4272.0
2021-03-31,4337.0,4337.0,4337.0,4423.0,209902126,48398,10,4425.0,4337.0
2021-04-03,4335.0,4335.0,4335.0,4422.0,119203830,27498,3,4423.0,4335.0
2021-04-04,4334.0,4334.0,4334.0,4422.0,49788992,11488,3,4422.0,4334.0
2021-04-05,4246.0,4246.0,4246.0,4420.0,123753916,29146,7,4422.0,4246.0
2021-04-06,4332.0,4332.0,4332.0,4420.0,51984000,12000,1,4420.0,4332.0
2021-04-07,4332.0,4332.0,4332.0,4416.0,445095672,102746,5,4420.0,4332.0
2021-04-10,4328.0,4328.0,4328.0,4416.0,5193600,1200,1,4416.0,4328.0
2021-04-11,4240.0,4240.0,4240.0,4416.0,15730400,3710,3,4416.0,4240.0
2021-04-12,4328.0,4328.0,4328.0,4416.0,20674856,4777,1,4416.0,4328.0
2021-04-13,4328.0,4328.0,4328.0,4408.0,935527496,216157,10,4416.0,4328.0
2021-04-14,4320.0,4320.0,4320.0,4408.0,5041440,1167,1,4408.0,4320.0
2021-04-17,4232.0,4232.0,4232.0,4407.0,70462800,16650,4,4408.0,4232.0
2021-04-18,4319.0,4319.0,4319.0,4400.0,759742333,175907,11,4407.0,4319.0
2021-05-01,4312.0,4312.0,4312.0,4398.0,179711224,41677,7,4400.0,4312.0
2021-05-02,4311.0,4311.0,4311.0,4390.0,904258116,209756,8,4398.0,4311.0
2021-05-03,4303.0,4303.0,4303.0,4389.0,80207920,18640,5,4390.0,4303.0
2021-05-05,4214.0,4214.0,4214.0,4386.0,172339958,40897,8,4389.0,4214.0
2021-05-08,4299.0,4299.0,4299.0,4385.0,65319006,15194,8,4386.0,4299.0
2021-05-10,4298.0,4298.0,4298.0,4377.0,922664554,214673,8,4385.0,4298.0
2021-05-11,4202.0,4202.0,4202.0,4369.0,441159576,104988,17,4377.0,4202.0
2021-05-12,4282.0,4282.0,4282.0,4368.0,96773200,22600,2,4369.0,4282.0
2021-05-15,4281.0,4281.0,4281.0,4368.0,17338050,4050,3,4368.0,4281.0
2021-05-16,4281.0,4281.0,4281.0,4368.0,5638077,1317,1,4368.0,4281.0
2021-05-17,4194.0,4194.0,4194.0,4368.0,7129800,1700,1,4368.0,4194.0
2021-05-18,4281.0,4281.0,4281.0,4368.0,13570770,3170,2,4368.0,4281.0
2021-05-19,4281.0,4281.0,4281.0,4368.0,17659125,4125,2,4368.0,4281.0
2021-05-23,4194.0,4194.0,4194.0,4368.0,5032800,1200,1,4368.0,4194.0
2021-05-25,4281.0,4281.0,4281.0,4365.0,158683827,37067,13,4368.0,4281.0
2021-05-26,4278.0,4278.0,4278.0,4365.0,21963252,5134,3,4365.0,4278.0
2021-05-29,4278.0,4278.0,4278.0,4360.0,283755462,66329,19,4365.0,4278.0
2021-05-30,4186.0,4186.0,4186.0,4348.0,317562518,75863,11,4360.0,4186.0
2021-05-31,4262.0,4262.0,4262.0,4348.0,17048000,4000,1,4348.0,4262.0
2021-06-02,4262.0,4262.0,4262.0,4348.0,23598694,5537,3,4348.0,4262.0
2021-06-07,4175.0,4175.0,4175.0,4346.0,69138000,16560,8,4348.0,4175.0
2021-06-08,4260.0,4260.0,4260.0,4345.0,66911820,15707,4,4346.0,4260.0
2021-06-09,4259.0,4259.0,4259.0,4345.0,17036000,4000,2,4345.0,4259.0
2021-06-13,4172.0,4172.0,4172.0,4344.0,19900440,4770,3,4345.0,4172.0
2021-06-14,4258.0,4258.0,4258.0,4344.0,22942104,5388,2,4344.0,4258.0
2021-06-15,4258.0,4258.0,4258.0,4344.0,5109600,1200,1,4344.0,4258.0
2021-06-19,4171.0,4171.0,4171.0,4338.0,153000622,36682,5,4344.0,4171.0
2021-06-21,4252.0,4252.0,4252.0,4337.0,50152340,11795,5,4338.0,4252.0
2021-06-22,4251.0,4251.0,4251.0,4334.0,143671047,33797,13,4337.0,4251.0
2021-06-23,4248.0,4248.0,4248.0,4330.0,237170088,55831,13,4334.0,4248.0
2021-06-26,4244.0,4244.0,4244.0,4320.0,555501404,130891,11,4330.0,4244.0
2021-06-27,4148.0,4148.0,4148.0,4304.0,447208324,107813,22,4320.0,4148.0
2021-06-28,4218.0,4218.0,4218.0,4303.0,53315520,12640,8,4304.0,4218.0
2021-06-29,4217.0,4217.0,4217.0,4299.0,240554548,57044,13,4303.0,4217.0
2021-06-30,4214.0,4214.0,4214.0,4298.0,56020916,13294,3,4299.0,4214.0
2021-07-04,4213.0,4213.0,4213.0,4298.0,25278000,6000,3,4298.0,4213.0
2021-07-05,4213.0,4213.0,4213.0,4297.0,42340650,10050,6,4298.0,4213.0
2021-07-06,4212.0,4212.0,4212.0,4294.0,186364152,44246,12,4297.0,4212.0
2021-07-07,4123.0,4123.0,4123.0,4286.0,223887146,54302,18,4294.0,4123.0
2021-07-10,4201.0,4201.0,4201.0,4284.0,98962957,23557,8,4286.0,4201.0
2021-07-11,4199.0,4199.0,4199.0,4283.0,57858021,13779,8,4284.0,4199.0
2021-07-12,4198.0,4198.0,4198.0,4282.0,82490700,19650,5,4283.0,4198.0
2021-07-13,4111.0,4111.0,4111.0,4268.0,382935539,93149,20,4282.0,4111.0
2021-07-14,4183.0,4183.0,4183.0,4264.0,220749459,52773,12,4268.0,4183.0
2021-07-17,4179.0,4179.0,4179.0,4262.0,90893250,21750,7,4264.0,4179.0
2021-07-18,4177.0,4177.0,4177.0,4258.0,208561787,49931,8,4262.0,4177.0
2021-07-19,4088.0,4088.0,4088.0,4252.0,171450720,41940,18,4258.0,4088.0
2021-07-26,4167.0,4167.0,4167.0,4251.0,43799337,10511,4,4252.0,4167.0
2021-07-27,4166.0,4166.0,4166.0,4248.0,171639200,41200,2,4251.0,4166.0
2021-07-28,4164.0,4164.0,4164.0,4248.0,28315200,6800,4,4248.0,4164.0
2021-07-31,4079.0,4079.0,4079.0,4239.0,242443523,59437,16,4248.0,4079.0
2021-08-02,4155.0,4155.0,4155.0,4239.0,19528500,4700,3,4239.0,4155.0
2021-08-03,4155.0,4155.0,4155.0,4239.0,19262580,4636,3,4239.0,4155.0
2021-08-04,4155.0,4155.0,4155.0,4229.0,579244395,139409,13,4239.0,4155.0
2021-08-07,4060.0,4060.0,4060.0,4194.0,1003368100,247135,33,4229.0,4060.0
2021-08-08,4111.0,4111.0,4111.0,4192.0,94553000,23000,4,4194.0,4111.0
2021-08-09,4109.0,4109.0,4109.0,4166.0,1518205647,369483,15,4192.0,4109.0
2021-08-10,4083.0,4083.0,4083.0,4162.0,258249750,63250,15,4166.0,4083.0
2021-08-11,3996.0,3996.0,3996.0,4109.0,1519471008,380248,56,4162.0,3996.0
2021-08-14,4027.0,4027.0,4027.0,4107.0,100397137,24931,13,4109.0,4027.0
2021-08-15,4025.0,4025.0,4025.0,4098.0,514894100,127924,20,4107.0,4025.0
2021-08-22,4017.0,4020.0,4017.0,4017.0,38036569200,9468868,613,4098.0,4017.0
2021-08-23,3857.0,3857.0,3857.0,3857.0,9550437267,2476131,203,4017.0,3857.0
2021-08-28,3780.0,3934.0,3780.0,3843.0,53804671453,14000903,783,3857.0,3900.0
2021-08-29,3919.0,3919.0,3767.0,3879.0,83857478209,21618795,1781,3843.0,3870.0
2021-08-30,3890.0,3890.0,3802.0,3811.0,7171420023,1881525,234,3879.0,3802.0
2021-08-31,3735.0,3735.0,3735.0,3789.0,1395750825,373695,53,3811.0,3735.0
2021-09-01,3714.0,3720.0,3714.0,3714.0,11813550804,3180736,284,3789.0,3714.0
2021-09-04,3583.0,3819.0,3580.0,3671.0,38788362953,10567278,1417,3714.0,3750.0
2021-09-06,3744.0,3744.0,3599.0,3741.0,9374084690,2505650,221,3671.0,3720.0
2021-09-07,3675.0,3720.0,3667.0,3668.0,15575224281,4245851,442,3741.0,3667.0
2021-09-08,3605.0,3648.0,3595.0,3602.0,22140520489,6146947,713,3668.0,3598.0
2021-09-11,3530.0,3630.0,3530.0,3532.0,11652701958,3299396,324,3602.0,3530.0
2021-09-12,3462.0,3462.0,3462.0,3509.0,1593015066,460143,49,3532.0,3462.0
2021-09-13,3439.0,3439.0,3439.0,3508.0,97038263,28217,10,3509.0,3439.0
2021-09-14,3368.0,3580.0,3368.0,3382.0,22677172075,6704913,476,3508.0,3368.0
2021-09-15,3315.0,3315.0,3315.0,3361.0,1465143810,441974,34,3382.0,3315.0
2021-09-18,3294.0,3294.0,3294.0,3348.0,939906666,285339,26,3361.0,3294.0
2021-09-19,3282.0,3282.0,3282.0,3342.0,431113674,131357,20,3348.0,3282.0
2021-09-20,3276.0,3276.0,3276.0,3331.0,821358720,250720,30,3342.0,3276.0
2021-09-21,3198.0,3198.0,3198.0,3327.0,129813216,40592,16,3331.0,3198.0
2021-09-22,3261.0,3261.0,3261.0,3324.0,192871845,59145,16,3327.0,3261.0
2021-09-25,3258.0,3258.0,3258.0,3314.0,739650708,227026,31,3324.0,3258.0
2021-09-26,3248.0,3248.0,3248.0,3312.0,133749392,41179,13,3314.0,3248.0
2021-09-28,3180.0,3180.0,3180.0,3299.0,466868520,146814,28,3312.0,3180.0
2021-09-29,3234.0,3234.0,3234.0,3297.0,141183504,43656,7,3299.0,3234.0
2021-10-02,3232.0,3232.0,3232.0,3290.0,521660960,161405,19,3297.0,3232.0
2021-10-03,3225.0,3225.0,3225.0,3287.0,228846000,70960,9,3290.0,3225.0
2021-10-04,3156.0,3156.0,3156.0,3239.0,1738517316,550861,47,3287.0,3156.0
2021-10-06,3175.0,3175.0,3175.0,3233.0,414102550,130426,26,3239.0,3175.0
2021-10-09,3169.0,3169.0,3169.0,3231.0,183371016,57864,14,3233.0,3169.0
2021-10-10,3167.0,3167.0,3167.0,3226.0,400368973,126419,15,3231.0,3167.0
2021-10-11,3097.0,3097.0,3097.0,3212.0,510596196,164868,23,3226.0,3097.0
2021-10-12,3148.0,3148.0,3148.0,3212.0,15267800,4850,2,3212.0,3148.0
2021-10-13,3148.0,3148.0,3148.0,3212.0,6296000,2000,1,3212.0,3148.0
2021-10-16,3148.0,3148.0,3148.0,3208.0,323063500,102625,18,3212.0,3148.0
2021-10-17,3080.0,3080.0,3080.0,3192.0,597720200,194065,16,3208.0,3080.0
2021-10-18,3129.0,3129.0,3129.0,3192.0,25626510,8190,3,3192.0,3129.0
2021-10-19,3129.0,3129.0,3129.0,3190.0,171462942,54798,9,3192.0,3129.0
2021-10-20,3127.0,3127.0,3127.0,3189.0,65992208,21104,9,3190.0,3127.0
2021-10-23,3062.0,3062.0,3062.0,3159.0,1149110422,375281,18,3189.0,3062.0
2021-10-25,3096.0,3096.0,3096.0,3158.0,70560936,22791,3,3159.0,3096.0
2021-10-26,3095.0,3095.0,3095.0,3155.0,200361015,64737,8,3158.0,3095.0
2021-10-27,3092.0,3092.0,3092.0,3154.0,62010060,20055,5,3155.0,3092.0
2021-10-30,3028.0,3028.0,3028.0,3151.0,123705912,40854,8,3154.0,3028.0
2021-11-01,3088.0,3088.0,3088.0,3150.0,62995200,20400,3,3151.0,3088.0
2021-11-02,3087.0,3087.0,3087.0,3149.0,42909300,13900,5,3150.0,3087.0
2021-11-03,3087.0,3087.0,3087.0,3148.0,102618054,33242,10,3149.0,3087.0
2021-11-06,3023.0,3247.0,3023.0,3102.0,68652714535,22132730,2062,3148.0,3050.0
2021-11-07,3040.0,3102.0,3040.0,3044.0,22006734820,7230442,518,3102.0,3040.0
2021-11-08,2984.0,2984.0,2984.0,3027.0,1347502784,451576,60,3044.0,2984.0
2021-11-09,2967.0,2967.0,2967.0,3023.0,342661797,115491,16,3027.0,2967.0
2021-11-10,2903.0,2903.0,2903.0,2903.0,5237636145,1804215,124,3023.0,2903.0
2021-11-13,2845.0,2845.0,2845.0,2884.0,1567609225,551005,32,2903.0,2845.0
2021-11-14,2827.0,2827.0,2827.0,2882.0,160949591,56933,13,2884.0,2827.0
2021-11-15,2825.0,2825.0,2825.0,2874.0,687263175,243279,21,2882.0,2825.0
2021-11-16,2760.0,2760.0,2760.0,2846.0,1168760640,423464,44,2874.0,2760.0
2021-11-17,2790.0,2790.0,2790.0,2843.0,264550590,94821,17,2846.0,2790.0
2021-11-20,2787.0,2787.0,2787.0,2810.0,2886886080,1035840,42,2843.0,2787.0
2021-11-21,2754.0,2754.0,2754.0,2775.0,3052024110,1108215,48,2810.0,2754.0
2021-11-22,2664.0,2865.0,2664.0,2751.0,44102476754,16030129,1573,2775.0,2833.0
2021-11-23,2806.0,2806.0,2806.0,2806.0,16222872164,5781494,272,2751.0,2806.0
2021-11-24,2827.0,2844.0,2750.0,2768.0,20040858675,7239679,468,2806.0,2750.0
2021-11-27,2713.0,2794.0,2713.0,2726.0,8751462409,3210473,312,2768.0,2791.0
2021-11-28,2775.0,2775.0,2719.0,2748.0,9749771464,3548521,297,2726.0,2766.0
2021-11-29,2767.0,2767.0,2694.0,2697.0,6977263323,2587059,218,2748.0,2694.0
2021-11-30,2644.0,2700.0,2644.0,2648.0,6510848725,2458873,206,2697.0,2645.0
2021-12-01,2646.0,2646.0,2596.0,2598.0,5023711152,1933722,103,2648.0,2596.0
2021-12-04,2547.0,2547.0,2547.0,2551.0,4544922834,1784422,36,2598.0,2547.0
2021-12-05,2500.0,2505.0,2500.0,2500.0,7107052300,2842720,157,2551.0,2500.0
2021-12-06,2402.0,2450.0,2400.0,2406.0,7470324260,3104493,251,2500.0,2400.0
2021-12-07,2361.0,2378.0,2358.0,2379.0,2574643705,1091365,101,2406.0,2378.0
2021-12-08,2342.0,2380.0,2332.0,2353.0,3152951712,1346345,172,2379.0,2358.0
2021-12-11,2312.0,2400.0,2312.0,2351.0,1844419372,785407,126,2353.0,2333.0
2021-12-12,2307.0,2316.0,2304.0,2332.0,1979051580,858569,76,2351.0,2304.0
2021-12-13,2288.0,2291.0,2286.0,2311.0,2279357154,996806,75,2332.0,2286.0
2021-12-14,2265.0,2306.0,2265.0,2296.0,1691025695,745170,80,2311.0,2265.0
2021-12-15,2253.0,2255.0,2251.0,2282.0,1502591697,667503,50,2296.0,2251.0
2021-12-18,2237.0,2320.0,2237.0,2262.0,2214413177,989398,103,2282.0,2237.0
2021-12-19,2217.0,2217.0,2217.0,2254.0,812867484,366652,24,2262.0,2217.0
2021-12-20,2164.0,2254.0,2164.0,2208.0,2434112433,1124298,117,2254.0,2164.0
2021-12-21,2164.0,2239.0,2164.0,2205.0,1448502874,659379,121,2208.0,2208.0
2021-12-22,2170.0,2249.0,2170.0,2248.0,5654309587,2515267,145,2205.0,2249.0
2021-12-25,2206.0,2292.0,2204.0,2242.0,6366360895,2839256,169,2248.0,2204.0
2021-12-26,2200.0,2286.0,2200.0,2260.0,4568374341,2019644,158,2242.0,2286.0
2021-12-27,2304.0,2305.0,2270.0,2279.0,2591982774,1127750,100,2260.0,2282.0
2021-12-28,2279.0,2300.0,2234.0,2267.0,2356797187,1046233,104,2279.0,2251.0
2021-12-29,2222.0,2275.0,2222.0,2262.0,1188528039,528719,63,2267.0,2253.0
2022-01-01,2236.0,2304.0,2217.0,2258.0,1235972878,549941,91,2262.0,2304.0
2022-01-02,2259.0,2303.0,2235.0,2293.0,5360479070,2337442,179,2258.0,2303.0
2022-01-03,2293.0,2338.0,2293.0,2316.0,2837715401,1215664,92,2293.0,2338.0
2022-01-04,2362.0,2362.0,2357.0,2362.0,5957776060,2522355,128,2316.0,2362.0
2022-01-05,2408.0,2409.0,2362.0,2396.0,3927344090,1630499,93,2362.0,2409.0
2022-01-08,2443.0,2443.0,2430.0,2443.0,10402662547,4258354,108,2396.0,2443.0
2022-01-09,2530.0,2540.0,2402.0,2522.0,16690163723,6619038,287,2443.0,2475.0
2022-01-10,2472.0,2472.0,2472.0,2480.0,4325683584,1749872,57,2522.0,2472.0
2022-01-11,2431.0,2431.0,2431.0,2446.0,3535510264,1454344,80,2480.0,2431.0
2022-01-12,2398.0,2493.0,2398.0,2450.0,3601266070,1469087,142,2446.0,2490.0
2022-01-15,2499.0,2499.0,2401.0,2404.0,6683077101,2780376,191,2450.0,2403.0
2022-01-16,2400.0,2400.0,2356.0,2357.0,5991470352,2541970,115,2404.0,2356.0
2022-01-17,2381.0,2381.0,2310.0,2314.0,8242221818,3562353,147,2357.0,2311.0
2022-01-18,2268.0,2347.0,2268.0,2307.0,1276710731,557617,63,2314.0,2288.0
2022-01-19,2296.0,2320.0,2262.0,2301.0,861699185,378478,65,2307.0,2266.0
2022-01-22,2296.0,2347.0,2296.0,2317.0,2246168500,961519,79,2301.0,2324.0
2022-01-23,2318.0,2318.0,2284.0,2312.0,1488427745,647044,71,2317.0,2300.0
2022-01-24,2335.0,2335.0,2267.0,2308.0,960731981,418883,55,2312.0,2316.0
2022-01-25,2331.0,2346.0,2262.0,2272.0,4589830434,2022113,107,2308.0,2271.0
2022-01-26,2261.0,2317.0,2261.0,2282.0,1373394958,594476,61,2272.0,2317.0
2022-01-29,2273.0,2327.0,2237.0,2288.0,2727207676,1189037,87,2282.0,2327.0
2022-01-30,2267.0,2333.0,2267.0,2291.0,839284809,364079,39,2288.0,2297.0
2022-01-31,2289.0,2290.0,2246.0,2286.0,1344184730,591465,68,2291.0,2275.0
2022-02-01,2330.0,2330.0,2241.0,2250.0,7352050738,3267377,171,2286.0,2241.0
2022-02-06,2205.0,2205.0,2205.0,2250.0,17640000,8000,3,2250.0,2205.0
2022-02-07,2205.0,2205.0,2205.0,2229.0,2322656595,1053359,30,2250.0,2205.0
2022-02-08,2185.0,2185.0,2185.0,2228.0,120917900,55340,10,2229.0,2185.0
2022-02-09,2184.0,2184.0,2184.0,2224.0,399150024,182761,11,2228.0,2184.0
2022-02-12,2136.0,2136.0,2136.0,2178.0,2518096224,1178884,64,2224.0,2136.0
2022-02-13,2135.0,2135.0,2135.0,2178.0,47157880,22088,5,2178.0,2135.0
2022-02-14,2135.0,2135.0,2135.0,2178.0,40767825,19095,1,2178.0,2135.0
2022-02-16,2135.0,2135.0,2135.0,2156.0,2418850385,1132951,39,2178.0,2135.0
2022-02-19,2070.0,2110.0,2070.0,2112.0,2563999310,1236408,149,2156.0,2070.0
2022-02-20,2070.0,2070.0,2070.0,2112.0,16224660,7838,2,2112.0,2070.0
2022-02-21,2070.0,2148.0,2070.0,2099.0,2366682164,1134400,97,2112.0,2080.0
2022-02-22,2080.0,2080.0,2058.0,2090.0,1014392354,492756,30,2099.0,2058.0
2022-02-23,2049.0,2072.0,2049.0,2078.0,1456369670,710529,67,2090.0,2049.0
2022-02-26,2037.0,2037.0,2037.0,2077.0,148185639,72747,20,2078.0,2037.0
2022-02-27,2036.0,2036.0,2036.0,2076.0,104884540,51515,3,2077.0,2036.0
2022-02-28,2035.0,2035.0,2035.0,2072.0,494132595,242817,14,2076.0,2035.0
2022-03-02,1990.0,2049.0,1990.0,2028.0,2630582829,1320516,107,2072.0,2020.0
2022-03-05,2043.0,2050.0,1988.0,2021.0,1474805950,735684,105,2028.0,1988.0
2022-03-06,2050.0,2060.0,1981.0,2009.0,1674970593,842914,118,2021.0,1984.0
2022-03-07,2000.0,2020.0,1969.0,1996.0,1918600427,970618,123,2009.0,1969.0
2022-03-08,2018.0,2018.0,1957.0,1988.0,1180918644,601208,52,1996.0,1978.0
2022-03-09,1998.0,2012.0,1949.0,1980.0,2840382601,1438846,81,1988.0,1965.0
2022-03-12,1941.0,1968.0,1941.0,1959.0,2665111854,1372536,72,1980.0,1941.0
2022-03-13,1920.0,1924.0,1920.0,1953.0,690243482,359452,49,1959.0,1920.0
2022-03-14,1989.0,1989.0,1914.0,1950.0,428961834,224006,28,1953.0,1914.0
2022-03-15,1911.0,1912.0,1911.0,1944.0,764305679,399941,50,1950.0,1911.0
2022-03-16,1907.0,1969.0,1906.0,1932.0,1839553618,962382,117,1944.0,1906.0
2022-03-19,1959.0,1959.0,1894.0,1926.0,4083681815,2121883,190,1932.0,1900.0
2022-03-26,1892.0,1939.0,1891.0,1924.0,1422638628,740784,91,1926.0,1903.0
2022-03-27,1920.0,1920.0,1893.0,1914.0,2179737472,1146350,131,1924.0,1893.0
2022-03-29,1950.0,1952.0,1895.0,1948.0,6094731077,3128143,181,1914.0,1952.0
2022-03-30,1986.0,1986.0,1950.0,1973.0,3982103880,2010565,160,1948.0,1986.0
2022-04-03,2012.0,2012.0,1989.0,2008.0,5268198627,2623992,146,1973.0,2012.0
2022-04-04,2047.0,2048.0,1968.0,2017.0,5346898638,2651055,208,2008.0,1976.0
2022-04-05,2000.0,2057.0,1980.0,2040.0,4972819935,2436530,139,2017.0,2057.0
2022-04-06,2079.0,2080.0,2012.0,2058.0,2886661610,1392167,119,2040.0,2030.0
2022-04-09,2095.0,2095.0,2017.0,2040.0,2404064122,1189210,103,2058.0,2035.0
2022-04-10,2070.0,2079.0,2012.0,2044.0,1828359169,891925,116,2040.0,2040.0
2022-04-12,2084.0,2084.0,2040.0,2084.0,5175235672,2483740,106,2044.0,2084.0
2022-04-13,2125.0,2125.0,2100.0,2118.0,4269572535,2009346,76,2084.0,2125.0
2022-04-16,2160.0,2160.0,2160.0,2160.0,5439612240,2518339,71,2118.0,2160.0
2022-04-17,2203.0,2203.0,2203.0,2199.0,4750857620,2156540,66,2160.0,2203.0
2022-04-18,2286.0,2286.0,2286.0,2286.0,6426533502,2811257,103,2199.0,2286.0
2022-05-01,2331.0,2331.0,2294.0,2331.0,7978307711,3422813,103,2286.0,2331.0
2022-05-02,2375.0,2377.0,2308.0,2369.0,11892687026,5020307,275,2331.0,2376.0
2022-05-07,2397.0,2416.0,2325.0,2401.0,16316991299,6794540,275,2369.0,2416.0
2022-05-08,2449.0,2449.0,2415.0,2449.0,8527564569,3482295,96,2401.0,2449.0
2022-05-09,2488.0,2497.0,2450.0,2497.0,6693241385,2680705,124,2449.0,2497.0
2022-05-10,2546.0,2546.0,2452.0,2531.0,6748274128,2666773,189,2497.0,2506.0
2022-05-11,2484.0,2581.0,2481.0,2505.0,11823673206,4720904,381,2531.0,2500.0
2022-05-14,2464.0,2538.0,2455.0,2474.0,3828477812,1552702,186,2505.0,2457.0
2022-05-15,2430.0,2520.0,2430.0,2457.0,4313861911,1757439,119,2474.0,2435.0
2022-05-16,2423.0,2457.0,2416.0,2435.0,3644231854,1500930,161,2457.0,2457.0
2022-05-17,2482.0,2482.0,2387.0,2410.0,6821086276,2830201,149,2435.0,2400.0
2022-05-18,2434.0,2440.0,2363.0,2388.0,3798480491,1593944,117,2410.0,2402.0
2022-05-21,2343.0,2398.0,2343.0,2374.0,3673777859,1550620,117,2388.0,2346.0
2022-05-22,2331.0,2408.0,2327.0,2349.0,3104966236,1329535,111,2374.0,2347.0
2022-05-23,2307.0,2379.0,2303.0,2317.0,3847530375,1666054,106,2349.0,2348.0
2022-05-24,2290.0,2363.0,2275.0,2338.0,4228321904,1806205,141,2317.0,2340.0
2022-05-25,2384.0,2384.0,2292.0,2308.0,5175079706,2242376,194,2338.0,2328.0
2022-05-28,2345.0,2350.0,2262.0,2285.0,3423218291,1504362,108,2308.0,2262.0
2022-05-29,2252.0,2276.0,2240.0,2258.0,3296085568,1467893,126,2285.0,2240.0
2022-05-30,2222.0,2250.0,2215.0,2249.0,1436727121,644502,54,2258.0,2220.0
2022-05-31,2211.0,2270.0,2205.0,2235.0,1866017537,843345,89,2249.0,2230.0
2022-06-01,2197.0,2279.0,2196.0,2245.0,5595757825,2493024,173,2235.0,2279.0
2022-06-06,2289.0,2289.0,2203.0,2247.0,3957423746,1761197,168,2245.0,2239.0
2022-06-07,2277.0,2281.0,2203.0,2244.0,2296723276,1025456,108,2247.0,2231.0
2022-06-08,2250.0,2288.0,2210.0,2253.0,4058614988,1799708,134,2244.0,2288.0
2022-06-11,2298.0,2298.0,2238.0,2296.0,8612070971,3750287,213,2253.0,2298.0
2022-06-12,2252.0,2341.0,2252.0,2339.0,6826850736,2918711,208,2296.0,2339.0
2022-06-13,2382.0,2385.0,2293.0,2335.0,7496066839,3210410,242,2339.0,2316.0
2022-06-14,2290.0,2375.0,2289.0,2293.0,5481148079,2389982,140,2335.0,2289.0
2022-06-15,2320.0,2320.0,2248.0,2249.0,5225522093,2323660,160,2293.0,2248.0
2022-06-18,2207.0,2293.0,2207.0,2288.0,6796070917,2970411,161,2249.0,2252.0
2022-06-19,2333.0,2333.0,2243.0,2262.0,3427842490,1523502,101,2288.0,2243.0
2022-06-20,2299.0,2299.0,2217.0,2241.0,7005711174,3126535,136,2262.0,2217.0
2022-06-21,2197.0,2247.0,2197.0,2216.0,2875105018,1308131,45,2241.0,2197.0
2022-06-22,2172.0,2172.0,2172.0,2194.0,2389801644,1100277,28,2216.0,2172.0
2022-06-25,2151.0,2151.0,2151.0,2178.0,1772512191,824041,29,2194.0,2151.0
2022-06-26,2135.0,2135.0,2135.0,2177.0,57164625,26775,7,2178.0,2135.0
2022-06-27,2134.0,2134.0,2134.0,2176.0,89698422,42033,9,2177.0,2134.0
2022-06-28,2133.0,2204.0,2133.0,2135.0,8645499384,4049898,203,2176.0,2133.0
2022-06-29,2172.0,2172.0,2093.0,2107.0,4012990467,1909240,164,2135.0,2137.0
2022-07-02,2072.0,2099.0,2065.0,2092.0,1813294585,877327,76,2107.0,2065.0
2022-07-03,2051.0,2053.0,2051.0,2077.0,1790050466,872760,56,2092.0,2051.0
2022-07-04,2100.0,2100.0,2036.0,2052.0,3218471502,1578028,112,2077.0,2055.0
2022-07-05,2080.0,2093.0,2013.0,2058.0,2098755285,1016035,89,2052.0,2085.0
2022-07-06,2026.0,2061.0,2026.0,2057.0,303754026,149014,31,2058.0,2035.0
2022-07-09,2016.0,2079.0,2016.0,2049.0,1361561558,671754,73,2057.0,2069.0
2022-07-11,2030.0,2030.0,2009.0,2044.0,650113304,323492,33,2049.0,2009.0
2022-07-12,2004.0,2005.0,2004.0,2023.0,2516849632,1255908,48,2044.0,2004.0
2022-07-13,1984.0,2000.0,1983.0,2009.0,1787202759,900313,69,2023.0,2000.0
2022-07-16,1970.0,1970.0,1969.0,2004.0,659316946,334827,43,2009.0,1969.0
2022-07-17,1970.0,1980.0,1964.0,1991.0,1628847427,829266,53,2004.0,1964.0
2022-07-19,1952.0,1999.0,1952.0,1983.0,1103178616,563787,51,1991.0,1952.0
2022-07-20,1997.0,2022.0,1944.0,2006.0,5678362231,2830397,145,1983.0,2000.0
2022-07-23,2000.0,2046.0,2000.0,2027.0,2971763645,1455451,97,2006.0,2020.0
2022-07-24,2067.0,2067.0,1987.0,2010.0,3880028791,1934866,130,2027.0,1988.0
2022-07-25,1970.0,1970.0,1970.0,2007.0,394687530,200349,15,2010.0,1970.0
2022-07-26,1967.0,1967.0,1967.0,2003.0,547278410,278230,23,2007.0,1967.0
2022-07-27,1963.0,1963.0,1963.0,1999.0,477894313,243451,19,2003.0,1963.0
2022-07-30,1960.0,1960.0,1960.0,1998.0,167039040,85224,9,1999.0,1960.0
2022-07-31,1959.0,1959.0,1959.0,1997.0,120674400,61600,4,1998.0,1959.0
2022-08-01,1958.0,1958.0,1958.0,1995.0,205402032,104904,8,1997.0,1958.0
2022-08-02,1956.0,1956.0,1956.0,1993.0,210559488,107648,3,1995.0,1956.0
2022-08-03,1914.0,1974.0,1914.0,1928.0,4159183044,2168243,150,1993.0,1954.0
2022-08-06,1965.0,1966.0,1907.0,1935.0,2336016972,1202187,96,1928.0,1959.0
2022-08-09,1920.0,1960.0,1897.0,1925.0,1469413385,772876,111,1935.0,1900.0
2022-08-10,1891.0,1955.0,1887.0,1920.0,698522949,369948,47,1925.0,1887.0
2022-08-13,1887.0,1958.0,1882.0,1928.0,3728547029,1930666,123,1920.0,1943.0
2022-08-14,1955.0,1955.0,1902.0,1928.0,1989450005,1031232,73,1928.0,1916.0
2022-08-15,1949.0,1949.0,1893.0,1921.0,1489267352,782200,61,1928.0,1893.0
2022-08-16,1921.0,1950.0,1901.0,1921.0,1115098602,580265,61,1921.0,1908.0
2022-08-17,1894.0,1938.0,1893.0,1921.0,548453974,285909,47,1921.0,1935.0
2022-08-20,1884.0,1948.0,1884.0,1920.0,398337164,209078,29,1921.0,1892.0
2022-08-21,1883.0,1923.0,1882.0,1908.0,1727342604,916444,71,1920.0,1882.0
2022-08-22,1870.0,1928.0,1870.0,1894.0,2130788091,1135749,79,1908.0,1923.0
2022-08-23,1930.0,1931.0,1865.0,1911.0,2504255304,1299211,85,1894.0,1925.0
2022-08-24,1943.0,1943.0,1903.0,1919.0,2497434076,1295884,84,1911.0,1916.0
2022-08-27,1945.0,1957.0,1920.0,1948.0,4155360089,2126675,107,1919.0,1957.0
2022-08-28,1985.0,1985.0,1937.0,1948.0,1133468715,581238,60,1948.0,1965.0
2022-08-29,1985.0,1986.0,1948.0,1956.0,1516012726,767501,86,1948.0,1986.0
2022-08-30,1963.0,1995.0,1963.0,1988.0,4348312707,2179909,116,1956.0,1995.0
2022-08-31,2027.0,2027.0,1949.0,2003.0,3701326574,1842294,115,1988.0,2027.0
2022-09-03,2042.0,2043.0,2042.0,2043.0,5149902582,2520772,74,2003.0,2043.0
2022-09-04,2083.0,2083.0,2083.0,2059.0,2113738831,1014757,40,2043.0,2083.0
2022-09-07,2100.0,2100.0,2043.0,2094.0,5687821437,2716247,98,2059.0,2100.0
2022-09-10,2110.0,2110.0,2053.0,2058.0,4582035538,2229565,87,2094.0,2053.0
2022-09-11,2018.0,2066.0,2017.0,2044.0,2697105291,1326887,97,2058.0,2026.0
2022-09-12,2004.0,2032.0,2004.0,2036.0,1268828353,630354,68,2044.0,2020.0
2022-09-13,1996.0,2076.0,1996.0,2026.0,2401515257,1191478,78,2036.0,2005.0
2022-09-14,2026.0,2030.0,1987.0,2020.0,1118027544,558674,36,2026.0,1987.0
2022-09-18,1982.0,2012.0,1980.0,2010.0,1537539743,773033,47,2020.0,1980.0
2022-09-19,1971.0,2040.0,1970.0,1972.0,6543902591,3318378,96,2010.0,1970.0
2022-09-20,1961.0,1961.0,1933.0,1934.0,5029756668,2600749,76,1972.0,1933.0
2022-09-21,1950.0,1971.0,1896.0,1931.0,834546700,435663,56,1934.0,1896.0
2022-09-24,1961.0,1961.0,1893.0,1912.0,2498813844,1319687,69,1931.0,1893.0
2022-09-26,1874.0,1912.0,1874.0,1910.0,301843308,160114,34,1912.0,1892.0
2022-09-28,1944.0,1948.0,1901.0,1913.0,529906316,273966,47,1910.0,1922.0
2022-10-01,1897.0,1897.0,1875.0,1900.0,1777931136,947676,51,1913.0,1875.0
2022-10-02,1862.0,1938.0,1862.0,1895.0,876502733,467973,40,1900.0,1914.0
2022-10-03,1932.0,1932.0,1859.0,1893.0,415126784,222104,31,1895.0,1870.0
2022-10-04,1864.0,1922.0,1860.0,1892.0,547933893,290686,41,1893.0,1886.0
2022-10-08,1891.0,1925.0,1891.0,1892.0,62204139,32791,10,1892.0,1896.0
2022-10-09,1882.0,1915.0,1880.0,1892.0,1063169148,562467,41,1892.0,1914.0
2022-10-10,1919.0,1924.0,1880.0,1893.0,272208047,142873,23,1892.0,1910.0
2022-10-11,1890.0,1910.0,1883.0,1892.0,543688529,287934,26,1893.0,1900.0
2022-10-12,1884.0,1920.0,1884.0,1894.0,695055752,364534,33,1892.0,1915.0
2022-10-15,1892.0,1925.0,1870.0,1893.0,708100026,374692,47,1894.0,1886.0
2022-10-16,1860.0,1919.0,1856.0,1880.0,1744022819,939288,50,1893.0,1856.0
2022-10-17,1855.0,1914.0,1843.0,1878.0,644816061,346181,50,1880.0,1890.0
2022-10-18,1870.0,1895.0,1848.0,1875.0,788152551,423537,39,1878.0,1893.0
2022-10-19,1846.0,1890.0,1846.0,1873.0,707035376,379242,43,1875.0,1890.0
2022-10-22,1850.0,1884.0,1844.0,1870.0,1011031353,544709,54,1873.0,1884.0
2022-10-23,1885.0,1885.0,1844.0,1867.0,837414711,452175,36,1870.0,1860.0
2022-10-24,1903.0,1904.0,1836.0,1868.0,1873697617,1002390,95,1867.0,1900.0
2022-10-25,1868.0,1905.0,1831.0,1866.0,6042557205,3238556,196,1868.0,1831.0
2022-10-26,1849.0,1856.0,1829.0,1830.0,5530514822,3021457,95,1866.0,1829.0
2022-10-29,1794.0,1849.0,1794.0,1808.0,3369371674,1873896,72,1830.0,1794.0
2022-10-30,1800.0,1800.0,1772.0,1790.0,3266424640,1834191,57,1808.0,1777.0
2022-10-31,1756.0,1825.0,1756.0,1791.0,1046172321,583242,76,1790.0,1825.0
2022-11-01,1826.0,1826.0,1790.0,1808.0,2390357855,1309461,103,1791.0,1820.0
2022-11-02,1792.0,1840.0,1792.0,1808.0,1197976285,663009,80,1808.0,1837.0
2022-11-05,1835.0,1844.0,1815.0,1821.0,1921958519,1043078,83,1808.0,1823.0
2022-11-06,1849.0,1857.0,1825.0,1835.0,2808770065,1521174,89,1821.0,1834.0
2022-11-07,1871.0,1871.0,1844.0,1864.0,4287505488,2293102,104,1835.0,1871.0
2022-11-08,1889.0,1889.0,1830.0,1862.0,2965619681,1594547,107,1864.0,1850.0
2022-11-09,1856.0,1899.0,1840.0,1887.0,4430114835,2341488,121,1862.0,1899.0
2022-11-12,1923.0,1924.0,1887.0,1902.0,2579896141,1345836,88,1887.0,1924.0
2022-11-13,1940.0,1940.0,1902.0,1906.0,1442798349,752300,70,1902.0,1930.0
2022-11-14,1937.0,1944.0,1916.0,1939.0,4846499399,2496632,204,1906.0,1944.0
2022-11-15,1952.0,1977.0,1952.0,1963.0,3255027961,1646567,128,1939.0,1977.0
2022-11-16,2002.0,2002.0,2002.0,1978.0,2086746662,1042331,33,1963.0,2002.0
2022-11-19,2017.0,2017.0,2017.0,1984.0,784481895,388935,45,1978.0,2017.0
2022-11-20,2023.0,2023.0,2003.0,2023.0,7857749960,3884492,128,1984.0,2023.0
2022-11-21,2063.0,2063.0,1983.0,2036.0,9261052947,4548554,301,2023.0,2005.0
2022-11-22,2020.0,2039.0,1999.0,2027.0,1928191443,958072,77,2036.0,1999.0
2022-11-23,2018.0,2019.0,1987.0,2013.0,2434187770,1218193,108,2027.0,1989.0
2022-11-26,2053.0,2053.0,1985.0,2013.0,1621314594,805990,81,2013.0,1994.0
2022-11-27,1983.0,1989.0,1976.0,2010.0,477720341,241211,36,2013.0,1978.0
2022-11-28,1973.0,2004.0,1970.0,2005.0,887903825,447366,58,2010.0,1991.0
2022-11-29,1990.0,2000.0,1967.0,2001.0,916022647,461963,45,2005.0,1977.0
2022-11-30,1970.0,1993.0,1963.0,1996.0,947261464,480096,39,2001.0,1966.0
2022-12-03,1986.0,1988.0,1958.0,1980.0,3285440694,1666313,67,1996.0,1959.0
2022-12-04,1968.0,1980.0,1941.0,1972.0,1732990437,885666,64,1980.0,1958.0
2022-12-05,1948.0,1960.0,1933.0,1968.0,697891782,358459,38,1972.0,1940.0
2022-12-06,1955.0,1973.0,1932.0,1962.0,1416836166,727240,56,1968.0,1973.0
2022-12-07,1969.0,1987.0,1940.0,1962.0,1076344538,548132,58,1962.0,1942.0
2022-12-10,1972.0,2001.0,1960.0,1995.0,5203827159,2608124,141,1962.0,2001.0
2022-12-11,1956.0,2032.0,1956.0,2003.0,2845120898,1415864,73,1995.0,2025.0
2022-12-12,2009.0,2043.0,1989.0,2025.0,4653616659,2295349,126,2003.0,2043.0
2022-12-13,2063.0,2065.0,2040.0,2038.0,2146713590,1043306,84,2025.0,2048.0
2022-12-14,2047.0,2058.0,1998.0,2016.0,4314371273,2143969,145,2038.0,1998.0
2022-12-17,1979.0,2046.0,1979.0,2013.0,3052283405,1517222,97,2016.0,2015.0
2022-12-18,1991.0,2053.0,1991.0,2042.0,3960505975,1931659,98,2013.0,2053.0
2022-12-19,2078.0,2082.0,2040.0,2054.0,1919009651,925500,119,2042.0,2081.0
2022-12-20,2058.0,2095.0,2013.0,2064.0,2658049376,1282270,106,2054.0,2090.0
2022-12-21,2060.0,2105.0,2060.0,2090.0,3319470230,1577044,82,2064.0,2105.0
2022-12-24,2131.0,2131.0,2131.0,2094.0,557580412,261652,52,2090.0,2131.0
2022-12-25,2135.0,2135.0,2135.0,2099.0,679950530,318478,30,2094.0,2135.0
2022-12-26,2140.0,2140.0,2140.0,2103.0,535169060,250079,21,2099.0,2140.0
2022-12-28,2145.0,2145.0,2145.0,2113.0,1260599340,587692,40,2103.0,2145.0
2022-12-31,2155.0,2155.0,2155.0,2122.0,1058876490,491358,43,2113.0,2155.0
2023-01-01,2164.0,2164.0,2164.0,2128.0,732375504,338436,25,2122.0,2164.0
2023-01-02,2170.0,2170.0,2170.0,2131.0,373400580,172074,24,2128.0,2170.0
2023-01-03,2173.0,2173.0,2173.0,2133.0,212321657,97709,22,2131.0,2173.0
2023-01-04,2175.0,2175.0,2175.0,2135.0,300571950,138194,22,2133.0,2175.0
2023-01-16,2177.0,2177.0,2177.0,2140.0,662010461,304093,19,2135.0,2177.0
2023-01-17,2182.0,2182.0,2182.0,2147.0,884979924,405582,40,2140.0,2182.0
2023-01-18,2189.0,2189.0,2189.0,2155.0,947607155,432895,41,2147.0,2189.0
2023-01-21,2198.0,2198.0,2198.0,2166.0,1252437984,569808,34,2155.0,2198.0
2023-01-22,2209.0,2209.0,2209.0,2183.0,2001305402,905978,38,2166.0,2209.0
2023-01-23,2226.0,2226.0,2226.0,2190.0,853895826,383601,28,2183.0,2226.0
2023-01-24,2233.0,2233.0,2233.0,2191.0,109019526,48822,8,2190.0,2233.0
2023-01-25,2234.0,2234.0,2234.0,2199.0,1022975408,457912,34,2191.0,2234.0
2023-01-28,2242.0,2242.0,2242.0,2209.0,2382871586,1062833,38,2199.0,2242.0
2023-01-29,2253.0,2253.0,2253.0,2253.0,16519261854,7332118,151,2209.0,2253.0
2023-01-30,2298.0,2298.0,2298.0,2259.0,1482118080,644960,33,2253.0,2298.0
2023-01-31,2304.0,2304.0,2304.0,2262.0,740858112,321553,22,2259.0,2304.0
2023-02-01,2307.0,2307.0,2307.0,2268.0,1354128255,586965,29,2262.0,2307.0
2023-02-05,2313.0,2313.0,2313.0,2273.0,1035349686,447622,37,2268.0,2313.0
2023-02-06,2318.0,2318.0,2318.0,2274.0,207704390,89605,14,2273.0,2318.0
2023-02-07,2319.0,2319.0,2319.0,2276.0,354969330,153070,29,2274.0,2319.0
2023-02-08,2321.0,2321.0,2321.0,2279.0,744883172,320932,19,2276.0,2321.0
2023-02-12,2324.0,2324.0,2324.0,2281.0,550583488,236912,19,2279.0,2324.0
2023-02-13,2326.0,2326.0,2326.0,2283.0,511857234,220059,18,2281.0,2326.0
2023-02-14,2374.0,2374.0,2374.0,2297.0,1594791476,671774,35,2283.0,2374.0
2023-02-15,2342.0,2342.0,2342.0,2342.0,686170870,292985,30,2297.0,2342.0
2023-02-19,2529.0,2579.0,2529.0,2552.0,26441412118,10360342,138,2342.0,2579.0
2023-02-20,2603.0,2603.0,2501.0,2591.0,40421352699,15600374,318,2552.0,2603.0
2023-02-21,2641.0,2642.0,2639.0,2641.0,13910148561,5266493,116,2591.0,2642.0
2023-02-22,2693.0,2693.0,2693.0,2667.0,5732177071,2128547,83,2641.0,2693.0
2023-02-25,2720.0,2720.0,2720.0,2683.0,3023462240,1111567,41,2667.0,2720.0
2023-02-26,2736.0,2736.0,2736.0,2712.0,5543313840,2026065,82,2683.0,2736.0
2023-02-27,2766.0,2766.0,2766.0,2724.0,2333397600,843600,42,2712.0,2766.0
2023-02-28,2778.0,2778.0,2778.0,2742.0,3434433066,1236297,27,2724.0,2778.0
2023-03-01,2796.0,2796.0,2796.0,2748.0,1175376888,420378,32,2742.0,2796.0
2023-03-04,2802.0,2802.0,2802.0,2753.0,899377554,320977,41,2748.0,2802.0
2023-03-05,2808.0,2808.0,2808.0,2759.0,1083522960,385870,23,2753.0,2808.0
2023-03-06,2814.0,2814.0,2814.0,2769.0,1787520336,635224,24,2759.0,2814.0
2023-03-07,2824.0,2824.0,2824.0,2770.0,262075672,92803,21,2769.0,2824.0
2023-03-11,2825.0,2825.0,2825.0,2785.0,2744837800,971624,37,2770.0,2825.0
2023-03-12,2840.0,2840.0,2840.0,2801.0,3044596440,1072041,33,2785.0,2840.0
2023-03-13,2857.0,2857.0,2857.0,2805.0,761419070,266510,34,2801.0,2857.0
2023-03-14,2861.0,2861.0,2861.0,2817.0,2210900692,772772,65,2805.0,2861.0
2023-03-15,2873.0,2873.0,2873.0,2823.0,1111382701,386837,23,2817.0,2873.0
2023-03-18,2879.0,2879.0,2879.0,2879.0,13922406392,4835848,101,2823.0,2879.0
2023-03-19,2936.0,2936.0,2936.0,2880.0,242851240,82715,21,2879.0,2936.0
2023-03-25,2937.0,2937.0,2937.0,2887.0,1215130884,413732,26,2880.0,2937.0
2023-03-26,2944.0,2944.0,2944.0,2887.0,81322112,27623,4,2887.0,2944.0
2023-03-27,2944.0,2944.0,2944.0,2891.0,803826816,273039,20,2887.0,2944.0
2023-03-28,2948.0,2948.0,2948.0,2948.0,740006960,251020,26,2891.0,2948.0
2023-04-03,3006.0,3006.0,3006.0,3006.0,930546378,309563,44,2948.0,3006.0
2023-04-16,3066.0,3066.0,3066.0,3066.0,3871603764,1262754,90,3006.0,3066.0
2023-04-30,3127.0,3127.0,3127.0,3127.0,4970375881,1589503,49,3066.0,3127.0
2023-05-01,3189.0,3189.0,3189.0,3189.0,8476129203,2657927,89,3127.0,3189.0
2023-05-03,3252.0,3252.0,3252.0,3252.0,36979968408,11371454,185,3189.0,3252.0
2023-05-06,3317.0,3317.0,3317.0,3317.0,4315662458,1301074,55,3252.0,3317.0
2023-05-07,3383.0,3383.0,3383.0,3383.0,17163264838,5073386,99,3317.0,3383.0
2023-05-09,3450.0,3450.0,3450.0,3450.0,2101046550,608999,95,3383.0,3450.0
2023-05-13,3519.0,3519.0,3519.0,3519.0,9585287973,2723867,97,3450.0,3519.0
2023-05-14,3589.0,3589.0,3589.0,3589.0,3077761306,857554,48,3519.0,3589.0
2023-05-15,3660.0,3660.0,3660.0,3660.0,3316194240,906064,41,3589.0,3660.0
2023-05-17,3733.0,3733.0,3733.0,3733.0,3301984087,884539,36,3660.0,3733.0
2023-05-20,3807.0,3807.0,3807.0,3807.0,3880235259,1019237,39,3733.0,3807.0
2023-05-21,3883.0,3883.0,3883.0,3883.0,3804322654,979738,47,3807.0,3883.0
2023-05-22,3960.0,3960.0,3960.0,3960.0,4497007680,1135608,41,3883.0,3960.0
2023-05-23,4039.0,4039.0,4039.0,4039.0,3293925670,815530,42,3960.0,4039.0
2023-05-24,4119.0,4119.0,4119.0,4119.0,5774562027,1401933,53,4039.0,4119.0
2023-05-27,4201.0,4201.0,4201.0,4201.0,5871687288,1397688,63,4119.0,4201.0
2023-05-28,4285.0,4285.0,4285.0,4285.0,5395646290,1259194,57,4201.0,4285.0
2023-05-31,4370.0,4370.0,4370.0,4370.0,3472668570,794661,49,4285.0,4370.0
2023-06-03,4457.0,4457.0,4457.0,4457.0,976773835,219155,34,4370.0,4457.0
2023-06-06,4546.0,4546.0,4546.0,4546.0,1807607796,397626,39,4457.0,4546.0
2023-06-07,4636.0,4636.0,4636.0,4636.0,422070712,91042,30,4546.0,4636.0
2023-06-10,4728.0,4728.0,4544.0,4639.0,141644050783,30535407,833,4636.0,4544.0
2023-06-11,4547.0,4547.0,4547.0,4607.0,3444206996,757468,24,4639.0,4547.0
2023-06-12,4515.0,4515.0,4515.0,4538.0,7345033605,1626807,37,4607.0,4515.0
2023-06-13,4448.0,4448.0,4448.0,4468.0,7485343488,1682856,37,4538.0,4448.0
2023-06-14,4379.0,4379.0,4379.0,4379.0,11381778567,2599173,82,4468.0,4379.0
2023-06-17,4292.0,4466.0,4292.0,4385.0,51283529587,11693903,409,4379.0,4466.0
2023-06-18,4385.0,4385.0,4298.0,4311.0,14210639361,3296088,115,4385.0,4298.0
2023-06-19,4225.0,4225.0,4225.0,4249.0,6977845225,1651561,27,4311.0,4225.0
2023-06-20,4165.0,4165.0,4165.0,4207.0,4721877160,1133704,20,4249.0,4165.0
2023-06-21,4123.0,4291.0,4123.0,4144.0,57422968937,13855450,504,4207.0,4123.0
2023-06-24,4063.0,4226.0,4062.0,4098.0,13139066602,3206015,181,4144.0,4130.0
2023-06-25,4052.0,4179.0,4052.0,4163.0,9991559536,2399830,140,4098.0,4179.0
2023-06-26,4246.0,4246.0,4246.0,4242.0,9746990220,2295570,92,4163.0,4246.0
2023-06-27,4326.0,4326.0,4326.0,4287.0,5564962074,1286399,50,4242.0,4326.0
2023-06-28,4372.0,4372.0,4202.0,4285.0,29629227630,6914926,300,4287.0,4207.0
2023-07-01,4230.0,4327.0,4200.0,4231.0,12541179507,2964460,139,4285.0,4231.0
2023-07-02,4313.0,4315.0,4149.0,4290.0,15668697496,3652339,147,4231.0,4315.0
2023-07-03,4315.0,4375.0,4225.0,4367.0,17091544353,3913763,154,4290.0,4333.0
2023-07-04,4333.0,4454.0,4312.0,4348.0,29528482738,6791400,157,4367.0,4312.0
2023-07-05,4290.0,4433.0,4290.0,4343.0,18384348598,4232737,137,4348.0,4367.0
2023-07-08,4326.0,4429.0,4326.0,4386.0,5314799522,1200907,69,4343.0,4429.0
2023-07-09,4473.0,4473.0,4473.0,4427.0,4873065120,1089440,61,4386.0,4473.0
2023-07-10,4515.0,4515.0,4473.0,4515.0,36420485268,8066874,229,4427.0,4515.0
2023-07-11,4598.0,4598.0,4425.0,4453.0,25447630986,5715043,204,4515.0,4425.0
2023-07-12,4364.0,4385.0,4364.0,4402.0,5817546168,1332912,36,4453.0,4364.0
2023-07-15,4314.0,4490.0,4314.0,4350.0,12460177058,2864468,102,4402.0,4314.0
2023-07-16,4263.0,4270.0,4263.0,4303.0,5286786134,1240031,45,4350.0,4263.0
2023-07-17,4217.0,4217.0,4217.0,4245.0,6435142000,1526000,18,4303.0,4217.0
2023-07-18,4161.0,4280.0,4161.0,4164.0,22567584162,5419947,139,4245.0,4190.0
2023-07-19,4101.0,4247.0,4081.0,4102.0,18536736803,4518437,146,4164.0,4081.0
2023-07-22,4020.0,4184.0,4020.0,4162.0,18496439980,4443683,141,4102.0,4184.0
2023-07-23,4100.0,4245.0,4090.0,4171.0,9226765994,2211371,91,4162.0,4190.0
2023-07-24,4090.0,4254.0,4090.0,4241.0,10641658965,2509187,134,4171.0,4241.0
2023-07-25,4324.0,4325.0,4165.0,4225.0,7875739757,1866473,87,4241.0,4186.0
2023-07-26,4165.0,4287.0,4150.0,4205.0,3966776611,950573,42,4225.0,4260.0
2023-07-29,4125.0,4140.0,4121.0,4123.0,11134029587,2700427,116,4205.0,4121.0
2023-07-30,4041.0,4135.0,4041.0,4077.0,5941524520,1467686,80,4123.0,4041.0
2023-07-31,4016.0,4061.0,4015.0,4073.0,1080032268,267055,15,4077.0,4015.0
2023-08-01,4001.0,4154.0,3992.0,4132.0,8399252872,2027787,87,4073.0,4102.0
2023-08-05,4119.0,4199.0,4100.0,4140.0,2245622789,538554,53,4132.0,4170.0
2023-08-06,4153.0,4222.0,4153.0,4181.0,5234686827,1240490,67,4140.0,4222.0
2023-08-07,4264.0,4264.0,4220.0,4264.0,11732231004,2751673,98,4181.0,4264.0
2023-08-08,4332.0,4349.0,4197.0,4313.0,7026156171,1619877,80,4264.0,4349.0
2023-08-09,4399.0,4399.0,4349.0,4399.0,10697697439,2431861,106,4313.0,4399.0
2023-08-12,4485.0,4485.0,4312.0,4378.0,10258339002,2342986,121,4399.0,4312.0
2023-08-13,4291.0,4464.0,4291.0,4341.0,12990748049,2992530,126,4378.0,4462.0
2023-08-14,4425.0,4427.0,4331.0,4386.0,5833486820,1320063,78,4341.0,4427.0
2023-08-15,4332.0,4350.0,4322.0,4374.0,2245352100,518204,38,4386.0,4350.0
2023-08-16,4323.0,4350.0,4287.0,4350.0,3464616215,804679,55,4374.0,4306.0
2023-08-19,4280.0,4329.0,4263.0,4274.0,11537403556,2699179,68,4350.0,4263.0
2023-08-20,4200.0,4200.0,4189.0,4241.0,3763150502,898004,67,4274.0,4189.0
2023-08-21,4189.0,4260.0,4161.0,4228.0,1894649567,453551,27,4241.0,4163.0
2023-08-22,4158.0,4163.0,4144.0,4191.0,4161869580,1004220,28,4228.0,4144.0
2023-08-23,4110.0,4250.0,4108.0,4118.0,8417763394,2048676,42,4191.0,4111.0
2023-08-26,4180.0,4200.0,4121.0,4173.0,7136080476,1700379,83,4118.0,4200.0
2023-08-27,4140.0,4256.0,4140.0,4179.0,4941060826,1180652,47,4173.0,4200.0
2023-08-28,4119.0,4260.0,4119.0,4196.0,4523412362,1072708,44,4179.0,4130.0
2023-08-29,4128.0,4251.0,4123.0,4190.0,1612640163,387619,42,4196.0,4133.0
2023-08-30,4112.0,4199.0,4112.0,4183.0,1130802348,274217,34,4190.0,4158.0
2023-09-02,4100.0,4110.0,4100.0,4157.0,3235716740,788659,53,4183.0,4100.0
2023-09-03,4074.0,4110.0,4074.0,4077.0,10369470372,2543210,81,4157.0,4074.0
2023-09-04,4002.0,4117.0,4000.0,4073.0,1263730076,312272,32,4077.0,4010.0
2023-09-09,4010.0,4050.0,4000.0,4059.0,2259126970,562832,20,4073.0,4040.0
2023-09-10,4139.0,4140.0,4042.0,4066.0,2257811468,552004,36,4059.0,4058.0
2023-09-11,4000.0,4066.0,4000.0,4051.0,2442994661,610075,33,4066.0,4001.0
2023-09-12,4001.0,4091.0,3978.0,4024.0,5325386223,1330838,67,4051.0,3978.0
2023-09-13,4090.0,4103.0,3982.0,4021.0,4883891688,1215487,45,4024.0,4005.0
2023-09-17,3963.0,4005.0,3945.0,4000.0,3577872839,902552,50,4021.0,3957.0
2023-09-18,4000.0,4001.0,3954.0,4000.0,551786787,138118,21,4000.0,4001.0
2023-09-19,3950.0,4030.0,3947.0,3998.0,742268706,187071,25,4000.0,3950.0
2023-09-20,3947.0,3955.0,3919.0,3975.0,3205582376,816204,29,3998.0,3930.0
2023-09-23,3917.0,3950.0,3900.0,3943.0,4478239965,1146917,56,3975.0,3903.0
2023-09-25,3870.0,3900.0,3865.0,3919.0,3345288915,864005,39,3943.0,3867.0
2023-09-26,3855.0,3997.0,3855.0,3956.0,5028946874,1259727,73,3919.0,3997.0
2023-09-27,3906.0,3906.0,3881.0,3941.0,2161557818,555676,38,3956.0,3888.0
2023-09-30,3883.0,3900.0,3878.0,3896.0,7870119194,2025763,59,3941.0,3881.0
2023-10-01,3864.0,3865.0,3819.0,3877.0,3207075404,835814,30,3896.0,3820.0
2023-10-02,3801.0,3920.0,3801.0,3872.0,1198344744,312256,30,3877.0,3850.0
2023-10-04,3796.0,3860.0,3795.0,3868.0,636908364,167230,16,3872.0,3811.0
2023-10-07,3803.0,3804.0,3791.0,3843.0,3472799351,914734,36,3868.0,3791.0
2023-10-08,3786.0,3873.0,3767.0,3830.0,1764407864,467992,29,3843.0,3767.0
2023-10-09,3770.0,3770.0,3754.0,3820.0,1400915688,372616,38,3830.0,3754.0
2023-10-10,3744.0,3750.0,3744.0,3796.0,3083106395,823360,35,3820.0,3744.0
2023-10-11,3730.0,3733.0,3721.0,3769.0,3520241873,945765,55,3796.0,3722.0
2023-10-14,3694.0,3724.0,3694.0,3743.0,3517524005,951419,26,3769.0,3694.0
2023-10-15,3669.0,3682.0,3669.0,3738.0,716605296,195184,14,3743.0,3669.0
2023-10-16,3664.0,3785.0,3664.0,3734.0,1425577264,384500,30,3738.0,3751.0
2023-10-17,3680.0,3680.0,3660.0,3720.0,1925829148,525643,21,3734.0,3660.0
2023-10-18,3646.0,3656.0,3646.0,3703.0,2250255856,617136,23,3720.0,3646.0
2023-10-21,3630.0,3640.0,3629.0,3698.0,637985972,175744,20,3703.0,3640.0
2023-10-22,3626.0,3630.0,3625.0,3691.0,929412175,256190,21,3698.0,3625.0
2023-10-23,3636.0,3636.0,3618.0,3687.0,599060400,165111,16,3691.0,3619.0
2023-10-24,3630.0,3687.0,3620.0,3686.0,282342024,77173,12,3687.0,3632.0
2023-10-25,3622.0,3696.0,3613.0,3682.0,752725765,207368,18,3686.0,3615.0
2023-10-28,3613.0,3625.0,3609.0,3654.0,3838923814,1063446,23,3682.0,3609.0
2023-10-29,3581.0,3609.0,3581.0,3618.0,4979888457,1389935,27,3654.0,3582.0
2023-10-30,3581.0,3618.0,3546.0,3603.0,2626263632,737486,34,3618.0,3610.0
2023-10-31,3532.0,3560.0,3531.0,3600.0,495045301,139659,16,3603.0,3532.0
2023-11-01,3532.0,3600.0,3528.0,3592.0,1101538896,312227,16,3600.0,3528.0
2023-11-04,3600.0,3650.0,3526.0,3594.0,1093232071,302936,37,3592.0,3650.0
2023-11-05,3665.0,3665.0,3553.0,3589.0,1387546677,390250,20,3594.0,3555.0
2023-11-06,3639.0,3660.0,3539.0,3606.0,3532627800,971215,48,3589.0,3659.0
2023-11-07,3545.0,3678.0,3545.0,3612.0,6949083493,1922555,59,3606.0,3677.0
2023-11-08,3684.0,3684.0,3601.0,3615.0,630702068,172251,15,3612.0,3601.0
2023-11-11,3684.0,3684.0,3601.0,3615.0,389602908,107701,20,3615.0,3621.0
2023-11-12,3544.0,3640.0,3544.0,3610.0,1361067601,380280,27,3615.0,3561.0
2023-11-13,3546.0,3640.0,3546.0,3609.0,684248922,190436,17,3610.0,3640.0
2023-11-14,3543.0,3664.0,3543.0,3603.0,1456574667,408135,21,3609.0,3543.0
2023-11-15,3556.0,3640.0,3556.0,3602.0,267882577,74887,14,3603.0,3567.0
2023-11-18,3567.0,3580.0,3552.0,3601.0,326957990,91595,11,3602.0,3552.0
2023-11-19,3548.0,3580.0,3544.0,3598.0,486411835,137139,16,3601.0,3580.0
2023-11-20,3555.0,3555.0,3537.0,3586.0,2335104796,658446,22,3598.0,3537.0
2023-11-21,3533.0,3533.0,3515.0,3581.0,799706512,227167,13,3586.0,3533.0
2023-11-22,3546.0,3547.0,3510.0,3573.0,1787555756,505575,21,3581.0,3510.0
2023-11-25,3580.0,3644.0,3523.0,3595.0,3762187915,1035499,47,3573.0,3644.0
2023-11-26,3666.0,3666.0,3666.0,3614.0,2774821062,756907,15,3595.0,3666.0
2023-11-27,3686.0,3686.0,3686.0,3636.0,3096686006,840121,17,3614.0,3686.0
2023-11-28,3708.0,3708.0,3708.0,3654.0,2652436224,715328,18,3636.0,3708.0
2023-11-29,3727.0,3727.0,3727.0,3675.0,2982703192,800296,17,3654.0,3727.0
2023-12-02,3748.0,3748.0,3748.0,3695.0,2814740504,750998,21,3675.0,3748.0
2023-12-03,3768.0,3768.0,3768.0,3718.0,3217020432,853774,27,3695.0,3768.0
2023-12-04,3792.0,3792.0,3792.0,3744.0,3590500704,946862,25,3718.0,3792.0
2023-12-05,3818.0,3818.0,3818.0,3774.0,4233134958,1108731,35,3744.0,3818.0
2023-12-06,3849.0,3849.0,3742.0,3848.0,34443248927,8951422,157,3774.0,3849.0
2023-12-09,3774.0,3924.0,3772.0,3901.0,22509879930,5769590,184,3848.0,3924.0
2023-12-10,3978.0,3979.0,3833.0,3956.0,10851155745,2742878,111,3901.0,3917.0
2023-12-11,3894.0,3995.0,3894.0,3955.0,634953773,161077,33,3956.0,3914.0
2023-12-12,3895.0,3901.0,3876.0,3913.0,5594676953,1442467,63,3955.0,3876.0
2023-12-13,3837.0,3893.0,3836.0,3907.0,1164916738,301615,30,3913.0,3845.0
2023-12-16,3850.0,3945.0,3831.0,3905.0,2132936779,547339,52,3907.0,3874.0
2023-12-18,3880.0,3983.0,3873.0,3931.0,8424834434,2140419,77,3905.0,3903.0
2023-12-19,3900.0,4009.0,3900.0,3970.0,5894387305,1474104,62,3931.0,3939.0
2023-12-20,3960.0,3970.0,3924.0,3966.0,1710394131,433191,26,3970.0,3926.0
2023-12-23,3908.0,4045.0,3907.0,4014.0,6857915632,1698739,101,3966.0,4045.0
2023-12-24,4094.0,4094.0,4040.0,4050.0,4864032555,1188924,70,4014.0,4094.0
2023-12-25,3981.0,4130.0,3981.0,4053.0,1052563962,258227,34,4050.0,4050.0
2023-12-26,4021.0,4120.0,4021.0,4054.0,1218077441,300008,36,4053.0,4031.0
2023-12-27,4006.0,4027.0,4006.0,4049.0,1537112733,382472,21,4054.0,4016.0
2023-12-30,4099.0,4128.0,4022.0,4080.0,7075555391,1728400,77,4049.0,4100.0
2023-12-31,4050.0,4100.0,4040.0,4073.0,9105784840,2235875,61,4080.0,4050.0
2024-01-01,4010.0,4069.0,3992.0,4023.0,15595362583,3876222,80,4073.0,3992.0
2024-01-02,3943.0,3943.0,3943.0,3943.0,17540159490,4448430,86,4023.0,3943.0
2024-01-03,3910.0,3920.0,3880.0,3925.0,3767902533,966740,32,3943.0,3881.0
2024-01-06,3879.0,3879.0,3847.0,3891.0,4679148551,1213960,59,3925.0,3847.0
2024-01-07,3831.0,3875.0,3831.0,3873.0,4346374036,1129110,57,3891.0,3840.0
2024-01-08,3840.0,3894.0,3840.0,3873.0,997134870,257715,28,3873.0,3894.0
2024-01-09,3873.0,3938.0,3873.0,3884.0,2923173646,747765,40,3873.0,3910.0
2024-01-10,3944.0,3961.0,3944.0,3921.0,5105657883,1290003,33,3884.0,3961.0
2024-01-13,3999.0,3999.0,3931.0,3952.0,4442068891,1112856,70,3921.0,3965.0
2024-01-14,3960.0,4023.0,3952.0,3958.0,1123329958,280331,28,3952.0,4015.0
2024-01-15,3903.0,4013.0,3903.0,3955.0,1554685919,395035,18,3958.0,3911.0
2024-01-16,3896.0,3913.0,3896.0,3952.0,557724719,142725,13,3955.0,3910.0
2024-01-17,3901.0,3906.0,3900.0,3949.0,709707796,181806,18,3952.0,3900.0
2024-01-20,3901.0,3978.0,3891.0,3942.0,2046806185,522765,42,3949.0,3968.0
2024-01-21,3968.0,4016.0,3900.0,3947.0,2793851075,705311,56,3942.0,3989.0
2024-01-22,3989.0,3999.0,3891.0,3940.0,2387339233,609048,26,3947.0,3920.0
2024-01-23,3880.0,3890.0,3862.0,3919.0,2807979054,726487,36,3940.0,3862.0
2024-01-24,3841.0,3920.0,3841.0,3912.0,1245452774,322152,20,3919.0,3920.0
2024-01-27,3834.0,3933.0,3834.0,3895.0,4009967332,1036051,45,3912.0,3871.0
2024-01-28,3880.0,3959.0,3880.0,3901.0,2339381495,596704,31,3895.0,3957.0
2024-01-29,3840.0,3960.0,3840.0,3899.0,1414593730,364203,23,3901.0,3844.0
2024-01-30,3844.0,3942.0,3822.0,3889.0,2609973150,675671,37,3899.0,3822.0
2024-01-31,3900.0,3939.0,3812.0,3889.0,1972726222,507267,49,3889.0,3866.0
2024-02-03,3937.0,3937.0,3827.0,3887.0,1321817129,340981,31,3889.0,3828.0
2024-02-04,3870.0,3898.0,3810.0,3850.0,5782643978,1512437,49,3887.0,3810.0
2024-02-05,3811.0,3811.0,3774.0,3841.0,1525420289,402078,22,3850.0,3790.0
2024-02-06,3903.0,3903.0,3801.0,3841.0,111781140,29140,3,3841.0,3801.0
2024-02-07,3790.0,3880.0,3790.0,3842.0,1425848792,370439,31,3841.0,3845.0
2024-02-10,3885.0,3885.0,3768.0,3835.0,1533615955,403707,27,3842.0,3769.0
2024-02-12,3760.0,3813.0,3760.0,3828.0,2066730419,543761,33,3835.0,3800.0
2024-02-13,3772.0,3810.0,3772.0,3826.0,469952288,124194,12,3828.0,3810.0
2024-02-14,3762.0,3810.0,3762.0,3824.0,469135934,123921,15,3826.0,3772.0
2024-02-17,3772.0,3772.0,3748.0,3812.0,1631166194,434562,28,3824.0,3755.0
2024-02-18,3736.0,3742.0,3736.0,3804.0,1043674484,279145,16,3812.0,3741.0
2024-02-19,3800.0,3805.0,3728.0,3730.0,14410986045,3863491,72,3804.0,3728.0
2024-02-20,3660.0,3732.0,3656.0,3718.0,2113983297,575325,31,3730.0,3729.0
2024-02-21,3644.0,3792.0,3644.0,3709.0,3159436006,855757,54,3718.0,3740.0
2024-02-24,3783.0,3783.0,3635.0,3707.0,1589776314,429741,33,3709.0,3636.0
2024-02-26,3636.0,3666.0,3633.0,3697.0,1370027179,376749,25,3707.0,3633.0
2024-02-27,3700.0,3734.0,3625.0,3696.0,1885241183,510331,26,3697.0,3625.0
2024-02-28,3624.0,3730.0,3624.0,3690.0,1503486239,411216,27,3696.0,3696.0
2024-03-02,3700.0,3763.0,3619.0,3696.0,2196502831,591191,47,3690.0,3763.0
2024-03-03,3696.0,3769.0,3696.0,3703.0,949537294,252030,16,3696.0,3769.0
2024-03-04,3777.0,3777.0,3777.0,3737.0,4750408440,1257720,30,3703.0,3777.0
2024-03-05,3811.0,3811.0,3786.0,3787.0,6960688813,1826608,55,3737.0,3786.0
2024-03-06,3862.0,3862.0,3750.0,3786.0,1556628542,412052,27,3787.0,3750.0
2024-03-10,3711.0,3713.0,3711.0,3762.0,3091529368,833000,14,3786.0,3711.0
2024-03-11,3762.0,3834.0,3687.0,3739.0,4079816481,1100758,48,3762.0,3815.0
2024-03-12,3811.0,3811.0,3675.0,3739.0,439622240,117726,20,3739.0,3680.0
2024-03-13,3665.0,3733.0,3665.0,3698.0,5547209771,1512873,39,3739.0,3665.0
2024-03-16,3631.0,3771.0,3631.0,3712.0,3399568524,909057,37,3698.0,3771.0
2024-03-17,3700.0,3786.0,3700.0,3744.0,5402371892,1432122,40,3712.0,3786.0
2024-03-18,3817.0,3818.0,3810.0,3757.0,1842992044,482758,31,3744.0,3818.0
2024-03-24,3832.0,3832.0,3832.0,3769.0,1684991712,439716,33,3757.0,3832.0
2024-03-25,3844.0,3844.0,3844.0,3770.0,179134244,46601,9,3769.0,3844.0
2024-03-26,3845.0,3845.0,3840.0,3791.0,2940507180,764834,37,3770.0,3845.0
2024-03-27,3791.0,3821.0,3791.0,3792.0,380237195,99617,7,3791.0,3820.0
2024-03-30,3860.0,3867.0,3810.0,3798.0,970165715,251406,25,3792.0,3811.0
2024-04-02,3723.0,3800.0,3723.0,3796.0,320779080,85670,11,3798.0,3800.0
2024-04-03,3721.0,3780.0,3721.0,3792.0,774705924,206906,19,3796.0,3750.0
2024-04-06,3860.0,3860.0,3717.0,3761.0,4284570907,1151669,46,3792.0,3750.0
2024-04-07,3836.0,3836.0,3688.0,3759.0,322736146,86950,12,3761.0,3690.0
2024-04-09,3700.0,3700.0,3685.0,3756.0,376093785,101817,5,3759.0,3685.0
2024-04-13,3681.0,3831.0,3681.0,3747.0,1221427264,331229,26,3756.0,3681.0
2024-04-14,3710.0,3710.0,3710.0,3735.0,3259350010,878531,15,3747.0,3710.0
2024-04-15,3700.0,3772.0,3700.0,3738.0,1179546804,313857,29,3735.0,3772.0
2024-04-29,3743.0,3743.0,3653.0,3725.0,532215548,144496,16,3727.0,3653.0
2024-04-30,3705.0,3799.0,3661.0,3721.0,2978622337,802818,37,3725.0,3680.0
2024-05-01,3703.0,3703.0,3653.0,3719.0,474423464,128976,10,3721.0,3657.0
2024-05-05,3645.0,3664.0,3645.0,3712.0,1006576637,275771,18,3719.0,3645.0
2024-05-06,3638.0,3638.0,3638.0,3710.0,215678830,59285,5,3712.0,3638.0
2024-05-07,3700.0,3700.0,3637.0,3705.0,1239235526,338006,10,3710.0,3646.0
2024-05-08,3700.0,3700.0,3682.0,3700.0,2226973466,604592,27,3705.0,3682.0
2024-05-11,3670.0,3670.0,3626.0,3690.0,1730447100,474700,19,3700.0,3626.0
2024-05-12,3617.0,3690.0,3617.0,3677.0,1774884779,490387,24,3690.0,3617.0
2024-05-13,3604.0,3604.0,3604.0,3667.0,1390322288,385772,15,3677.0,3604.0
2024-05-14,3620.0,3620.0,3594.0,3665.0,415416014,114829,12,3667.0,3620.0
2024-05-15,3592.0,3729.0,3592.0,3661.0,811593204,224517,19,3665.0,3596.0
2024-05-18,3623.0,3630.0,3588.0,3660.0,189946152,52652,10,3661.0,3588.0
2024-05-19,3587.0,3620.0,3587.0,3649.0,1653605884,459837,25,3660.0,3587.0
2024-05-21,3577.0,3598.0,3577.0,3641.0,1199074862,334326,21,3649.0,3597.0
2024-05-25,3569.0,3569.0,3569.0,3637.0,596918819,167251,12,3641.0,3569.0
2024-05-26,3565.0,3565.0,3565.0,3626.0,1468148995,411823,14,3637.0,3565.0
2024-05-27,3554.0,3554.0,3554.0,3618.0,1077004160,303040,17,3626.0,3554.0
2024-05-28,3546.0,3557.0,3546.0,3608.0,1433949694,404264,21,3618.0,3546.0
2024-05-29,3536.0,3540.0,3536.0,3585.0,3154636320,892120,26,3608.0,3536.0
2024-06-01,3514.0,3514.0,3514.0,3574.0,1475880000,420000,8,3585.0,3514.0
2024-06-02,3503.0,3504.0,3503.0,3561.0,1758231239,501913,26,3574.0,3503.0
2024-06-05,3490.0,3490.0,3490.0,3549.0,1712361520,490648,22,3561.0,3490.0
2024-06-08,3479.0,3479.0,3479.0,3539.0,1412804505,406095,7,3549.0,3479.0
2024-06-09,3469.0,3469.0,3469.0,3529.0,1354644500,390500,2,3539.0,3469.0
2024-06-10,3459.0,3459.0,3459.0,3501.0,3944117832,1140248,17,3529.0,3459.0
2024-06-11,3432.0,3433.0,3431.0,3489.0,1681400287,489977,27,3501.0,3432.0
2024-06-12,3420.0,3420.0,3420.0,3479.0,1460097180,426929,7,3489.0,3420.0
2024-06-15,3410.0,3410.0,3410.0,3470.0,1331605000,390500,7,3479.0,3410.0
2024-06-16,3401.0,3401.0,3401.0,3460.0,1447125500,425500,5,3470.0,3401.0
2024-06-18,3391.0,3391.0,3391.0,3446.0,2002385500,590500,18,3460.0,3391.0
2024-06-19,3378.0,3380.0,3378.0,3433.0,1801649404,533326,25,3446.0,3380.0
2024-06-22,3365.0,3373.0,3365.0,3411.0,3284843113,975587,23,3433.0,3372.0
2024-06-23,3350.0,3380.0,3343.0,3400.0,2109803055,628127,25,3411.0,3350.0
2024-06-24,3400.0,3400.0,3394.0,3400.0,487037612,143318,16,3400.0,3400.0
2024-06-26,3375.0,3400.0,3375.0,3399.0,321581906,95143,13,3400.0,3400.0
2024-06-29,3466.0,3466.0,3400.0,3422.0,3562983836,1028061,34,3399.0,3466.0
2024-06-30,3490.0,3490.0,3420.0,3439.0,2674114304,766933,26,3422.0,3422.0
2024-07-01,3450.0,3450.0,3371.0,3435.0,685834650,202653,15,3439.0,3371.0
2024-07-02,3367.0,3429.0,3367.0,3429.0,1091126951,323109,21,3435.0,3428.0
2024-07-03,3424.0,3497.0,3370.0,3437.0,11994808440,3489508,55,3429.0,3497.0
2024-07-06,3505.0,3505.0,3505.0,3443.0,876099285,249957,10,3437.0,3505.0
2024-07-07,3511.0,3511.0,3511.0,3444.0,209726074,59734,9,3443.0,3511.0
2024-07-08,3512.0,3512.0,3512.0,3445.0,209395976,59623,7,3444.0,3512.0
2024-07-09,3513.0,3513.0,3513.0,3494.0,7411463925,2109725,40,3445.0,3513.0
2024-07-10,3563.0,3563.0,3560.0,3563.0,10573054566,2967519,59,3494.0,3563.0
2024-07-13,3542.0,3630.0,3529.0,3564.0,343777095,95902,9,3563.0,3630.0
2024-07-14,3540.0,3562.0,3540.0,3564.0,39950410,11250,4,3564.0,3562.0
2024-07-17,3635.0,3635.0,3540.0,3565.0,725411600,202436,11,3564.0,3600.0
2024-07-20,3500.0,3636.0,3500.0,3561.0,3274699750,922034,22,3565.0,3636.0
2024-07-21,3632.0,3632.0,3632.0,3563.0,342915280,94415,7,3561.0,3632.0
2024-07-22,3634.0,3634.0,3634.0,3565.0,229734212,63218,8,3563.0,3634.0
2024-07-23,3636.0,3636.0,3636.0,3565.0,62939160,17310,6,3565.0,3636.0
2024-07-24,3636.0,3636.0,3636.0,3569.0,540989532,148787,12,3565.0,3636.0
2024-07-27,3640.0,3640.0,3640.0,3583.0,1969516640,541076,16,3569.0,3640.0
2024-07-29,3654.0,3654.0,3654.0,3600.0,2424637278,663557,22,3583.0,3654.0
2024-07-30,3672.0,3672.0,3672.0,3619.0,2763550872,752601,21,3600.0,3672.0
2024-08-05,3583.0,3583.0,3583.0,3584.0,9725938844,2714468,47,3619.0,3583.0
2024-08-06,3549.0,3619.0,3549.0,3580.0,3770520413,1054960,35,3584.0,3549.0
2024-08-10,3545.0,3545.0,3545.0,3571.0,2446050000,690000,20,3580.0,3545.0
2024-08-11,3536.0,3536.0,3536.0,3571.0,70720000,20000,1,3571.0,3536.0
2024-08-12,3536.0,3536.0,3536.0,3565.0,1609155808,455078,7,3571.0,3536.0
2024-08-13,3530.0,3530.0,3530.0,3559.0,1693341000,479700,9,3565.0,3530.0
2024-08-14,3524.0,3524.0,3524.0,3547.0,3437077016,975334,20,3559.0,3524.0
2024-08-17,3478.0,3547.0,3477.0,3518.0,4810057971,1378792,37,3547.0,3477.0
2024-08-18,3460.0,3460.0,3448.0,3494.0,3544939000,1027195,40,3518.0,3448.0
2024-08-19,3425.0,3425.0,3425.0,3480.0,1953695350,570422,18,3494.0,3425.0
2024-08-20,3411.0,3411.0,3411.0,3469.0,1540288215,451565,8,3480.0,3411.0
2024-08-24,3400.0,3400.0,3400.0,3469.0,51499800,15147,1,3469.0,3400.0
2024-08-31,3400.0,3410.0,3400.0,3462.0,1054150000,310000,15,3469.0,3400.0
2024-09-01,3393.0,3393.0,3393.0,3449.0,1878626061,553677,22,3462.0,3393.0
2024-09-03,3381.0,3381.0,3381.0,3448.0,200658969,59349,3,3449.0,3381.0
2024-09-07,3380.0,3380.0,3380.0,3442.0,864827080,255866,8,3448.0,3380.0
2024-09-08,3374.0,3381.0,3374.0,3427.0,2164886416,641631,23,3442.0,3374.0
2024-09-09,3359.0,3359.0,3359.0,3409.0,2638541526,785514,13,3427.0,3359.0
2024-09-10,3341.0,3341.0,3341.0,3408.0,99638643,29823,2,3409.0,3341.0
2024-09-11,3340.0,3340.0,3340.0,3407.0,100534000,30100,2,3408.0,3340.0
2024-09-14,3339.0,3339.0,3339.0,3407.0,60102000,18000,2,3407.0,3339.0
2024-09-16,3339.0,3345.0,3339.0,3370.0,5355138254,1603686,37,3407.0,3345.0
2024-09-17,3304.0,3437.0,3303.0,3372.0,3094227049,916094,44,3370.0,3333.0
2024-09-18,3305.0,3439.0,3305.0,3408.0,6205820144,1808635,50,3372.0,3439.0
2024-09-22,3476.0,3476.0,3476.0,3433.0,3716685192,1069242,18,3408.0,3476.0
2024-09-23,3501.0,3501.0,3501.0,3462.0,4447449837,1270337,40,3433.0,3501.0
2024-09-24,3531.0,3531.0,3501.0,3527.0,11339041067,3214827,67,3462.0,3531.0
2024-09-25,3597.0,3597.0,3470.0,3531.0,1170710879,328743,25,3527.0,3557.0
2024-09-28,3496.0,3566.0,3496.0,3530.0,1135805098,322278,20,3531.0,3496.0
2024-09-29,3495.0,3565.0,3495.0,3535.0,2152909575,605990,15,3530.0,3501.0
2024-09-30,3500.0,3515.0,3500.0,3527.0,2252307000,643429,26,3535.0,3500.0
2024-10-01,3500.0,3526.0,3492.0,3522.0,1666856703,476995,12,3527.0,3492.0
2024-10-02,3557.0,3557.0,3487.0,3516.0,2355520465,673450,13,3522.0,3550.0
2024-10-05,3481.0,3481.0,3481.0,3512.0,1216139565,349365,9,3516.0,3481.0
2024-10-06,3477.0,3477.0,3477.0,3507.0,1382709021,397673,12,3512.0,3477.0
2024-10-07,3472.0,3500.0,3472.0,3503.0,5242493960,1498352,14,3507.0,3500.0
2024-10-08,3470.0,3538.0,3470.0,3504.0,248944102,70567,13,3503.0,3520.0
2024-10-09,3539.0,3539.0,3491.0,3504.0,1787874025,510200,15,3504.0,3491.0
2024-10-12,3452.0,3574.0,3452.0,3515.0,2666130359,751722,44,3504.0,3574.0
2024-10-13,3461.0,3585.0,3461.0,3520.0,1356221602,381996,20,3515.0,3585.0
2024-10-14,3456.0,3585.0,3456.0,3519.0,193137613,55745,8,3520.0,3461.0
2024-10-15,3449.0,3450.0,3449.0,3497.0,3119124916,904283,36,3519.0,3450.0
2024-10-16,3429.0,3500.0,3428.0,3486.0,1738483798,506081,16,3497.0,3428.0
2024-10-19,3428.0,3428.0,3417.0,3471.0,2094860812,613019,28,3486.0,3417.0
2024-10-20,3402.0,3402.0,3402.0,3469.0,280695618,82509,2,3471.0,3402.0
2024-10-21,3400.0,3538.0,3400.0,3450.0,2830880914,831784,20,3469.0,3538.0
2024-10-22,3381.0,3445.0,3381.0,3444.0,2296610019,670757,23,3450.0,3381.0
2024-10-23,3376.0,3377.0,3376.0,3441.0,421741364,124919,8,3444.0,3376.0
2024-10-26,3509.0,3509.0,3376.0,3456.0,2482523314,708396,44,3441.0,3509.0
2024-10-27,3401.0,3525.0,3401.0,3464.0,1384890487,394288,29,3456.0,3525.0
2024-10-28,3403.0,3500.0,3403.0,3466.0,722861720,207139,9,3464.0,3490.0
2024-10-29,3397.0,3410.0,3397.0,3455.0,1587811309,467200,17,3466.0,3410.0
2024-10-30,3386.0,3495.0,3386.0,3452.0,991813564,289957,11,3455.0,3400.0
2024-11-02,3441.0,3441.0,3383.0,3444.0,1407584329,414563,18,3452.0,3383.0
2024-11-03,3383.0,3383.0,3376.0,3428.0,2363172768,699518,14,3444.0,3376.0
2024-11-04,3360.0,3365.0,3360.0,3422.0,936015890,278523,10,3428.0,3360.0
2024-11-05,3354.0,3354.0,3354.0,3421.0,163473960,48740,7,3422.0,3354.0
2024-11-06,3354.0,3360.0,3354.0,3407.0,2117001838,631097,14,3421.0,3360.0
2024-11-10,3355.0,3475.0,3355.0,3410.0,437796195,126009,10,3407.0,3475.0
2024-11-11,3478.0,3478.0,3354.0,3438.0,4403187961,1266931,40,3410.0,3478.0
2024-11-12,3506.0,3506.0,3410.0,3444.0,1850068920,532877,22,3438.0,3506.0
2024-11-13,3450.0,3512.0,3400.0,3464.0,5488016686,1576384,44,3444.0,3512.0
2024-11-16,3533.0,3533.0,3533.0,3480.0,2418126520,684440,19,3464.0,3533.0
2024-11-17,3423.0,3460.0,3411.0,3463.0,3399091600,990524,40,3480.0,3460.0
2024-11-18,3411.0,3532.0,3411.0,3474.0,1969456050,559339,33,3463.0,3532.0
2024-11-19,3543.0,3543.0,3441.0,3489.0,2156142700,608600,22,3474.0,3442.0
2024-11-20,3421.0,3554.0,3421.0,3488.0,243136708,70474,4,3489.0,3554.0
2024-11-23,3425.0,3557.0,3425.0,3502.0,2468141954,695780,42,3488.0,3557.0
2024-11-24,3572.0,3572.0,3504.0,3531.0,5844286313,1644716,58,3502.0,3505.0
2024-11-25,3462.0,3601.0,3462.0,3574.0,7472073703,2081538,79,3531.0,3601.0
2024-11-26,3645.0,3645.0,3560.0,3596.0,4571336905,1261658,49,3574.0,3560.0
2024-11-27,3666.0,3667.0,3640.0,3620.0,3535134583,964215,41,3596.0,3667.0
2024-11-30,3692.0,3692.0,3600.0,3644.0,5309160156,1448491,47,3620.0,3616.0
2024-12-01,3605.0,3716.0,3605.0,3661.0,2583433472,695941,43,3644.0,3716.0
2024-12-02,3701.0,3734.0,3700.0,3688.0,4526465276,1216399,48,3661.0,3734.0
2024-12-03,3662.0,3761.0,3662.0,3695.0,1465163414,392017,29,3688.0,3761.0
2024-12-04,3768.0,3768.0,3768.0,3705.0,1380418104,366353,28,3695.0,3768.0
2024-12-07,3779.0,3779.0,3778.0,3749.0,6120837579,1619701,54,3705.0,3779.0
2024-12-08,3750.0,3823.0,3750.0,3759.0,1543154306,404169,25,3749.0,3823.0
2024-12-09,3834.0,3834.0,3834.0,3776.0,2337194898,609597,35,3759.0,3834.0
2024-12-10,3851.0,3851.0,3851.0,3793.0,2307276587,599137,36,3776.0,3851.0
2024-12-11,3868.0,3868.0,3868.0,3794.0,193291696,49972,10,3793.0,3868.0
2024-12-14,3869.0,3869.0,3869.0,3799.0,683265400,176600,15,3794.0,3869.0
2024-12-15,3874.0,3874.0,3874.0,3807.0,1132641380,292370,17,3799.0,3874.0
2024-12-16,3883.0,3883.0,3883.0,3816.0,1151860886,296642,20,3807.0,3883.0
2024-12-17,3892.0,3892.0,3892.0,3831.0,1970235484,506227,22,3816.0,3892.0
2024-12-18,3907.0,3907.0,3907.0,3846.0,2057055035,526505,32,3831.0,3907.0
2024-12-21,3922.0,3922.0,3922.0,3852.0,815913270,208035,17,3846.0,3922.0
2024-12-22,3929.0,3929.0,3929.0,3859.0,905418405,230445,15,3852.0,3929.0
2024-12-23,3936.0,3936.0,3936.0,3864.0,598567200,152075,16,3859.0,3936.0
2024-12-24,3941.0,3941.0,3941.0,3892.0,3709777589,941329,36,3864.0,3941.0
2024-12-25,3969.0,3969.0,3969.0,3913.0,2762225550,695950,27,3892.0,3969.0
2024-12-28,3991.0,3991.0,3991.0,3951.0,4910450571,1230381,30,3913.0,3991.0
2024-12-29,4030.0,4030.0,3951.0,4029.0,11924944850,2959531,83,3951.0,4030.0
2024-12-30,4090.0,4090.0,3949.0,3977.0,7509470126,1896759,72,4029.0,3949.0
2024-12-31,3922.0,3922.0,3898.0,3922.0,7006998978,1796978,58,3977.0,3898.0
2025-01-01,3844.0,4000.0,3844.0,3907.0,3254120694,839234,68,3922.0,3900.0
2025-01-04,3830.0,3985.0,3830.0,3936.0,3822478595,959302,53,3907.0,3985.0
2025-01-05,4014.0,4014.0,4014.0,3953.0,2258300484,562606,35,3936.0,4014.0
2025-01-06,4032.0,4032.0,4000.0,4003.0,7109161696,1766284,40,3953.0,4032.0
2025-01-07,4083.0,4083.0,4083.0,4012.0,1115863485,273295,18,4003.0,4083.0
2025-01-08,4092.0,4092.0,4092.0,4048.0,4745872956,1159793,59,4012.0,4092.0
2025-01-11,4128.0,4128.0,4128.0,4128.0,11816028480,2862410,66,4048.0,4128.0
2025-01-12,4047.0,4210.0,4047.0,4176.0,6401897733,1522405,44,4128.0,4210.0
2025-01-13,4259.0,4259.0,4259.0,4195.0,2386385844,560316,27,4176.0,4259.0
2025-01-15,4278.0,4278.0,4278.0,4198.0,347129754,81143,10,4195.0,4278.0
2025-01-18,4281.0,4281.0,4281.0,4230.0,3946765206,921926,26,4198.0,4281.0
2025-01-19,4314.0,4314.0,4314.0,4271.0,4955530626,1148709,41,4230.0,4314.0
2025-01-20,4356.0,4356.0,4350.0,4356.0,13671523014,3138573,120,4271.0,4356.0
2025-01-21,4443.0,4443.0,4269.0,4338.0,13261096066,3057136,136,4356.0,4270.0
2025-01-22,4269.0,4400.0,4252.0,4269.0,12162193515,2848772,111,4338.0,4252.0
2025-01-25,4227.0,4227.0,4227.0,4269.0,50724000,12000,1,4269.0,4227.0
2025-01-26,4227.0,4227.0,4227.0,4255.0,1627817700,385100,12,4269.0,4227.0
2025-01-27,4213.0,4213.0,4213.0,4252.0,307018162,72874,6,4255.0,4213.0
2025-02-02,4210.0,4210.0,4210.0,4248.0,452882330,107573,5,4252.0,4210.0
2025-02-03,4206.0,4206.0,4206.0,4223.0,2994672000,712000,16,4248.0,4206.0
2025-02-04,4181.0,4181.0,4181.0,4184.0,4540566000,1086000,14,4223.0,4181.0
2025-02-05,4143.0,4160.0,4143.0,4143.0,15899644113,3837564,89,4184.0,4143.0
2025-02-09,4102.0,4102.0,4102.0,4139.0,493876698,120399,6,4143.0,4102.0
2025-02-11,4098.0,4098.0,4098.0,4138.0,179344872,43764,2,4139.0,4098.0
2025-02-15,4097.0,4097.0,4097.0,4138.0,50393100,12300,1,4138.0,4097.0
2025-02-16,4097.0,4097.0,4097.0,4135.0,307459365,75045,2,4138.0,4097.0
2025-02-17,4094.0,4094.0,4094.0,4129.0,746078278,182237,5,4135.0,4094.0
2025-02-18,4088.0,4088.0,4088.0,4116.0,1620892000,396500,6,4129.0,4088.0
2025-02-19,4075.0,4075.0,4075.0,4115.0,135493750,33250,2,4116.0,4075.0
2025-02-22,4074.0,4074.0,4074.0,4113.0,211848000,52000,3,4115.0,4074.0
2025-02-23,4072.0,4072.0,4072.0,4112.0,172245600,42300,3,4113.0,4072.0
2025-02-24,4071.0,4071.0,4071.0,4071.0,5972788005,1467155,17,4112.0,4071.0
2025-02-25,4031.0,4031.0,4031.0,4055.0,1969143500,488500,7,4071.0,4031.0
2025-02-26,4015.0,4015.0,4015.0,4034.0,2512012855,625657,7,4055.0,4015.0
2025-03-01,3994.0,3994.0,3994.0,4032.0,191712000,48000,2,4034.0,3994.0
2025-03-02,3992.0,3992.0,3992.0,3998.0,4223460152,1057981,14,4032.0,3992.0
2025-03-03,3959.0,3959.0,3959.0,3993.0,604380940,152660,4,3998.0,3959.0
2025-03-04,3954.0,3954.0,3954.0,3987.0,790800000,200000,1,3993.0,3954.0
2025-03-05,3948.0,3948.0,3948.0,3952.0,4441500000,1125000,12,3987.0,3948.0
2025-03-08,3913.0,3913.0,3913.0,3919.0,4143029618,1058786,14,3952.0,3913.0
2025-03-09,3880.0,3880.0,3880.0,3881.0,4811200000,1240000,34,3919.0,3880.0
2025-03-10,3843.0,3843.0,3843.0,3879.0,291791304,75928,3,3881.0,3843.0
2025-03-12,3841.0,3841.0,3841.0,3878.0,172268850,44850,2,3879.0,3841.0
2025-03-15,3840.0,3900.0,3840.0,3841.0,16378366524,4263956,134,3878.0,3840.0
2025-03-18,3803.0,3803.0,3803.0,3839.0,221969701,58367,6,3841.0,3803.0
2025-03-25,3877.0,3877.0,3801.0,3827.0,2785942905,729640,40,3839.0,3801.0
2025-03-26,3789.0,3789.0,3789.0,3820.0,946871100,249900,22,3827.0,3789.0
2025-03-29,3782.0,3800.0,3782.0,3811.0,1335665004,352668,26,3820.0,3800.0
2025-03-30,3773.0,3773.0,3773.0,3807.0,487396140,129180,10,3811.0,3773.0
2025-04-05,3845.0,3845.0,3769.0,3802.0,1936093928,510312,31,3807.0,3769.0
2025-04-06,3764.0,3764.0,3764.0,3794.0,1010268892,268403,9,3802.0,3764.0
2025-04-07,3757.0,3757.0,3757.0,3791.0,435481384,115912,4,3794.0,3757.0
2025-04-14,3828.0,3828.0,3828.0,3796.0,704256300,183975,13,3791.0,3828.0
2025-04-15,3833.0,3833.0,3800.0,3833.0,10091274429,2632989,95,3796.0,3833.0
2025-04-26,3823.0,3823.0,3823.0,3797.0,1459323206,381722,8,3786.0,3823.0
2025-04-27,3834.0,3834.0,3760.0,3827.0,4476471494,1168583,54,3797.0,3834.0
2025-04-28,3865.0,3865.0,3789.0,3854.0,3904937927,1011144,43,3827.0,3865.0
2025-04-29,3892.0,3892.0,3892.0,3861.0,896432684,230327,17,3854.0,3892.0
2025-04-30,3899.0,3899.0,3899.0,3874.0,1825324648,468152,27,3861.0,3899.0
2025-05-03,3838.0,3912.0,3836.0,3873.0,3716828446,959786,43,3874.0,3912.0
2025-05-04,3911.0,3911.0,3911.0,3882.0,1227072339,313749,28,3873.0,3911.0
2025-05-05,3920.0,3920.0,3920.0,3897.0,2059540560,525393,15,3882.0,3920.0
2025-05-06,3935.0,3935.0,3935.0,3923.0,3458282620,878852,40,3897.0,3935.0
2025-05-10,3962.0,3962.0,3884.0,3919.0,2258757510,577021,21,3923.0,3884.0
2025-05-11,3881.0,3890.0,3880.0,3893.0,3419388421,881122,25,3919.0,3880.0
2025-05-12,3931.0,3931.0,3855.0,3882.0,9219800478,2374939,60,3893.0,3855.0
2025-05-13,3855.0,3920.0,3855.0,3874.0,3945959219,1019156,43,3882.0,3870.0
2025-05-14,3912.0,3912.0,3864.0,3902.0,4416011357,1130744,78,3874.0,3864.0
2025-05-17,3900.0,3941.0,3900.0,3931.0,4067514950,1032895,30,3902.0,3941.0
2025-05-18,3953.0,3970.0,3941.0,3949.0,3389756487,856563,46,3931.0,3945.0
2025-05-19,3988.0,3988.0,3910.0,3927.0,3095783126,791051,39,3949.0,3920.0
2025-05-20,3888.0,3924.0,3888.0,3920.0,944430576,242727,22,3927.0,3888.0
2025-05-21,3881.0,3900.0,3881.0,3911.0,1144824584,294954,18,3920.0,3900.0
2025-05-24,3910.0,3950.0,3910.0,3926.0,2310533275,585824,21,3911.0,3950.0
2025-05-25,3887.0,3965.0,3887.0,3913.0,7790843661,1991141,32,3926.0,3887.0
2025-05-26,3887.0,3888.0,3874.0,3907.0,805584106,207688,17,3913.0,3875.0
2025-05-27,3874.0,3874.0,3868.0,3870.0,5809844996,1501254,36,3907.0,3869.0
2025-05-28,3908.0,3908.0,3871.0,3876.0,837747446,214381,21,3870.0,3908.0
2025-05-31,3868.0,3868.0,3838.0,3872.0,639197614,166258,15,3876.0,3838.0
2025-06-01,3910.0,3910.0,3835.0,3869.0,1158487867,300263,21,3872.0,3840.0
2025-06-02,3850.0,3850.0,3831.0,3861.0,1099799924,286924,21,3869.0,3831.0
2025-06-03,3831.0,3859.0,3831.0,3860.0,288545707,75209,10,3861.0,3831.0
2025-06-07,3822.0,3822.0,3822.0,3858.0,246075648,64384,6,3860.0,3822.0
2025-06-08,3820.0,3896.0,3820.0,3853.0,1066711901,278277,24,3858.0,3820.0
2025-06-09,3891.0,3891.0,3854.0,3861.0,1151704772,296131,11,3853.0,3891.0
2025-06-10,3823.0,3835.0,3823.0,3860.0,114930000,30000,2,3861.0,3835.0
2025-06-11,3822.0,3825.0,3822.0,3851.0,1203712724,314876,24,3860.0,3825.0
2025-06-29,3813.0,3813.0,3813.0,3850.0,76260000,20000,1,3851.0,3813.0
2025-06-30,3812.0,3812.0,3812.0,3848.0,242065812,63501,3,3850.0,3812.0
2025-07-01,3810.0,3810.0,3810.0,3848.0,50292000,13200,1,3848.0,3810.0
2025-07-02,3810.0,3812.0,3810.0,3810.0,5632274420,1478282,33,3848.0,3810.0
2025-07-07,3847.0,3847.0,3810.0,3810.0,241499679,63257,5,3810.0,3810.0
2025-07-09,3772.0,3772.0,3772.0,3810.0,50922000,13500,2,3810.0,3772.0
2025-07-12,3840.0,3840.0,3840.0,3810.0,57600000,15000,1,3810.0,3840.0
2025-07-13,3772.0,3772.0,3772.0,3809.0,99671328,26424,1,3810.0,3772.0
2025-07-14,3771.0,3771.0,3771.0,3803.0,772583625,204875,10,3809.0,3771.0
2025-07-16,3765.0,3765.0,3765.0,3796.0,891898380,236892,15,3803.0,3765.0
2025-07-19,3759.0,3759.0,3759.0,3796.0,52956792,14088,1,3796.0,3759.0
2025-07-20,3759.0,3759.0,3759.0,3796.0,56385000,15000,4,3796.0,3759.0
2025-07-22,3721.0,3721.0,3721.0,3768.0,1800577016,483896,27,3796.0,3721.0
2025-07-23,3731.0,3731.0,3731.0,3764.0,477429953,127963,8,3768.0,3731.0
2025-07-28,3727.0,3727.0,3727.0,3763.0,99637618,26734,8,3764.0,3727.0
2025-07-30,3688.0,3688.0,3688.0,3761.0,103219744,27988,1,3763.0,3688.0
2025-08-04,3724.0,3724.0,3724.0,3760.0,99710100,26775,1,3761.0,3724.0
2025-08-05,3724.0,3724.0,3723.0,3744.0,2140789107,575000,23,3760.0,3723.0
2025-08-06,3707.0,3708.0,3707.0,3733.0,1489400191,401741,31,3744.0,3707.0
2025-08-09,3696.0,3770.0,3696.0,3728.0,1589077096,427608,27,3733.0,3767.0
2025-08-10,3765.0,3765.0,3691.0,3738.0,1586290323,421753,15,3728.0,3691.0
2025-08-13,3701.0,3701.0,3701.0,3738.0,743901,201,1,3738.0,3701.0
2025-08-16,3701.0,3775.0,3701.0,3739.0,265021735,70655,6,3738.0,3775.0
2025-08-17,3702.0,3776.0,3702.0,3736.0,2909670298,779309,25,3739.0,3702.0
2025-08-18,3699.0,3699.0,3699.0,3728.0,1115773758,301642,41,3736.0,3699.0
2025-08-23,3764.0,3764.0,3764.0,3728.0,54785020,14555,1,3728.0,3764.0
2025-09-02,3654.0,3700.0,3654.0,3655.0,1889423225,516991,22,3728.0,3654.0
2025-09-03,3691.0,3691.0,3619.0,3662.0,2002021151,545227,16,3655.0,3619.0
2025-09-08,3626.0,3640.0,3626.0,3661.0,225372000,62000,4,3662.0,3640.0
2025-09-09,3626.0,3626.0,3625.0,3656.0,734610250,202602,7,3661.0,3625.0
2025-09-14,3620.0,3620.0,3620.0,3655.0,172036880,47524,2,3656.0,3620.0
2025-09-15,3619.0,3619.0,3619.0,3645.0,1331643621,367959,3,3655.0,3619.0
2025-09-16,3679.0,3679.0,3609.0,3640.0,1003274651,277139,16,3645.0,3609.0
2025-09-21,3604.0,3604.0,3604.0,3610.0,4108560000,1140000,10,3640.0,3604.0
2025-09-22,3574.0,3574.0,3574.0,3589.0,2829710926,791749,18,3610.0,3574.0
2025-09-23,3554.0,3554.0,3554.0,3577.0,1649443386,464109,8,3589.0,3554.0
2025-09-27,3600.0,3600.0,3542.0,3576.0,381455644,107031,20,3577.0,3542.0
2025-09-28,3604.0,3611.0,3541.0,3584.0,2520657817,701712,25,3576.0,3542.0
