date,open,high,low,adjClose,value,volume,count,yesterday,close
2019-03-27,5000.0,5000.0,5000.0,5000.0,5388105000,1077621,79,3531.0,5000.0
2019-03-30,5554.0,5800.0,5554.0,5596.0,6750249554,1206233,176,5000.0,5800.0
2019-04-06,5840.0,5840.0,5300.0,5599.0,2247766800,401430,54,5596.0,5300.0
2019-04-08,5099.0,5099.0,4811.0,4873.0,3081367954,632342,52,5599.0,4811.0
2019-04-10,5012.0,5012.0,5000.0,5010.0,8869924604,1770394,225,4873.0,5000.0
2019-04-13,5000.0,5000.0,4502.0,4755.0,5096855860,1071953,97,5010.0,4502.0
2019-04-15,4994.0,4994.0,4940.0,4991.0,5271407176,1056191,121,4755.0,4940.0
2019-04-17,4968.0,4968.0,4879.0,4945.0,568361856,114942,10,4991.0,4879.0
2019-04-20,4930.0,5040.0,4930.0,4942.0,15714406330,3179581,266,4945.0,5040.0
2019-04-22,5300.0,5600.0,5300.0,5325.0,16654414100,3127306,264,4942.0,5600.0
2019-04-24,5776.0,5845.0,5776.0,5799.0,5476911064,944449,140,5325.0,5845.0
2019-04-27,6000.0,6371.0,6000.0,6311.0,5689596897,901563,112,5799.0,6371.0
2019-04-29,6970.0,6970.0,6970.0,6970.0,11920435530,1710249,305,6311.0,6970.0
2019-05-01,6940.0,6940.0,6650.0,6888.0,2113962220,306923,64,6970.0,6650.0
2019-05-04,6390.0,6450.0,6390.0,6399.0,10565799270,1651083,207,6888.0,6450.0
2019-05-06,6700.0,6700.0,6400.0,6597.0,3874727400,587310,78,6399.0,6400.0
2019-05-08,6366.0,6366.0,6297.0,6352.0,1615862364,254369,58,6597.0,6297.0
2019-05-11,6350.0,6350.0,6000.0,6302.0,3401099300,539718,114,6352.0,6000.0
2019-05-13,6150.0,6150.0,5650.0,5998.0,1496054600,249434,53,6302.0,5650.0
2019-05-15,5996.0,6020.0,5996.0,5999.0,5767842712,961394,152,5998.0,6020.0
2019-05-18,6020.0,6100.0,6020.0,6048.0,903640040,149402,25,5999.0,6100.0
2019-05-20,6230.0,6230.0,5950.0,6088.0,378208810,62127,15,6048.0,5950.0
2019-05-22,5890.0,5890.0,5890.0,5890.0,3631238010,616509,101,6088.0,5890.0
2019-05-25,6200.0,6200.0,5990.0,6027.0,938828350,155765,16,5890.0,5990.0
2019-05-29,6000.0,6000.0,5980.0,5999.0,3015968620,502736,90,6027.0,5980.0
2019-06-01,5999.0,5999.0,5950.0,5981.0,941835426,157484,23,5999.0,5950.0
2019-06-03,5490.0,5490.0,5490.0,5490.0,8284926060,1509094,203,5981.0,5490.0
2019-06-08,5700.0,5700.0,5599.0,5694.0,7208860823,1266064,123,5490.0,5599.0
2019-06-10,6000.0,6000.0,6000.0,6000.0,7853052000,1308842,97,5694.0,6000.0
2019-06-12,6500.0,6500.0,6500.0,6500.0,7956975000,1224150,196,6000.0,6500.0
2019-06-15,6400.0,6400.0,6380.0,6398.0,2080142400,325128,67,6500.0,6380.0
2019-06-17,6800.0,6800.0,6028.0,6643.0,639267360,96226,23,6398.0,6028.0
2019-06-19,6750.0,6750.0,6600.0,6663.0,875969250,131463,23,6643.0,6600.0
2019-06-22,6688.0,6688.0,6590.0,6672.0,157798800,23650,7,6663.0,6590.0
2019-06-24,6399.0,6690.0,6399.0,6413.0,13706875434,2137325,214,6672.0,6690.0
2019-06-26,6750.0,7700.0,6750.0,7346.0,4527119650,616304,95,6413.0,7700.0
2019-07-01,7850.0,7850.0,7850.0,7850.0,7590910750,966995,169,7346.0,7850.0
2019-07-03,8500.0,8500.0,8499.0,8500.0,12860267444,1512981,282,7850.0,8499.0
2019-07-06,9000.0,9000.0,8800.0,8924.0,4815890400,539628,80,8500.0,8800.0
2019-07-08,8156.0,8156.0,8003.0,8143.0,8120385872,997249,182,8924.0,8003.0
2019-07-10,8300.0,8300.0,8000.0,8268.0,1044034400,126268,34,8143.0,8000.0
2019-07-13,8099.0,8099.0,7800.0,7890.0,320473634,40620,19,8268.0,7800.0
2019-07-20,6000.0,6850.0,6000.0,6497.0,876843250,134951,47,7890.0,6850.0
2019-08-03,7000.0,7000.0,6950.0,6979.0,3965552850,568236,55,6497.0,6950.0
2019-08-05,6949.0,6949.0,6601.0,6788.0,602389315,88747,38,6979.0,6601.0
2019-08-07,6473.0,6667.0,6473.0,6502.0,3350175411,515287,116,6788.0,6667.0
2019-08-10,6600.0,6900.0,6600.0,6647.0,1977066300,297447,65,6502.0,6900.0
2019-08-14,6800.0,7000.0,6800.0,6847.0,6990054800,1020873,79,6647.0,7000.0
2019-08-17,7400.0,7550.0,7400.0,7428.0,7128716250,959718,189,6847.0,7550.0
2019-08-19,7750.0,7950.0,7750.0,7778.0,5451122900,700794,168,7428.0,7950.0
2019-08-21,8000.0,8200.0,8000.0,8029.0,15357093000,1912766,218,7778.0,8200.0
2019-08-24,8401.0,8900.0,8401.0,8576.0,5935947581,692128,144,8029.0,8900.0
2019-08-26,8601.0,9000.0,8601.0,8842.0,4563469593,516087,77,8576.0,9000.0
2019-08-28,8000.0,8006.0,8000.0,8000.0,8889633310,1111160,133,8842.0,8006.0
2019-08-31,8400.0,8400.0,7735.0,8265.0,3220231210,389625,68,8000.0,7735.0
2019-09-02,8509.0,8509.0,8018.0,8320.0,2427805032,291821,52,8265.0,8018.0
2019-09-04,8565.0,8565.0,8520.0,8560.0,4076809110,476265,49,8320.0,8520.0
2019-09-16,8110.0,8110.0,8110.0,8110.0,1477706880,182208,20,8560.0,8110.0
2019-09-17,8353.0,8353.0,8111.0,8253.0,4893817736,592982,145,8110.0,8170.0
2019-09-18,8300.0,8300.0,7867.0,7869.0,3581466528,455147,55,8253.0,7867.0
2019-09-21,7867.0,8200.0,7867.0,7940.0,1693625491,213304,67,7869.0,7867.0
2019-09-22,7867.0,7869.0,7867.0,7867.0,2219501910,282124,79,7940.0,7867.0
2019-09-23,8140.0,8353.0,7867.0,8138.0,4361008879,535895,126,7867.0,8353.0
2019-09-24,8603.0,8603.0,8598.0,8603.0,8669226705,1007735,85,8138.0,8603.0
2019-09-25,8861.0,8861.0,8861.0,8861.0,1127553389,127249,41,8603.0,8861.0
2019-09-28,9126.0,9126.0,9126.0,9126.0,4327421436,474186,77,8861.0,9126.0
2019-09-29,9399.0,9399.0,9399.0,9399.0,6339127353,674447,52,9126.0,9399.0
2019-09-30,9680.0,9680.0,9680.0,9680.0,430905200,44515,21,9399.0,9680.0
2019-10-01,9970.0,9970.0,9390.0,9918.0,17573368955,1771891,202,9680.0,9875.0
2019-10-02,9625.0,10215.0,9625.0,10174.0,6457636355,634721,126,9918.0,10215.0
2019-10-05,10479.0,10479.0,10479.0,10479.0,12172856997,1161643,123,10174.0,10479.0
2019-10-06,10793.0,10793.0,10326.0,10789.0,9043546113,838240,119,10479.0,10793.0
2019-10-07,11112.0,11112.0,11112.0,11112.0,2820292272,253806,28,10789.0,11112.0
2019-10-08,11445.0,11445.0,10779.0,11383.0,14511545432,1274796,147,11112.0,11388.0
2019-10-09,11042.0,11724.0,11042.0,11650.0,6550170307,562255,88,11383.0,11724.0
2019-10-12,11850.0,11999.0,11301.0,11684.0,2791599046,238934,114,11650.0,11301.0
2019-10-13,11334.0,11334.0,11334.0,11334.0,465555384,41076,12,11684.0,11334.0
2019-10-14,10994.0,10994.0,10994.0,10994.0,352049868,32022,5,11334.0,10994.0
2019-10-15,10665.0,10665.0,10665.0,10665.0,538582500,50500,3,10994.0,10665.0
2019-10-26,10132.0,10132.0,10132.0,10132.0,1576985008,155644,68,10665.0,10132.0
2019-10-28,9829.0,10434.0,9829.0,9897.0,15547833710,1571030,235,10132.0,10160.0
2019-10-30,9642.0,10193.0,9642.0,10124.0,4024313820,397496,62,9897.0,10193.0
2019-11-02,10426.0,10427.0,10002.0,10363.0,10582935088,1021263,132,10124.0,10427.0
2019-11-03,10427.0,10673.0,10420.0,10664.0,7675744784,719765,68,10363.0,10673.0
2019-11-04,10983.0,10983.0,10400.0,10972.0,5572093831,507869,114,10664.0,10982.0
2019-11-05,11259.0,11260.0,10661.0,10838.0,6292242849,580572,66,10972.0,10700.0
2019-11-09,11055.0,11163.0,10513.0,10882.0,1886860789,173394,69,10838.0,11000.0
2019-11-10,11207.0,11208.0,10600.0,10897.0,7066932119,648526,109,10882.0,11208.0
2019-11-11,11223.0,11223.0,10730.0,11218.0,6031769519,537679,112,10897.0,11223.0
2019-11-12,11554.0,11554.0,11554.0,11554.0,7675195106,664289,51,11218.0,11554.0
2019-11-13,11900.0,11900.0,11900.0,11900.0,3430389200,288268,41,11554.0,11900.0
2019-11-16,12248.0,12257.0,11922.0,12221.0,5415086277,443081,52,11900.0,12257.0
2019-11-17,11621.0,12832.0,11610.0,12539.0,6866358153,547615,169,12221.0,12832.0
2019-11-18,12832.0,12915.0,12601.0,12833.0,3379613536,263358,152,12539.0,12880.0
2019-11-19,12910.0,13016.0,12449.0,12573.0,9098799791,723663,131,12833.0,12452.0
2019-11-20,12315.0,12950.0,12200.0,12937.0,7133276056,551402,132,12573.0,12950.0
2019-11-23,13000.0,13325.0,12990.0,13278.0,4991282980,375915,113,12937.0,13000.0
2019-11-24,13643.0,13643.0,12880.0,13008.0,6361502382,489039,97,13278.0,12880.0
2019-11-25,13000.0,13398.0,13000.0,13394.0,21062261414,1572513,139,13008.0,13398.0
2019-11-26,13795.0,13795.0,13398.0,13777.0,22585643532,1639399,167,13394.0,13795.0
2019-11-27,14190.0,14190.0,13604.0,14186.0,7369928998,519525,97,13777.0,14190.0
2019-11-30,14611.0,14611.0,14006.0,14526.0,7313382711,503473,134,14186.0,14577.0
2019-12-01,14111.0,14889.0,14091.0,14271.0,5640522426,395234,143,14526.0,14091.0
2019-12-02,13860.0,14500.0,13843.0,13899.0,5406742025,389000,118,14271.0,13843.0
2019-12-03,13513.0,13998.0,13483.0,13518.0,5538758719,409724,132,13899.0,13800.0
2019-12-04,13920.0,13920.0,13510.0,13793.0,4113426208,298220,101,13518.0,13884.0
2019-12-07,14185.0,14185.0,13380.0,13632.0,16486537136,1209428,280,13793.0,13380.0
2019-12-08,13302.0,13998.0,13231.0,13510.0,6272755960,464294,164,13632.0,13700.0
2019-12-09,13220.0,13915.0,13220.0,13913.0,18990192202,1364876,258,13510.0,13915.0
2019-12-10,14315.0,14330.0,14007.0,14327.0,33552552174,2341929,363,13913.0,14330.0
2019-12-11,14756.0,14756.0,14328.0,14750.0,8670687149,587854,191,14327.0,14756.0
2019-12-14,15487.0,15487.0,15487.0,15487.0,1500303125,96875,24,14750.0,15487.0
2019-12-15,15951.0,15951.0,15951.0,15951.0,1070870385,67135,20,15487.0,15951.0
2019-12-16,16429.0,16429.0,16000.0,16421.0,18462323891,1124318,307,15951.0,16429.0
2019-12-17,16913.0,16913.0,16480.0,16909.0,11105140088,656775,264,16421.0,16913.0
2019-12-18,17414.0,17416.0,16402.0,17260.0,31533148076,1826903,350,16909.0,17416.0
2019-12-21,17777.0,17777.0,17260.0,17755.0,7368749824,415013,106,17260.0,17777.0
2019-12-22,18287.0,18287.0,18250.0,18286.0,13778785829,753507,355,17755.0,18287.0
2019-12-23,18830.0,18834.0,17738.0,18239.0,15878485131,870574,399,18286.0,17775.0
2019-12-24,18667.0,18667.0,17692.0,17771.0,21649766955,1218251,335,18239.0,18265.0
2019-12-25,18300.0,18304.0,17793.0,18126.0,7522471304,415000,191,17771.0,18304.0
2019-12-28,18669.0,18669.0,17700.0,18116.0,10485368717,578793,319,18126.0,18605.0
2019-12-29,17816.0,18659.0,17816.0,18413.0,14268796798,774940,320,18116.0,18657.0
2019-12-30,18950.0,18950.0,18413.0,18818.0,8920225813,474036,204,18413.0,18413.0
2019-12-31,18900.0,19382.0,18254.0,18829.0,22685694293,1204801,391,18818.0,19220.0
2020-01-01,19393.0,19393.0,18800.0,19193.0,5395873013,281131,241,18829.0,19000.0
2020-01-04,18618.0,18940.0,18618.0,18622.0,14247090531,765074,157,19193.0,18618.0
2020-01-05,18064.0,19149.0,18064.0,18490.0,13246964384,716447,258,18622.0,18066.0
2020-01-07,17936.0,18880.0,17936.0,18113.0,2368277971,130748,54,18490.0,17936.0
2020-01-08,17751.0,17751.0,17751.0,17751.0,51247137,2887,5,18113.0,17751.0
2020-01-11,18106.0,18106.0,18106.0,18106.0,17639426486,974231,97,17751.0,18106.0
2020-01-12,18649.0,18649.0,18649.0,18649.0,12309570834,660066,113,18106.0,18649.0
2020-01-13,19207.0,19208.0,18649.0,19061.0,6804798975,357006,182,18649.0,19208.0
2020-01-14,20014.0,20014.0,19000.0,19995.0,11218886131,561091,246,19061.0,20014.0
2020-01-15,20200.0,20594.0,19510.0,20562.0,11174942400,543478,156,19995.0,20594.0
2020-01-18,21000.0,21178.0,20365.0,20868.0,17739178634,850078,237,20562.0,20500.0
2020-01-19,20950.0,20999.0,20242.0,20268.0,8878836541,438062,287,20868.0,20259.0
2020-01-20,19700.0,20600.0,19660.0,20259.0,9620107599,474855,176,20268.0,19855.0
2020-01-21,20500.0,20866.0,19652.0,19951.0,18077363914,906110,270,20259.0,19652.0
2020-01-22,19353.0,20549.0,19353.0,20038.0,19723864591,984332,315,19951.0,20549.0
2020-01-25,20639.0,20639.0,19811.0,20568.0,10225427733,497151,254,20038.0,20639.0
2020-01-26,20936.0,21185.0,20100.0,20643.0,20629747223,999364,329,20568.0,21185.0
2020-01-27,21262.0,21262.0,20800.0,21256.0,9373917435,440994,153,20643.0,21262.0
2020-01-28,21893.0,21893.0,21893.0,21893.0,6730477418,307426,104,21256.0,21893.0
2020-02-01,22549.0,22549.0,22549.0,22549.0,8650743458,383642,76,21893.0,22549.0
2020-02-02,23676.0,23676.0,22990.0,23665.0,8889021049,375612,207,22549.0,23676.0
2020-02-03,24360.0,24360.0,22956.0,23457.0,12341872662,526155,250,23665.0,22956.0
2020-02-04,24000.0,24000.0,22754.0,22841.0,22781086753,997394,203,23457.0,23800.0
2020-02-05,22841.0,23526.0,23100.0,23511.0,8548561806,363601,118,22841.0,23526.0
2020-02-08,24216.0,24216.0,22810.0,23604.0,8264508467,350130,214,23511.0,23714.0
2020-02-09,23700.0,23700.0,22896.0,23159.0,5768847159,249093,169,23604.0,23000.0
2020-02-10,22481.0,23159.0,22465.0,22517.0,6748834696,299727,145,23159.0,22984.0
2020-02-12,21845.0,23192.0,21845.0,23136.0,15236040555,658554,213,22517.0,23192.0
2020-02-15,23201.0,23830.0,23201.0,23813.0,7442735455,312547,165,23136.0,23830.0
2020-02-16,24527.0,24527.0,24527.0,24527.0,7901691901,322163,65,23813.0,24527.0
2020-02-17,25262.0,25262.0,23840.0,25052.0,23151092296,924130,210,24527.0,25000.0
2020-02-18,24352.0,25700.0,24302.0,24916.0,9009020329,361577,212,25052.0,24420.0
2020-02-19,24230.0,25663.0,24230.0,25333.0,26049113034,1028261,292,24916.0,25663.0
2020-02-22,24575.0,26092.0,24575.0,26065.0,33836539283,1298152,418,25333.0,26092.0
2020-02-23,26839.0,26846.0,25540.0,26535.0,10671170089,402158,228,26065.0,26680.0
2020-02-24,27330.0,27330.0,26001.0,26825.0,24207057471,902418,374,26535.0,26890.0
2020-02-25,27000.0,27629.0,26021.0,26597.0,23980661717,901623,444,26825.0,26300.0
2020-02-26,26300.0,27394.0,25802.0,26395.0,43718836352,1656309,715,26597.0,27394.0
2020-02-29,27170.0,27170.0,25604.0,25681.0,35559123866,1384633,382,26395.0,26667.0
2020-03-01,26451.0,26451.0,25401.0,26381.0,26751236426,1014030,289,25681.0,26400.0
2020-03-02,26100.0,27000.0,25700.0,26342.0,32438918352,1231431,452,26381.0,26990.0
2020-03-03,26350.0,27100.0,26000.0,26639.0,34234132235,1285113,461,26342.0,26342.0
2020-03-04,27001.0,27438.0,26642.0,27279.0,22448165839,822916,341,26639.0,27438.0
2020-03-07,28097.0,28097.0,26461.0,27374.0,8913864488,324201,218,27279.0,27501.0
2020-03-09,28150.0,28195.0,26556.0,27847.0,18979816180,680679,323,27374.0,28195.0
2020-03-10,28180.0,28682.0,27900.0,28231.0,9971124932,347954,177,27847.0,28682.0
2020-03-11,29077.0,29077.0,29077.0,28525.0,7415507310,255030,93,28231.0,29077.0
2020-03-14,29951.0,29951.0,28500.0,29681.0,19377501248,650910,254,28525.0,29951.0
2020-03-15,30571.0,30571.0,30571.0,29885.0,4920127311,160941,68,29681.0,30571.0
2020-03-16,30781.0,30781.0,30781.0,30153.0,6454806481,209701,39,29885.0,30781.0
2020-03-17,31057.0,31057.0,31057.0,30473.0,7703875192,248056,90,30153.0,31057.0
2020-03-18,31996.0,31996.0,31996.0,30767.0,4324387384,135154,38,30473.0,31996.0
2020-03-24,31690.0,31690.0,31690.0,31020.0,5654446700,178430,90,30767.0,31690.0
2020-03-25,31950.0,31950.0,31026.0,31227.0,5641534756,177534,244,31020.0,31301.0
2020-03-28,30372.0,32150.0,30291.0,31198.0,15250650095,488967,417,31227.0,31260.0
2020-03-29,31000.0,31200.0,30263.0,30432.0,28393384635,933006,613,31198.0,30263.0
2020-03-30,29520.0,30700.0,29520.0,29683.0,29686103607,1000099,248,30432.0,30050.0
2020-04-04,30572.0,30572.0,28800.0,29585.0,11670536838,395407,371,29683.0,29071.0
2020-04-05,28755.0,30335.0,28698.0,29287.0,26932236281,919587,484,29585.0,29950.0
2020-04-06,30165.0,30165.0,29580.0,29779.0,47959262276,1610528,304,29287.0,30165.0
2020-04-07,30672.0,30672.0,30600.0,30185.0,9387154800,306050,184,29779.0,30672.0
2020-04-08,31090.0,31090.0,30676.0,30583.0,9334744384,300356,236,30185.0,31090.0
2020-04-11,31499.0,31500.0,29999.0,31453.0,22254913647,707550,240,30583.0,31500.0
2020-04-12,32396.0,32396.0,31500.0,32391.0,24408826401,753573,165,31453.0,32396.0
2020-04-13,33362.0,33362.0,33362.0,32511.0,2687642720,80560,81,32391.0,33362.0
2020-04-14,33480.0,33480.0,31538.0,32530.0,17887586340,549818,328,32511.0,31700.0
2020-04-15,31555.0,33505.0,31555.0,33005.0,16275843492,490789,222,32530.0,33505.0
2020-04-18,33995.0,33995.0,33968.0,33994.0,23209377437,682755,222,33005.0,33995.0
2020-04-19,35013.0,35013.0,32975.0,34396.0,21519076738,625631,233,33994.0,32975.0
2020-04-20,33400.0,35300.0,33365.0,34370.0,10461711791,304617,223,34396.0,33470.0
2020-04-21,35200.0,35296.0,33700.0,35018.0,67792446413,1935939,253,34370.0,34700.0
2020-04-22,35001.0,36068.0,33968.0,34660.0,78464565421,2263806,509,35018.0,36059.0
2020-04-25,35698.0,35699.0,34660.0,35673.0,28301433716,793365,394,34660.0,35699.0
2020-04-26,36698.0,36698.0,34603.0,35035.0,19445644928,555432,306,35673.0,34603.0
2020-04-27,34603.0,34603.0,33984.0,34889.0,2779436162,81732,95,35035.0,33984.0
2020-04-28,33843.0,35900.0,33843.0,34856.0,34238075820,982272,536,34889.0,34800.0
2020-04-29,35901.0,35901.0,35901.0,35901.0,116357330961,3241061,126,34856.0,35901.0
2020-05-02,36978.0,36978.0,36978.0,36847.0,18096996222,489399,70,35901.0,36978.0
2020-05-03,37952.0,37952.0,37952.0,37952.0,33333621120,878310,48,36847.0,37952.0
2020-05-04,39849.0,39849.0,39849.0,39690.0,20337813828,510372,81,37952.0,39849.0
2020-05-05,40880.0,40880.0,40880.0,40880.0,41244567840,1008918,87,39690.0,40880.0
2020-05-06,42106.0,42106.0,42106.0,41621.0,14182185026,336821,61,40880.0,42106.0
2020-05-09,42869.0,42869.0,42869.0,42523.0,14894919788,347452,41,41621.0,42869.0
2020-05-10,44649.0,44649.0,44649.0,44541.0,20362712238,456062,28,42523.0,44649.0
2020-05-11,45877.0,45877.0,45877.0,45605.0,17557494916,382708,43,44541.0,45877.0
2020-05-12,46973.0,46973.0,44237.0,46819.0,121045394919,2585377,328,45605.0,46973.0
2020-05-13,48223.0,48223.0,46700.0,48193.0,126196640644,2618565,621,46819.0,48223.0
2020-05-16,50581.0,50602.0,50500.0,50596.0,44718037985,883817,350,48193.0,50602.0
2020-05-17,52113.0,52113.0,51000.0,52087.0,57932368424,1112216,325,50596.0,52113.0
2020-05-18,53649.0,53649.0,53649.0,53637.0,22088795472,411728,209,52087.0,53649.0
2020-05-19,55246.0,55246.0,54600.0,55201.0,54891608056,994387,534,53637.0,55246.0
2020-05-20,57961.0,57961.0,57900.0,57568.0,20631771900,355961,238,55201.0,57961.0
2020-05-23,59295.0,59295.0,59295.0,58478.0,10850866410,182998,67,57568.0,59295.0
2020-05-26,60232.0,60232.0,56724.0,59603.0,177189386871,2972833,939,58478.0,60232.0
2020-05-27,59999.0,61391.0,59000.0,61240.0,55643479066,908610,427,59603.0,61391.0
2020-05-30,62962.0,63077.0,62960.0,63063.0,35755456100,566979,277,61240.0,63077.0
2020-05-31,64954.0,64954.0,64594.0,64950.0,36009412309,554415,248,63063.0,64954.0
2020-06-01,66898.0,66898.0,66898.0,66671.0,19303484798,288551,115,64950.0,66898.0
2020-06-02,68671.0,68671.0,68671.0,68414.0,19545277362,284622,63,66671.0,68671.0
2020-06-06,71834.0,71834.0,71800.0,71832.0,40579016337,564916,499,68414.0,71834.0
2020-06-07,73986.0,73986.0,73100.0,73986.0,49225305801,665337,425,71832.0,73986.0
2020-06-08,76205.0,76205.0,74001.0,76180.0,87156910378,1144097,786,73986.0,76199.0
2020-06-09,78465.0,78465.0,76500.0,78462.0,85878248776,1094525,1078,76180.0,78465.0
2020-06-10,80815.0,80815.0,76109.0,80629.0,89428839947,1109143,1351,78462.0,79400.0
2020-06-13,78211.0,78211.0,78211.0,78830.0,14432275830,184530,414,80629.0,78211.0
2020-06-14,76466.0,76466.0,76466.0,77545.0,10306469810,134785,153,78830.0,76466.0
2020-06-15,75219.0,75219.0,75219.0,75471.0,16638141924,221196,152,77545.0,75219.0
2020-06-16,73207.0,76500.0,73207.0,73931.0,393661471647,5324750,3420,75471.0,73419.0
2020-06-20,71714.0,74890.0,71714.0,72119.0,152192590797,2110303,1711,73931.0,71714.0
2020-06-21,69956.0,69956.0,69956.0,70040.0,18189119648,260008,247,72119.0,69956.0
2020-06-22,67939.0,67939.0,67939.0,67939.0,29015591937,427083,395,70040.0,67939.0
2020-06-23,64543.0,71335.0,64543.0,69041.0,364247991629,5275835,2626,67939.0,71335.0
2020-06-24,71112.0,71112.0,70000.0,71104.0,74359241046,1045780,928,69041.0,71112.0
2020-06-27,73199.0,73199.0,68971.0,70555.0,81835887087,1159882,868,71104.0,68971.0
2020-06-28,68439.0,68439.0,68439.0,69550.0,9140712840,133560,197,70555.0,68439.0
2020-06-29,67464.0,71636.0,67464.0,70901.0,367066626604,5177196,2225,69550.0,71627.0
2020-06-30,73028.0,73028.0,68802.0,72933.0,343709308407,4712648,1316,70901.0,73028.0
2020-07-04,72900.0,72900.0,72900.0,72927.0,3913344900,53681,41,72933.0,72900.0
2020-07-05,70740.0,73790.0,70740.0,70937.0,194316133158,2739294,1487,72927.0,71100.0
2020-07-06,73060.0,73065.0,68809.0,71654.0,138783456192,1936848,1609,70937.0,69500.0
2020-07-07,69505.0,69900.0,69505.0,70875.0,6918314690,99533,216,71654.0,69505.0
2020-07-08,68749.0,68749.0,68749.0,70516.0,3179847497,46253,83,70875.0,68749.0
2020-07-11,68401.0,68401.0,68401.0,68819.0,15562253515,227515,72,70516.0,68401.0
2020-07-12,65379.0,72259.0,65379.0,71757.0,643623882404,8969463,1558,68819.0,72259.0
2020-07-13,73909.0,73909.0,73909.0,73909.0,20969757116,283724,255,71757.0,73909.0
2020-07-14,76126.0,76126.0,76126.0,76126.0,24366105576,320076,236,73909.0,76126.0
2020-07-15,78409.0,78409.0,78409.0,78409.0,23247719637,296493,221,76126.0,78409.0
2020-07-18,82329.0,82329.0,82329.0,82329.0,23558361021,286149,154,78409.0,82329.0
2020-07-19,84798.0,84798.0,84798.0,84798.0,42930174672,506264,206,82329.0,84798.0
2020-07-27,95000.0,95000.0,95000.0,95000.0,233978540000,2462932,154,84798.0,95000.0
2020-07-28,97850.0,97850.0,97850.0,97850.0,77415495250,791165,347,95000.0,97850.0
2020-07-29,100785.0,100785.0,100785.0,100785.0,27723534660,275076,280,97850.0,100785.0
2020-08-01,103808.0,103808.0,103808.0,103808.0,20599970944,198443,168,100785.0,103808.0
2020-08-02,108998.0,108998.0,108998.0,108820.0,20889030708,191646,125,103808.0,108998.0
2020-08-03,112084.0,112084.0,112084.0,112084.0,24647607852,219903,173,108820.0,112084.0
2020-08-04,115446.0,115446.0,115446.0,115446.0,23959316502,207537,142,112084.0,115446.0
2020-08-05,118909.0,118909.0,111983.0,117205.0,532136188538,4540221,1875,115446.0,118909.0
2020-08-09,120721.0,123065.0,120721.0,122823.0,119779299151,975222,423,117205.0,123065.0
2020-08-10,126507.0,126507.0,119139.0,123868.0,296699180702,2395292,1503,122823.0,126507.0
2020-08-11,127583.0,127583.0,120152.0,120682.0,38037621232,315190,314,123868.0,120152.0
2020-08-12,117095.0,124302.0,117062.0,121999.0,301954143986,2475054,988,120682.0,124302.0
2020-08-15,125658.0,125658.0,119050.0,124292.0,167136194040,1344707,749,121999.0,125658.0
2020-08-16,128010.0,128020.0,125658.0,127980.0,46558954902,363799,351,124292.0,128020.0
2020-08-17,134370.0,134379.0,128630.0,133162.0,108981581846,818412,481,127980.0,134379.0
2020-08-18,137156.0,137156.0,136000.0,137139.0,373159632424,2721029,625,133162.0,137156.0
2020-08-19,141253.0,141253.0,137300.0,140354.0,188030614397,1339689,1065,137139.0,141253.0
2020-08-22,144564.0,144564.0,136144.0,137022.0,112310536195,819652,707,140354.0,136144.0
2020-08-23,132912.0,132912.0,132912.0,136372.0,2996368128,22544,31,137022.0,132912.0
2020-08-24,132281.0,132281.0,132281.0,136264.0,499493056,3776,37,136372.0,132281.0
2020-08-25,129451.0,137680.0,129451.0,129832.0,370469724544,2853454,890,136264.0,129451.0
2020-08-26,133700.0,133726.0,130000.0,133668.0,134959914057,1009665,641,129832.0,133726.0
2020-08-31,137650.0,137678.0,129658.0,133080.0,88546906078,665364,519,133668.0,131500.0
2020-09-01,129200.0,129210.0,129088.0,129139.0,21708852764,168104,53,133080.0,129088.0
2020-09-02,125265.0,125265.0,125265.0,129070.0,331576455,2647,12,129139.0,125265.0
2020-09-05,125198.0,125198.0,125198.0,129036.0,172147250,1375,7,129070.0,125198.0
2020-09-06,122585.0,122585.0,122585.0,122585.0,18995158675,154955,30,129036.0,122585.0
2020-09-07,118908.0,118908.0,118908.0,122568.0,84543588,711,5,122585.0,118908.0
2020-09-08,118891.0,118891.0,118891.0,122566.0,10700190,90,1,122568.0,118891.0
2020-09-09,118890.0,118890.0,118890.0,122534.0,158361480,1332,9,122566.0,118890.0
2020-09-12,116408.0,116408.0,116408.0,122310.0,695072168,5971,18,122534.0,116408.0
2020-09-13,118641.0,118641.0,118641.0,122268.0,219248568,1848,8,122310.0,118641.0
2020-09-14,118600.0,118600.0,118600.0,118600.0,19774415200,166732,21,122268.0,118600.0
2020-09-15,115042.0,115042.0,115042.0,118562.0,198217366,1723,13,118600.0,115042.0
2020-09-16,112634.0,118500.0,112634.0,112646.0,400404200346,3554528,506,118562.0,112634.0
2020-09-19,109267.0,112646.0,109267.0,109274.0,93472077906,855394,435,112646.0,109267.0
2020-09-20,105996.0,108000.0,105996.0,106004.0,88460000614,834499,392,109274.0,105996.0
2020-09-21,102824.0,109184.0,102824.0,106772.0,58964542539,552247,531,106004.0,109184.0
2020-09-22,109975.0,109975.0,109975.0,108384.0,9828905650,89374,72,106772.0,109975.0
2020-09-26,111635.0,111635.0,105133.0,111515.0,92311043885,827791,384,108384.0,111635.0
2020-09-27,114855.0,114855.0,108170.0,112009.0,18427345175,164428,171,111515.0,108170.0
2020-09-28,108649.0,108649.0,108649.0,111895.0,681989773,6277,15,112009.0,108649.0
2020-09-29,108539.0,114000.0,108539.0,108564.0,208994491052,1925081,300,111895.0,108539.0
2020-09-30,103136.0,108538.0,103136.0,103223.0,93349460510,904346,565,108564.0,103136.0
2020-10-03,100160.0,106319.0,100127.0,103986.0,58744829819,564930,640,103223.0,106319.0
2020-10-04,107105.0,107105.0,100867.0,102105.0,19710185440,193052,265,103986.0,100867.0
2020-10-05,99042.0,105168.0,99042.0,103606.0,45092260362,435227,542,102105.0,105168.0
2020-10-07,106712.0,106712.0,100498.0,101187.0,67452275612,666610,547,103606.0,100498.0
2020-10-10,98152.0,104222.0,98152.0,102555.0,55086227329,537136,491,101187.0,104222.0
2020-10-11,105631.0,105631.0,102500.0,105426.0,52027715684,493502,301,102555.0,104250.0
2020-10-12,103702.0,107586.0,102264.0,103907.0,26409721445,254166,334,105426.0,102264.0
2020-10-13,101001.0,103866.0,100790.0,101092.0,64498478835,638019,312,103907.0,101600.0
2020-10-14,104124.0,104124.0,104124.0,103857.0,18770849976,180274,82,101092.0,104124.0
2020-10-18,106972.0,106972.0,106972.0,106879.0,19982583544,186802,120,103857.0,106972.0
2020-10-27,110085.0,110085.0,103680.0,109530.0,119710625562,1092944,489,106879.0,110085.0
2020-10-28,112815.0,112815.0,112815.0,112815.0,22670287065,200951,144,109530.0,112815.0
2020-10-31,116199.0,116199.0,112905.0,116098.0,82243648128,708400,507,112815.0,116199.0
2020-11-01,119580.0,119580.0,116500.0,119477.0,34214798980,286371,278,116098.0,119580.0
2020-11-02,123061.0,123061.0,121500.0,123055.0,29591040731,240471,226,119477.0,123061.0
2020-11-04,126746.0,126746.0,126746.0,126746.0,53268301896,420276,239,123055.0,126746.0
2020-11-07,126746.0,126746.0,122944.0,123202.0,22428512916,182046,181,126746.0,122944.0
2020-11-08,119506.0,119506.0,119506.0,121057.0,10942447384,91564,30,123202.0,119506.0
2020-11-09,117426.0,124688.0,117426.0,123364.0,80012645121,648590,719,121057.0,124688.0
2020-11-10,126240.0,127060.0,119664.0,124954.0,31626267273,253103,470,123364.0,126020.0
2020-11-11,128602.0,128702.0,122500.0,128467.0,52077942622,405380,527,124954.0,128702.0
2020-11-14,132321.0,132321.0,124613.0,127213.0,51174491812,402275,604,128467.0,124613.0
2020-11-15,123397.0,123397.0,123397.0,123397.0,21531048942,174486,105,127213.0,123397.0
2020-11-16,119696.0,119696.0,119696.0,120741.0,13374232560,111735,42,123397.0,119696.0
2020-11-17,114704.0,126778.0,114704.0,116444.0,277630533553,2384239,1633,120741.0,123000.0
2020-11-18,119936.0,119937.0,116455.0,119270.0,32234818768,270268,334,116444.0,119937.0
2020-11-21,122848.0,122848.0,116450.0,122484.0,28113086137,229524,203,119270.0,122848.0
2020-11-22,126158.0,126158.0,126158.0,125367.0,16601131220,131590,79,122484.0,126158.0
2020-11-23,129128.0,129128.0,129128.0,128546.0,18301957080,141735,62,125367.0,129128.0
2020-11-24,134973.0,134973.0,129140.0,134854.0,80527645753,597145,576,128546.0,134973.0
2020-11-25,138899.0,138899.0,136000.0,138868.0,61683975329,444190,446,134854.0,138899.0
2020-11-28,142900.0,143034.0,136100.0,142652.0,33760948485,236667,258,138868.0,143034.0
2020-11-29,146931.0,146931.0,143471.0,146922.0,54186947510,368814,305,142652.0,146931.0
2020-11-30,151329.0,151329.0,150184.0,151100.0,60861513512,402790,601,146922.0,151329.0
2020-12-01,155500.0,155500.0,146567.0,147225.0,25523484674,173364,340,151100.0,146567.0
2020-12-02,142809.0,151641.0,142809.0,148563.0,195161320500,1313656,952,147225.0,151641.0
2020-12-05,153019.0,153019.0,153019.0,153019.0,230440646259,1505961,208,148563.0,153019.0
2020-12-21,157609.0,157609.0,157609.0,157609.0,24986069988,158532,44,153019.0,157609.0
2020-12-22,162337.0,162337.0,162337.0,162337.0,206830487297,1274081,177,157609.0,162337.0
2020-12-23,167207.0,167207.0,167207.0,167207.0,22566758341,134963,82,162337.0,167207.0
2020-12-26,172223.0,172223.0,172223.0,172223.0,70841347705,411335,114,167207.0,172223.0
2020-12-27,180834.0,180834.0,180834.0,180834.0,118222578342,653763,175,172223.0,180834.0
2020-12-28,186259.0,186259.0,186259.0,186259.0,29047836086,155954,97,180834.0,186259.0
2020-12-29,191846.0,191846.0,191846.0,191846.0,70008442320,364920,155,186259.0,191846.0
2020-12-30,197601.0,197601.0,186091.0,195896.0,1048425506089,5351949,2935,191846.0,197601.0
2021-01-02,197000.0,205690.0,190020.0,204504.0,70173689331,343141,354,195896.0,205690.0
2021-01-03,210639.0,210639.0,210639.0,210639.0,33667905843,159837,98,204504.0,210639.0
2021-01-04,216958.0,216958.0,216958.0,216300.0,19845365218,91471,67,210639.0,216958.0
2021-01-05,222789.0,222789.0,222789.0,222789.0,24439284933,109697,72,216300.0,222789.0
2021-01-06,233928.0,233928.0,233928.0,233928.0,54165326616,231547,92,222789.0,233928.0
2021-01-09,240945.0,240945.0,240945.0,240945.0,28617037650,118770,92,233928.0,240945.0
2021-01-10,248173.0,248173.0,248173.0,248173.0,22175994761,89357,86,240945.0,248173.0
2021-01-11,255618.0,255618.0,255618.0,254647.0,19004431446,74347,93,248173.0,255618.0
2021-01-12,254645.0,254645.0,241915.0,244634.0,570324196997,2331332,1731,254647.0,241915.0
2021-01-13,237295.0,237295.0,237295.0,237435.0,19901219765,83867,104,244634.0,237295.0
2021-01-16,230312.0,230312.0,230312.0,232416.0,13669247512,59351,40,237435.0,230312.0
2021-01-18,225444.0,225444.0,225444.0,232290.0,343125768,1522,14,232416.0,225444.0
2021-01-19,220676.0,220676.0,220676.0,225568.0,10758617028,48753,58,232290.0,220676.0
2021-01-20,218801.0,218801.0,218801.0,223192.0,6472352381,29581,53,225568.0,218801.0
2021-01-23,216497.0,216497.0,216497.0,216497.0,20196355639,93287,94,223192.0,216497.0
2021-01-24,210003.0,210003.0,210003.0,213370.0,9062679465,43155,72,216497.0,210003.0
2021-01-25,202702.0,224028.0,202702.0,209221.0,738322258448,3528909,3379,213370.0,216700.0
2021-01-26,215497.0,215497.0,202945.0,212407.0,200142983711,942262,996,209221.0,202945.0
2021-01-27,206035.0,206035.0,206035.0,210285.0,6147466295,29837,81,212407.0,206035.0
2021-01-30,203977.0,203977.0,203977.0,203977.0,39043237570,191410,114,210285.0,203977.0
2021-01-31,193779.0,199820.0,193779.0,193845.0,472392566466,2436965,2312,203977.0,193779.0
2021-02-01,188030.0,193000.0,188030.0,188313.0,30595576729,162472,324,193845.0,188030.0
2021-02-02,182664.0,182664.0,182664.0,186560.0,5389866648,29507,54,188313.0,182664.0
2021-02-03,180964.0,180964.0,180964.0,185422.0,3500567616,19344,46,186560.0,180964.0
2021-02-06,176151.0,176151.0,176151.0,182730.0,5516168565,31315,62,185422.0,176151.0
2021-02-07,177249.0,177249.0,177249.0,182429.0,1049491329,5921,52,182730.0,177249.0
2021-02-08,176957.0,176957.0,176957.0,181890.0,1881229867,10631,44,182429.0,176957.0
2021-02-09,176434.0,176434.0,176434.0,181649.0,840884444,4766,23,181890.0,176434.0
2021-02-13,174384.0,174384.0,174384.0,180958.0,1825800480,10470,61,181649.0,174384.0
2021-02-14,177339.0,177339.0,177339.0,180819.0,748902597,4223,14,180958.0,177339.0
2021-02-15,177203.0,177203.0,177203.0,180746.0,393922269,2223,12,180819.0,177203.0
2021-02-16,177132.0,177132.0,177132.0,180716.0,161190120,910,9,180746.0,177132.0
2021-02-17,173488.0,173488.0,173488.0,180439.0,732292848,4221,31,180716.0,173488.0
2021-02-20,176831.0,176831.0,176831.0,180385.0,291240657,1647,7,180439.0,176831.0
2021-02-21,176778.0,176778.0,176778.0,180344.0,223093836,1262,5,180385.0,176778.0
2021-02-22,176738.0,176738.0,176738.0,180075.0,1459502404,8258,7,180344.0,176738.0
2021-02-23,172872.0,172872.0,172872.0,179650.0,1131792984,6547,16,180075.0,172872.0
2021-02-24,176057.0,176057.0,176057.0,179644.0,32570545,185,5,179650.0,176057.0
2021-02-27,176052.0,176052.0,176052.0,179636.0,43660896,248,6,179644.0,176052.0
2021-02-28,176044.0,176044.0,176044.0,179633.0,14611652,83,2,179636.0,176044.0
2021-03-01,172448.0,172448.0,172448.0,179277.0,950533376,5512,17,179633.0,172448.0
2021-03-02,175692.0,175692.0,175692.0,178648.0,3430386300,19525,13,179277.0,175692.0
2021-03-03,175076.0,175076.0,175076.0,178609.0,213592720,1220,5,178648.0,175076.0
2021-03-06,175037.0,175037.0,175037.0,178590.0,106597533,609,5,178609.0,175037.0
2021-03-07,171447.0,171447.0,171447.0,178328.0,703275594,4102,10,178590.0,171447.0
2021-03-09,174762.0,174762.0,174762.0,178298.0,163402470,935,6,178328.0,174762.0
2021-03-10,174733.0,174733.0,174733.0,178264.0,185042247,1059,3,178298.0,174733.0
2021-03-13,171134.0,171134.0,171134.0,178213.0,136736066,799,7,178264.0,171134.0
2021-03-15,174649.0,174649.0,174649.0,178208.0,25149456,144,2,178213.0,174649.0
2021-03-16,174644.0,174644.0,174644.0,178193.0,83829120,480,5,178208.0,174644.0
2021-03-17,171066.0,171066.0,171066.0,178083.0,297483774,1739,13,178193.0,171066.0
2021-03-28,174522.0,174522.0,174522.0,178002.0,443983968,2544,5,178083.0,174522.0
2021-03-31,170882.0,170882.0,170882.0,177979.0,62371930,365,9,178002.0,170882.0
2021-04-03,174420.0,174420.0,174420.0,177976.0,16395480,94,2,177979.0,174420.0
2021-04-05,174417.0,174417.0,174417.0,177975.0,5058093,29,1,177976.0,174417.0
2021-04-06,170856.0,170856.0,170856.0,177967.0,20331864,119,3,177975.0,170856.0
2021-04-07,174408.0,174408.0,174408.0,177965.0,11162112,64,2,177967.0,174408.0
2021-04-10,174406.0,174406.0,174406.0,177959.0,32265110,185,3,177965.0,174406.0
2021-04-11,174400.0,174400.0,174400.0,177955.0,21800000,125,1,177959.0,174400.0
2021-04-13,174396.0,174396.0,174396.0,177953.0,10463760,60,1,177955.0,174396.0
2021-04-14,174394.0,174394.0,174394.0,177946.0,37320316,214,2,177953.0,174394.0
2021-04-17,174388.0,174388.0,174388.0,177943.0,17787576,102,2,177946.0,174388.0
2021-04-21,174385.0,174385.0,174385.0,177940.0,13776415,79,2,177943.0,174385.0
2021-04-25,174382.0,174382.0,174382.0,177937.0,17438200,100,2,177940.0,174382.0
2021-04-26,174379.0,174379.0,174379.0,177936.0,5056991,29,1,177937.0,174379.0
2021-04-27,174378.0,174378.0,174378.0,177933.0,17437800,100,1,177936.0,174378.0
2021-05-05,174375.0,174375.0,174375.0,177931.0,9939375,57,1,177933.0,174375.0
2021-05-16,172594.0,172594.0,172594.0,177925.0,15533460,90,2,177931.0,172594.0
2021-05-19,169029.0,169029.0,169029.0,177914.0,17409987,103,2,177925.0,169029.0
2021-05-25,172577.0,172577.0,172577.0,177908.0,17257700,100,2,177914.0,172577.0
2021-05-26,172571.0,172571.0,172571.0,177905.0,6902840,40,1,177908.0,172571.0
2021-06-21,169010.0,169010.0,169010.0,177894.0,17915060,106,3,177905.0,169010.0
2021-06-22,172558.0,172558.0,172558.0,177890.0,10353480,60,2,177894.0,172558.0
2021-06-23,172554.0,172554.0,172554.0,177888.0,5004066,29,1,177890.0,172554.0
2021-06-26,172552.0,172552.0,172552.0,177886.0,5004008,29,1,177888.0,172552.0
2021-06-27,168992.0,168992.0,168992.0,176443.0,2289841600,13550,26,177886.0,168992.0
2021-06-28,171150.0,171150.0,171150.0,176441.0,5134500,30,1,176443.0,171150.0
2021-06-29,171148.0,171148.0,171148.0,176439.0,5134440,30,1,176441.0,171148.0
2021-06-30,171146.0,171146.0,171146.0,176433.0,15060848,88,2,176439.0,171146.0
2021-07-03,167612.0,167612.0,167612.0,176427.0,10056720,60,2,176433.0,167612.0
2021-07-05,171135.0,171135.0,171135.0,175461.0,2609124210,15246,10,176427.0,171135.0
2021-07-06,170198.0,170198.0,170198.0,175459.0,5105940,30,1,175461.0,170198.0
2021-07-07,166687.0,166687.0,166687.0,175407.0,82343378,494,7,175459.0,166687.0
2021-07-10,170145.0,170145.0,170145.0,175400.0,19906965,117,1,175407.0,170145.0
2021-07-11,170138.0,170138.0,170138.0,175361.0,104124456,612,2,175400.0,170138.0
2021-07-12,170101.0,170101.0,170101.0,175359.0,5443232,32,2,175361.0,170101.0
2021-07-13,166592.0,166592.0,166592.0,175356.0,5164352,31,1,175359.0,166592.0
2021-07-17,170096.0,170096.0,170096.0,175349.0,19050752,112,4,175356.0,170096.0
2021-07-18,170089.0,170089.0,170089.0,175335.0,39120470,230,5,175349.0,170089.0
2021-08-02,105129.0,105129.0,101976.0,103976.0,15142013796,145630,168,175215.0,101976.0
2021-08-03,100857.0,102914.0,100857.0,100913.0,244864462084,2426495,1579,103976.0,100857.0
2021-08-04,99908.0,103940.0,97886.0,101190.0,198041816386,1957122,1959,100913.0,103940.0
2021-08-07,104225.0,104225.0,104225.0,104225.0,24851930125,238445,120,101190.0,104225.0
2021-08-08,107351.0,107351.0,107351.0,107351.0,10734777947,99997,71,104225.0,107351.0
2021-08-09,112718.0,112718.0,105500.0,111642.0,201282820977,1802923,1988,107351.0,112718.0
2021-08-10,114991.0,114991.0,112001.0,114917.0,66437763886,578139,766,111642.0,114991.0
2021-08-11,115178.0,117949.0,111470.0,113052.0,15952194598,141105,293,114917.0,111470.0
2021-08-14,109661.0,109661.0,109661.0,112375.0,1935187667,17647,45,113052.0,109661.0
2021-08-15,109004.0,109004.0,109004.0,110484.0,5409432504,49626,35,112375.0,109004.0
2021-08-22,104960.0,104960.0,104960.0,107738.0,4721835520,44987,60,110484.0,104960.0
2021-08-23,104506.0,104506.0,104506.0,107502.0,689739600,6600,29,107738.0,104506.0
2021-08-24,104277.0,104277.0,104277.0,106843.0,1929750162,18506,43,107502.0,104277.0
2021-08-25,103638.0,103638.0,103638.0,106214.0,1840507242,17759,69,106843.0,103638.0
2021-08-28,100910.0,109661.0,100910.0,103461.0,600735262874,5806372,7024,106214.0,102800.0
2021-08-29,105000.0,106564.0,101550.0,105464.0,212326941910,2013261,3671,103461.0,104900.0
2021-08-30,107800.0,108400.0,102301.0,104686.0,106995696312,1022060,2259,105464.0,102301.0
2021-08-31,101570.0,104980.0,101546.0,102430.0,74084050556,723263,1642,104686.0,101546.0
2021-09-01,102430.0,104950.0,99358.0,100679.0,129025565865,1281557,2506,102430.0,100000.0
2021-09-04,99020.0,102853.0,97659.0,99863.0,138181126208,1383706,3140,100679.0,100799.0
2021-09-05,101000.0,102858.0,97868.0,100633.0,84439431402,839087,1918,99863.0,102858.0
2021-09-06,103650.0,103651.0,101500.0,103396.0,84340417270,815704,1512,100633.0,101601.0
2021-09-07,100500.0,102870.0,100295.0,100539.0,42699410920,424706,1024,103396.0,100295.0
2021-09-08,98200.0,100300.0,98000.0,99100.0,47886863231,483220,1519,100539.0,98101.0
2021-09-11,99999.0,99999.0,96127.0,96605.0,20447339731,211660,622,99100.0,96127.0
2021-09-12,93707.0,93707.0,93707.0,96050.0,1811450017,19331,91,96605.0,93707.0
2021-09-13,93169.0,93169.0,93169.0,95626.0,1382068946,14834,57,96050.0,93169.0
2021-09-14,90845.0,92593.0,90845.0,90956.0,82609240695,908237,1410,95626.0,90845.0
2021-09-15,88228.0,88228.0,88228.0,88228.0,9698021760,109920,119,90956.0,88228.0
2021-09-18,85582.0,85582.0,85582.0,87702.0,1928675952,22536,37,88228.0,85582.0
2021-09-19,85071.0,85071.0,85071.0,87529.0,633438666,7446,32,87702.0,85071.0
2021-09-20,84904.0,85500.0,84904.0,84914.0,57538282494,677608,712,87529.0,84904.0
2021-09-21,82500.0,87000.0,80669.0,81968.0,39452107615,481311,910,84914.0,80669.0
2021-09-22,79509.0,79509.0,79509.0,81170.0,2924420529,36781,80,81968.0,79509.0
2021-09-25,78735.0,79509.0,78735.0,78771.0,10125652717,128545,264,81170.0,78735.0
2021-09-26,76408.0,76408.0,76408.0,78281.0,1951842360,25545,49,78771.0,76408.0
2021-09-28,74367.0,74367.0,74367.0,77598.0,1598741766,21498,50,78281.0,74367.0
2021-09-29,75271.0,75271.0,75271.0,77387.0,841981406,11186,27,77598.0,75271.0
2021-10-02,75066.0,75066.0,75066.0,76626.0,3179795760,42360,48,77387.0,75066.0
2021-10-03,74328.0,74328.0,74328.0,76391.0,984102720,13240,32,76626.0,74328.0
2021-10-04,72572.0,72572.0,72572.0,74168.0,5458793268,75219,124,76391.0,72572.0
2021-10-06,71943.0,75890.0,71943.0,72965.0,146221096773,2003985,2290,74168.0,72880.0
2021-10-09,75153.0,75153.0,70777.0,71809.0,48514329662,675605,1118,72965.0,70777.0
2021-10-10,69750.0,71800.0,69655.0,70010.0,13216522985,188781,349,71809.0,69655.0
2021-10-11,68030.0,71000.0,67910.0,68183.0,55357639029,811903,1321,70010.0,67920.0
2021-10-12,68999.0,68999.0,66138.0,66278.0,12857175553,193989,245,68183.0,66138.0
2021-10-13,64290.0,65800.0,64290.0,64295.0,9587469637,149117,110,66278.0,64290.0
2021-10-16,62367.0,64058.0,62367.0,62605.0,48278337419,771162,671,64295.0,62367.0
2021-10-17,62000.0,62600.0,59475.0,60221.0,49582393617,823347,844,62605.0,59475.0
2021-10-18,58416.0,59500.0,58415.0,58438.0,12643434985,216356,98,60221.0,58415.0
2021-10-19,56685.0,60191.0,56685.0,58052.0,56339721648,970502,582,58438.0,60191.0
2021-10-20,59793.0,59793.0,59793.0,58738.0,3665251107,61299,60,58052.0,59793.0
2021-10-23,60500.0,60500.0,60500.0,60500.0,10461115500,172911,92,58738.0,60500.0
2021-10-25,63525.0,63525.0,63525.0,63525.0,11409598200,179608,98,60500.0,63525.0
2021-10-26,65430.0,65430.0,61620.0,63438.0,147481800899,2324833,1529,63525.0,61620.0
2021-10-27,61541.0,61541.0,61535.0,62687.0,4137168917,67232,92,63438.0,61535.0
2021-10-30,60807.0,60807.0,60807.0,62580.0,549695280,9040,24,62687.0,60807.0
2021-10-31,59451.0,59451.0,59451.0,62459.0,365742552,6152,22,62580.0,59451.0
2021-11-01,60586.0,60586.0,60586.0,62309.0,772956188,12758,18,62459.0,60586.0
2021-11-02,60440.0,60440.0,60440.0,62145.0,845313840,13986,32,62309.0,60440.0
2021-11-03,60281.0,61870.0,60281.0,60452.0,65025301064,1075645,1091,62145.0,60283.0
2021-11-06,60700.0,61710.0,58639.0,59548.0,40393753584,678337,1126,60452.0,58639.0
2021-11-07,57972.0,58639.0,57762.0,57860.0,9075007782,157087,233,59548.0,57762.0
2021-11-08,56125.0,56125.0,56125.0,57549.0,1663545000,29640,57,57860.0,56125.0
2021-11-09,55823.0,55823.0,55823.0,57258.0,1559024744,27928,51,57549.0,55823.0
2021-11-10,54396.0,56670.0,54396.0,54673.0,65723355688,1202126,1295,57258.0,55200.0
2021-11-14,55000.0,56313.0,54008.0,56003.0,13712662075,244858,358,54673.0,56313.0
2021-11-15,55200.0,57000.0,54323.0,54640.0,19306435889,353338,482,56003.0,54323.0
2021-11-16,56270.0,56279.0,54790.0,56264.0,13861588624,246367,237,54640.0,56279.0
2021-11-17,57410.0,57951.0,56500.0,57858.0,41107752106,710494,479,56264.0,57951.0
2021-11-20,59589.0,59589.0,58180.0,59298.0,13614349201,229593,539,57858.0,59009.0
2021-11-21,57850.0,58996.0,57520.0,57643.0,10853445351,188287,238,59298.0,57520.0
2021-11-22,57000.0,57600.0,55914.0,56182.0,14659210466,260922,327,57643.0,56100.0
2021-11-23,54501.0,56000.0,54497.0,54557.0,15027800402,275450,437,56182.0,54497.0
2021-11-24,54497.0,54497.0,52921.0,53533.0,5897182135,111335,267,54557.0,52921.0
2021-11-27,51928.0,51928.0,51928.0,53353.0,1089293656,20977,42,53533.0,51928.0
2021-11-28,51753.0,51753.0,51753.0,53214.0,838243341,16197,32,53353.0,51753.0
2021-11-29,50554.0,52000.0,50554.0,50587.0,20078905007,396918,348,53214.0,50554.0
2021-11-30,49070.0,49075.0,49070.0,50017.0,3443292895,70171,84,50587.0,49070.0
2021-12-01,48517.0,48517.0,48517.0,49830.0,1131707542,23326,48,50017.0,48517.0
2021-12-04,48336.0,51000.0,48336.0,49160.0,35923093615,730737,711,49830.0,48341.0
2021-12-05,47786.0,48790.0,47686.0,47862.0,9226111906,192974,274,49160.0,47686.0
2021-12-06,46428.0,47427.0,46427.0,46457.0,9320108316,200619,255,47862.0,46427.0
2021-12-07,45069.0,45070.0,45064.0,46284.0,1124046458,24943,37,46457.0,45064.0
2021-12-08,43970.0,44795.0,43970.0,44030.0,23460577019,532826,558,46284.0,43970.0
2021-12-11,42851.0,45240.0,42710.0,43506.0,5587662027,129607,184,44030.0,42710.0
2021-12-12,42201.0,42202.0,42201.0,43195.0,2286033170,54170,34,43506.0,42201.0
2021-12-13,41900.0,41900.0,41900.0,43158.0,272056700,6493,14,43195.0,41900.0
2021-12-14,41001.0,41001.0,41001.0,43059.0,427353423,10423,30,43158.0,41001.0
2021-12-15,41768.0,41768.0,41768.0,43041.0,135578928,3246,7,43059.0,41768.0
2021-12-18,41750.0,41750.0,41750.0,42833.0,1563788000,37456,27,43041.0,41750.0
2021-12-19,41549.0,41549.0,41549.0,42825.0,61243226,1474,4,42833.0,41549.0
2021-12-20,40684.0,40684.0,40684.0,42534.0,1283864988,31557,20,42825.0,40684.0
2021-12-21,41258.0,41258.0,41258.0,42374.0,1201639250,29125,22,42534.0,41258.0
2021-12-22,41103.0,41799.0,41103.0,41183.0,32090995744,779233,630,42374.0,41103.0
2021-12-25,40100.0,42418.0,39948.0,40625.0,59508818763,1464822,877,41183.0,40990.0
2021-12-26,41843.0,41843.0,39407.0,40551.0,22436331484,553286,559,40625.0,41300.0
2021-12-27,39700.0,41550.0,39335.0,39937.0,15328652904,383824,532,40551.0,39335.0
2022-01-01,41135.0,41135.0,38739.0,39433.0,6287400055,160590,145,39937.0,38739.0
2022-01-02,38254.0,39005.0,38251.0,38259.0,10693714070,279512,258,39433.0,38251.0
2022-01-03,38219.0,38219.0,37112.0,37594.0,5800283344,155956,175,38259.0,37112.0
2022-01-04,36467.0,36998.0,36467.0,37160.0,3522372785,96584,108,37594.0,36467.0
2022-01-05,38010.0,38010.0,35302.0,36352.0,10108944428,278085,337,37160.0,36680.0
2022-01-08,35300.0,36800.0,35300.0,35650.0,16001883150,448584,423,36352.0,35300.0
2022-01-09,35200.0,35200.0,34600.0,35100.0,5185736950,149833,105,35650.0,34600.0
2022-01-10,34050.0,34900.0,34050.0,34300.0,7550460200,221488,252,35100.0,34050.0
2022-01-11,33350.0,34500.0,33300.0,33900.0,7986359650,236204,328,34300.0,33550.0
2022-01-12,33900.0,34900.0,33050.0,34500.0,7055912250,203127,139,33900.0,34900.0
2022-01-15,35500.0,35500.0,35500.0,34900.0,4354146000,122652,68,34500.0,35500.0
2022-01-16,35900.0,35900.0,35900.0,35900.0,11943894100,332699,63,34900.0,35900.0
2022-01-17,35900.0,36950.0,34150.0,35250.0,23480185850,665831,490,35900.0,34150.0
2022-01-18,34950.0,34950.0,34200.0,35150.0,1150945900,33627,35,35250.0,34200.0
2022-01-19,34100.0,34100.0,34100.0,35050.0,1043732800,30608,29,35150.0,34100.0
2022-01-22,34000.0,34700.0,34000.0,34650.0,4131011950,121149,124,35050.0,34000.0
2022-01-23,32950.0,33050.0,32950.0,33550.0,6007116250,182287,102,34650.0,32950.0
2022-01-24,32900.0,33250.0,32550.0,33150.0,3703808300,113718,105,33550.0,32550.0
2022-01-25,32200.0,32200.0,32200.0,33000.0,1549592800,48124,18,33150.0,32200.0
2022-01-26,32050.0,32150.0,32050.0,32800.0,1847826600,57652,57,33000.0,32050.0
2022-01-29,33300.0,33300.0,31850.0,32200.0,8456318950,263383,321,32800.0,32200.0
2022-01-30,31250.0,32100.0,31250.0,31300.0,9237173000,295331,289,32200.0,31250.0
2022-01-31,30450.0,32200.0,30450.0,31700.0,11983785750,378086,302,31300.0,32200.0
2022-02-01,32600.0,32650.0,31050.0,31900.0,5332524700,166288,177,31700.0,31950.0
2022-02-02,31950.0,32550.0,30950.0,31800.0,2350515700,74495,98,31900.0,31550.0
2022-02-05,32000.0,32750.0,31500.0,32100.0,3545172100,108492,76,31800.0,32750.0
2022-02-06,33050.0,33050.0,31350.0,33050.0,27839321300,842378,192,32100.0,33050.0
2022-02-07,34000.0,34000.0,34000.0,34000.0,13986478000,411367,54,33050.0,34000.0
2022-02-08,35700.0,35700.0,34500.0,35650.0,35366599100,991973,479,34000.0,35700.0
2022-02-09,36650.0,36700.0,36500.0,36000.0,3988178300,108737,92,35650.0,36700.0
2022-02-12,37050.0,37050.0,37050.0,36100.0,1124578650,30353,37,36000.0,37050.0
2022-02-13,37150.0,37150.0,37150.0,36250.0,1336657000,35980,32,36100.0,37150.0
2022-02-14,38050.0,38050.0,38050.0,37400.0,6729104450,176849,48,36250.0,38050.0
2022-02-16,38500.0,38500.0,38500.0,37500.0,912450000,23700,32,37400.0,38500.0
2022-02-19,38600.0,38600.0,38600.0,37700.0,1739817800,45073,30,37500.0,38600.0
2022-02-20,38800.0,38800.0,38800.0,37950.0,2477690400,63858,38,37700.0,38800.0
2022-02-21,39800.0,39800.0,39800.0,38650.0,4147040600,104197,50,37950.0,39800.0
2022-02-22,39800.0,39800.0,39800.0,38800.0,1186756400,29818,25,38650.0,39800.0
2022-02-23,39950.0,39950.0,39950.0,39000.0,1818484050,45519,23,38800.0,39950.0
2022-02-26,40150.0,40150.0,40150.0,39050.0,506532400,12616,29,39000.0,40150.0
2022-02-27,41000.0,41000.0,41000.0,39300.0,1221718000,29798,46,39050.0,41000.0
2022-02-28,40450.0,40450.0,40450.0,39400.0,915504850,22633,15,39300.0,40450.0
2022-03-02,40550.0,40550.0,40550.0,39450.0,551236700,13594,17,39400.0,40550.0
2022-03-05,40600.0,40600.0,40600.0,39950.0,4498520600,110801,24,39450.0,40600.0
2022-03-06,41900.0,41900.0,41900.0,40250.0,1688905200,40308,43,39950.0,41900.0
2022-03-07,41450.0,41450.0,41450.0,40400.0,1140289500,27510,31,40250.0,41450.0
2022-03-08,41600.0,41600.0,41600.0,40550.0,1476800000,35500,23,40400.0,41600.0
2022-03-09,41750.0,41750.0,41750.0,40600.0,269371000,6452,16,40550.0,41750.0
2022-03-12,42600.0,42600.0,42600.0,42400.0,9321987600,218826,72,40600.0,42600.0
2022-03-13,43650.0,43650.0,42050.0,43500.0,78622266800,1806500,684,42400.0,42950.0
2022-03-14,44200.0,44800.0,42500.0,44300.0,38754423050,874965,451,43500.0,44800.0
2022-03-15,45600.0,45600.0,44600.0,44650.0,3553496100,78159,106,44300.0,45600.0
2022-03-16,45950.0,45950.0,45950.0,44850.0,1645699250,35815,29,44650.0,45950.0
2022-03-19,47050.0,47050.0,45500.0,46950.0,11006213050,234407,185,44850.0,47050.0
2022-03-26,48350.0,48350.0,47200.0,48300.0,13393746200,277209,217,46950.0,48350.0
2022-03-27,49600.0,49700.0,48350.0,49650.0,33283813500,670619,319,48300.0,49700.0
2022-03-28,0.0,0.0,0.0,49650.0,33283813500,670619,319,49650.0,49700.0
2022-03-29,50000.0,50450.0,48200.0,48700.0,26972952750,554110,511,49650.0,48650.0
2022-03-30,49400.0,50150.0,49400.0,49250.0,4221854500,84378,86,48700.0,50150.0
2022-04-03,50700.0,50700.0,50150.0,50650.0,12761181150,251888,180,49250.0,50700.0
2022-04-04,50050.0,52150.0,50050.0,51700.0,7600266450,145816,100,50650.0,52150.0
2022-04-05,53250.0,53250.0,53250.0,51800.0,858922500,16130,34,51700.0,53250.0
2022-04-06,53350.0,53350.0,53350.0,52200.0,2796980450,52427,50,51800.0,53350.0
2022-04-09,54800.0,54800.0,52350.0,54800.0,17324967950,316271,182,52200.0,54800.0
2022-04-10,56400.0,56400.0,55000.0,56300.0,30862021450,548113,480,54800.0,56400.0
2022-04-11,56500.0,56500.0,54650.0,55700.0,4696826500,85458,100,56300.0,54650.0
2022-04-12,54050.0,54050.0,54050.0,55650.0,351811450,6509,12,55700.0,54050.0
2022-04-13,54000.0,54000.0,54000.0,55400.0,1548774000,28681,22,55650.0,54000.0
2022-04-16,52650.0,58150.0,52650.0,56050.0,154064627350,2749469,1593,55400.0,58150.0
2022-04-17,57700.0,57700.0,56150.0,57600.0,94437419000,1639016,994,56050.0,57500.0
2022-04-18,57500.0,58700.0,55900.0,56200.0,72471726700,1289033,1248,57600.0,55900.0
2022-04-19,54550.0,54550.0,54550.0,55450.0,4473590950,82009,120,56200.0,54550.0
2022-04-20,53800.0,53800.0,53800.0,55150.0,1729401000,32145,66,55450.0,53800.0
2022-04-24,53500.0,53500.0,53500.0,54700.0,2521027000,47122,56,55150.0,53500.0
2022-04-25,53100.0,53100.0,53100.0,54350.0,2162709900,40729,74,54700.0,53100.0
2022-04-26,52750.0,52750.0,52750.0,53600.0,4371920000,82880,110,54350.0,52750.0
2022-04-27,52500.0,55200.0,52000.0,52800.0,238140987750,4508381,2557,53600.0,53700.0
2022-04-30,54200.0,54300.0,51700.0,53350.0,34893758450,654065,974,52800.0,52600.0
2022-05-01,51900.0,53150.0,51750.0,51850.0,13826992200,266773,356,53350.0,51750.0
2022-05-02,50400.0,52650.0,50300.0,51050.0,67229255750,1317315,1028,51850.0,52650.0
2022-05-07,52550.0,52550.0,52550.0,52550.0,12585882650,239503,134,51050.0,52550.0
2022-05-08,54100.0,54100.0,53250.0,54050.0,40241966300,744575,598,52550.0,54000.0
2022-05-09,55200.0,55200.0,52450.0,52650.0,17450414350,331358,522,54050.0,52450.0
2022-05-10,52000.0,52900.0,51100.0,51400.0,14537251000,282829,385,52650.0,51200.0
2022-05-11,50050.0,52800.0,50050.0,51000.0,15436676600,302584,534,51400.0,50850.0
2022-05-14,52300.0,52500.0,50100.0,51550.0,21370524950,414582,439,51000.0,52500.0
2022-05-15,53050.0,53050.0,53050.0,53050.0,10641564750,200595,124,51550.0,53050.0
2022-05-16,54600.0,54600.0,54600.0,54600.0,20858346600,382021,141,53050.0,54600.0
2022-05-17,56200.0,56200.0,56200.0,56150.0,10626801800,189089,97,54600.0,56200.0
2022-05-18,57800.0,57800.0,54600.0,56450.0,66768006250,1182276,797,56150.0,55400.0
2022-05-21,55000.0,56600.0,54800.0,55350.0,7844713850,142354,160,56450.0,54800.0
2022-05-22,53700.0,53700.0,53700.0,54400.0,5524763400,102882,73,55350.0,53700.0
2022-05-23,52800.0,54250.0,52800.0,52950.0,8846036700,167372,122,54400.0,52800.0
2022-05-24,51400.0,52800.0,51400.0,51500.0,15040862200,292082,343,52950.0,51400.0
2022-05-25,50050.0,53000.0,50050.0,52150.0,24829396200,476106,561,51500.0,52200.0
2022-05-28,51200.0,52750.0,50600.0,50900.0,10712135750,210479,268,52150.0,50600.0
2022-05-29,49400.0,49400.0,49400.0,50500.0,2481609000,50235,87,50900.0,49400.0
2022-05-30,49000.0,52000.0,49000.0,49950.0,41863111750,837701,519,50500.0,51350.0
2022-05-31,51350.0,51400.0,51350.0,51400.0,11457251150,222945,221,49950.0,51400.0
2022-06-01,52800.0,52800.0,49900.0,50100.0,17723177050,353857,578,51400.0,51400.0
2022-06-06,49500.0,51600.0,49500.0,51300.0,35734261300,696893,534,50100.0,51600.0
2022-06-07,51600.0,52800.0,51600.0,52800.0,68076078200,1289556,284,51300.0,52800.0
2022-06-08,54350.0,54350.0,52100.0,53750.0,78449446450,1458923,680,52800.0,52550.0
2022-06-11,54200.0,55000.0,52150.0,53600.0,2628830250,49477,81,53750.0,52150.0
2022-06-12,52000.0,52000.0,52000.0,53450.0,1010204000,19427,29,53600.0,52000.0
2022-06-13,51850.0,52700.0,51850.0,51900.0,27490906700,529681,504,53450.0,51850.0
2022-06-14,50600.0,51850.0,50350.0,50400.0,11176563050,221768,209,51900.0,50350.0
2022-06-15,49050.0,51500.0,49050.0,49650.0,10464032700,210852,432,50400.0,50600.0
2022-06-18,50600.0,50950.0,48200.0,48500.0,21641138900,446402,394,49650.0,48200.0
2022-06-19,49400.0,49400.0,47050.0,47100.0,14955037950,317414,374,48500.0,47050.0
2022-06-20,45750.0,46750.0,45700.0,45750.0,14625951500,319713,327,47100.0,45700.0
2022-06-21,44400.0,44400.0,44400.0,45400.0,2299342800,51787,93,45750.0,44400.0
2022-06-22,44050.0,46750.0,44050.0,45550.0,20711448050,454837,297,45400.0,46750.0
2022-06-25,46800.0,46900.0,46000.0,46450.0,6985127600,148944,153,45550.0,46900.0
2022-06-26,45950.0,46000.0,45100.0,45150.0,11456995800,253821,212,46450.0,45100.0
2022-06-27,43800.0,46500.0,43800.0,46300.0,12214414150,263829,237,45150.0,46500.0
2022-06-28,46750.0,47650.0,46750.0,46650.0,2786248700,58495,82,46300.0,47650.0
2022-06-29,48000.0,48000.0,47050.0,47450.0,6286467550,131004,135,46650.0,48000.0
2022-07-02,47950.0,48850.0,47950.0,48800.0,9846381300,201620,161,47450.0,48850.0
2022-07-03,49200.0,50250.0,49200.0,49250.0,3458325700,68856,116,48800.0,50250.0
2022-07-04,50700.0,50700.0,50700.0,49750.0,3684622500,72675,57,49250.0,50700.0
2022-07-05,51200.0,51200.0,51200.0,50200.0,3277824000,64020,60,49750.0,51200.0
2022-07-06,51700.0,51700.0,50600.0,51700.0,22489071650,435198,264,50200.0,51700.0
2022-07-09,53250.0,53250.0,52550.0,53200.0,20127572200,378167,329,51700.0,53250.0
2022-07-11,53850.0,54750.0,51650.0,52800.0,45958567200,870308,558,53200.0,54750.0
2022-07-12,54350.0,54350.0,54350.0,53350.0,3861947950,71057,63,52800.0,54350.0
2022-07-13,54950.0,54950.0,52800.0,54450.0,42301081000,776866,420,53350.0,54950.0
2022-07-16,56000.0,56050.0,52850.0,55800.0,18801643800,336921,210,54450.0,56050.0
2022-07-17,57450.0,57450.0,54400.0,57150.0,41873606500,732557,444,55800.0,57250.0
2022-07-19,55600.0,57450.0,55450.0,55500.0,15030704300,270835,267,57150.0,55500.0
2022-08-03,53700.0,57000.0,53700.0,56100.0,58318248350,1039995,162,55350.0,57000.0
2022-08-06,56200.0,57750.0,56100.0,57600.0,61907518100,1075153,293,56100.0,57750.0
2022-08-09,59300.0,59300.0,58150.0,59300.0,17578583950,296464,203,57600.0,59300.0
2022-08-10,60050.0,61050.0,60050.0,60950.0,12059338650,197869,159,59300.0,61050.0
2022-08-13,62650.0,62750.0,61100.0,62350.0,10626935250,170482,144,60950.0,62750.0
2022-08-14,64050.0,64050.0,60500.0,60900.0,16278097300,267388,290,62350.0,60550.0
2022-08-15,59100.0,62700.0,59100.0,62050.0,22282916500,359169,279,60900.0,62700.0
2022-08-16,63600.0,63900.0,63600.0,63850.0,12165672000,190482,159,62050.0,63900.0
2022-08-17,65750.0,65750.0,62150.0,65100.0,7207952000,109670,114,63850.0,65750.0
2022-08-20,67050.0,67050.0,65450.0,67000.0,16624065150,248102,259,65100.0,67050.0
2022-08-21,69000.0,69000.0,69000.0,68850.0,9884112000,143248,119,67000.0,69000.0
2022-08-22,70900.0,70900.0,68850.0,70800.0,19398173050,274034,229,68850.0,70900.0
2022-08-23,72800.0,72900.0,72800.0,71700.0,4869510300,66802,50,70800.0,72900.0
2022-08-24,73850.0,73850.0,73850.0,72250.0,2930441850,39681,71,71700.0,73850.0
2022-08-27,74400.0,74400.0,70100.0,72600.0,64184866500,883867,651,72250.0,74400.0
2022-08-28,74750.0,74750.0,74750.0,74150.0,7402567250,99031,73,72600.0,74750.0
2022-08-29,76350.0,76350.0,74750.0,76000.0,8906177400,116685,142,74150.0,76350.0
2022-08-30,78200.0,78250.0,73750.0,76150.0,69204179500,909027,620,76000.0,74000.0
2022-08-31,74550.0,78200.0,73900.0,75550.0,36279523600,480334,509,76150.0,77450.0
2022-09-03,77750.0,77800.0,76000.0,77700.0,11440385150,147209,196,75550.0,77800.0
2022-09-04,79850.0,80000.0,79800.0,79000.0,6071864300,75909,70,77700.0,80000.0
2022-09-05,81350.0,81350.0,81350.0,80450.0,6620018950,81377,72,79000.0,81350.0
2022-09-06,82850.0,82850.0,82850.0,82550.0,9560724300,115398,66,80450.0,82850.0
2022-09-07,85000.0,85000.0,80100.0,81450.0,39899255300,489804,575,82550.0,80100.0
2022-09-10,79050.0,83800.0,79050.0,81300.0,33541215400,412576,526,81450.0,83000.0
2022-09-11,83600.0,83650.0,78900.0,79300.0,21421431150,270177,334,81300.0,78900.0
2022-09-12,76950.0,79850.0,76950.0,77400.0,8165358550,105913,94,79300.0,76950.0
2022-09-13,75100.0,75100.0,75100.0,77000.0,1658883900,22089,31,77400.0,75100.0
2022-09-14,74700.0,74700.0,74700.0,76750.0,922694400,12352,12,77000.0,74700.0
2022-09-18,74450.0,74450.0,74450.0,76700.0,151952450,2041,6,76750.0,74450.0
2022-09-19,74400.0,74400.0,74400.0,76700.0,67704000,910,7,76700.0,74400.0
2022-09-20,74400.0,74400.0,74400.0,76700.0,45086400,606,3,76700.0,74400.0
2022-09-21,74400.0,74400.0,74400.0,76700.0,99621600,1339,4,76700.0,74400.0
2022-09-24,72900.0,72900.0,72900.0,76500.0,447168600,6134,14,76700.0,72900.0
2022-09-26,74250.0,74250.0,74250.0,76050.0,1929906000,25992,17,76500.0,74250.0
2022-09-28,73800.0,73800.0,73800.0,75950.0,420881400,5703,21,76050.0,73800.0
2022-10-01,73700.0,73700.0,73700.0,75900.0,221689600,3008,1,75950.0,73700.0
2022-10-02,73650.0,73650.0,73650.0,75900.0,22095000,300,2,75900.0,73650.0
2022-10-03,73650.0,73650.0,73650.0,75900.0,47872500,650,2,75900.0,73650.0
2022-10-04,73650.0,73650.0,73650.0,75900.0,83813700,1138,3,75900.0,73650.0
2022-10-08,72150.0,72150.0,72150.0,75650.0,615078750,8525,11,75900.0,72150.0
2022-10-09,73400.0,73400.0,73400.0,75600.0,173003800,2357,3,75650.0,73400.0
2022-10-10,73350.0,73350.0,73350.0,75600.0,84425850,1151,4,75600.0,73350.0
2022-10-11,73350.0,73350.0,73350.0,75600.0,96161850,1311,4,75600.0,73350.0
2022-10-12,73350.0,73350.0,73350.0,75600.0,22665150,309,3,75600.0,73350.0
2022-10-15,73350.0,73350.0,73350.0,75600.0,39535650,539,2,75600.0,73350.0
2022-10-16,71850.0,71850.0,71850.0,75250.0,872330850,12141,11,75600.0,71850.0
2022-10-17,73000.0,73000.0,73000.0,73000.0,141255000,1935,4,75250.0,73000.0
2022-10-18,70850.0,70850.0,70850.0,70850.0,103653550,1463,7,73000.0,70850.0
2022-10-19,68750.0,68750.0,68750.0,68750.0,504693750,7341,7,70850.0,68750.0
2022-10-22,66700.0,66700.0,66700.0,66700.0,82107700,1231,4,68750.0,66700.0
2022-10-23,64700.0,64700.0,64700.0,64700.0,327705500,5065,11,66700.0,64700.0
2022-10-24,62800.0,62800.0,62800.0,62800.0,396896000,6320,10,64700.0,62800.0
2022-10-25,60950.0,64650.0,60950.0,62950.0,64945676100,1031778,1055,62800.0,62900.0
2022-10-26,61250.0,63250.0,61100.0,62300.0,4096436950,66562,126,62950.0,61100.0
2022-10-29,60450.0,60450.0,60450.0,62200.0,534801150,8847,11,62300.0,60450.0
2022-10-30,60350.0,60350.0,60350.0,62200.0,81834600,1356,4,62200.0,60350.0
2022-10-31,60350.0,60350.0,60350.0,62100.0,400603300,6638,18,62200.0,60350.0
2022-11-01,60250.0,60250.0,60250.0,62050.0,353004750,5859,19,62100.0,60250.0
2022-11-02,60200.0,60200.0,60200.0,62000.0,213770200,3551,5,62050.0,60200.0
2022-11-05,58900.0,60250.0,58900.0,58950.0,25622988550,434793,468,62000.0,58900.0
2022-11-06,57200.0,57250.0,57200.0,57200.0,13656032550,238726,202,58950.0,57200.0
2022-11-07,55500.0,58350.0,55500.0,56300.0,48690301500,864813,1025,57200.0,56600.0
2022-11-08,57500.0,57950.0,55150.0,56800.0,22473786850,395520,608,56300.0,55300.0
2022-11-09,57450.0,57450.0,55100.0,55200.0,14832547050,268674,400,56800.0,55100.0
2022-11-12,53700.0,55350.0,53550.0,53600.0,17400299950,324592,461,55200.0,53700.0
2022-11-13,54200.0,54800.0,52650.0,53650.0,23586512700,439752,667,53600.0,52950.0
2022-11-14,52750.0,55250.0,52750.0,54650.0,21001348200,384440,510,53650.0,55250.0
2022-11-15,56000.0,56250.0,54700.0,55950.0,14253104850,254761,262,54650.0,56250.0
2022-11-16,57600.0,57600.0,57600.0,57600.0,15940166400,276739,133,55950.0,57600.0
2022-11-19,59300.0,59300.0,58100.0,59000.0,45256971400,766955,815,57600.0,58200.0
2022-11-20,58950.0,58950.0,57250.0,57300.0,9960403000,173857,182,59000.0,57250.0
2022-11-21,55600.0,55600.0,55600.0,56900.0,2190195200,39392,54,57300.0,55600.0
2022-11-22,55200.0,55200.0,55200.0,56650.0,1386568800,25119,27,56900.0,55200.0
2022-11-23,55000.0,58100.0,55000.0,55100.0,23812291700,432172,489,56650.0,55000.0
2022-11-26,55950.0,55950.0,53450.0,53650.0,12932307250,241036,348,55100.0,53700.0
2022-11-27,54500.0,54500.0,52050.0,52350.0,20945673100,399946,447,53650.0,52100.0
2022-11-28,52050.0,52750.0,50800.0,51100.0,17431797350,341012,466,52350.0,50800.0
2022-11-29,51000.0,51600.0,49900.0,50700.0,9779443650,192811,308,51100.0,50700.0
2022-11-30,50900.0,52200.0,50600.0,51850.0,13664563500,263556,317,50700.0,52200.0
2022-12-03,53400.0,53400.0,52000.0,53200.0,20991996200,394419,428,51850.0,53250.0
2022-12-04,53600.0,53600.0,51650.0,51800.0,17643439850,340575,400,53200.0,51650.0
2022-12-05,52000.0,52000.0,50250.0,50450.0,11174698950,221420,384,51800.0,50300.0
2022-12-06,49050.0,51450.0,49050.0,50450.0,3726802800,73810,125,50450.0,50900.0
2022-12-07,51300.0,51300.0,50000.0,50500.0,7957019950,157460,206,50450.0,50800.0
2022-12-10,50850.0,51550.0,50500.0,50800.0,5626532700,110203,182,50500.0,50900.0
2022-12-11,51250.0,51400.0,49950.0,50450.0,7648584850,151943,218,50800.0,50550.0
2022-12-12,51000.0,51000.0,50150.0,50450.0,7181191200,142345,194,50450.0,50350.0
2022-12-13,49900.0,51300.0,49900.0,50600.0,11990034650,236857,229,50450.0,50600.0
2022-12-14,51300.0,51300.0,50500.0,50700.0,5333810250,105055,147,50600.0,50950.0
2022-12-17,50600.0,51000.0,50100.0,50350.0,15119667850,300401,285,50700.0,50500.0
2022-12-18,50300.0,51850.0,50200.0,51700.0,51117721500,989009,642,50350.0,51750.0
2022-12-19,51950.0,53250.0,51750.0,53000.0,17076198050,322240,392,51700.0,53250.0
2022-12-20,53750.0,54550.0,53750.0,54500.0,18549389700,340509,461,53000.0,54550.0
2022-12-21,56050.0,56050.0,52900.0,54300.0,17937561000,330460,520,54500.0,53700.0
2022-12-24,54800.0,54950.0,52950.0,53800.0,26904039850,500307,676,54300.0,54550.0
2022-12-25,55350.0,55400.0,54000.0,55150.0,26118575000,473763,532,53800.0,54350.0
2022-12-26,55400.0,56600.0,55100.0,55950.0,27202513100,485998,566,55150.0,56100.0
2022-12-28,56200.0,57600.0,56000.0,57000.0,28555295500,501027,522,55950.0,57500.0
2022-12-31,56550.0,56550.0,55300.0,55750.0,21713573750,389554,468,57000.0,55300.0
2023-01-01,54250.0,56450.0,54100.0,54350.0,12517521200,230239,326,55750.0,54100.0
2023-01-02,54000.0,55950.0,53450.0,55550.0,15697840450,282476,324,54350.0,55950.0
2023-01-03,57100.0,57200.0,56100.0,57100.0,24674513750,432030,412,55550.0,57200.0
2023-01-04,57200.0,58800.0,57200.0,58650.0,22823358000,389206,431,57100.0,58800.0
2023-01-07,60400.0,60400.0,60200.0,60250.0,9488910500,157118,142,58650.0,60400.0
2023-01-08,62050.0,62050.0,62050.0,60950.0,4152572150,66923,84,60250.0,62050.0
2023-01-09,62750.0,62750.0,59350.0,61350.0,27624194250,450314,598,60950.0,60450.0
2023-01-10,60050.0,62500.0,59550.0,60450.0,57237893250,946614,1077,61350.0,60000.0
2023-01-11,59200.0,60100.0,58650.0,58950.0,30048796000,509586,706,60450.0,58650.0
2023-01-14,59000.0,60700.0,57250.0,59650.0,13879319400,232662,342,58950.0,59500.0
2023-01-16,61200.0,61200.0,59800.0,60150.0,36240573650,602529,611,59650.0,60400.0
2023-01-17,61350.0,61350.0,58350.0,59400.0,23488951200,395328,637,60150.0,59050.0
2023-01-18,60300.0,60300.0,58650.0,59000.0,15292362650,259114,428,59400.0,58750.0
2023-01-21,59050.0,60750.0,59000.0,60300.0,30318685100,502807,528,59000.0,60550.0
2023-01-22,61650.0,61700.0,58500.0,59450.0,20952385400,352367,494,60300.0,60600.0
2023-01-23,60500.0,61200.0,60000.0,61050.0,34306958600,562121,592,59450.0,61200.0
2023-01-24,62800.0,62850.0,61500.0,62450.0,20627869800,330291,422,61050.0,62850.0
2023-01-25,64200.0,64300.0,60600.0,62800.0,23213690500,369522,614,62450.0,61800.0
2023-01-28,61000.0,61550.0,60950.0,60950.0,26033947200,427076,219,62800.0,60950.0
2023-01-29,60600.0,60600.0,59150.0,59200.0,487856200,8238,15,60950.0,59150.0
2023-01-30,57450.0,57450.0,57450.0,57450.0,3591371850,62513,33,59200.0,57450.0
2023-01-31,55750.0,58950.0,55750.0,56000.0,18139621400,324053,231,57450.0,55750.0
2023-02-01,54650.0,54650.0,54350.0,54400.0,5370444100,98760,53,56000.0,54350.0
2023-02-05,52800.0,53000.0,52800.0,52850.0,3298093000,62414,44,54400.0,52800.0
2023-02-06,51300.0,51300.0,51300.0,51300.0,1270957500,24775,24,52850.0,51300.0
2023-02-07,49800.0,51300.0,49800.0,50050.0,22320653250,445955,376,51300.0,50750.0
2023-02-08,50150.0,51550.0,50150.0,51400.0,7670419300,149169,137,50050.0,51550.0
2023-02-12,50600.0,52900.0,50600.0,52800.0,11478181550,217341,171,51400.0,52900.0
2023-02-13,53100.0,53100.0,51250.0,51800.0,11907255600,229773,221,52800.0,52750.0
2023-02-14,52600.0,52600.0,50250.0,50450.0,10153970100,201345,146,51800.0,50700.0
2023-02-15,50000.0,51950.0,49000.0,51200.0,14357412300,280383,194,50450.0,51850.0
2023-02-19,52700.0,52700.0,49700.0,50100.0,6788277750,135434,141,51200.0,49800.0
2023-02-20,50000.0,51600.0,50000.0,51450.0,8907277600,173085,166,50100.0,51600.0
2023-02-21,51450.0,52650.0,51000.0,52050.0,6020307750,115682,99,51450.0,51050.0
2023-02-22,51000.0,51000.0,50500.0,50600.0,6701042850,132463,114,52050.0,50600.0
2023-02-25,50150.0,52100.0,50150.0,52050.0,7054095700,135562,124,50600.0,52100.0
2023-02-26,53600.0,53600.0,53500.0,53600.0,8943523400,166872,112,52050.0,53600.0
2023-02-27,55200.0,55200.0,52500.0,54800.0,14179471200,258791,205,53600.0,55200.0
2023-02-28,56350.0,56400.0,56250.0,56400.0,11567138900,205169,152,54800.0,56400.0
2023-03-01,57200.0,58000.0,54750.0,55750.0,15557811500,279155,178,56400.0,54750.0
2023-03-04,54500.0,54500.0,54100.0,54100.0,4139352200,76480,46,55750.0,54100.0
2023-03-05,52500.0,55700.0,52500.0,55150.0,11869641300,215157,159,54100.0,54350.0
2023-03-06,56450.0,56450.0,54000.0,55250.0,12081475250,218617,140,55150.0,55000.0
2023-03-07,56050.0,56800.0,54000.0,54800.0,5271077250,96212,99,55250.0,54450.0
2023-03-18,53550.0,56400.0,53550.0,56350.0,5917609750,105007,72,54800.0,56400.0
2023-03-19,57950.0,58000.0,56500.0,57850.0,12249772500,211725,201,56350.0,57700.0
2023-03-25,56250.0,57400.0,56150.0,56250.0,17966473100,319441,263,57850.0,56300.0
2023-03-26,54700.0,57900.0,54600.0,57050.0,6707601200,117612,60,56250.0,57900.0
2023-03-28,60350.0,60350.0,60200.0,60350.0,43384320850,718992,399,58600.0,60350.0
2023-03-29,62100.0,62150.0,61000.0,61600.0,16171821850,262628,283,60350.0,61200.0
2023-04-03,62900.0,62900.0,59800.0,60100.0,32894014650,547225,417,61600.0,59950.0
2023-04-04,58400.0,60750.0,58400.0,59650.0,21553830300,361461,312,60100.0,59000.0
2023-04-05,59450.0,60500.0,57900.0,58350.0,61432010000,1052608,589,59650.0,59550.0
2023-04-08,60000.0,60100.0,60000.0,60100.0,59876599300,996311,315,58350.0,60100.0
2023-04-09,61100.0,61900.0,61000.0,61850.0,49751181850,804536,472,60100.0,61900.0
2023-04-10,63700.0,63700.0,63000.0,63700.0,53653782350,842534,424,61850.0,63700.0
2023-04-11,65600.0,65600.0,65600.0,65600.0,20306676800,309553,77,63700.0,65600.0
2023-04-15,67550.0,67550.0,67550.0,67550.0,18054088500,267270,69,65600.0,67550.0
2023-04-16,69550.0,69550.0,67600.0,69100.0,67177928450,972091,395,67550.0,68300.0
2023-04-17,67100.0,71150.0,67050.0,69050.0,138403183200,2004974,1105,69100.0,71150.0
2023-04-18,71100.0,71100.0,70700.0,71100.0,34418278500,484137,259,69050.0,71100.0
2023-04-19,73200.0,73200.0,72100.0,73100.0,47267431250,646488,236,71100.0,73200.0
2023-04-24,75250.0,75250.0,73700.0,75250.0,31406496700,417404,257,73100.0,75250.0
2023-04-25,77500.0,77500.0,77250.0,77500.0,57648397300,743877,246,75250.0,77500.0
2023-04-26,79800.0,79800.0,75200.0,78150.0,112293925700,1437109,890,77500.0,75500.0
2023-04-29,75850.0,80450.0,75850.0,79400.0,135546133900,1706850,1263,78150.0,80450.0
2023-04-30,81750.0,81750.0,80500.0,81600.0,36789136250,450782,314,79400.0,81750.0
2023-05-01,83000.0,84000.0,81600.0,83250.0,52563710250,631568,439,81600.0,84000.0
2023-05-02,85700.0,85700.0,84000.0,85650.0,26378302600,307953,232,83250.0,85700.0
2023-05-03,88200.0,88200.0,87900.0,88200.0,31108618750,352731,299,85650.0,88100.0
2023-05-06,88500.0,90400.0,85600.0,86700.0,82327056650,949528,970,88200.0,86100.0
2023-05-07,86700.0,87900.0,84100.0,84700.0,19051384050,224899,139,86700.0,84100.0
2023-05-08,82200.0,82200.0,82200.0,82200.0,3523996200,42871,11,84700.0,82200.0
2023-05-09,79750.0,79750.0,79750.0,79750.0,8454297500,106010,32,82200.0,79750.0
2023-05-10,77400.0,77400.0,77400.0,77400.0,7943329800,102627,33,79750.0,77400.0
2023-05-13,75100.0,75100.0,75100.0,75100.0,1089625900,14509,8,77400.0,75100.0
2023-05-14,72850.0,72850.0,72850.0,72850.0,3930330350,53951,38,75100.0,72850.0
2023-05-15,70700.0,72550.0,70700.0,70850.0,119518831200,1686953,902,72850.0,70700.0
2023-05-17,72600.0,72600.0,68750.0,69050.0,44961247950,651369,540,70850.0,69050.0
2023-05-20,68050.0,71100.0,68050.0,70800.0,47026499900,664386,507,69050.0,71100.0
2023-05-21,72800.0,72900.0,68700.0,71500.0,57522030050,804448,569,70800.0,72800.0
2023-05-22,72700.0,73600.0,72000.0,72850.0,16014932450,219890,235,71500.0,72000.0
2023-05-23,73600.0,74350.0,70900.0,72450.0,24477292150,337938,335,72850.0,71500.0
2023-05-24,70750.0,72450.0,70300.0,70850.0,19909211700,281024,248,72450.0,70300.0
2023-05-27,68850.0,70000.0,68750.0,68800.0,23061481650,335122,240,70850.0,68750.0
2023-05-28,66750.0,66750.0,66750.0,66750.0,4591198500,68782,35,68800.0,66750.0
2023-05-29,64750.0,68750.0,64750.0,65100.0,43356556350,666089,371,66750.0,66550.0
2023-05-30,65300.0,67050.0,65300.0,67000.0,28546960300,425916,205,65100.0,67050.0
2023-05-31,68000.0,69000.0,65150.0,68600.0,30466267800,443971,259,67000.0,69000.0
2023-06-03,70650.0,70650.0,68800.0,70550.0,15132142050,214523,173,68600.0,70650.0
2023-06-06,72650.0,72650.0,71150.0,72500.0,25647764450,353790,320,70550.0,71600.0
2023-06-07,72100.0,72400.0,70350.0,70550.0,23499392400,333151,254,72500.0,70350.0
2023-06-10,68450.0,68450.0,68450.0,68450.0,6011689700,87826,47,70550.0,68450.0
2023-06-11,66400.0,68400.0,66400.0,66450.0,17088113750,257154,167,68450.0,66400.0
2023-06-12,64600.0,68200.0,64500.0,64950.0,19049005750,293250,194,66450.0,64500.0
2023-06-13,64500.0,66800.0,63400.0,65350.0,10996617500,168290,161,64950.0,66650.0
2023-06-14,65400.0,65600.0,63400.0,64150.0,21692996450,338204,239,65350.0,63500.0
2023-06-17,62350.0,66050.0,62350.0,65150.0,19046113550,292355,187,64150.0,66050.0
2023-06-18,67100.0,67100.0,67100.0,67100.0,9639854400,143664,81,65150.0,67100.0
2023-06-19,69100.0,69100.0,69100.0,69100.0,12663542400,183264,67,67100.0,69100.0
2023-06-20,71150.0,71150.0,71150.0,71150.0,8021593300,112742,53,69100.0,71150.0
2023-06-21,73250.0,73250.0,73250.0,73250.0,17166357250,234353,79,71150.0,73250.0
2023-06-24,75400.0,75400.0,75400.0,75400.0,11015186000,146090,121,73250.0,75400.0
2023-06-25,77650.0,77650.0,74150.0,77300.0,74343369400,961640,731,75400.0,76700.0
2023-06-26,76400.0,79600.0,75000.0,78550.0,54219020200,690201,415,77300.0,79600.0
2023-06-27,80900.0,80900.0,79000.0,80800.0,61712871250,763875,598,78550.0,80900.0
2023-06-28,80800.0,83200.0,80800.0,82950.0,25017301450,301655,292,80800.0,83200.0
2023-07-01,85400.0,85400.0,85000.0,85400.0,55768896250,653048,286,82950.0,85400.0
2023-07-02,86500.0,86500.0,82850.0,83250.0,75041958550,901371,486,85400.0,82850.0
2023-07-03,80800.0,80800.0,80800.0,80800.0,12914344800,159831,111,83250.0,80800.0
2023-07-04,78400.0,78400.0,78400.0,78400.0,4514585600,57584,24,80800.0,78400.0
2023-07-05,76050.0,80750.0,76050.0,78950.0,47210311050,597951,352,78400.0,80750.0
2023-07-08,81300.0,81300.0,81300.0,81300.0,1753559700,21569,45,78950.0,81300.0
2023-07-09,83700.0,83700.0,78900.0,83350.0,112317014250,1347745,635,81300.0,79400.0
2023-07-10,80850.0,82950.0,80850.0,80900.0,33728415800,416831,179,83350.0,80850.0
2023-07-11,78500.0,78500.0,78500.0,78500.0,18003033000,229338,215,80900.0,78500.0
2023-07-12,76150.0,78500.0,76150.0,76200.0,28831958700,378485,277,78500.0,77150.0
2023-07-15,74300.0,78000.0,73950.0,74800.0,14321525350,191520,144,76200.0,73950.0
2023-07-16,72750.0,73100.0,72600.0,72700.0,5241710000,72118,59,74800.0,72600.0
2023-07-17,70550.0,71600.0,70550.0,70550.0,8674009850,122938,39,72700.0,70550.0
2023-07-18,68450.0,70500.0,68450.0,68450.0,42379851200,619001,336,70550.0,68450.0
2023-07-29,68000.0,70000.0,68000.0,68800.0,8767839000,125444,68,68000.0,70000.0
2023-07-30,70850.0,70850.0,70850.0,70850.0,38358190000,541400,299,68800.0,70850.0
2023-07-31,72950.0,72950.0,68750.0,72350.0,21117281250,291862,234,70850.0,72950.0
2023-08-01,74500.0,74500.0,74150.0,74500.0,23837504750,319993,231,72350.0,74500.0
2023-08-05,76700.0,76700.0,72400.0,76000.0,33433174250,439911,289,74500.0,74500.0
2023-08-06,74600.0,75000.0,73750.0,73850.0,22892680050,310089,152,76000.0,73750.0
2023-08-07,72000.0,74850.0,71650.0,72750.0,17505948950,241122,185,73850.0,71650.0
2023-08-08,71000.0,71500.0,70600.0,70650.0,33087199800,468442,201,72750.0,71400.0
2023-08-09,69000.0,72750.0,69000.0,72700.0,19261797750,264792,149,70650.0,72750.0
2023-08-12,73700.0,74850.0,71000.0,74100.0,25981726800,350557,235,72700.0,74850.0
2023-08-13,76300.0,76300.0,76300.0,75150.0,10061070600,131862,95,74100.0,76300.0
2023-08-14,77400.0,77400.0,77400.0,77200.0,19343885400,249921,74,75150.0,77400.0
2023-08-15,79500.0,79500.0,79500.0,79200.0,18899058000,237724,116,77200.0,79500.0
2023-08-16,81550.0,81550.0,81550.0,81550.0,22391509700,274574,126,79200.0,81550.0
2023-08-19,83400.0,83400.0,79150.0,80500.0,114519603450,1422290,559,81550.0,81000.0
2023-08-20,80500.0,82900.0,80500.0,82500.0,17853022150,215699,137,80500.0,82900.0
2023-08-21,84950.0,84950.0,80200.0,84100.0,98624119750,1172686,560,82500.0,83250.0
2023-08-22,84750.0,86600.0,81600.0,85850.0,68044759800,792455,600,84100.0,86600.0
2023-08-23,88350.0,88350.0,83300.0,84100.0,33027988950,392719,257,85850.0,83300.0
2023-08-26,85500.0,85500.0,81600.0,81700.0,52969443000,648495,300,84100.0,81600.0
2023-08-27,81700.0,84100.0,79250.0,81450.0,37734603750,463156,292,81700.0,83300.0
2023-08-28,83800.0,83850.0,80550.0,83750.0,27178642450,324527,222,81450.0,83850.0
2023-08-29,85000.0,86250.0,83600.0,85700.0,22343465650,260647,232,83750.0,86000.0
2023-08-30,86250.0,88250.0,84800.0,87500.0,42743392350,488465,275,85700.0,88250.0
2023-09-02,88400.0,88400.0,84900.0,85100.0,41045148850,482192,262,87500.0,84900.0
2023-09-03,86000.0,87400.0,82550.0,84150.0,32727758150,388980,261,85100.0,82600.0
2023-09-04,82600.0,84500.0,81650.0,82200.0,22951929150,279209,222,84150.0,83000.0
2023-09-05,84650.0,84650.0,81150.0,82350.0,8305023800,100570,114,82200.0,83400.0
2023-09-09,83400.0,84450.0,79900.0,81650.0,15368292750,188666,180,82350.0,82700.0
2023-09-10,82200.0,82200.0,79250.0,79450.0,23144815800,291289,170,81650.0,79250.0
2023-09-11,78400.0,79550.0,77100.0,77500.0,24009866600,309792,172,79450.0,77100.0
2023-09-12,75800.0,79800.0,75800.0,78800.0,11171570850,140103,143,77500.0,79800.0
2023-09-13,80200.0,81150.0,80200.0,81150.0,24204711400,298282,150,78800.0,81150.0
2023-09-17,81250.0,83550.0,81200.0,82000.0,14132930450,171611,173,81150.0,81400.0
2023-09-18,82200.0,82350.0,79550.0,79900.0,20385091300,255135,167,82000.0,79550.0
2023-09-19,79000.0,82250.0,79000.0,82100.0,39917149500,486110,194,79900.0,82250.0
2023-09-20,82750.0,84550.0,82700.0,84550.0,40070934900,473984,196,82100.0,84550.0
2023-09-23,87000.0,87050.0,85500.0,86950.0,27044980600,310966,144,84550.0,87050.0
2023-09-25,89550.0,89550.0,89550.0,89550.0,25943082750,289705,120,86950.0,89550.0
2023-09-26,92200.0,92200.0,91500.0,92200.0,59650332300,646976,147,89550.0,91500.0
2023-09-27,93000.0,93000.0,89450.0,90050.0,79463850050,882586,441,92200.0,89450.0
2023-09-30,87400.0,92750.0,87400.0,89700.0,23559519900,262692,219,90050.0,91000.0
2023-10-01,90000.0,92200.0,87050.0,88050.0,41557958550,472106,198,89700.0,87450.0
2023-10-04,90650.0,90650.0,90200.0,90650.0,83492987600,921063,202,88050.0,90650.0
2023-10-07,91000.0,91000.0,87950.0,88050.0,45239526350,513909,196,90650.0,87950.0
2023-10-08,85450.0,88700.0,85450.0,85450.0,45111837300,527910,84,88050.0,85450.0
2023-10-09,83200.0,85200.0,82900.0,83000.0,21155063700,254899,119,85450.0,82900.0
2023-10-10,80700.0,85000.0,80550.0,81150.0,35212903050,433973,221,83000.0,80600.0
2023-10-11,82300.0,83550.0,80700.0,82550.0,15471021400,186811,160,81150.0,82450.0
2023-10-14,82550.0,82550.0,80100.0,80800.0,14902044500,185646,82,82550.0,80100.0
2023-10-15,78800.0,79950.0,78400.0,78400.0,29731534750,379141,120,80800.0,78400.0
2023-10-16,77900.0,80750.0,76850.0,80250.0,35038324300,436521,246,78400.0,80600.0
2023-10-17,80750.0,82550.0,77850.0,79650.0,9403668250,119026,90,80250.0,78900.0
2023-10-18,77350.0,77900.0,77300.0,77300.0,19225649950,248658,104,79650.0,77900.0
2023-10-21,75050.0,79600.0,75050.0,78200.0,13431934450,170743,126,77300.0,76500.0
2023-10-22,78250.0,80500.0,76300.0,78600.0,13457529000,170843,167,78200.0,76600.0
2023-10-23,76450.0,77950.0,76250.0,76550.0,17452891400,228827,124,78600.0,76250.0
2023-10-24,77000.0,77000.0,74300.0,75800.0,6464728350,86903,76,76550.0,74300.0
2023-10-25,73600.0,76000.0,73600.0,75700.0,1910464100,25503,31,75800.0,75700.0
2023-10-28,73500.0,73500.0,73450.0,74950.0,6653277550,90579,24,75700.0,73450.0
2023-10-29,72750.0,75900.0,72750.0,73850.0,10138055050,139214,56,74950.0,72750.0
2023-10-30,72200.0,74700.0,71850.0,73650.0,3604919750,49566,50,73850.0,72350.0
2023-10-31,71750.0,71750.0,71450.0,72650.0,8859454750,123926,74,73650.0,71450.0
2023-11-01,70500.0,70550.0,70500.0,72150.0,4178713000,59272,36,72650.0,70500.0
2023-11-04,72750.0,72900.0,70000.0,71600.0,8028789650,113305,104,72150.0,72900.0
2023-11-05,73500.0,73500.0,70000.0,71500.0,7536938050,105737,98,71600.0,70450.0
2023-11-06,73000.0,73000.0,70100.0,71250.0,5186772900,73424,62,71500.0,70300.0
2023-11-07,72100.0,73350.0,71250.0,72450.0,13665270000,187029,108,71250.0,73350.0
2023-11-08,74150.0,74600.0,73100.0,73550.0,10748167200,144183,79,72450.0,74600.0
2023-11-11,75600.0,75750.0,72500.0,74050.0,9199936500,123290,116,73550.0,74000.0
2023-11-12,75750.0,76000.0,71850.0,73600.0,6888266750,94627,89,74050.0,74450.0
2023-11-13,72000.0,74000.0,71400.0,72500.0,11239996200,156842,132,73600.0,71450.0
2023-11-14,70500.0,72450.0,70350.0,70950.0,15757489450,223246,150,72500.0,72200.0
2023-11-15,71000.0,72000.0,69050.0,70550.0,5833449200,83707,82,70950.0,69500.0
2023-11-18,68950.0,70850.0,68950.0,70350.0,3803197250,54621,71,70550.0,69000.0
2023-11-19,68400.0,71000.0,68400.0,70100.0,5301298850,76419,96,70350.0,69100.0
2023-11-20,68250.0,69850.0,68000.0,69650.0,4963142100,72717,77,70100.0,68100.0
2023-11-21,67850.0,69050.0,67850.0,69450.0,3354681350,48970,48,69650.0,68900.0
2023-11-27,68000.0,69900.0,68000.0,69400.0,1839980150,26788,41,69450.0,69650.0
2023-11-28,67800.0,71450.0,67700.0,69650.0,7810467500,111441,124,69400.0,71400.0
2023-11-29,68500.0,71700.0,68500.0,69750.0,5602312450,80089,83,69650.0,71000.0
2023-12-02,71800.0,71800.0,68850.0,70350.0,15286102850,216593,88,69750.0,70600.0
2023-12-03,70000.0,70750.0,68550.0,70100.0,7466330900,107192,95,70350.0,69000.0
2023-12-04,68650.0,71200.0,68600.0,70100.0,9017912350,128592,131,70100.0,70850.0
2023-12-05,71500.0,71500.0,68700.0,69800.0,11663674450,167583,123,70100.0,68900.0
2023-12-06,69200.0,70750.0,69000.0,69850.0,6526579650,93314,76,69800.0,70100.0
2023-12-09,68600.0,71000.0,68600.0,70050.0,8164125950,116042,118,69850.0,71000.0
2023-12-10,71000.0,72150.0,70500.0,72100.0,33076886600,458906,157,70050.0,72150.0
2023-12-11,73750.0,74250.0,73150.0,73750.0,16485331750,222187,206,72100.0,74200.0
2023-12-12,74250.0,75750.0,72050.0,73850.0,5672395000,76505,125,73750.0,74300.0
2023-12-13,74000.0,74900.0,72900.0,73850.0,1404551350,19033,36,73850.0,72900.0
2023-12-16,74000.0,74000.0,71650.0,73450.0,5921823500,81743,97,73850.0,73300.0
2023-12-18,74000.0,74000.0,72200.0,73300.0,5703981450,78132,100,73450.0,73750.0
2023-12-19,73700.0,73700.0,71450.0,73050.0,3881515200,53923,73,73300.0,72000.0
2023-12-20,71100.0,74900.0,71100.0,73000.0,7581132450,104054,105,73050.0,74900.0
2023-12-23,75150.0,75150.0,75150.0,74800.0,17045973900,226826,51,73000.0,75150.0
2023-12-24,77000.0,77000.0,77000.0,75850.0,10279500000,133500,35,74800.0,77000.0
2023-12-25,78100.0,78100.0,78100.0,76650.0,7377247900,94459,52,75850.0,78100.0
2023-12-26,78900.0,78900.0,78900.0,77850.0,11307948000,143320,60,76650.0,78900.0
2023-12-27,80150.0,80150.0,79000.0,80150.0,120823218800,1507515,425,77850.0,80150.0
2023-12-30,82550.0,82550.0,81000.0,82450.0,35187220600,426694,321,80150.0,82550.0
2023-12-31,84800.0,84800.0,82600.0,83500.0,19581304950,234357,213,82450.0,83300.0
2024-01-01,83300.0,83300.0,81000.0,81100.0,25604525750,315708,182,83500.0,81000.0
2024-01-02,79450.0,79450.0,78700.0,78750.0,19906811950,252745,203,81100.0,78900.0
2024-01-03,76850.0,81100.0,76850.0,80550.0,159179207350,1975614,128,78750.0,80500.0
2024-01-06,82150.0,82950.0,81950.0,82900.0,21360046800,257586,184,80550.0,82950.0
2024-01-07,82900.0,83900.0,81500.0,83000.0,7927739700,95261,104,82900.0,82850.0
2024-01-08,81700.0,83000.0,80550.0,81350.0,15627995000,193163,133,83000.0,80550.0
2024-01-09,78950.0,83000.0,78950.0,80350.0,20774639600,258517,174,81350.0,82950.0
2024-01-10,82000.0,82750.0,80500.0,80900.0,5876329600,71361,67,80350.0,82600.0
2024-01-13,83200.0,83200.0,78500.0,80200.0,8372334600,105647,91,80900.0,80000.0
2024-01-14,81750.0,81750.0,78000.0,79850.0,4771649400,60564,68,80200.0,79700.0
2024-01-15,77650.0,81700.0,77650.0,79800.0,3413484150,42833,72,79850.0,81500.0
2024-01-16,78100.0,82150.0,78100.0,81350.0,18518289450,227242,152,79800.0,81950.0
2024-01-17,83150.0,83750.0,80600.0,83650.0,27445314900,328185,171,81350.0,82550.0
2024-01-20,83800.0,84500.0,81200.0,83350.0,7049351450,85199,87,83650.0,82750.0
2024-01-21,80850.0,81050.0,80850.0,82400.0,7594043450,93831,57,83350.0,80850.0
2024-01-22,80000.0,81800.0,79950.0,81000.0,11198974350,140028,107,82400.0,81300.0
2024-01-23,81700.0,81700.0,78600.0,80300.0,5827473050,74030,53,81000.0,78700.0
2024-01-24,78000.0,80200.0,78000.0,80150.0,2666848200,33707,40,80300.0,80000.0
2024-01-27,80500.0,81900.0,78550.0,80150.0,3446567200,43012,87,80150.0,80800.0
2024-01-28,78000.0,81350.0,78000.0,80150.0,1419777050,17785,34,80150.0,80450.0
2024-01-29,77850.0,79800.0,77850.0,79950.0,2100384850,26838,34,80150.0,78200.0
2024-01-30,77700.0,80650.0,77600.0,79600.0,3686234200,47154,73,79950.0,80100.0
2024-01-31,77300.0,79000.0,77250.0,78050.0,12703111300,164387,83,79600.0,77750.0
2024-02-03,75800.0,79800.0,75800.0,77400.0,7915665250,103543,72,78050.0,76000.0
2024-02-04,78500.0,78500.0,75300.0,77450.0,2906027250,37409,27,77400.0,77400.0
2024-02-05,78400.0,78400.0,75200.0,77400.0,5050749450,65400,48,77450.0,75200.0
2024-02-06,78300.0,78300.0,77300.0,77400.0,2313620400,29811,32,77400.0,77400.0
2024-02-07,75200.0,78050.0,75100.0,77100.0,5818505700,76221,43,77400.0,77650.0
2024-02-10,75000.0,79400.0,75000.0,77950.0,8807518850,111334,110,77100.0,79400.0
2024-02-12,80150.0,80150.0,76850.0,78050.0,3302222050,42111,40,77950.0,78000.0
2024-02-13,80250.0,80250.0,78050.0,78300.0,3840500850,48398,57,78050.0,79700.0
2024-02-14,80600.0,80600.0,79200.0,79300.0,9898741950,123101,132,78300.0,80400.0
2024-02-17,80700.0,81650.0,79300.0,79800.0,6056100450,74824,87,79300.0,79300.0
2024-02-18,80000.0,82150.0,80000.0,82000.0,23258675000,283641,101,79800.0,82150.0
2024-02-19,84450.0,84450.0,84450.0,84300.0,19935689250,236065,111,82000.0,84450.0
2024-02-24,86800.0,86800.0,86800.0,84450.0,1339063600,15427,24,84300.0,86800.0
2024-02-26,86950.0,86950.0,86950.0,85000.0,4455057150,51237,58,84450.0,86950.0
2024-02-27,87550.0,87550.0,86950.0,87550.0,53147970400,607209,480,85000.0,87550.0
2024-02-28,88050.0,90150.0,85000.0,89250.0,21877553100,245121,321,87550.0,89900.0
2024-03-02,89500.0,89500.0,86600.0,86650.0,41037825750,473610,226,89250.0,86900.0
2024-03-03,87000.0,87000.0,84100.0,84450.0,19648055600,232695,163,86650.0,84100.0
2024-03-04,83000.0,86950.0,82050.0,85700.0,18733178550,218465,169,84450.0,86950.0
2024-03-05,88100.0,88250.0,87300.0,87300.0,13327810500,151384,100,85700.0,88250.0
2024-03-06,89850.0,89900.0,87300.0,88350.0,11881007000,133428,137,87300.0,87300.0
2024-03-10,88500.0,89000.0,85750.0,88100.0,2385143250,27582,38,88350.0,86000.0
2024-03-11,85600.0,88100.0,85500.0,87300.0,9416853000,109004,92,88100.0,87550.0
2024-03-12,87550.0,88000.0,84700.0,85950.0,15878905800,185386,151,87300.0,87150.0
2024-04-07,3244.0,3244.0,3190.0,3172.0,5292069134,1635583,61,3150.0,3244.0
2024-04-08,3267.0,3267.0,3267.0,3191.0,4120016967,1261101,54,3172.0,3267.0
2024-04-09,3286.0,3286.0,3268.0,3286.0,55162795160,16787560,274,3191.0,3286.0
2024-04-13,3310.0,3384.0,3286.0,3362.0,112299699774,33406808,702,3286.0,3384.0
2024-04-14,3329.0,3395.0,3329.0,3359.0,52138535514,15523765,319,3362.0,3395.0
2024-04-15,3392.0,3392.0,3392.0,3362.0,1685885056,497018,25,3359.0,3392.0
2024-04-16,3395.0,3395.0,3395.0,3368.0,3994448360,1176568,51,3362.0,3395.0
2024-04-17,3401.0,3401.0,3401.0,3375.0,4388963292,1290492,34,3368.0,3401.0
2024-04-20,3476.0,3476.0,3476.0,3476.0,20646862984,5939834,122,3375.0,3476.0
2024-04-21,3580.0,3580.0,3372.0,3572.0,46569340839,13036948,247,3476.0,3580.0
2024-04-22,3679.0,3679.0,3679.0,3671.0,20124082173,5469987,180,3572.0,3679.0
2024-04-23,3781.0,3781.0,3781.0,3754.0,16982433339,4491519,141,3671.0,3781.0
2024-04-24,3866.0,3866.0,3866.0,3776.0,4448648726,1150711,65,3754.0,3866.0
2024-04-27,3889.0,3889.0,3889.0,3798.0,3923413761,1008849,35,3776.0,3889.0
2024-04-28,3911.0,3911.0,3822.0,3904.0,52773886965,13516327,343,3798.0,3911.0
2024-04-29,3969.0,4021.0,3902.0,3984.0,18572459829,4648296,183,3904.0,4021.0
2024-04-30,4103.0,4103.0,4100.0,4077.0,16923079930,4124653,133,3984.0,4103.0
2024-05-01,4199.0,4199.0,4199.0,4199.0,25153937341,5990459,123,4077.0,4199.0
2024-05-05,4324.0,4324.0,4324.0,4299.0,16546698364,3826711,127,4199.0,4324.0
2024-05-06,4427.0,4427.0,4250.0,4418.0,183021602598,41425390,1030,4299.0,4427.0
2024-05-07,4480.0,4550.0,4300.0,4531.0,72178735796,15928900,620,4418.0,4550.0
2024-05-08,4663.0,4666.0,4600.0,4663.0,69934758844,14997988,471,4531.0,4666.0
2024-05-11,4800.0,4802.0,4524.0,4719.0,72046036966,15266766,644,4663.0,4524.0
2024-05-12,4578.0,4578.0,4578.0,4714.0,702425430,153435,10,4719.0,4578.0
2024-05-13,4573.0,4573.0,4573.0,4711.0,425293573,93001,7,4714.0,4573.0
2024-05-14,4570.0,4570.0,4570.0,4707.0,538460250,117825,7,4711.0,4570.0
2024-05-15,4566.0,4566.0,4566.0,4705.0,333318000,73000,7,4707.0,4566.0
2024-05-18,4564.0,4564.0,4564.0,4701.0,496348692,108753,4,4705.0,4564.0
2024-05-19,4466.0,4466.0,4466.0,4698.0,252918512,56632,4,4701.0,4466.0
2024-05-21,4605.0,4605.0,4605.0,4697.0,239133045,51929,1,4698.0,4605.0
2024-05-25,4604.0,4604.0,4604.0,4696.0,243390460,52865,3,4697.0,4604.0
2024-05-27,4603.0,4603.0,4603.0,4694.0,438403529,95243,1,4696.0,4603.0
2024-05-28,4601.0,4601.0,4601.0,4692.0,417209478,90678,4,4694.0,4601.0
2024-06-10,4599.0,4599.0,4599.0,4692.0,50589000,11000,1,4692.0,4599.0
2024-06-12,4599.0,4599.0,4599.0,4692.0,50589000,11000,1,4692.0,4599.0
2024-06-26,4599.0,4599.0,4599.0,4599.0,499455999,108601,4,4692.0,4599.0
2024-07-06,4462.0,4462.0,4462.0,4462.0,1010647462,226501,16,4599.0,4462.0
2024-07-07,4329.0,4329.0,4329.0,4329.0,993193812,229428,5,4462.0,4329.0
2024-07-08,4200.0,4200.0,4200.0,4200.0,957545400,227987,6,4329.0,4200.0
2024-07-09,4074.0,4325.0,4074.0,4086.0,203590301650,49827916,1050,4200.0,4074.0
2024-07-10,3964.0,4020.0,3964.0,4001.0,12458287729,3139696,107,4086.0,3964.0
2024-07-13,3881.0,4121.0,3881.0,4019.0,95989823496,23882603,548,4001.0,4121.0
2024-07-14,4139.0,4139.0,4139.0,4071.0,8974217051,2168209,116,4019.0,4139.0
2024-07-17,4187.0,4193.0,3949.0,4143.0,21950623628,5297665,227,4071.0,4090.0
2024-07-27,4015.0,4015.0,4014.0,4132.0,933549854,232561,7,4138.0,4014.0
2024-07-30,4009.0,4009.0,4009.0,4131.0,180405000,45000,3,4132.0,4009.0
2024-08-03,4008.0,4008.0,4008.0,4126.0,797103024,198878,1,4131.0,4008.0
2024-08-13,4085.0,4085.0,4085.0,4126.0,51863160,12696,2,4126.0,4085.0
2024-08-14,4085.0,4085.0,4085.0,4126.0,50249585,12301,2,4126.0,4085.0
2024-08-17,4044.0,4044.0,4044.0,4126.0,4044,1,1,4126.0,4044.0
2024-08-18,4044.0,4044.0,4044.0,4126.0,4044,1,1,4126.0,4044.0
2024-08-19,4044.0,4044.0,4044.0,4126.0,48528000,12000,1,4126.0,4044.0
2024-08-20,4044.0,4044.0,4044.0,4126.0,4044,1,1,4126.0,4044.0
2024-08-21,4044.0,4044.0,4044.0,4126.0,4044,1,1,4126.0,4044.0
2024-08-24,4044.0,4044.0,4044.0,4126.0,4044,1,1,4126.0,4044.0
2024-08-26,4044.0,4044.0,4044.0,4126.0,51120204,12641,1,4126.0,4044.0
2024-08-27,4044.0,4044.0,4044.0,4126.0,4044,1,1,4126.0,4044.0
2024-08-28,4044.0,4044.0,4044.0,4044.0,597836652,147833,1,4126.0,4044.0
2024-08-31,3964.0,3964.0,3964.0,3964.0,268378656,67704,5,4044.0,3964.0
2024-09-01,3885.0,3885.0,3885.0,3885.0,155400000,40000,1,3964.0,3885.0
2024-09-03,3808.0,3808.0,3808.0,3808.0,218647744,57418,1,3885.0,3808.0
2024-09-08,3694.0,3694.0,3694.0,3694.0,214421924,58046,3,3808.0,3694.0
2024-09-10,3584.0,3584.0,3584.0,3584.0,153936384,42951,3,3694.0,3584.0
2024-09-11,3477.0,3477.0,3477.0,3477.0,276421500,79500,3,3584.0,3477.0
2024-09-14,3373.0,3539.0,3373.0,3391.0,68039394804,20062952,598,3477.0,3414.0
2024-09-15,3486.0,3487.0,3290.0,3315.0,59532349154,17959881,443,3391.0,3290.0
2024-09-16,3220.0,3315.0,3216.0,3240.0,18105494400,5591446,187,3315.0,3251.0
2024-09-17,3251.0,3337.0,3143.0,3198.0,149309342077,46692729,1072,3240.0,3272.0
2024-09-18,3280.0,3293.0,3230.0,3290.0,19476827740,5919209,135,3198.0,3293.0
2024-10-01,3258.0,3258.0,3258.0,3290.0,119565342,36699,1,3290.0,3258.0
2024-10-02,3258.0,3258.0,3258.0,3290.0,125221230,38435,2,3290.0,3258.0
2024-10-05,3258.0,3322.0,3258.0,3291.0,56117736507,17049945,354,3290.0,3322.0
2024-10-06,3260.0,3267.0,3259.0,3286.0,3094253159,949084,35,3291.0,3259.0
2024-10-07,3254.0,3310.0,3254.0,3263.0,14552942121,4471827,96,3286.0,3254.0
2024-10-08,3232.0,3284.0,3231.0,3243.0,22387903963,6903414,154,3263.0,3231.0
2024-10-09,3215.0,3275.0,3215.0,3246.0,7523062624,2314227,99,3243.0,3269.0
2024-10-12,3339.0,3343.0,3320.0,3283.0,8063880596,2413174,82,3246.0,3343.0
2024-10-13,3381.0,3381.0,3186.0,3289.0,6350582323,1922931,74,3283.0,3213.0
2024-10-14,3296.0,3296.0,3191.0,3224.0,13365310133,4185668,87,3289.0,3191.0
2024-10-22,3128.0,3128.0,3128.0,3223.0,152067720,48615,2,3224.0,3128.0
2024-10-26,3127.0,3317.0,3127.0,3192.0,16076755084,5047679,144,3223.0,3170.0
2024-10-27,3110.0,3280.0,3110.0,3237.0,22974773531,7097162,150,3192.0,3280.0
2024-10-28,3325.0,3330.0,3140.0,3240.0,11671250306,3599409,116,3237.0,3218.0
2024-10-29,3222.0,3337.0,3145.0,3290.0,28995125805,8813492,182,3240.0,3337.0
2024-10-30,3388.0,3388.0,3387.0,3351.0,13006820144,3839088,76,3290.0,3388.0
2024-11-02,3451.0,3451.0,3451.0,3397.0,9548440762,2766862,66,3351.0,3451.0
2024-11-03,3490.0,3498.0,3298.0,3447.0,18356578798,5315047,192,3397.0,3498.0
2024-11-04,3416.0,3550.0,3416.0,3476.0,7128893945,2018260,68,3447.0,3550.0
2024-11-05,3580.0,3580.0,3570.0,3580.0,23996709480,6703590,114,3476.0,3580.0
2024-11-06,3685.0,3687.0,3604.0,3680.0,23938861528,6505728,171,3580.0,3687.0
2024-11-09,3790.0,3790.0,3732.0,3755.0,15307494880,4048581,146,3680.0,3740.0
2024-11-10,3755.0,3865.0,3705.0,3748.0,26976009096,7196827,172,3755.0,3705.0
2024-11-11,3780.0,3860.0,3660.0,3775.0,23791818093,6302826,186,3748.0,3745.0
2024-11-12,3780.0,3780.0,3662.0,3667.0,24381508185,6648470,131,3775.0,3720.0
2024-11-13,3776.0,3777.0,3730.0,3732.0,14468988526,3850065,101,3667.0,3769.0
2024-11-16,3843.0,3843.0,3770.0,3808.0,15933090486,4160814,90,3732.0,3843.0
2024-11-17,3922.0,3922.0,3850.0,3922.0,35019546888,8929931,144,3808.0,3922.0
2024-11-18,4039.0,4039.0,4001.0,4001.0,16737524155,4159791,94,3922.0,4039.0
2024-11-19,4121.0,4121.0,4000.0,4079.0,14811457956,3597253,95,4001.0,4121.0
2024-11-20,4180.0,4180.0,3957.0,4050.0,8493906886,2119843,65,4079.0,4048.0
2024-11-23,4090.0,4171.0,4050.0,4146.0,19582637091,4717989,101,4050.0,4171.0
2024-11-24,4270.0,4270.0,4150.0,4220.0,14606441045,3434477,96,4146.0,4270.0
2024-11-25,4346.0,4346.0,4200.0,4244.0,14697923564,3454992,135,4220.0,4241.0
2024-11-26,4281.0,4290.0,4123.0,4205.0,18523045243,4410363,114,4244.0,4130.0
2024-11-27,4158.0,4288.0,4100.0,4148.0,19466727713,4696485,122,4205.0,4190.0
2024-11-30,4097.0,4185.0,4097.0,4143.0,6605127416,1598268,76,4148.0,4141.0
2024-12-01,4027.0,4267.0,4027.0,4188.0,9032025983,2127827,72,4143.0,4250.0
2024-12-02,4160.0,4313.0,4160.0,4283.0,17202536615,3998150,85,4188.0,4313.0
2024-12-03,4400.0,4400.0,4260.0,4290.0,8669077723,2015673,64,4283.0,4300.0
2024-12-04,4200.0,4418.0,4200.0,4346.0,26365107827,6066321,167,4290.0,4418.0
2024-12-07,4450.0,4476.0,4310.0,4439.0,18664120887,4195670,119,4346.0,4476.0
2024-12-08,4439.0,4572.0,4439.0,4569.0,26691114212,5841726,119,4439.0,4572.0
2024-12-09,4650.0,4706.0,4650.0,4659.0,14260691014,3030879,77,4569.0,4706.0
2024-12-10,4780.0,4798.0,4520.0,4671.0,6860570607,1460247,75,4659.0,4521.0
2024-12-11,4700.0,4700.0,4531.0,4573.0,17690808737,3883738,94,4671.0,4571.0
2024-12-14,4439.0,4710.0,4439.0,4614.0,9093270958,1949373,113,4573.0,4689.0
2024-12-15,4478.0,4709.0,4476.0,4595.0,13180975857,2875086,96,4614.0,4476.0
2024-12-16,4458.0,4458.0,4458.0,4570.0,3543945054,794963,34,4595.0,4458.0
2024-12-17,4433.0,4433.0,4433.0,4570.0,50092900,11300,1,4570.0,4433.0
2024-12-18,4433.0,4433.0,4433.0,4565.0,725682100,163700,5,4570.0,4433.0
2024-12-21,4429.0,4564.0,4429.0,4505.0,9762774158,2195812,122,4565.0,4429.0
2024-12-22,4370.0,4370.0,4370.0,4502.0,426791680,97664,12,4505.0,4370.0
2024-12-23,4367.0,4367.0,4367.0,4501.0,157762242,36126,4,4502.0,4367.0
2024-12-24,4366.0,4366.0,4366.0,4490.0,1550833762,355207,21,4501.0,4366.0
2024-12-25,4356.0,4356.0,4356.0,4394.0,13617953712,3126252,66,4490.0,4356.0
2024-12-28,4263.0,4498.0,4263.0,4304.0,13533145377,3173266,110,4394.0,4263.0
2024-12-29,4176.0,4190.0,4175.0,4260.0,6596784800,1579374,78,4304.0,4175.0
2024-12-30,4133.0,4140.0,4133.0,4225.0,5145265932,1244755,63,4260.0,4133.0
2024-12-31,4099.0,4270.0,4099.0,4221.0,2287598949,545510,59,4225.0,4180.0
2025-01-01,4095.0,4095.0,4095.0,4201.0,3009943755,735029,39,4221.0,4095.0
2025-01-04,4076.0,4300.0,4076.0,4202.0,4574532902,1087400,66,4201.0,4280.0
2025-01-05,4081.0,4230.0,4076.0,4189.0,2175222571,532437,48,4202.0,4141.0
2025-01-06,4180.0,4180.0,4064.0,4167.0,4019623040,984522,83,4189.0,4071.0
2025-01-07,4090.0,4285.0,4090.0,4193.0,8168062007,1930345,109,4167.0,4260.0
2025-01-08,4200.0,4318.0,4200.0,4214.0,6361542142,1493339,96,4193.0,4220.0
2025-01-11,4340.0,4340.0,4088.0,4203.0,3859406511,927930,70,4214.0,4088.0
2025-01-12,4077.0,4078.0,4077.0,4195.0,1289286247,316231,41,4203.0,4077.0
2025-01-13,4070.0,4105.0,4070.0,4158.0,5817622253,1429041,66,4195.0,4080.0
2025-01-15,4036.0,4040.0,4034.0,4136.0,3386825062,839387,59,4158.0,4034.0
2025-01-18,4012.0,4199.0,4012.0,4077.0,9874351016,2456331,63,4136.0,4100.0
2025-01-19,3956.0,4130.0,3956.0,4073.0,2728200328,673352,48,4077.0,4130.0
2025-01-20,4130.0,4195.0,4130.0,4159.0,34233404145,8230591,95,4073.0,4195.0
2025-01-21,4283.0,4283.0,4283.0,4176.0,2915493779,680713,40,4159.0,4283.0
2025-01-22,4301.0,4301.0,4301.0,4194.0,2950292455,685955,39,4176.0,4301.0
2025-01-25,4317.0,4319.0,4205.0,4237.0,7773399086,1804154,75,4194.0,4319.0
2025-01-26,4364.0,4364.0,4330.0,4279.0,6961381272,1595285,75,4237.0,4364.0
2025-01-27,4407.0,4407.0,4151.0,4308.0,7970520001,1830084,85,4279.0,4151.0
2025-01-29,4180.0,4180.0,4179.0,4306.0,340596477,81499,8,4308.0,4179.0
2025-02-01,4177.0,4177.0,4177.0,4302.0,617481733,147829,2,4306.0,4177.0
2025-02-02,4173.0,4173.0,4173.0,4298.0,578553066,138642,8,4302.0,4173.0
2025-02-03,4170.0,4170.0,4170.0,4297.0,162621660,38998,3,4298.0,4170.0
2025-02-04,4169.0,4169.0,4169.0,4294.0,461228977,110633,8,4297.0,4169.0
2025-02-05,4166.0,4166.0,4166.0,4294.0,54158000,13000,1,4294.0,4166.0
2025-02-09,4080.0,4080.0,4080.0,4281.0,1127324400,276305,13,4294.0,4080.0
2025-02-15,4153.0,4153.0,4153.0,4275.0,882512500,212500,2,4281.0,4153.0
2025-02-18,4147.0,4147.0,4147.0,4275.0,50178700,12100,1,4275.0,4147.0
2025-02-24,4147.0,4147.0,4147.0,4272.0,484576950,116850,9,4275.0,4147.0
2025-02-25,4144.0,4144.0,4144.0,4270.0,261072000,63000,3,4272.0,4144.0
2025-03-01,4142.0,4142.0,4142.0,4270.0,65683836,15858,1,4270.0,4142.0
2025-03-02,4057.0,4057.0,4057.0,4259.0,965480803,237979,14,4270.0,4057.0
2025-03-03,4132.0,4132.0,4132.0,4259.0,61980000,15000,1,4259.0,4132.0
2025-03-05,4132.0,4132.0,4132.0,4259.0,5074096,1228,1,4259.0,4132.0
2025-03-10,4047.0,4047.0,4047.0,4250.0,814972719,201377,11,4259.0,4047.0
2025-03-17,4123.0,4123.0,4123.0,4123.0,1985900672,481664,13,4250.0,4123.0
2025-03-25,4000.0,4000.0,4000.0,4123.0,55796000,13949,1,4123.0,4000.0
2025-03-29,4000.0,4000.0,4000.0,4123.0,52204000,13051,1,4123.0,4000.0
2025-03-30,4000.0,4050.0,4000.0,4000.0,24282064000,6070391,106,4123.0,4000.0
2025-04-05,3880.0,4020.0,3880.0,3992.0,1394947720,359044,26,4000.0,3880.0
2025-04-06,3873.0,3873.0,3873.0,3991.0,128196300,33100,2,3992.0,3873.0
2025-04-07,3872.0,3872.0,3872.0,3990.0,187598400,48450,3,3991.0,3872.0
2025-04-08,3871.0,3990.0,3871.0,3942.0,7905376777,2040960,102,3990.0,3871.0
2025-04-09,4000.0,4000.0,3824.0,3940.0,459168048,119477,10,3942.0,3824.0
2025-04-12,3822.0,3822.0,3822.0,3935.0,755827254,197757,13,3940.0,3822.0
2025-04-13,4000.0,4053.0,3817.0,3913.0,11258390850,2889118,163,3935.0,3817.0
2025-04-14,3796.0,3797.0,3796.0,3886.0,4482441614,1180799,64,3913.0,3796.0
2025-04-15,3770.0,3770.0,3770.0,3883.0,452400000,120000,1,3886.0,3770.0
2025-04-16,3767.0,3767.0,3767.0,3882.0,214677563,56989,3,3883.0,3767.0
2025-04-19,3766.0,3869.0,3766.0,3787.0,16323986478,4331464,141,3882.0,3766.0
2025-04-20,3766.0,3810.0,3682.0,3752.0,16261596324,4342347,215,3787.0,3713.0
2025-04-21,3740.0,3838.0,3640.0,3743.0,42118345544,11251235,386,3752.0,3700.0
2025-04-22,3743.0,3743.0,3631.0,3703.0,7549499475,2072168,82,3743.0,3631.0
2025-04-23,3592.0,3600.0,3592.0,3674.0,4941157338,1375300,57,3703.0,3592.0
2025-04-26,3565.0,3568.0,3564.0,3635.0,6939889998,1946954,48,3674.0,3564.0
2025-04-27,3647.0,3650.0,3526.0,3578.0,13269454959,3735889,127,3635.0,3643.0
2025-04-28,3670.0,3670.0,3515.0,3579.0,5640558970,1575252,64,3578.0,3515.0
2025-04-29,3511.0,3640.0,3511.0,3582.0,5719492807,1593469,54,3579.0,3610.0
2025-04-30,3560.0,3655.0,3560.0,3591.0,5613914012,1554071,85,3582.0,3630.0
2025-05-03,3490.0,3610.0,3490.0,3583.0,2488741442,705252,35,3591.0,3598.0
2025-05-04,3490.0,3654.0,3489.0,3580.0,2402560506,675199,51,3583.0,3642.0
2025-05-05,3642.0,3687.0,3630.0,3612.0,8269553868,2259800,88,3580.0,3687.0
2025-05-06,3720.0,3720.0,3670.0,3670.0,11264340600,3028855,61,3612.0,3720.0
2025-05-07,3780.0,3780.0,3780.0,3700.0,5718293280,1512776,52,3670.0,3780.0
2025-05-10,3811.0,3811.0,3800.0,3758.0,10754489024,2822427,63,3700.0,3811.0
2025-05-11,3870.0,3870.0,3870.0,3861.0,19215293040,4965192,74,3758.0,3870.0
2025-05-12,3976.0,3976.0,3976.0,3915.0,10079072528,2534978,49,3861.0,3976.0
2025-05-13,4032.0,4032.0,4032.0,3924.0,1693000512,419891,21,3915.0,4032.0
2025-05-14,4041.0,4041.0,4041.0,3950.0,4818274227,1192347,36,3924.0,4041.0
2025-05-17,4068.0,4068.0,3832.0,3906.0,46870829522,11998302,225,3950.0,3834.0
2025-05-18,3943.0,3943.0,3789.0,3892.0,2677666157,703694,48,3906.0,3789.0
2025-05-19,3776.0,3777.0,3776.0,3884.0,1238016324,327854,22,3892.0,3776.0
2025-05-20,3768.0,3768.0,3768.0,3869.0,2466585552,654614,12,3884.0,3768.0
2025-05-21,3753.0,3753.0,3753.0,3846.0,3787636437,1009229,35,3869.0,3753.0
2025-05-24,3731.0,3845.0,3731.0,3802.0,12802361478,3388126,109,3846.0,3800.0
2025-05-25,3689.0,3750.0,3688.0,3688.0,35426547306,9605287,142,3802.0,3688.0
2025-05-26,3578.0,3618.0,3578.0,3652.0,6325375628,1765501,78,3688.0,3603.0
2025-05-27,3760.0,3761.0,3700.0,3709.0,10771453530,2868150,97,3652.0,3761.0
2025-05-28,3660.0,3774.0,3600.0,3701.0,3633673683,991141,52,3709.0,3720.0
2025-05-31,3621.0,3679.0,3621.0,3694.0,2057036786,565808,34,3701.0,3640.0
2025-06-01,3616.0,3670.0,3584.0,3669.0,5637399831,1562419,86,3694.0,3670.0
2025-06-02,3586.0,3717.0,3586.0,3667.0,2765303753,756116,44,3669.0,3717.0
2025-06-03,3567.0,3662.0,3562.0,3651.0,3193078387,893679,49,3667.0,3564.0
2025-06-07,3659.0,3659.0,3542.0,3644.0,1295621093,365755,21,3651.0,3542.0
2025-06-08,3535.0,3699.0,3535.0,3640.0,1152186586,322262,39,3644.0,3551.0
2025-06-09,3531.0,3535.0,3531.0,3629.0,1963266571,555926,35,3640.0,3531.0
2025-06-10,3521.0,3521.0,3521.0,3623.0,1007752452,286212,16,3629.0,3521.0
2025-06-11,3515.0,3524.0,3515.0,3616.0,1344876059,382532,29,3623.0,3515.0
2025-07-02,3508.0,3508.0,3508.0,3616.0,73668000,21000,1,3616.0,3508.0
2025-07-07,3436.0,3649.0,3436.0,3574.0,4457219749,1296983,30,3616.0,3436.0
2025-07-08,3467.0,3467.0,3467.0,3572.0,305096000,88000,5,3574.0,3467.0
2025-07-12,3465.0,3465.0,3465.0,3570.0,279580455,80687,3,3572.0,3465.0
2025-07-15,3392.0,3392.0,3392.0,3563.0,771374720,227410,12,3570.0,3392.0
2025-07-19,3457.0,3457.0,3457.0,3563.0,57317060,16580,2,3563.0,3457.0
2025-07-20,3457.0,3457.0,3457.0,3562.0,205691500,59500,4,3563.0,3457.0
2025-07-21,3456.0,3664.0,3456.0,3496.0,26619621615,7614299,178,3562.0,3530.0
2025-07-22,3496.0,3600.0,3392.0,3486.0,11469374477,3296324,109,3496.0,3392.0
2025-07-23,3382.0,3383.0,3382.0,3474.0,2219724678,656329,17,3486.0,3382.0
2025-07-26,3370.0,3370.0,3370.0,3473.0,278982080,82784,6,3474.0,3370.0
2025-07-27,3369.0,3369.0,3369.0,3472.0,218985000,65000,4,3473.0,3369.0
2025-07-28,3368.0,3368.0,3368.0,3471.0,152435680,45260,5,3472.0,3368.0
2025-08-02,3298.0,3298.0,3298.0,3466.0,564551640,171180,7,3471.0,3298.0
2025-08-03,3363.0,3363.0,3363.0,3466.0,58052106,17262,2,3466.0,3363.0
2025-08-17,3363.0,3363.0,3363.0,3465.0,100002168,29736,2,3466.0,3363.0
2025-08-20,3292.0,3292.0,3292.0,3292.0,316907672,96266,5,3465.0,3292.0
2025-08-25,3194.0,3194.0,3194.0,3290.0,329496234,103161,5,3292.0,3194.0
2025-08-26,3192.0,3192.0,3192.0,3289.0,119562744,37457,1,3290.0,3192.0
2025-08-31,3125.0,3125.0,3125.0,3125.0,50000000,16000,1,3289.0,3125.0
2025-09-02,3032.0,3032.0,3032.0,3124.0,213728712,70491,7,3125.0,3032.0
2025-09-03,3031.0,3031.0,3031.0,3123.0,170827160,56360,3,3124.0,3031.0
2025-09-06,3030.0,3030.0,3030.0,3122.0,162498900,53630,4,3123.0,3030.0
2025-09-08,3029.0,3029.0,3029.0,3090.0,6752898035,2229415,25,3122.0,3029.0
2025-09-09,2998.0,2998.0,2998.0,3087.0,717724198,239401,6,3090.0,2998.0
2025-09-14,2995.0,2995.0,2995.0,3082.0,974650870,325426,4,3087.0,2995.0
2025-09-15,2990.0,2990.0,2990.0,3081.0,169601770,56723,4,3082.0,2990.0
2025-09-16,2989.0,2989.0,2989.0,3081.0,61833443,20687,1,3081.0,2989.0
2025-09-17,2927.0,2927.0,2927.0,2927.0,328842596,112348,6,3081.0,2927.0
2025-09-21,2840.0,2840.0,2840.0,2927.0,51120000,18000,1,2927.0,2840.0
2025-09-22,2840.0,2840.0,2840.0,2924.0,568000000,200000,4,2927.0,2840.0
2025-09-27,2778.0,2778.0,2778.0,2778.0,764613942,275239,8,2924.0,2778.0
