date,open,high,low,adjClose,value,volume,count,yesterday,close
2019-01-21,6050.0,6050.0,6050.0,6050.0,42892061850,7089597,197,3770.0,6050.0
2019-01-23,6200.0,7000.0,6200.0,6332.0,53558614200,8458557,423,6050.0,7000.0
2019-01-28,9000.0,9000.0,9000.0,9000.0,28272627000,3141403,124,6332.0,9000.0
2019-01-30,9000.0,9000.0,9000.0,9000.0,55034640000,6114960,437,9000.0,9000.0
2019-02-02,8800.0,8800.0,8460.0,8662.0,32768266160,3782998,378,9000.0,8460.0
2019-02-04,8790.0,8790.0,8125.0,8594.0,3934028100,457771,87,8662.0,8125.0
2019-02-06,8000.0,8499.0,8000.0,8139.0,13977751489,1717403,154,8594.0,8499.0
2019-02-13,8680.0,9200.0,8680.0,8837.0,18777417200,2124825,238,8139.0,9200.0
2019-02-16,10000.0,10000.0,9890.0,9992.0,45416424790,4545464,615,8837.0,9890.0
2019-02-18,9100.0,9390.0,9100.0,9272.0,4620000340,498256,90,9992.0,9390.0
2019-02-20,9240.0,9240.0,8881.0,9027.0,5110233580,566128,115,9272.0,8881.0
2019-02-23,8970.0,8970.0,8495.0,8638.0,6098072255,705929,109,9027.0,8495.0
2019-02-25,8895.0,9000.0,8895.0,8958.0,7885827345,880297,82,8638.0,9000.0
2019-02-27,8890.0,9050.0,8890.0,8917.0,12946698840,1451948,177,8958.0,9050.0
2019-03-02,9000.0,9711.0,9000.0,9447.0,3850268499,407575,82,8917.0,9711.0
2019-03-04,9990.0,9990.0,9505.0,9931.0,12409998930,1249622,225,9447.0,9505.0
2019-03-06,11000.0,12500.0,11000.0,11328.0,20670298500,1824678,314,9931.0,12500.0
2019-03-09,13122.0,13688.0,13122.0,13295.0,17653958714,1327862,377,11328.0,13688.0
2019-03-11,15000.0,15000.0,13989.0,14720.0,38250923070,2598632,554,13295.0,13989.0
2019-04-24,1299.0,1398.0,1299.0,1330.0,57212824137,43010282,1955,839.0,1398.0
2019-04-27,1420.0,1420.0,1279.0,1362.0,20218315126,14848849,807,1330.0,1279.0
2019-04-29,1320.0,1320.0,1250.0,1285.0,21231575680,16518677,700,1362.0,1250.0
2019-05-01,1220.0,1280.0,1220.0,1227.0,58037025360,47283306,2392,1285.0,1280.0
2019-05-04,1309.0,1320.0,1309.0,1312.0,28059099783,21388854,1155,1227.0,1320.0
2019-05-06,1310.0,1310.0,1240.0,1284.0,12096317960,9418247,578,1312.0,1240.0
2019-05-08,1200.0,1226.0,1200.0,1203.0,22884237240,19025544,1169,1284.0,1226.0
2019-05-11,1230.0,1230.0,1110.0,1201.0,13171336620,10967690,592,1203.0,1110.0
2019-05-13,1150.0,1150.0,1150.0,1150.0,16253322600,14133324,859,1201.0,1150.0
2019-05-15,1200.0,1200.0,1100.0,1129.0,14295055500,12665632,583,1150.0,1100.0
2019-05-18,1080.0,1170.0,1080.0,1120.0,19744380630,17621068,732,1129.0,1170.0
2019-05-20,1200.0,1278.0,1200.0,1229.0,26567186628,21617403,968,1120.0,1278.0
2019-05-22,1380.0,1380.0,1349.0,1369.0,25834166840,18875444,1026,1229.0,1349.0
2019-05-25,1299.0,1340.0,1299.0,1322.0,14836577536,11220805,554,1369.0,1340.0
2019-05-29,1360.0,1410.0,1360.0,1381.0,14150364140,10246349,534,1322.0,1410.0
2019-06-01,1450.0,1450.0,1440.0,1447.0,12398859560,8568851,561,1381.0,1440.0
2019-06-03,1399.0,1399.0,1329.0,1358.0,14779040905,10878995,460,1447.0,1329.0
2019-06-08,1250.0,1250.0,1210.0,1228.0,6531466640,5319108,345,1358.0,1210.0
2019-06-10,1348.0,1350.0,1348.0,1348.0,25561933452,18957899,854,1228.0,1350.0
2019-06-12,1348.0,1348.0,1250.0,1295.0,11567431088,8935464,422,1348.0,1250.0
2019-06-15,1161.0,1162.0,1161.0,1162.0,9977495242,8589222,351,1295.0,1162.0
2019-06-17,1219.0,1220.0,1219.0,1219.0,23432003397,19220670,989,1162.0,1220.0
2019-06-19,1210.0,1210.0,1190.0,1208.0,8239053870,6821507,417,1219.0,1190.0
2019-06-22,1140.0,1185.0,1140.0,1150.0,9379342155,8155952,501,1208.0,1185.0
2019-06-24,1210.0,1239.0,1210.0,1216.0,10526787531,8653765,509,1150.0,1239.0
2019-06-26,1250.0,1250.0,1201.0,1237.0,7408433795,5988479,368,1216.0,1201.0
2019-07-01,1250.0,1250.0,1210.0,1238.0,13539190540,10935974,595,1237.0,1210.0
2019-07-03,1231.0,1255.0,1231.0,1234.0,13401569207,10862705,668,1238.0,1255.0
2019-07-06,1249.0,1251.0,1249.0,1249.0,15038392191,12036701,760,1234.0,1251.0
2019-07-08,1260.0,1270.0,1260.0,1262.0,10117190430,8016480,512,1249.0,1270.0
2019-07-10,1310.0,1400.0,1310.0,1360.0,14476000860,10646937,567,1262.0,1400.0
2019-08-07,1625.0,1729.0,1625.0,1690.0,23386069655,13834663,692,1360.0,1729.0
2019-08-10,1900.0,2000.0,1900.0,1916.0,35549613300,18555342,1265,1690.0,2000.0
2019-09-25,1859.0,1859.0,1859.0,1859.0,835748771,449569,43,1916.0,1859.0
2019-09-28,1804.0,1804.0,1804.0,1804.0,1052047700,583175,78,1859.0,1804.0
2019-09-29,1750.0,1750.0,1750.0,1750.0,9249359000,5285348,313,1804.0,1750.0
2019-09-30,1698.0,1770.0,1698.0,1700.0,81082740956,47703601,2739,1750.0,1698.0
2019-10-01,1697.0,1697.0,1649.0,1655.0,30486578932,18422166,1435,1700.0,1649.0
2019-10-02,1606.0,1606.0,1606.0,1606.0,4451716368,2771928,198,1655.0,1606.0
2019-10-05,1558.0,1654.0,1558.0,1611.0,33262691272,20641165,1537,1606.0,1600.0
2019-10-06,1649.0,1659.0,1612.0,1657.0,9128494333,5510582,399,1611.0,1659.0
2019-10-07,1706.0,1706.0,1706.0,1706.0,1203008078,705163,78,1657.0,1706.0
2019-10-08,1757.0,1757.0,1655.0,1733.0,33951991023,19588917,1302,1706.0,1750.0
2019-10-09,1778.0,1784.0,1701.0,1775.0,10023237933,5645821,556,1733.0,1784.0
2019-10-12,1828.0,1828.0,1828.0,1828.0,709980576,388392,60,1775.0,1828.0
2019-10-13,1882.0,1882.0,1882.0,1882.0,9851562368,5234624,299,1828.0,1882.0
2019-10-14,1938.0,1938.0,1827.0,1914.0,28317498992,14798545,1142,1882.0,1938.0
2019-10-15,1861.0,1952.0,1857.0,1878.0,12549896252,6682215,590,1914.0,1857.0
2019-10-16,1822.0,1822.0,1822.0,1822.0,2210714590,1213345,122,1878.0,1822.0
2019-10-20,1768.0,1768.0,1768.0,1768.0,272148240,153930,22,1822.0,1768.0
2019-10-21,1715.0,1715.0,1664.0,1678.0,457276401,272520,52,1768.0,1664.0
2019-10-22,1631.0,1720.0,1628.0,1637.0,13303247070,8128702,747,1678.0,1628.0
2019-10-23,1588.0,1630.0,1588.0,1588.0,5920317709,3727767,348,1637.0,1588.0
2019-10-26,1575.0,1635.0,1551.0,1612.0,5146781236,3192697,272,1588.0,1635.0
2019-10-28,1660.0,1660.0,1660.0,1660.0,2044333160,1231526,82,1612.0,1660.0
2019-10-30,1709.0,1709.0,1700.0,1709.0,3199567520,1872280,147,1660.0,1709.0
2019-11-02,1789.0,1794.0,1633.0,1747.0,10275262055,5882630,678,1709.0,1725.0
2019-11-03,1749.0,1789.0,1695.0,1740.0,5421799511,3115634,390,1747.0,1715.0
2019-11-04,1700.0,1759.0,1688.0,1691.0,3103229455,1835067,248,1740.0,1688.0
2019-11-05,1642.0,1684.0,1641.0,1657.0,13939047884,8410283,619,1691.0,1657.0
2019-11-09,1670.0,1699.0,1633.0,1664.0,10899224745,6548793,519,1657.0,1670.0
2019-11-10,1694.0,1694.0,1615.0,1641.0,12248815556,7466452,580,1664.0,1659.0
2019-11-11,1658.0,1658.0,1592.0,1609.0,6070612270,3772544,425,1641.0,1630.0
2019-11-12,1645.0,1657.0,1585.0,1641.0,6158457354,3752073,369,1609.0,1657.0
2019-11-13,1679.0,1679.0,1602.0,1619.0,4767347686,2944370,348,1641.0,1628.0
2019-11-16,1667.0,1667.0,1580.0,1614.0,5387861746,3337944,385,1619.0,1586.0
2019-11-17,1566.0,1566.0,1566.0,1566.0,676275534,431849,52,1614.0,1566.0
2019-11-18,1532.0,1606.0,1520.0,1557.0,8427931701,5411575,486,1566.0,1597.0
2019-11-19,1590.0,1603.0,1566.0,1597.0,5467017138,3422526,325,1557.0,1603.0
2019-11-20,1613.0,1639.0,1570.0,1594.0,4913813832,3082339,412,1597.0,1598.0
2019-11-23,1600.0,1600.0,1547.0,1570.0,8297358000,5286612,505,1594.0,1571.0
2019-11-24,1587.0,1610.0,1534.0,1573.0,8705295794,5532922,481,1570.0,1596.0
2019-11-25,1589.0,1620.0,1555.0,1603.0,12037546969,7510928,796,1573.0,1555.0
2019-11-26,1602.0,1643.0,1562.0,1613.0,11086429966,6874462,623,1603.0,1638.0
2019-11-27,1643.0,1661.0,1603.0,1645.0,10659959101,6478629,518,1613.0,1661.0
2019-11-30,1669.0,1694.0,1669.0,1693.0,9563534715,5650082,665,1645.0,1694.0
2019-12-01,1705.0,1705.0,1643.0,1647.0,10076288414,6118201,724,1693.0,1643.0
2019-12-02,1614.0,1660.0,1598.0,1617.0,14202755495,8784252,947,1647.0,1603.0
2019-12-03,1600.0,1665.0,1600.0,1661.0,14810360921,8916833,530,1617.0,1665.0
2019-12-04,1710.0,1710.0,1710.0,1710.0,1412610480,826088,114,1661.0,1710.0
2019-12-07,1761.0,1761.0,1750.0,1761.0,17500396410,9938069,608,1710.0,1761.0
2019-12-08,1840.0,1849.0,1762.0,1836.0,20423757992,11122625,1041,1761.0,1849.0
2019-12-09,1891.0,1891.0,1880.0,1891.0,5204103163,2752248,239,1836.0,1891.0
2019-12-10,1947.0,1947.0,1947.0,1947.0,8204136204,4213732,248,1891.0,1947.0
2019-12-11,2005.0,2005.0,1951.0,2002.0,14034939441,7010530,522,1947.0,2005.0
2019-12-14,2102.0,2102.0,2102.0,2102.0,1586810310,754905,62,2002.0,2102.0
2019-12-15,2165.0,2165.0,2165.0,2165.0,2458151825,1135405,79,2102.0,2165.0
2019-12-16,2229.0,2229.0,2229.0,2229.0,1222165158,548302,51,2165.0,2229.0
2019-12-17,2295.0,2295.0,2295.0,2295.0,7488263700,3262860,159,2229.0,2295.0
2019-12-18,2409.0,2409.0,2400.0,2409.0,44312607372,18394694,1086,2295.0,2409.0
2019-12-21,2481.0,2481.0,2481.0,2481.0,10474600887,4221927,244,2409.0,2481.0
2019-12-22,2555.0,2555.0,2555.0,2555.0,897096270,351114,48,2481.0,2555.0
2019-12-23,2631.0,2631.0,2552.0,2630.0,54850091450,20857433,1347,2555.0,2631.0
2019-12-24,2761.0,2761.0,2761.0,2761.0,5528267470,2002270,155,2630.0,2761.0
2019-12-25,2843.0,2843.0,2843.0,2843.0,672053927,236389,39,2761.0,2843.0
2019-12-28,2928.0,2928.0,2928.0,2928.0,1774900896,606182,52,2843.0,2928.0
2019-12-29,3015.0,3015.0,3015.0,3015.0,4440769380,1472892,105,2928.0,3015.0
2019-12-30,3165.0,3165.0,3165.0,3165.0,5988914280,1892232,117,3015.0,3165.0
2019-12-31,3259.0,3259.0,3259.0,3259.0,1873618654,574906,72,3165.0,3259.0
2020-01-01,3356.0,3356.0,3356.0,3356.0,1449691320,431970,54,3259.0,3356.0
2020-01-04,3256.0,3256.0,3256.0,3256.0,13534273808,4156718,551,3356.0,3256.0
2020-01-05,3200.0,3353.0,3200.0,3320.0,91177795473,27465819,1791,3256.0,3353.0
2020-01-07,3418.0,3419.0,3221.0,3338.0,55314405920,16569266,1634,3320.0,3221.0
2020-01-08,3272.0,3272.0,3272.0,3272.0,1775593336,542663,103,3338.0,3272.0
2020-01-19,3370.0,3370.0,3370.0,3370.0,8824924640,2618672,134,3272.0,3370.0
2020-01-20,3471.0,3471.0,3471.0,3471.0,6394380330,1842230,147,3370.0,3471.0
2020-01-21,3575.0,3575.0,3575.0,3575.0,6020682525,1684107,123,3471.0,3575.0
2020-01-22,3682.0,3682.0,3468.0,3555.0,113321536550,31878310,3283,3575.0,3468.0
2020-01-25,3449.0,3449.0,3449.0,3449.0,7797702691,2260859,338,3555.0,3449.0
2020-01-26,3346.0,3346.0,3346.0,3346.0,6956648524,2079094,308,3449.0,3346.0
2020-01-27,3179.0,3513.0,3179.0,3337.0,220479532217,66078038,5135,3346.0,3513.0
2020-01-28,3437.0,3437.0,3437.0,3437.0,3259365529,948317,100,3337.0,3437.0
2020-02-01,3540.0,3540.0,3352.0,3509.0,86752960146,24722038,2451,3437.0,3540.0
2020-02-02,3614.0,3614.0,3500.0,3585.0,45803070176,12776336,1845,3509.0,3500.0
2020-02-03,3488.0,3540.0,3478.0,3490.0,28912873444,8284752,1204,3585.0,3478.0
2020-02-04,3386.0,3500.0,3386.0,3393.0,49867809792,14699199,1478,3490.0,3386.0
2020-02-05,3330.0,3494.0,3325.0,3468.0,37512291587,10816247,1343,3393.0,3494.0
2020-02-08,3572.0,3572.0,3364.0,3454.0,43725757515,12661076,1786,3468.0,3420.0
2020-02-09,3450.0,3450.0,3351.0,3364.0,36617332282,10883481,1302,3454.0,3351.0
2020-02-10,3398.0,3398.0,3264.0,3268.0,20879290235,6389510,819,3364.0,3264.0
2020-02-12,3214.0,3365.0,3180.0,3258.0,23326496571,7160086,1268,3268.0,3266.0
2020-02-15,3319.0,3355.0,3266.0,3349.0,31282759651,9339534,1070,3258.0,3355.0
2020-02-16,3449.0,3449.0,3442.0,3449.0,8713784151,2526516,354,3349.0,3449.0
2020-02-17,3552.0,3552.0,3552.0,3552.0,6844561920,1926960,229,3449.0,3552.0
2020-02-18,3729.0,3729.0,3555.0,3725.0,37166486846,9978028,957,3552.0,3729.0
2020-02-19,3836.0,3836.0,3836.0,3836.0,9325807008,2431128,249,3725.0,3836.0
2020-02-22,3940.0,3951.0,3780.0,3935.0,32775697001,8328472,826,3836.0,3951.0
2020-02-23,4053.0,4053.0,4053.0,4053.0,1251655566,308822,73,3935.0,4053.0
2020-02-24,4255.0,4255.0,4255.0,4255.0,24750220190,5816738,629,4053.0,4255.0
2020-02-25,4382.0,4382.0,4382.0,4382.0,665533778,151879,46,4255.0,4382.0
2020-02-26,4513.0,4513.0,4513.0,4513.0,2565848098,568546,107,4382.0,4513.0
2020-02-29,4648.0,4648.0,4378.0,4583.0,72322878352,15779154,1945,4513.0,4648.0
2020-03-01,4812.0,4812.0,4812.0,4812.0,1154042712,239826,79,4583.0,4812.0
2020-03-02,4956.0,4956.0,4956.0,4904.0,14056846524,2836329,234,4812.0,4956.0
2020-03-03,5051.0,5051.0,5015.0,5051.0,45523557917,9013247,1134,4904.0,5051.0
2020-03-04,5202.0,5202.0,5052.0,5188.0,58552026176,11285237,1538,5051.0,5190.0
2020-03-07,5033.0,5033.0,5033.0,5056.0,16562379981,3290757,575,5188.0,5033.0
2020-03-09,4905.0,4905.0,4905.0,5039.0,2085395085,425157,142,5056.0,4905.0
2020-03-10,4888.0,4888.0,4888.0,5020.0,2328652976,476402,79,5039.0,4888.0
2020-03-11,4769.0,4769.0,4769.0,4898.0,8936714942,1873918,341,5020.0,4769.0
2020-03-14,4752.0,4752.0,4752.0,4892.0,785187216,165233,69,4898.0,4752.0
2020-03-15,4746.0,4746.0,4746.0,4871.0,2734208568,576108,78,4892.0,4746.0
2020-03-16,4725.0,4725.0,4725.0,4805.0,8680340025,1837109,151,4871.0,4725.0
2020-03-17,4565.0,4565.0,4565.0,4757.0,3693810835,809159,151,4805.0,4565.0
2020-03-18,4615.0,4615.0,4615.0,4741.0,2104790740,456076,135,4757.0,4615.0
2020-03-24,4599.0,4599.0,4599.0,4737.0,491044428,106772,65,4741.0,4599.0
2020-03-25,4595.0,4595.0,4595.0,4680.0,7770218520,1691016,206,4737.0,4595.0
2020-03-28,4446.0,4914.0,4446.0,4725.0,295597690595,62565252,7962,4680.0,4914.0
2020-03-29,4866.0,4866.0,4800.0,4861.0,77807122953,16005672,2496,4725.0,4866.0
2020-03-30,4970.0,5006.0,4716.0,4920.0,80186333785,16297687,2812,4861.0,5006.0
2020-04-04,5067.0,5067.0,5006.0,5065.0,61704787431,12183424,2052,4920.0,5060.0
2020-04-05,5210.0,5210.0,4914.0,4937.0,39383930601,7977054,1327,5065.0,4914.0
2020-04-06,4789.0,4789.0,4789.0,4903.0,4468314193,933037,240,4937.0,4789.0
2020-04-07,4756.0,4756.0,4756.0,4806.0,12768195400,2684650,521,4903.0,4756.0
2020-04-08,4700.0,5046.0,4700.0,4938.0,145331594791,29430045,3455,4806.0,4890.0
2020-04-11,4850.0,4899.0,4790.0,4804.0,69895730919,14549126,1889,4938.0,4790.0
2020-04-12,4701.0,4948.0,4701.0,4904.0,101463786804,20688327,2321,4804.0,4880.0
2020-04-13,4999.0,4999.0,4757.0,4797.0,58103724160,12111992,1496,4904.0,4800.0
2020-04-14,4654.0,4938.0,4654.0,4748.0,89490919187,18846833,2389,4797.0,4830.0
2020-04-15,4890.0,4890.0,4800.0,4888.0,42352651294,8664675,868,4748.0,4890.0
2020-04-18,5034.0,5034.0,4995.0,5033.0,51306475426,10193243,1330,4888.0,5034.0
2020-04-19,5050.0,5183.0,4883.0,4953.0,73716710488,14884415,2376,5033.0,4883.0
2020-04-20,4900.0,5088.0,4840.0,4984.0,71655079380,14376021,1641,4953.0,4930.0
2020-04-21,4837.0,5049.0,4835.0,4884.0,54359431709,11130036,1458,4984.0,4835.0
2020-04-22,4740.0,4850.0,4738.0,4770.0,102933888271,21577855,2647,4884.0,4810.0
2020-04-25,4913.0,4913.0,4913.0,4913.0,43725444524,8899948,997,4770.0,4913.0
2020-04-26,5060.0,5060.0,4766.0,4937.0,118176702803,23938515,2766,4913.0,4970.0
2020-04-27,4925.0,5000.0,4795.0,4869.0,107609488152,22102817,2553,4937.0,4825.0
2020-04-28,5005.0,5015.0,4864.0,4978.0,67005955078,13459735,1428,4869.0,5015.0
2020-04-29,5127.0,5127.0,5127.0,5081.0,14847884286,2896018,411,4978.0,5127.0
2020-05-04,5233.0,5233.0,5233.0,5120.0,5222057797,997909,94,5081.0,5233.0
2020-05-05,5273.0,5273.0,5273.0,5273.0,34323132879,6509223,501,5120.0,5273.0
2020-05-06,5431.0,5431.0,5431.0,5387.0,15450342333,2844843,234,5273.0,5431.0
2020-05-09,5548.0,5548.0,5548.0,5475.0,11221440280,2022610,218,5387.0,5548.0
2020-05-10,5748.0,5748.0,5748.0,5726.0,19582832460,3406895,216,5475.0,5748.0
2020-05-11,5897.0,5897.0,5897.0,5808.0,10494601947,1779651,225,5726.0,5897.0
2020-05-12,5982.0,5982.0,5701.0,5934.0,247278310051,41671110,4176,5808.0,5982.0
2020-05-13,6112.0,6112.0,6112.0,6112.0,26902524192,4401591,404,5934.0,6112.0
2020-05-16,6417.0,6417.0,6417.0,6417.0,33683930307,5249171,512,6112.0,6417.0
2020-05-17,6609.0,6609.0,6609.0,6609.0,50690666505,7669945,532,6417.0,6609.0
2020-05-18,6807.0,6807.0,6807.0,6717.0,12109176510,1778930,225,6609.0,6807.0
2020-05-19,6918.0,6918.0,6918.0,6864.0,16600910142,2399669,258,6717.0,6918.0
2020-05-20,7207.0,7207.0,7001.0,7200.0,101481265684,14094665,1556,6864.0,7207.0
2020-05-23,6984.0,6984.0,6984.0,6984.0,35021372760,5014515,756,7200.0,6984.0
2020-05-26,6775.0,6775.0,6775.0,6918.0,5918965200,873648,127,6984.0,6775.0
2020-05-27,6711.0,6711.0,6711.0,6836.0,7412151858,1104478,186,6918.0,6711.0
2020-05-30,6495.0,6711.0,6495.0,6536.0,260436989223,39847189,4452,6836.0,6520.0
2020-05-31,6500.0,6515.0,6340.0,6388.0,27332756831,4278718,664,6536.0,6340.0
2020-06-01,6197.0,6340.0,6197.0,6213.0,74260043568,11952018,1298,6388.0,6197.0
2020-06-02,6030.0,6390.0,6030.0,6172.0,102157159408,16551372,2599,6213.0,6080.0
2020-06-06,6338.0,6357.0,6200.0,6335.0,55332263138,8734605,902,6172.0,6357.0
2020-06-07,6525.0,6525.0,6525.0,6525.0,23330144025,3575501,305,6335.0,6525.0
2020-06-21,7210.0,7210.0,7210.0,6867.0,11028300640,1529584,129,6525.0,7210.0
2020-06-22,7073.0,7073.0,7023.0,7073.0,135953920583,19222551,1796,6867.0,7073.0
2020-06-23,7285.0,7285.0,6870.0,7257.0,82917852743,11425336,1565,7073.0,6890.0
2020-06-24,7040.0,7474.0,7040.0,7311.0,164618997519,22517243,1498,7257.0,7474.0
2020-06-27,7530.0,7530.0,7530.0,7526.0,20194322970,2681849,397,7311.0,7530.0
2020-06-28,7751.0,7751.0,7301.0,7643.0,107176506802,14023365,1552,7526.0,7751.0
2020-06-29,7900.0,8025.0,7400.0,7847.0,90483560286,11531292,1616,7643.0,8025.0
2020-06-30,8082.0,8082.0,8082.0,8006.0,14938308126,1848343,398,7847.0,8082.0
2020-07-01,8246.0,8246.0,8246.0,8197.0,17927125594,2174039,421,8006.0,8246.0
2020-07-04,8442.0,8442.0,7990.0,8371.0,108872352752,13005668,1994,8197.0,8442.0
2020-07-05,8768.0,8789.0,8460.0,8725.0,47834814832,5482617,1048,8371.0,8789.0
2020-07-06,8986.0,8986.0,8986.0,8986.0,40503945700,4507450,740,8725.0,8986.0
2020-07-08,8717.0,8717.0,8717.0,8944.0,3332343477,382281,94,8986.0,8717.0
2020-07-11,8676.0,8676.0,8676.0,8700.0,17678963736,2037686,501,8944.0,8676.0
2020-07-12,8439.0,8961.0,8439.0,8806.0,227880820172,25879050,3572,8700.0,8530.0
2020-07-13,8980.0,9024.0,8542.0,8699.0,134137660180,15420643,2228,8806.0,8592.0
2020-07-14,8439.0,8592.0,8439.0,8443.0,42508568567,5034619,933,8699.0,8439.0
2020-07-15,8190.0,8190.0,8190.0,8190.0,21793680090,2661011,399,8443.0,8190.0
2020-07-19,8800.0,8800.0,8800.0,8450.0,9149228000,1039685,171,8190.0,8800.0
2020-07-20,8703.0,8703.0,8600.0,8702.0,88451876805,10164290,1388,8450.0,8703.0
2020-07-21,8750.0,8953.0,8441.0,8701.0,129158481266,14843389,2401,8702.0,8441.0
2020-07-22,8440.0,8650.0,8440.0,8443.0,86606452908,10257602,1088,8701.0,8440.0
2020-07-25,8190.0,8509.0,8190.0,8233.0,97367854792,11826439,1705,8443.0,8190.0
2020-07-26,7987.0,8150.0,7987.0,7989.0,79439825240,9944028,1381,8233.0,7987.0
2020-07-27,7600.0,7900.0,7590.0,7613.0,105662649196,13878792,1734,7989.0,7590.0
2020-07-28,7450.0,7841.0,7385.0,7516.0,74797221538,9951439,1723,7613.0,7420.0
2020-07-29,7295.0,7741.0,7295.0,7699.0,34930105157,4536839,756,7516.0,7741.0
2020-08-01,7929.0,7929.0,7929.0,7929.0,23078266335,2910615,419,7699.0,7929.0
2020-08-02,8166.0,8166.0,7929.0,8145.0,66231282134,8131850,1162,7929.0,7929.0
2020-08-03,8150.0,8289.0,7901.0,7990.0,22329231083,2794677,573,8145.0,7901.0
2020-08-04,7751.0,7751.0,7751.0,7893.0,8202511252,1058252,248,7990.0,7751.0
2020-08-05,7657.0,7860.0,7657.0,7658.0,83862220885,10951120,1121,7893.0,7657.0
2020-08-09,7658.0,7800.0,7276.0,7306.0,104593900876,14316554,1582,7658.0,7276.0
2020-08-10,7485.0,7485.0,7087.0,7191.0,111693521376,15532500,1836,7306.0,7378.0
2020-08-11,7360.0,7360.0,6976.0,7037.0,48585940232,6904795,963,7191.0,6976.0
2020-08-12,7037.0,7037.0,6826.0,6849.0,44116368849,6441739,699,7037.0,6826.0
2020-08-15,6644.0,6844.0,6644.0,6647.0,29551881194,4445866,472,6849.0,6644.0
2020-08-16,6315.0,6315.0,6315.0,6315.0,27761712510,4396154,229,6647.0,6315.0
2020-08-17,6126.0,6490.0,6126.0,6158.0,47646295385,7737366,860,6315.0,6136.0
2020-08-18,6069.0,6342.0,6069.0,6288.0,25320378449,4026645,728,6158.0,6285.0
2020-08-19,6470.0,6470.0,6100.0,6233.0,8134324015,1319150,344,6288.0,6100.0
2020-08-22,6051.0,6419.0,6047.0,6126.0,24528402023,4004139,445,6233.0,6047.0
2020-08-23,5943.0,6020.0,5943.0,5970.0,16236636765,2732001,298,6126.0,5943.0
2020-08-24,5791.0,5791.0,5791.0,5945.0,2605689405,449955,96,5970.0,5791.0
2020-08-25,5767.0,5900.0,5767.0,5771.0,34361249495,5954227,629,5945.0,5767.0
2020-08-26,5610.0,5944.0,5610.0,5919.0,30478642007,5149374,853,5771.0,5944.0
2020-08-31,6096.0,6096.0,5742.0,5858.0,13771073101,2361321,321,5919.0,5742.0
2020-09-01,5683.0,5683.0,5683.0,5853.0,591895816,104152,49,5858.0,5683.0
2020-09-02,5678.0,5678.0,5678.0,5850.0,344404768,60656,32,5853.0,5678.0
2020-09-05,5558.0,5558.0,5558.0,5766.0,5465970636,983442,118,5850.0,5558.0
2020-09-06,5594.0,5594.0,5594.0,5730.0,4026421350,719775,133,5766.0,5594.0
2020-09-07,5559.0,5559.0,5559.0,5727.0,358855686,64554,20,5730.0,5559.0
2020-09-08,5556.0,5556.0,5556.0,5725.0,191804232,34522,16,5727.0,5556.0
2020-09-09,5439.0,5439.0,5439.0,5708.0,1133297235,208365,70,5725.0,5439.0
2020-09-12,5537.0,5537.0,5537.0,5688.0,2232285846,403158,70,5708.0,5537.0
2020-09-13,5518.0,5518.0,5518.0,5682.0,705503890,127855,31,5688.0,5518.0
2020-09-14,5512.0,5512.0,5512.0,5675.0,824391256,149563,41,5682.0,5512.0
2020-09-15,5392.0,5392.0,5392.0,5595.0,5371235408,996149,184,5675.0,5392.0
2020-09-16,5428.0,5428.0,5428.0,5576.0,2134452440,393230,86,5595.0,5428.0
2020-09-19,5409.0,5409.0,5409.0,5553.0,2627410932,485748,40,5576.0,5409.0
2020-09-20,5387.0,5387.0,5387.0,5552.0,151466279,28117,9,5553.0,5387.0
2020-09-21,5275.0,5275.0,5275.0,5546.0,383365900,72676,15,5552.0,5275.0
2020-09-22,5380.0,5380.0,5380.0,5540.0,665602840,123718,19,5546.0,5380.0
2020-09-23,5374.0,5374.0,5374.0,5536.0,518805960,96540,27,5540.0,5374.0
2020-09-26,5370.0,5370.0,5370.0,5534.0,176930760,32948,19,5536.0,5370.0
2020-09-27,5258.0,5258.0,5258.0,5526.0,580451652,110394,16,5534.0,5258.0
2020-09-28,5361.0,5361.0,5361.0,5525.0,100717107,18787,10,5526.0,5361.0
2020-09-29,5360.0,5360.0,5360.0,5525.0,44798880,8358,5,5525.0,5360.0
2020-09-30,5360.0,5360.0,5360.0,5523.0,280494160,52331,11,5525.0,5360.0
2020-10-03,5247.0,5247.0,5247.0,5491.0,2187395595,416885,70,5523.0,5247.0
2020-10-04,5327.0,5327.0,5327.0,5471.0,2397165981,450003,28,5491.0,5327.0
2020-10-05,5307.0,5307.0,5307.0,5467.0,500619924,94332,18,5471.0,5307.0
2020-10-07,5303.0,5303.0,5303.0,5442.0,2891720597,545299,83,5467.0,5303.0
2020-10-10,5170.0,5170.0,5170.0,5399.0,2972775850,575005,68,5442.0,5170.0
2020-10-11,5238.0,5238.0,5238.0,5372.0,3240823932,618714,112,5399.0,5238.0
2020-10-12,5211.0,5211.0,5211.0,5368.0,421335405,80855,20,5372.0,5211.0
2020-10-13,5207.0,5207.0,5207.0,5366.0,187743592,36056,22,5368.0,5207.0
2020-10-14,5098.0,5098.0,5098.0,5358.0,559388246,109727,33,5366.0,5098.0
2020-10-18,5198.0,5198.0,5198.0,5357.0,166783028,32086,13,5358.0,5198.0
2020-10-19,5197.0,5197.0,5197.0,5357.0,10394000,2000,2,5357.0,5197.0
2020-10-20,5197.0,5197.0,5197.0,5356.0,108918726,20958,8,5357.0,5197.0
2020-10-21,5089.0,5089.0,5089.0,5350.0,459445098,90282,23,5356.0,5089.0
2020-10-24,5190.0,5190.0,5190.0,5350.0,36781530,7087,4,5350.0,5190.0
2020-10-26,5190.0,5190.0,5190.0,5349.0,87093390,16781,9,5350.0,5190.0
2020-10-27,5189.0,5189.0,5189.0,5348.0,65729063,12667,7,5349.0,5189.0
2020-10-28,5081.0,5081.0,5081.0,5344.0,261900145,51545,13,5348.0,5081.0
2020-10-31,5184.0,5184.0,5184.0,5336.0,962637696,185694,27,5344.0,5184.0
2020-11-01,5176.0,5176.0,5176.0,5336.0,21583920,4170,2,5336.0,5176.0
2020-11-02,5176.0,5176.0,5176.0,5336.0,20704000,4000,3,5336.0,5176.0
2020-11-04,5070.0,5070.0,5070.0,5324.0,837477810,165183,24,5336.0,5070.0
2020-11-07,5165.0,5165.0,5165.0,5321.0,361224605,69937,9,5324.0,5165.0
2020-11-08,5162.0,5162.0,5162.0,5319.0,216922726,42023,7,5321.0,5162.0
2020-11-09,5160.0,5160.0,5160.0,5318.0,72745680,14098,5,5319.0,5160.0
2020-11-10,5053.0,5053.0,5053.0,5316.0,145849792,28864,12,5318.0,5053.0
2020-11-11,5157.0,5157.0,5157.0,5314.0,241290873,46789,11,5316.0,5157.0
2020-11-14,5155.0,5155.0,5155.0,5305.0,1089957735,211437,35,5314.0,5155.0
2020-11-15,5146.0,5146.0,5146.0,5304.0,165881310,32235,7,5305.0,5146.0
2020-11-16,5039.0,5039.0,5039.0,5298.0,409595115,81285,19,5304.0,5039.0
2020-11-17,5140.0,5140.0,5140.0,5286.0,1487073960,289314,34,5298.0,5140.0
2020-11-18,5128.0,5128.0,5128.0,5272.0,1739540672,339224,39,5286.0,5128.0
2020-11-21,5114.0,5114.0,5114.0,5223.0,5979943392,1169328,52,5272.0,5114.0
2020-11-22,4962.0,4962.0,4962.0,5159.0,4628245956,932738,58,5223.0,4962.0
2020-11-23,5005.0,5005.0,5005.0,5139.0,2521984465,503893,47,5159.0,5005.0
2020-11-24,4985.0,4985.0,4985.0,5131.0,973091940,195204,12,5139.0,4985.0
2020-11-25,4978.0,4978.0,4978.0,5115.0,1947632544,391248,32,5131.0,4978.0
2020-11-28,4860.0,5297.0,4860.0,5106.0,194096911146,38010259,3727,5115.0,5190.0
2020-11-29,5259.0,5259.0,5116.0,5209.0,97873875224,18790417,2463,5106.0,5251.0
2020-11-30,5300.0,5300.0,5053.0,5086.0,32633074508,6416449,960,5209.0,5053.0
2020-12-01,4934.0,5000.0,4934.0,4938.0,22253120569,4506099,658,5086.0,4934.0
2020-12-02,4790.0,4790.0,4790.0,4886.0,6529914810,1363239,220,4938.0,4790.0
2020-12-05,4645.0,4990.0,4642.0,4744.0,124726703365,26289371,2719,4886.0,4791.0
2020-12-06,4860.0,4886.0,4795.0,4874.0,59583607857,12224324,1021,4744.0,4886.0
2020-12-07,5020.0,5020.0,4888.0,5012.0,58636652138,11699626,1173,4874.0,5020.0
2020-12-08,5012.0,5160.0,4900.0,5032.0,43383184898,8621894,1225,5012.0,4930.0
2020-12-09,4930.0,5140.0,4882.0,4916.0,72721175739,14792278,1725,5032.0,4882.0
2020-12-12,5040.0,5063.0,4970.0,5051.0,60900869453,12056320,1226,4916.0,5063.0
2020-12-13,5202.0,5202.0,5078.0,5191.0,36499204328,7030880,707,5051.0,5202.0
2020-12-14,5346.0,5346.0,5050.0,5225.0,61857713948,11839051,1235,5191.0,5070.0
2020-12-15,5069.0,5208.0,5069.0,5163.0,8682618488,1710122,162,5225.0,5069.0
2020-12-16,5009.0,5069.0,5009.0,5011.0,26209385694,5230033,434,5163.0,5009.0
2020-12-19,4880.0,5159.0,4861.0,4888.0,44062158025,9014701,979,5011.0,4939.0
2020-12-20,4939.0,4989.0,4742.0,4826.0,10642905252,2228377,302,4888.0,4742.0
2020-12-21,4682.0,4970.0,4682.0,4871.0,78955526984,16209985,953,4826.0,4970.0
2020-12-22,5017.0,5017.0,5017.0,4943.0,9812494433,1955849,150,4871.0,5017.0
2020-12-23,5091.0,5091.0,5091.0,5001.0,7895952633,1550963,147,4943.0,5091.0
2020-12-26,5251.0,5251.0,5251.0,5237.0,19853568912,3780912,228,5001.0,5251.0
2020-12-27,5394.0,5394.0,5255.0,5388.0,63916012058,11862743,705,5237.0,5394.0
2020-12-28,5549.0,5549.0,5227.0,5395.0,192235744216,35631486,2267,5388.0,5259.0
2020-12-29,5234.0,5400.0,5234.0,5241.0,33001432181,6296254,456,5395.0,5234.0
2020-12-30,5084.0,5198.0,5084.0,5109.0,17116010958,3366258,193,5241.0,5084.0
2021-01-02,4956.0,4956.0,4956.0,5082.0,3471915888,700548,53,5109.0,4956.0
2021-01-03,4828.0,5022.0,4828.0,4837.0,53963439685,11156650,677,5082.0,4828.0
2021-01-04,4820.0,4982.0,4692.0,4875.0,97210618320,19939083,1964,4837.0,4692.0
2021-01-05,4820.0,4990.0,4729.0,4842.0,94126887000,19440181,2238,4875.0,4800.0
2021-01-06,4969.0,4987.0,4710.0,4929.0,86733311015,17594836,1747,4842.0,4987.0
2021-01-09,5076.0,5076.0,5076.0,5020.0,12778139664,2517364,260,4929.0,5076.0
2021-01-10,5170.0,5170.0,5170.0,5109.0,12420278750,2402375,215,5020.0,5170.0
2021-01-11,5364.0,5364.0,5364.0,5364.0,31481037072,5868948,293,5109.0,5364.0
2021-01-12,5524.0,5524.0,5410.0,5505.0,171357564338,31126442,1600,5364.0,5524.0
2021-01-13,5600.0,5670.0,5340.0,5602.0,161889270147,28896610,2083,5505.0,5670.0
2021-01-16,5770.0,5770.0,5434.0,5641.0,113484058586,20119441,1509,5602.0,5434.0
2021-01-18,5472.0,5472.0,5472.0,5539.0,11828537856,2161648,59,5641.0,5472.0
2021-01-19,5373.0,5705.0,5373.0,5529.0,197253351789,35675146,2408,5539.0,5464.0
2021-01-20,5364.0,5612.0,5364.0,5399.0,37484363246,6943290,638,5529.0,5364.0
2021-01-23,5450.0,5500.0,5238.0,5310.0,62573933568,11783171,1573,5399.0,5238.0
2021-01-24,5180.0,5323.0,5151.0,5170.0,29149494204,5638701,483,5310.0,5151.0
2021-01-25,4912.0,5128.0,4912.0,4980.0,74580975422,14974901,1171,5170.0,5098.0
2021-01-26,5109.0,5109.0,4831.0,4882.0,37350376789,7651144,916,4980.0,4831.0
2021-01-27,4775.0,4880.0,4736.0,4738.0,45465105970,9594973,779,4882.0,4736.0
2021-01-30,4596.0,4790.0,4596.0,4661.0,64269558077,13790258,1536,4738.0,4596.0
2021-01-31,4690.0,4730.0,4522.0,4537.0,35538101863,7832923,705,4661.0,4522.0
2021-02-01,4321.0,4490.0,4311.0,4376.0,14841195920,3420550,294,4537.0,4311.0
2021-02-02,4245.0,4507.0,4245.0,4426.0,83419264583,18848038,980,4376.0,4507.0
2021-02-03,4558.0,4558.0,4558.0,4477.0,7398923914,1623283,130,4426.0,4558.0
2021-02-06,4611.0,4611.0,4345.0,4586.0,87446118342,19069088,1583,4477.0,4597.0
2021-02-07,4600.0,4650.0,4449.0,4484.0,80690711017,17995908,1529,4586.0,4479.0
2021-02-08,4400.0,4440.0,4350.0,4353.0,40485958342,9300580,625,4484.0,4350.0
2021-02-09,4260.0,4344.0,4223.0,4229.0,32079697314,7585641,736,4353.0,4223.0
2021-02-13,4340.0,4340.0,4145.0,4172.0,61732714020,14795695,1139,4229.0,4145.0
2021-02-14,4100.0,4150.0,4089.0,4094.0,18703239067,4571767,338,4172.0,4089.0
2021-02-15,4013.0,4013.0,4013.0,4070.0,5724440162,1426474,80,4094.0,4013.0
2021-02-16,3908.0,4243.0,3908.0,4113.0,55152674316,13409734,1236,4070.0,4199.0
2021-02-17,4200.0,4219.0,4050.0,4151.0,21607400022,5205390,693,4113.0,4117.0
2021-02-20,4080.0,4090.0,4068.0,4121.0,7181001056,1764379,164,4151.0,4068.0
2021-02-21,4039.0,4100.0,4039.0,4077.0,10632148079,2631698,168,4121.0,4039.0
2021-02-22,3996.0,3996.0,3996.0,4040.0,8678920392,2171902,115,4077.0,3996.0
2021-02-23,3901.0,4173.0,3879.0,3955.0,15449422275,3924982,572,4040.0,4029.0
2021-02-24,3955.0,4040.0,3876.0,3914.0,13449493761,3450589,381,3955.0,3876.0
2021-02-27,3836.0,3955.0,3836.0,3862.0,13977429936,3639038,354,3914.0,3836.0
2021-02-28,3785.0,3786.0,3785.0,3851.0,2664775195,704020,80,3862.0,3785.0
2021-03-01,3774.0,3785.0,3774.0,3823.0,7084012782,1876908,159,3851.0,3774.0
2021-03-02,3671.0,3785.0,3671.0,3784.0,6528836889,1760321,244,3823.0,3710.0
2021-03-03,3710.0,3750.0,3709.0,3740.0,12121539101,3263191,180,3784.0,3709.0
2021-03-06,3666.0,3749.0,3666.0,3674.0,27504037832,7485528,526,3740.0,3666.0
2021-03-07,3601.0,3784.0,3601.0,3747.0,15353610341,4073449,243,3674.0,3784.0
2021-03-08,3859.0,3859.0,3859.0,3804.0,10465202805,2711895,109,3747.0,3859.0
2021-03-10,3918.0,3918.0,3800.0,3917.0,28706045786,7328244,169,3804.0,3918.0
2021-03-13,4034.0,4034.0,3839.0,3948.0,56992800848,14434414,1121,3917.0,3860.0
2021-03-14,3871.0,3989.0,3870.0,3913.0,15329072408,3927403,584,3948.0,3900.0
2021-03-15,3970.0,4030.0,3836.0,4010.0,25632062473,6391654,552,3913.0,4030.0
2021-03-16,4130.0,4130.0,3960.0,4072.0,26931411538,6614468,849,4010.0,4049.0
2021-03-17,4120.0,4130.0,3991.0,4017.0,20917513728,5207007,556,4072.0,3993.0
2021-03-27,4000.0,4137.0,3940.0,4097.0,21883843261,5340780,422,4017.0,4137.0
2021-03-28,4180.0,4219.0,4117.0,4211.0,25486313576,6052095,523,4097.0,4219.0
2021-03-30,4290.0,4290.0,4127.0,4165.0,14830698522,3575770,470,4211.0,4160.0
2021-03-31,4250.0,4250.0,4082.0,4147.0,7318672160,1778824,321,4165.0,4150.0
2021-04-03,4200.0,4200.0,4065.0,4100.0,11710175779,2878342,210,4147.0,4065.0
2021-04-04,4018.0,4018.0,4018.0,4061.0,9244156348,2300686,50,4100.0,4018.0
2021-04-05,3980.0,4070.0,3980.0,4034.0,6626449270,1663853,212,4061.0,3980.0
2021-04-06,3954.0,4014.0,3954.0,4001.0,7798269644,1972056,149,4034.0,3954.0
2021-04-07,3921.0,3921.0,3921.0,3966.0,8248572411,2103691,60,4001.0,3921.0
2021-04-10,3887.0,3887.0,3887.0,3965.0,189607860,48780,14,3966.0,3887.0
2021-04-11,3886.0,3886.0,3886.0,3933.0,7963552598,2049293,27,3965.0,3886.0
2021-04-12,3855.0,3884.0,3855.0,3922.0,2879694726,746922,88,3933.0,3855.0
2021-04-13,3766.0,4070.0,3766.0,3880.0,9655899706,2516292,364,3922.0,3810.0
2021-04-14,3820.0,3820.0,3803.0,3875.0,1354479554,355884,52,3880.0,3803.0
2021-04-17,3798.0,3798.0,3798.0,3875.0,15495840,4080,2,3875.0,3798.0
2021-04-18,3798.0,3798.0,3798.0,3874.0,134312472,35364,5,3875.0,3798.0
2021-04-19,3720.0,3720.0,3720.0,3869.0,643746000,173050,19,3874.0,3720.0
2021-04-20,3792.0,3792.0,3792.0,3869.0,75752784,19977,6,3869.0,3792.0
2021-04-21,3792.0,3792.0,3792.0,3869.0,21527184,5677,4,3869.0,3792.0
2021-04-24,3792.0,3792.0,3792.0,3869.0,60535488,15964,3,3869.0,3792.0
2021-04-25,3715.0,3715.0,3715.0,3868.0,121513935,32709,7,3869.0,3715.0
2021-04-26,3791.0,3791.0,3791.0,3837.0,7992925445,2108395,90,3868.0,3791.0
2021-04-27,3761.0,3771.0,3761.0,3814.0,5990540285,1592785,69,3837.0,3761.0
2021-04-28,3738.0,3738.0,3738.0,3801.0,3255599886,870947,33,3814.0,3738.0
2021-05-01,3649.0,3649.0,3649.0,3775.0,3234221819,886331,28,3801.0,3649.0
2021-05-02,3700.0,3700.0,3700.0,3769.0,1537375900,415507,11,3775.0,3700.0
2021-05-03,3694.0,3694.0,3694.0,3765.0,1108200000,300000,4,3769.0,3694.0
2021-05-05,3690.0,3690.0,3690.0,3742.0,6021544950,1631855,25,3765.0,3690.0
2021-05-08,3593.0,3593.0,3593.0,3713.0,3774927962,1050634,53,3742.0,3593.0
2021-05-09,3639.0,3639.0,3639.0,3703.0,2577194385,708215,18,3713.0,3639.0
2021-05-10,3629.0,3814.0,3629.0,3798.0,34842514087,9173701,408,3703.0,3814.0
2021-05-11,3911.0,3911.0,3845.0,3910.0,45346224034,11598232,566,3798.0,3911.0
2021-05-12,4027.0,4027.0,3852.0,3998.0,55297537471,13830405,1107,3910.0,3930.0
2021-05-15,3879.0,3879.0,3879.0,3879.0,10772173071,2777049,93,3998.0,3879.0
2021-05-16,3763.0,3763.0,3763.0,3780.0,8041598734,2137018,48,3879.0,3763.0
2021-05-17,3667.0,3667.0,3667.0,3687.0,7545002847,2057541,37,3780.0,3667.0
2021-05-18,3503.0,3710.0,3503.0,3512.0,21722951340,6186148,284,3687.0,3503.0
2021-05-19,3407.0,3616.0,3407.0,3414.0,20846078538,6105755,272,3512.0,3407.0
2021-05-22,3312.0,3313.0,3312.0,3380.0,3206206784,968057,51,3414.0,3312.0
2021-05-23,3279.0,3279.0,3279.0,3336.0,4204373148,1282212,24,3380.0,3279.0
2021-05-24,3170.0,3170.0,3170.0,3304.0,1811531370,571461,19,3336.0,3170.0
2021-05-25,3205.0,3205.0,3205.0,3263.0,3926099360,1224992,46,3304.0,3205.0
2021-05-26,3166.0,3359.0,3166.0,3176.0,18367675649,5783004,455,3263.0,3179.0
2021-05-29,3103.0,3239.0,3081.0,3139.0,14199878644,4524016,542,3176.0,3130.0
2021-05-30,3232.0,3233.0,3101.0,3212.0,16151525864,5027912,396,3139.0,3205.0
2021-05-31,3140.0,3308.0,3116.0,3253.0,29767224474,9151856,424,3212.0,3308.0
2021-06-01,3350.0,3350.0,3156.0,3256.0,34749321218,10673243,739,3253.0,3257.0
2021-06-14,3161.0,3352.0,3161.0,3287.0,12099390093,3681486,330,3256.0,3210.0
2021-06-15,3193.0,3212.0,3189.0,3191.0,12504179918,3918955,230,3287.0,3189.0
2021-06-16,3110.0,3200.0,3096.0,3103.0,10859281947,3499600,250,3191.0,3096.0
2021-06-19,3031.0,3160.0,3010.0,3055.0,16800645784,5499531,294,3103.0,3120.0
2021-06-20,3145.0,3146.0,3013.0,3132.0,13444750640,4292976,215,3055.0,3146.0
2021-06-21,3220.0,3225.0,3161.0,3222.0,17382035664,5395187,305,3132.0,3225.0
2021-06-22,3316.0,3318.0,3201.0,3297.0,15066163307,4569190,252,3222.0,3318.0
2021-06-23,3385.0,3461.0,3225.0,3457.0,14806224495,4282824,240,3297.0,3461.0
2021-06-26,3560.0,3560.0,3470.0,3558.0,10255025852,2882131,110,3457.0,3560.0
2021-06-27,3664.0,3664.0,3664.0,3646.0,8767893376,2392984,83,3558.0,3664.0
2021-06-28,3755.0,3755.0,3560.0,3736.0,68625226556,18366414,803,3646.0,3755.0
2021-06-29,3900.0,3922.0,3670.0,3903.0,46202351696,11839131,757,3736.0,3920.0
2021-06-30,3980.0,4020.0,3793.0,3960.0,21406437611,5406207,592,3903.0,4000.0
2021-07-03,4060.0,4060.0,3842.0,3876.0,50933263931,13140814,615,3960.0,3842.0
2021-07-04,3772.0,3992.0,3761.0,3930.0,38734866633,9855115,386,3876.0,3992.0
2021-07-05,4040.0,4047.0,4011.0,4046.0,14375627307,3552759,114,3930.0,4047.0
2021-07-06,4167.0,4167.0,4167.0,4167.0,13462114383,3230649,84,4046.0,4167.0
2021-07-07,4375.0,4375.0,4301.0,4375.0,41871804480,9571002,266,4167.0,4375.0
2021-07-10,4506.0,4506.0,4375.0,4504.0,22697747502,5039071,240,4375.0,4506.0
2021-07-11,4639.0,4639.0,4510.0,4628.0,35964059622,7770866,382,4504.0,4639.0
2021-07-12,4680.0,4766.0,4639.0,4751.0,32768003273,6896364,601,4628.0,4766.0
2021-07-13,4980.0,4980.0,4514.0,4668.0,88279862947,18912029,1259,4751.0,4514.0
2021-07-14,4620.0,4620.0,4528.0,4529.0,23425970674,5172943,213,4668.0,4528.0
2021-07-17,4421.0,4664.0,4421.0,4645.0,39655627030,8536722,411,4529.0,4664.0
2021-07-18,4784.0,4784.0,4700.0,4782.0,23500209443,4914642,294,4645.0,4784.0
2021-07-19,4925.0,4925.0,4720.0,4876.0,84505870111,17330107,1058,4782.0,4800.0
2021-07-26,4846.0,4900.0,4730.0,4739.0,57029800170,12034592,718,4876.0,4732.0
2021-07-27,4850.0,4881.0,4671.0,4854.0,25473198963,5248150,530,4739.0,4858.0
2021-08-01,4960.0,4999.0,4880.0,4954.0,24597031245,4964672,376,4854.0,4930.0
2021-08-02,5000.0,5102.0,4807.0,5080.0,96934944312,19082882,908,4954.0,5102.0
2021-08-03,5232.0,5232.0,5133.0,5226.0,23702307435,4535233,257,5080.0,5232.0
2021-08-04,5322.0,5382.0,5120.0,5342.0,70017669209,13105962,920,5226.0,5330.0
2021-08-07,5437.0,5437.0,5182.0,5195.0,46850558764,9018870,704,5342.0,5182.0
2021-08-08,5050.0,5250.0,5040.0,5064.0,67103403960,13251510,844,5195.0,5198.0
2021-08-09,5020.0,5190.0,4951.0,5106.0,18210254016,3566314,488,5064.0,5096.0
2021-08-10,5100.0,5259.0,5030.0,5250.0,116325404771,22156882,836,5106.0,5259.0
2021-08-11,5340.0,5400.0,5200.0,5307.0,20589781957,3880052,459,5250.0,5250.0
2021-08-14,5320.0,5466.0,5160.0,5380.0,54930019225,10209380,631,5307.0,5466.0
2021-08-15,5502.0,5541.0,5401.0,5533.0,36333966930,6566590,544,5380.0,5540.0
2021-08-22,5698.0,5698.0,5561.0,5693.0,36322212334,6379838,463,5533.0,5698.0
2021-08-23,5596.0,5863.0,5596.0,5840.0,33867718049,5799409,573,5693.0,5863.0
2021-08-24,6015.0,6015.0,5871.0,5970.0,36800573980,6164395,728,5840.0,6000.0
2021-08-25,6120.0,6120.0,5841.0,5997.0,37891068977,6318513,567,5970.0,6040.0
2021-08-28,6140.0,6176.0,5900.0,6051.0,36303727994,5999226,655,5997.0,5925.0
2021-08-29,6150.0,6150.0,5870.0,5918.0,40148937771,6784522,601,6051.0,5870.0
2021-08-30,5760.0,5800.0,5741.0,5749.0,28697676129,4992129,266,5918.0,5741.0
2021-08-31,5580.0,5666.0,5577.0,5586.0,28071004053,5025667,342,5749.0,5577.0
2021-09-01,5440.0,5753.0,5440.0,5726.0,26834977325,4686190,357,5586.0,5753.0
2021-09-04,5889.0,5897.0,5616.0,5835.0,15187147690,2602559,356,5726.0,5810.0
2021-09-05,5930.0,6010.0,5835.0,5986.0,25315908472,4229516,524,5835.0,6000.0
2021-09-06,6150.0,6165.0,5950.0,6154.0,36878236004,5992544,590,5986.0,6150.0
2021-09-07,6232.0,6338.0,6070.0,6319.0,39518773111,6254008,770,6154.0,6337.0
2021-09-08,6427.0,6508.0,6300.0,6480.0,20943358578,3231787,493,6319.0,6508.0
2021-09-11,6674.0,6674.0,6674.0,6633.0,8103337210,1214165,119,6480.0,6674.0
2021-09-12,6831.0,6831.0,6440.0,6713.0,53301375784,7940484,1175,6633.0,6740.0
2021-09-13,6800.0,6914.0,6512.0,6794.0,56699488502,8345848,894,6713.0,6906.0
2021-09-14,6970.0,6997.0,6880.0,6992.0,28592921357,4089195,604,6794.0,6997.0
2021-09-15,7200.0,7201.0,7061.0,7199.0,231618281986,32173801,1345,6992.0,7201.0
2021-09-18,7414.0,7414.0,7300.0,7405.0,18512454821,2499855,384,7199.0,7414.0
2021-09-19,7627.0,7627.0,7183.0,7447.0,128895240224,17309083,1601,7405.0,7445.0
2021-09-20,7230.0,7670.0,7224.0,7518.0,79469213629,10570563,1265,7447.0,7629.0
2021-09-21,7730.0,7743.0,7365.0,7580.0,77070743377,10167627,1108,7518.0,7379.0
2021-09-22,7391.0,7580.0,7353.0,7373.0,27767527947,3765888,246,7580.0,7353.0
2021-09-25,7160.0,7350.0,7152.0,7157.0,37293414350,5210507,447,7373.0,7152.0
2021-09-26,6943.0,7150.0,6943.0,6949.0,62106172346,8936833,523,7157.0,7140.0
2021-09-28,7157.0,7157.0,6980.0,7118.0,41409630044,5817772,663,6949.0,7157.0
2021-09-29,7315.0,7331.0,7300.0,7328.0,54556982241,7445296,666,7118.0,7331.0
2021-10-02,7538.0,7547.0,7300.0,7537.0,28956232138,3841725,521,7328.0,7547.0
2021-10-03,7600.0,7763.0,7600.0,7741.0,60264260180,7784689,714,7537.0,7763.0
2021-10-04,7750.0,7973.0,7750.0,7955.0,20176969921,2536479,447,7741.0,7973.0
2021-10-06,8352.0,8352.0,8100.0,8344.0,64385579849,7716088,1150,7955.0,8352.0
2021-10-09,8500.0,8500.0,8094.0,8105.0,26919934593,3321601,267,8344.0,8094.0
2021-10-10,7872.0,8300.0,7862.0,7910.0,65244382058,8248498,967,8105.0,7862.0
2021-10-11,8130.0,8147.0,7750.0,8050.0,45742099469,5682490,787,7910.0,8062.0
2021-10-12,7980.0,8291.0,7809.0,8186.0,70275267101,8584421,787,8050.0,8291.0
2021-10-13,8431.0,8431.0,8020.0,8381.0,67049544572,8000469,990,8186.0,8430.0
2021-10-16,8632.0,8632.0,8455.0,8595.0,60673964588,7058843,799,8381.0,8632.0
2021-10-17,8709.0,8852.0,8401.0,8815.0,72845119592,8263920,825,8595.0,8852.0
2021-10-18,8710.0,9079.0,8710.0,9063.0,81507229658,8992931,811,8815.0,9079.0
2021-11-03,8792.0,8792.0,8792.0,8792.0,33623632448,3824344,265,9063.0,8792.0
2021-11-06,8872.0,9000.0,8529.0,8559.0,193289454384,22583735,2255,8792.0,8529.0
2021-11-07,8310.0,8800.0,8303.0,8389.0,117338319843,13987716,1231,8559.0,8595.0
2021-11-08,8640.0,8640.0,8530.0,8634.0,84738814178,9814818,1187,8389.0,8640.0
2021-11-09,8800.0,8893.0,8400.0,8859.0,55850570317,6304675,754,8634.0,8893.0
2021-11-10,9120.0,9124.0,8910.0,9091.0,56711965090,6238236,784,8859.0,9124.0
2021-11-13,9181.0,9359.0,8861.0,9175.0,34099775878,3716745,635,9091.0,9176.0
2021-11-14,9363.0,9450.0,9170.0,9342.0,51355025839,5497042,815,9175.0,9180.0
2021-11-15,9554.0,9590.0,9062.0,9263.0,55037014299,5941577,694,9342.0,9068.0
2021-11-16,8986.0,9269.0,8986.0,9014.0,81189253362,9006747,1196,9263.0,9130.0
2021-11-17,9268.0,9284.0,8987.0,9247.0,67109465053,7257166,781,9014.0,9259.0
2021-11-20,9490.0,9500.0,8970.0,9063.0,48076568932,5304784,653,9247.0,8970.0
2021-11-21,8960.0,8990.0,8792.0,8797.0,27758335811,3155541,275,9063.0,8792.0
2021-11-22,8540.0,8690.0,8534.0,8542.0,40926189473,4791361,586,8797.0,8534.0
2021-11-23,8286.0,8300.0,8286.0,8286.0,23982363081,2894230,205,8542.0,8286.0
2021-11-24,8100.0,8400.0,7872.0,7970.0,48510876418,6087007,977,8286.0,7880.0
2021-11-27,7731.0,7960.0,7731.0,7731.0,20578979613,2661786,180,7970.0,7731.0
2021-11-28,7501.0,7960.0,7500.0,7526.0,40479175080,5378261,514,7731.0,7500.0
2021-11-29,7660.0,7660.0,7301.0,7321.0,32633237006,4457473,382,7526.0,7301.0
2021-11-30,7530.0,7530.0,7110.0,7301.0,14266084742,1953946,427,7321.0,7360.0
2021-12-01,7498.0,7520.0,7332.0,7463.0,27830802955,3729067,530,7301.0,7500.0
2021-12-04,7680.0,7680.0,7240.0,7271.0,19455335233,2675850,225,7463.0,7240.0
2021-12-05,7102.0,7385.0,7053.0,7064.0,19248016834,2724762,386,7271.0,7053.0
2021-12-06,7040.0,7275.0,6860.0,7176.0,21062578089,2935203,444,7064.0,7171.0
2021-12-07,7250.0,7390.0,6961.0,7079.0,27793809758,3926269,327,7176.0,6980.0
2021-12-08,6868.0,7210.0,6868.0,7056.0,14492995449,2053906,291,7079.0,7100.0
2021-12-11,7168.0,7168.0,6845.0,6889.0,19379432315,2813186,229,7056.0,6845.0
2021-12-12,6810.0,6810.0,6683.0,6690.0,13678938539,2044633,60,6889.0,6683.0
2021-12-13,6490.0,6500.0,6490.0,6490.0,19454716471,2997626,161,6690.0,6490.0
2021-12-14,6166.0,6490.0,6166.0,6238.0,42698717143,6844552,308,6490.0,6166.0
2021-12-18,6238.0,6425.0,6238.0,6390.0,13073664811,2045845,174,6238.0,6425.0
2021-12-19,6425.0,6430.0,6199.0,6230.0,19470699923,3125430,206,6390.0,6199.0
2021-12-20,6044.0,6180.0,6044.0,6047.0,16043465945,2653345,211,6230.0,6044.0
2021-12-21,6044.0,6228.0,6000.0,6166.0,8080951045,1304939,188,6047.0,6227.0
2021-12-22,6060.0,6350.0,6060.0,6348.0,13005500711,2048620,159,6166.0,6350.0
2021-12-25,6519.0,6538.0,6280.0,6399.0,7979416019,1244245,168,6348.0,6455.0
2021-12-26,6340.0,6590.0,6271.0,6585.0,37277278651,5661005,405,6399.0,6553.0
2021-12-27,6586.0,6780.0,6388.0,6602.0,25193154193,3815844,359,6585.0,6548.0
2021-12-28,6570.0,6600.0,6404.0,6435.0,9690712589,1507769,218,6602.0,6404.0
2021-12-29,6244.0,6550.0,6242.0,6329.0,6944703550,1105220,152,6435.0,6242.0
2022-01-01,6140.0,6350.0,6140.0,6146.0,11548499980,1879044,142,6329.0,6140.0
2022-01-02,5963.0,6175.0,5962.0,6062.0,5542978538,923510,150,6146.0,6005.0
2022-01-03,6134.0,6150.0,5925.0,6078.0,4876203355,800176,125,6062.0,6140.0
2022-01-04,6237.0,6237.0,5896.0,6038.0,3121690538,523925,173,6078.0,6095.0
2022-01-05,6002.0,6109.0,6002.0,6041.0,3592358979,594089,99,6038.0,6080.0
2022-01-08,5950.0,6140.0,5860.0,5880.0,14685332310,2498930,254,6041.0,5860.0
2022-01-09,5950.0,6000.0,5720.0,5900.0,8106241540,1373693,196,5880.0,5890.0
2022-01-10,5830.0,5970.0,5730.0,5850.0,4965257610,856552,167,5900.0,5860.0
2022-01-11,5850.0,6020.0,5850.0,5870.0,4175216660,708064,116,5850.0,5850.0
2022-01-12,5750.0,6000.0,5750.0,5880.0,4200518700,714060,141,5870.0,5940.0
2022-01-15,5990.0,6020.0,5710.0,5840.0,4687755840,809097,141,5880.0,5710.0
2022-01-18,5840.0,5840.0,5670.0,5820.0,1627252520,283197,45,5840.0,5670.0
2022-01-19,5650.0,5950.0,5650.0,5800.0,1396846800,246672,42,5820.0,5650.0
2022-01-22,5950.0,5960.0,5630.0,5750.0,4487531710,788705,127,5800.0,5630.0
2022-01-23,5580.0,5790.0,5580.0,5660.0,5353407070,957048,110,5750.0,5580.0
2022-01-24,5510.0,5680.0,5500.0,5620.0,3589196850,647308,94,5660.0,5500.0
2022-01-25,5460.0,5460.0,5460.0,5610.0,763804860,139891,27,5620.0,5460.0
2022-01-26,5450.0,5750.0,5450.0,5530.0,9723009970,1758587,193,5610.0,5720.0
2022-01-29,5650.0,5690.0,5520.0,5560.0,2693420440,477247,136,5530.0,5660.0
2022-01-30,5710.0,5720.0,5400.0,5550.0,2534761230,458774,128,5560.0,5410.0
2022-01-31,5450.0,5550.0,5390.0,5510.0,3405875940,627257,169,5550.0,5480.0
2022-02-01,5650.0,5670.0,5570.0,5600.0,5852689180,1033739,159,5510.0,5670.0
2022-02-02,5760.0,5760.0,5610.0,5630.0,2632513980,460399,110,5600.0,5690.0
2022-02-05,5510.0,5790.0,5480.0,5680.0,5552796120,970882,188,5630.0,5770.0
2022-02-06,5850.0,5850.0,5740.0,5830.0,17414747900,2987385,350,5680.0,5850.0
2022-02-07,5990.0,6000.0,5880.0,5970.0,22352463160,3742971,233,5830.0,6000.0
2022-02-08,6130.0,6140.0,5900.0,6030.0,7494209040,1237203,349,5970.0,6080.0
2022-02-09,5860.0,6190.0,5860.0,6030.0,10469296050,1735128,234,6030.0,6090.0
2022-02-12,6100.0,6200.0,5900.0,6050.0,11703837080,1935003,205,6030.0,6070.0
2022-02-13,5880.0,6080.0,5870.0,5920.0,17587846750,2969568,166,6050.0,5880.0
2022-02-14,5900.0,6090.0,5900.0,6050.0,18537955990,3064321,241,5920.0,6090.0
2022-02-16,5960.0,6230.0,5870.0,6030.0,10548434590,1749158,247,6050.0,6080.0
2022-02-19,6200.0,6200.0,5990.0,6050.0,4495830240,738769,139,6030.0,6000.0
2022-02-20,6200.0,6200.0,5870.0,5990.0,6839362270,1146035,214,6050.0,6040.0
2022-02-21,5900.0,6080.0,5860.0,5950.0,12615604530,2119771,169,5990.0,5900.0
2022-02-22,5790.0,6090.0,5780.0,5930.0,5964772790,1008646,167,5950.0,5880.0
2022-02-23,5820.0,6100.0,5810.0,6050.0,16880396610,2790471,324,5930.0,6090.0
2022-02-26,5910.0,6190.0,5870.0,5960.0,14824479610,2485649,290,6050.0,6090.0
2022-02-27,6000.0,6070.0,5800.0,5930.0,9847197840,1659260,203,5960.0,5930.0
2022-02-28,5900.0,6050.0,5770.0,5900.0,3989865740,681647,128,5930.0,5910.0
2022-03-02,6000.0,6030.0,5880.0,5910.0,2355999240,395969,116,5900.0,5900.0
2022-03-05,6020.0,6020.0,5780.0,5900.0,5770255840,980311,146,5910.0,6000.0
2022-03-06,6000.0,6000.0,5820.0,5910.0,7135033780,1206734,213,5900.0,5990.0
2022-03-07,6040.0,6050.0,5850.0,5910.0,3220317320,544280,149,5910.0,5880.0
2022-03-08,5840.0,6000.0,5780.0,5910.0,3802727250,643584,130,5910.0,5860.0
2022-03-09,5890.0,6080.0,5800.0,6060.0,33921166870,5596201,301,5910.0,6070.0
2022-03-12,6090.0,6150.0,5880.0,6040.0,3906855640,649110,145,6060.0,5880.0
2022-03-13,5900.0,6060.0,5860.0,5960.0,5530756950,938899,165,6040.0,5860.0
2022-03-14,5860.0,5940.0,5790.0,5940.0,1383435340,238572,69,5960.0,5790.0
2022-03-15,5770.0,5770.0,5770.0,5920.0,994690300,172390,38,5940.0,5770.0
2022-03-16,5650.0,5910.0,5630.0,5730.0,6277595270,1114083,185,5920.0,5630.0
2022-03-19,5560.0,5650.0,5560.0,5570.0,10849592150,1949288,254,5730.0,5560.0
2022-03-26,5690.0,5730.0,5420.0,5560.0,10699390880,1923529,258,5570.0,5720.0
2022-03-27,5700.0,5720.0,5590.0,5620.0,5221973860,920603,179,5560.0,5690.0
2022-03-29,5780.0,5780.0,5530.0,5650.0,4457502170,783836,163,5620.0,5640.0
2022-03-30,5530.0,5800.0,5530.0,5650.0,3746853110,663555,169,5650.0,5670.0
2022-04-03,5680.0,5810.0,5680.0,5720.0,7598971940,1322899,175,5650.0,5730.0
2022-04-04,5660.0,5890.0,5660.0,5860.0,10988635760,1874081,256,5720.0,5890.0
2022-04-05,6010.0,6030.0,5820.0,6030.0,17195004510,2853328,426,5860.0,6030.0
2022-04-06,6190.0,6210.0,5960.0,6120.0,14049191880,2293926,326,6030.0,6060.0
2022-04-09,6280.0,6300.0,6110.0,6170.0,3435934470,549209,99,6120.0,6300.0
2022-04-10,6330.0,6350.0,6210.0,6320.0,18057808840,2859150,280,6170.0,6350.0
2022-04-11,6490.0,6500.0,6350.0,6460.0,13171693090,2040057,302,6320.0,6470.0
2022-04-12,6410.0,6620.0,6270.0,6450.0,3857425460,598613,72,6460.0,6270.0
2022-04-13,6260.0,6300.0,6260.0,6260.0,20106845420,3211651,480,6450.0,6260.0
2022-04-16,6250.0,6410.0,6120.0,6260.0,8184454850,1308261,232,6260.0,6190.0
2022-04-17,6300.0,6300.0,6080.0,6100.0,9581628720,1571498,354,6260.0,6080.0
2022-04-18,6160.0,6280.0,6000.0,6190.0,15572185990,2515010,271,6100.0,6200.0
2022-04-19,6370.0,6370.0,6220.0,6340.0,9806564780,1544964,187,6190.0,6360.0
2022-04-20,6400.0,6530.0,6250.0,6460.0,30200254430,4676161,263,6340.0,6520.0
2022-04-24,6530.0,6650.0,6330.0,6620.0,18580279690,2807657,331,6460.0,6650.0
2022-04-25,6810.0,6810.0,6710.0,6800.0,31944624450,4695115,430,6620.0,6810.0
2022-04-26,7000.0,7000.0,6800.0,6940.0,40373884190,5817883,403,6800.0,6950.0
2022-04-27,6980.0,7140.0,6740.0,6930.0,27326619130,3944032,429,6940.0,6740.0
2022-04-30,6930.0,6930.0,6730.0,6780.0,16166848830,2385915,279,6930.0,6730.0
2022-05-01,6580.0,6730.0,6580.0,6610.0,17752644300,2684721,322,6780.0,6580.0
2022-05-02,6500.0,6800.0,6420.0,6640.0,24156783140,3637565,451,6610.0,6750.0
2022-05-07,6830.0,6830.0,6660.0,6770.0,19602913560,2893916,405,6640.0,6820.0
2022-05-08,6970.0,6970.0,6700.0,6800.0,7402731520,1087542,196,6770.0,6710.0
2022-05-09,6950.0,6950.0,6600.0,6690.0,7281143190,1095757,183,6800.0,6600.0
2022-05-10,6490.0,6590.0,6490.0,6490.0,11587682620,1784370,238,6690.0,6490.0
2022-05-11,6310.0,6560.0,6300.0,6400.0,19354715120,3025072,512,6490.0,6500.0
2022-05-14,6480.0,6590.0,6210.0,6310.0,19379197460,3069755,474,6400.0,6210.0
2022-05-15,6150.0,6230.0,6130.0,6130.0,10606205230,1728973,299,6310.0,6130.0
2022-05-16,6080.0,6310.0,6030.0,6260.0,36713460440,5861381,559,6130.0,6030.0
2022-05-17,6250.0,6430.0,6080.0,6170.0,19183349820,3108083,467,6260.0,6080.0
2022-05-18,6300.0,6300.0,5990.0,6030.0,12618152780,2093864,342,6170.0,6010.0
2022-05-21,5950.0,6110.0,5850.0,5890.0,27604518030,4687784,472,6030.0,5950.0
2022-05-22,6010.0,6030.0,5810.0,5900.0,4726149580,799347,196,5890.0,5980.0
2022-05-23,6040.0,6040.0,5730.0,5780.0,8724808320,1513837,217,5900.0,5730.0
2022-05-24,5840.0,5850.0,5610.0,5680.0,7060709850,1249733,267,5780.0,5610.0
2022-05-25,5690.0,5770.0,5510.0,5590.0,16007223250,2866016,459,5680.0,5540.0
2022-05-28,5590.0,5750.0,5590.0,5740.0,21635761320,3766809,657,5590.0,5740.0
2022-05-29,5860.0,5910.0,5570.0,5830.0,20668482630,3543452,634,5740.0,5870.0
2022-05-30,5930.0,5930.0,5660.0,5700.0,13361489310,2344033,402,5830.0,5730.0
2022-05-31,5780.0,5780.0,5530.0,5550.0,13284500890,2391815,411,5700.0,5580.0
2022-06-01,5670.0,5670.0,5420.0,5570.0,3942005660,704798,198,5550.0,5640.0
2022-06-06,5650.0,5700.0,5410.0,5430.0,10334533950,1903904,261,5570.0,5410.0
2022-06-07,5300.0,5550.0,5270.0,5400.0,5019671800,932955,204,5430.0,5390.0
2022-06-08,5480.0,5480.0,5240.0,5280.0,13121294290,2484564,359,5400.0,5240.0
2022-06-29,5140.0,5410.0,5130.0,5180.0,8270975230,1601058,166,5280.0,5220.0
2022-07-02,5030.0,5040.0,5030.0,5150.0,1860984110,369967,94,5180.0,5030.0
2022-07-03,5000.0,5000.0,5000.0,5140.0,772885000,154577,59,5150.0,5000.0
2022-07-04,4990.0,4990.0,4990.0,5110.0,1948520150,390485,58,5140.0,4990.0
2022-07-05,4960.0,4960.0,4960.0,5100.0,465386880,93828,35,5110.0,4960.0
2022-07-06,4950.0,4950.0,4950.0,5100.0,126314100,25518,14,5100.0,4950.0
2022-07-09,4950.0,4950.0,4950.0,5100.0,138560400,27992,8,5100.0,4950.0
2022-07-11,4950.0,4950.0,4950.0,5090.0,836238150,168937,14,5100.0,4950.0
2022-07-12,4940.0,4940.0,4940.0,5090.0,209500460,42409,8,5090.0,4940.0
2022-07-13,4840.0,4850.0,4840.0,4860.0,8595899850,1776004,141,5090.0,4840.0
2022-07-16,4715.0,4840.0,4715.0,4721.0,20769181377,4399091,275,4860.0,4715.0
2022-07-17,4800.0,4862.0,4580.0,4692.0,21073547296,4491653,468,4721.0,4606.0
2022-07-19,4781.0,4781.0,4552.0,4560.0,17215185221,3775057,279,4692.0,4552.0
2022-07-20,4455.0,4648.0,4455.0,4580.0,7785936186,1698505,178,4560.0,4595.0
2022-07-23,4715.0,4715.0,4525.0,4584.0,7732362541,1686204,224,4580.0,4526.0
2022-07-24,4665.0,4665.0,4447.0,4527.0,4390871087,985101,167,4584.0,4447.0
2022-07-25,4392.0,4392.0,4392.0,4502.0,1741581720,396535,62,4527.0,4392.0
2022-07-26,4368.0,4370.0,4367.0,4493.0,655893686,150189,41,4502.0,4367.0
2022-07-27,4359.0,4359.0,4359.0,4489.0,273653661,62779,25,4493.0,4359.0
2022-07-30,4355.0,4355.0,4355.0,4464.0,1841154640,422768,16,4489.0,4355.0
2022-07-31,4331.0,4332.0,4331.0,4369.0,6916236034,1596914,72,4464.0,4331.0
2022-08-01,4239.0,4360.0,4238.0,4303.0,4772162962,1125784,101,4369.0,4238.0
2022-08-02,4238.0,4238.0,4174.0,4289.0,989128082,236943,31,4303.0,4174.0
2022-08-03,4161.0,4165.0,4161.0,4213.0,5532293737,1329519,154,4289.0,4161.0
2022-08-06,4088.0,4265.0,4087.0,4185.0,7734671001,1851486,230,4213.0,4190.0
2022-08-09,4130.0,4185.0,4060.0,4145.0,6021632487,1461751,131,4185.0,4060.0
2022-08-10,4021.0,4190.0,4021.0,4103.0,3970529240,981764,175,4145.0,4060.0
2022-08-13,4005.0,4226.0,4005.0,4151.0,4977836039,1184872,155,4103.0,4162.0
2022-08-14,4260.0,4260.0,4027.0,4155.0,2692700912,646311,117,4151.0,4195.0
2022-08-15,4274.0,4274.0,4101.0,4177.0,4854316277,1155535,147,4155.0,4248.0
2022-08-16,4299.0,4302.0,4159.0,4253.0,6968728422,1624176,193,4177.0,4300.0
2022-08-17,4370.0,4379.0,4260.0,4271.0,2882618711,667415,128,4253.0,4365.0
2022-08-20,4359.0,4399.0,4272.0,4337.0,6268740878,1431761,189,4271.0,4397.0
2022-08-21,4430.0,4467.0,4380.0,4448.0,12657866472,2845513,331,4337.0,4467.0
2022-08-22,4510.0,4581.0,4500.0,4580.0,12320777830,2690332,395,4448.0,4580.0
2022-08-23,4715.0,4717.0,4641.0,4710.0,15703372206,3334349,352,4580.0,4717.0
2022-08-24,4851.0,4851.0,4720.0,4846.0,13422717897,2769865,283,4710.0,4851.0
2022-08-27,4899.0,4989.0,4701.0,4769.0,19876298149,4167793,485,4846.0,4701.0
2022-08-28,4790.0,4900.0,4663.0,4796.0,11862468265,2473443,230,4769.0,4776.0
2022-08-29,4800.0,4890.0,4653.0,4704.0,15560882908,3307863,307,4796.0,4720.0
2022-08-30,4650.0,4719.0,4573.0,4695.0,1800435742,386719,129,4704.0,4719.0
2022-08-31,4796.0,4835.0,4600.0,4749.0,14917757667,3141541,208,4695.0,4835.0
2022-09-03,4808.0,4860.0,4700.0,4763.0,2299637731,478209,103,4749.0,4700.0
2022-09-04,4684.0,4887.0,4621.0,4735.0,5649806767,1198639,177,4763.0,4777.0
2022-09-05,4800.0,4850.0,4750.0,4780.0,8727817145,1823304,81,4735.0,4800.0
2022-09-06,4865.0,4923.0,4801.0,4891.0,9396411616,1917037,229,4780.0,4923.0
2022-09-07,4991.0,5034.0,4830.0,4914.0,5155512108,1044069,143,4891.0,4999.0
2022-09-10,5000.0,5000.0,4801.0,4920.0,3197596198,648122,103,4914.0,4888.0
2022-09-11,4875.0,4924.0,4773.0,4887.0,3329038293,690162,154,4920.0,4924.0
2022-09-12,4750.0,4894.0,4745.0,4880.0,1058112152,219486,33,4887.0,4810.0
2022-09-13,4900.0,4918.0,4800.0,4864.0,2905421632,601930,75,4880.0,4822.0
2022-09-14,4900.0,4900.0,4719.0,4849.0,1412337757,296553,75,4864.0,4751.0
2022-09-18,4710.0,4850.0,4710.0,4834.0,2223160921,464776,64,4849.0,4724.0
2022-09-19,4724.0,4724.0,4689.0,4824.0,683695836,145752,45,4834.0,4689.0
2022-09-20,4680.0,4696.0,4680.0,4792.0,2155518300,460572,35,4824.0,4680.0
2022-09-21,4649.0,4649.0,4649.0,4790.0,154374694,33206,9,4792.0,4649.0
2022-09-24,4647.0,4647.0,4647.0,4783.0,461228691,99253,10,4790.0,4647.0
2022-09-26,4640.0,4647.0,4640.0,4753.0,2017508879,434734,112,4783.0,4647.0
2022-09-28,4670.0,4739.0,4611.0,4723.0,2129929899,461212,115,4753.0,4709.0
2022-10-01,4709.0,4709.0,4582.0,4721.0,150135492,32736,19,4723.0,4582.0
2022-10-02,4580.0,4580.0,4580.0,4718.0,212786800,46460,7,4721.0,4580.0
2022-10-03,4577.0,4577.0,4577.0,4714.0,253144716,55308,16,4718.0,4577.0
2022-10-04,4573.0,4573.0,4573.0,4713.0,88473831,19347,5,4714.0,4573.0
2022-10-08,4572.0,4572.0,4572.0,4712.0,53693568,11744,6,4713.0,4572.0
2022-10-09,4571.0,4571.0,4571.0,4712.0,16821280,3680,3,4712.0,4571.0
2022-10-10,4477.0,4570.0,4477.0,4477.0,10829122087,2418744,110,4712.0,4477.0
2022-10-11,4604.0,4611.0,4343.0,4557.0,9891203962,2170411,359,4477.0,4563.0
2022-10-12,4690.0,4693.0,4520.0,4651.0,16556759356,3559775,463,4557.0,4693.0
2022-10-15,4790.0,4790.0,4700.0,4779.0,30124381765,6303842,400,4651.0,4780.0
2022-10-16,4700.0,4763.0,4636.0,4706.0,5947668665,1277293,141,4779.0,4636.0
2022-10-17,4565.0,4565.0,4565.0,4656.0,3512899885,769529,23,4706.0,4565.0
2022-10-18,4517.0,4517.0,4517.0,4645.0,774665500,171500,24,4656.0,4517.0
2022-10-19,4506.0,4506.0,4506.0,4643.0,164739360,36560,14,4645.0,4506.0
2022-10-22,4504.0,4504.0,4504.0,4588.0,3842673176,853169,39,4643.0,4504.0
2022-10-23,4451.0,4451.0,4451.0,4583.0,316292511,71061,11,4588.0,4451.0
2022-10-24,4446.0,4446.0,4446.0,4579.0,251892576,56656,14,4583.0,4446.0
2022-10-25,4442.0,4442.0,4442.0,4579.0,6973940,1570,1,4579.0,4442.0
2022-10-26,4442.0,4442.0,4442.0,4579.0,12051146,2713,2,4579.0,4442.0
2022-10-29,4442.0,4442.0,4442.0,4578.0,42047972,9466,5,4579.0,4442.0
2022-10-30,4350.0,4376.0,4350.0,4351.0,21861198400,5024964,134,4578.0,4350.0
2022-10-31,4221.0,4221.0,4221.0,4248.0,7283601423,1725563,89,4351.0,4221.0
2022-11-01,4121.0,4375.0,4121.0,4282.0,31214202605,7289580,716,4248.0,4335.0
2022-11-02,4156.0,4395.0,4154.0,4224.0,23451602573,5552083,747,4282.0,4340.0
2022-11-05,4320.0,4350.0,4244.0,4329.0,16770611514,3873601,377,4224.0,4350.0
2022-11-06,4320.0,4443.0,4200.0,4227.0,10644181338,2518271,400,4329.0,4200.0
2022-11-07,4150.0,4325.0,4123.0,4224.0,12974335747,3071563,306,4227.0,4275.0
2022-11-08,4300.0,4300.0,4100.0,4177.0,8711164262,2088418,273,4224.0,4180.0
2022-11-09,4180.0,4250.0,4052.0,4085.0,21946857463,5372735,458,4177.0,4100.0
2022-11-12,4150.0,4207.0,4080.0,4191.0,12369646914,2951714,350,4085.0,4202.0
2022-11-13,4239.0,4239.0,4111.0,4191.0,4374548545,1043993,120,4191.0,4142.0
2022-11-14,4239.0,4239.0,4066.0,4080.0,13646644894,3344498,297,4191.0,4109.0
2022-11-15,4020.0,4128.0,4020.0,4076.0,4526983499,1111794,129,4080.0,4098.0
2022-11-16,4149.0,4196.0,4033.0,4084.0,2908925279,708951,134,4076.0,4085.0
2022-11-19,4050.0,4144.0,4000.0,4074.0,3390021714,836353,195,4084.0,4000.0
2022-11-20,4050.0,4170.0,4010.0,4091.0,7023043587,1713478,201,4074.0,4080.0
2022-11-21,4054.0,4140.0,4010.0,4066.0,4796559336,1187182,212,4091.0,4024.0
2022-11-22,4015.0,4100.0,4015.0,4057.0,4609978348,1139061,148,4066.0,4034.0
2022-11-23,4034.0,4099.0,4004.0,4037.0,5852653937,1454506,169,4057.0,4031.0
2022-11-26,4094.0,4094.0,3990.0,4024.0,5824288165,1450887,205,4037.0,4001.0
2022-11-27,4072.0,4072.0,3950.0,4019.0,3681764524,918331,161,4024.0,4030.0
2022-11-28,4000.0,4139.0,3999.0,4090.0,9376810588,2289636,334,4019.0,4119.0
2022-11-29,4025.0,4149.0,4025.0,4103.0,5732742756,1394065,173,4090.0,4085.0
2022-11-30,4149.0,4200.0,4149.0,4168.0,11493636925,2757271,264,4103.0,4155.0
2022-12-03,4199.0,4199.0,4043.0,4127.0,5485104331,1339883,225,4168.0,4051.0
2022-12-04,4048.0,4100.0,4004.0,4088.0,4454858129,1101847,175,4127.0,4090.0
2022-12-05,4014.0,4100.0,3980.0,4043.0,7898680262,1958595,246,4088.0,4090.0
2022-12-06,4108.0,4134.0,4004.0,4047.0,3295689228,812726,195,4043.0,4054.0
2022-12-07,4000.0,4105.0,3998.0,4034.0,5053553427,1256351,205,4047.0,4010.0
2022-12-10,4080.0,4080.0,3915.0,4007.0,3652347526,922269,136,4034.0,3917.0
2022-12-11,3989.0,4079.0,3900.0,3987.0,6540860272,1644517,227,4007.0,3935.0
2022-12-12,3913.0,4046.0,3911.0,3993.0,6345765257,1587982,199,3987.0,4020.0
2022-12-13,4020.0,4090.0,3980.0,4032.0,8408699573,2081522,273,3993.0,4029.0
2022-12-14,4066.0,4152.0,4020.0,4140.0,24565674564,5934078,429,4032.0,4152.0
2022-12-17,4262.0,4264.0,4200.0,4263.0,20218875317,4742793,399,4140.0,4264.0
2022-12-18,4390.0,4390.0,4280.0,4381.0,32901964363,7510489,362,4263.0,4330.0
2022-12-19,4340.0,4409.0,4250.0,4289.0,26365611734,6146559,409,4381.0,4250.0
2022-12-20,4350.0,4417.0,4200.0,4392.0,27051279177,6159014,557,4289.0,4417.0
2022-12-21,4485.0,4523.0,4402.0,4508.0,14311313465,3174359,431,4392.0,4478.0
2022-12-24,4551.0,4590.0,4380.0,4485.0,33894288628,7557096,775,4508.0,4510.0
2022-12-25,4550.0,4619.0,4485.0,4571.0,21084890660,4612900,471,4485.0,4537.0
2022-12-26,4618.0,4708.0,4477.0,4659.0,20235114443,4343674,414,4571.0,4706.0
2022-12-28,4796.0,4798.0,4698.0,4772.0,30202287465,6329454,496,4659.0,4795.0
2022-12-31,4772.0,4772.0,4629.0,4638.0,27774308885,5988373,444,4772.0,4629.0
2023-01-01,4531.0,4643.0,4499.0,4527.0,16531787327,3651622,332,4638.0,4499.0
2023-01-02,4470.0,4662.0,4392.0,4633.0,25684185993,5544284,357,4527.0,4640.0
2023-01-03,4770.0,4771.0,4540.0,4709.0,8661394132,1835306,165,4633.0,4580.0
2023-01-07,4580.0,4850.0,4570.0,4752.0,8256151801,1733960,162,4709.0,4708.0
2023-01-08,4800.0,4870.0,4661.0,4745.0,15978459205,3367641,364,4752.0,4661.0
2023-01-09,4777.0,4850.0,4660.0,4716.0,21411046977,4539661,350,4745.0,4750.0
2023-01-10,4830.0,4840.0,4684.0,4754.0,26664032990,5608949,419,4716.0,4700.0
2023-01-11,4630.0,4896.0,4630.0,4821.0,15361513584,3186461,326,4754.0,4818.0
2023-01-14,4940.0,4965.0,4733.0,4936.0,18321040222,3712066,370,4821.0,4965.0
2023-01-16,5079.0,5084.0,5020.0,5084.0,18364355595,3612360,208,4936.0,5084.0
2023-01-17,5236.0,5236.0,5190.0,5236.0,157794920695,30138566,599,5084.0,5236.0
2023-01-18,5380.0,5393.0,5310.0,5387.0,27084912046,5027394,268,5236.0,5393.0
2023-01-21,5540.0,5540.0,5300.0,5540.0,164295463380,29672707,674,5387.0,5540.0
2023-01-22,5610.0,5700.0,5380.0,5610.0,60831040570,10846310,689,5540.0,5680.0
2023-01-23,5770.0,5770.0,5700.0,5770.0,56173727910,9743232,496,5610.0,5760.0
2023-01-24,5740.0,5940.0,5740.0,5930.0,88634725010,14943606,347,5770.0,5940.0
2023-01-25,6100.0,6100.0,5770.0,6050.0,109652221500,18131851,776,5930.0,6100.0
2023-01-28,6230.0,6230.0,6000.0,6210.0,71840103890,11577230,461,6050.0,6230.0
2023-01-29,6030.0,6100.0,6030.0,6030.0,39000571300,6467195,194,6210.0,6030.0
2023-01-30,5880.0,6210.0,5850.0,5900.0,87461057220,14830389,458,6030.0,5850.0
2023-01-31,5730.0,6070.0,5730.0,5870.0,78532963360,13381556,469,5900.0,6070.0
2023-02-01,6040.0,6040.0,5790.0,5990.0,54446551320,9082201,341,5870.0,5850.0
2023-02-05,6060.0,6100.0,5820.0,5870.0,31853936480,5426204,236,5990.0,5820.0
2023-02-06,5700.0,5700.0,5700.0,5750.0,13104300000,2299000,38,5870.0,5700.0
2023-02-07,5580.0,5580.0,5580.0,5580.0,19938947040,3573288,61,5750.0,5580.0
2023-02-08,5420.0,5420.0,5420.0,5420.0,26284517640,4849542,101,5580.0,5420.0
2023-02-12,5260.0,5260.0,5260.0,5330.0,11352531760,2158276,38,5420.0,5260.0
2023-02-13,5180.0,5180.0,5180.0,5200.0,16579848740,3200743,70,5330.0,5180.0
2023-02-14,5050.0,5230.0,5050.0,5060.0,68385638740,13520638,453,5200.0,5050.0
2023-02-15,5120.0,5170.0,4910.0,4980.0,35379832480,7110178,263,5060.0,4910.0
2023-02-19,4910.0,5100.0,4831.0,4896.0,16894139280,3460214,157,4980.0,4831.0
2023-02-20,4761.0,5042.0,4750.0,4982.0,45272297955,9087357,299,4896.0,5042.0
2023-02-21,5130.0,5131.0,4840.0,5080.0,50616584689,9964069,315,4982.0,5130.0
2023-02-22,5200.0,5229.0,5064.0,5145.0,11176967856,2172340,110,5080.0,5086.0
2023-02-25,5160.0,5290.0,5160.0,5280.0,32697142700,6191130,228,5145.0,5290.0
2023-02-26,5420.0,5430.0,5130.0,5240.0,23643595580,4513097,202,5280.0,5140.0
2023-02-27,5150.0,5380.0,5090.0,5210.0,26109676930,5010777,214,5240.0,5090.0
2023-02-28,5100.0,5200.0,5080.0,5130.0,15956019990,3112151,142,5210.0,5140.0
2023-03-01,5150.0,5280.0,5150.0,5210.0,72084058230,13847240,227,5130.0,5280.0
2023-03-04,5360.0,5360.0,5320.0,5360.0,14522064400,2709415,77,5210.0,5360.0
2023-03-05,5400.0,5520.0,5400.0,5500.0,34936228250,6350509,215,5360.0,5490.0
2023-03-06,5500.0,5660.0,5450.0,5600.0,30666801400,5473045,256,5500.0,5660.0
2023-03-07,5760.0,5760.0,5570.0,5720.0,17309501790,3023655,146,5600.0,5750.0
2023-03-11,5550.0,5850.0,5550.0,5740.0,20302916440,3536378,152,5720.0,5710.0
2023-03-12,5590.0,5660.0,5570.0,5570.0,22884969350,4106071,138,5740.0,5660.0
2023-03-13,5430.0,5610.0,5410.0,5480.0,8562884930,1562767,90,5570.0,5410.0
2023-03-14,5330.0,5590.0,5320.0,5390.0,22571047930,4187775,205,5480.0,5590.0
2023-03-15,5550.0,5550.0,5380.0,5430.0,8467076560,1558568,82,5390.0,5380.0
2023-03-18,5380.0,5570.0,5380.0,5490.0,33840113890,6168855,151,5430.0,5540.0
2023-03-19,5640.0,5650.0,5480.0,5600.0,26255100700,4684552,133,5490.0,5610.0
2023-03-25,5720.0,5750.0,5530.0,5630.0,36942903000,6556698,201,5600.0,5630.0
2023-03-26,5780.0,5790.0,5720.0,5770.0,2761300230,478377,28,5630.0,5730.0
2023-03-27,5900.0,5930.0,5750.0,5820.0,42744493440,7340481,235,5770.0,5820.0
2023-03-28,5960.0,5990.0,5880.0,5970.0,20921356900,3503768,167,5820.0,5970.0
2023-03-29,6140.0,6140.0,6010.0,6130.0,29832821820,4868338,156,5970.0,6140.0
2023-04-03,6290.0,6310.0,6150.0,6270.0,35176127760,5607493,226,6130.0,6310.0
2023-04-04,6430.0,6450.0,6150.0,6410.0,41450824840,6465157,308,6270.0,6440.0
2023-04-05,6580.0,6600.0,6450.0,6590.0,44395782030,6735718,204,6410.0,6600.0
2023-04-08,6780.0,6780.0,6700.0,6770.0,35238093680,5201994,192,6590.0,6750.0
2023-04-09,6960.0,6970.0,6900.0,6960.0,45258376180,6501616,260,6770.0,6970.0
2023-04-10,7130.0,7160.0,6920.0,7040.0,50645835580,7193857,272,6960.0,7040.0
2023-04-11,7230.0,7250.0,6960.0,7220.0,34195001740,4737731,209,7040.0,7250.0
2023-04-15,7430.0,7430.0,7020.0,7190.0,36238116010,5037854,313,7220.0,7050.0
2023-04-16,7100.0,7370.0,6980.0,7140.0,43959287870,6153527,379,7190.0,7160.0
2023-04-17,7250.0,7350.0,7170.0,7340.0,38560712350,5250282,194,7140.0,7350.0
2023-04-18,7400.0,7560.0,7320.0,7510.0,33216658360,4422721,233,7340.0,7560.0
2023-04-19,7730.0,7730.0,7730.0,7730.0,40355701800,5220660,128,7510.0,7730.0
2023-04-24,7960.0,7960.0,7960.0,7960.0,100111646400,12576840,212,7730.0,7960.0
2023-04-25,8190.0,8190.0,8190.0,8190.0,20052641700,2448430,92,7960.0,8190.0
2023-04-26,8430.0,8430.0,8420.0,8430.0,47747030610,5664032,198,8190.0,8430.0
2023-04-29,8680.0,8680.0,8500.0,8660.0,32175826920,3715750,259,8430.0,8680.0
2023-04-30,8910.0,8910.0,8590.0,8910.0,43530742790,4887159,249,8660.0,8910.0
2023-05-01,9100.0,9170.0,9070.0,9170.0,27630974280,3014223,146,8910.0,9170.0
2023-05-02,9440.0,9440.0,9180.0,9440.0,65045497760,6892913,275,9170.0,9440.0
2023-05-03,9720.0,9720.0,9180.0,9560.0,69329433870,7251520,359,9440.0,9500.0
2023-05-06,9740.0,9740.0,9280.0,9300.0,34255701950,3685346,179,9560.0,9280.0
2023-05-07,9030.0,9030.0,9030.0,9030.0,10250223900,1135130,39,9300.0,9030.0
2023-05-08,8760.0,8760.0,8760.0,8760.0,8993243760,1026626,35,9030.0,8760.0
2023-05-09,8500.0,8500.0,8500.0,8500.0,9968808500,1172801,44,8760.0,8500.0
2023-05-10,8250.0,8300.0,8250.0,8250.0,20738340630,2512408,156,8500.0,8250.0
2023-05-13,8010.0,8010.0,8010.0,8010.0,6315140070,788407,15,8250.0,8010.0
2023-05-14,7770.0,7840.0,7770.0,7770.0,58026819280,7467474,293,8010.0,7770.0
2023-05-15,7540.0,7800.0,7540.0,7570.0,34619613770,4574238,198,7770.0,7540.0
2023-05-17,7350.0,7760.0,7350.0,7570.0,13349502430,1763389,140,7570.0,7620.0
2023-05-20,7570.0,7790.0,7400.0,7670.0,26236490480,3422271,128,7570.0,7590.0
2023-05-21,7800.0,7850.0,7620.0,7750.0,10087405290,1301476,82,7670.0,7840.0
2023-05-22,7850.0,7980.0,7810.0,7970.0,27858640240,3494657,173,7750.0,7980.0
2023-05-23,8190.0,8190.0,7740.0,7920.0,20177137630,2546390,164,7970.0,8010.0
2023-05-24,8130.0,8150.0,8120.0,8150.0,45409112330,5573677,209,7920.0,8150.0
2023-05-27,8130.0,8130.0,7910.0,7920.0,20823543750,2627777,174,8150.0,7910.0
2023-05-28,7900.0,8150.0,7700.0,7950.0,23283292950,2928484,216,7920.0,8090.0
2023-05-29,8170.0,8180.0,8080.0,8180.0,46095359150,5637211,157,7950.0,8180.0
2023-05-30,8180.0,8420.0,8180.0,8420.0,74847858670,8894020,226,8180.0,8420.0
2023-05-31,8670.0,8670.0,8660.0,8670.0,338134281650,39000523,584,8420.0,8670.0
2023-06-03,8930.0,8930.0,8930.0,8930.0,56235264060,6297342,128,8670.0,8930.0
2023-06-06,9190.0,9190.0,9010.0,9190.0,133837391110,14564353,351,8930.0,9190.0
2023-06-07,9430.0,9460.0,9190.0,9400.0,78260794960,8321796,460,9190.0,9460.0
2023-06-10,9660.0,9680.0,9120.0,9430.0,69783649830,7402291,420,9400.0,9660.0
2023-06-11,9700.0,9710.0,9410.0,9700.0,42176018400,4347104,242,9430.0,9710.0
2023-06-27,6090.0,6090.0,6090.0,6090.0,5560170000,913000,41,5920.0,6090.0
2023-06-28,6270.0,6270.0,6270.0,6270.0,10465576770,1669151,57,6090.0,6270.0
2023-07-01,6450.0,6450.0,6450.0,6450.0,8407471800,1303484,54,6270.0,6450.0
2023-07-02,6640.0,6640.0,6490.0,6630.0,87691911860,13220677,344,6450.0,6640.0
2023-07-03,6790.0,6820.0,6460.0,6730.0,45554216300,6769568,424,6630.0,6750.0
2023-07-04,6820.0,6930.0,6530.0,6660.0,42891613160,6442726,297,6730.0,6720.0
2023-07-05,6600.0,6840.0,6540.0,6710.0,22816880580,3399838,206,6660.0,6800.0
2023-07-08,6810.0,6910.0,6690.0,6880.0,32051907920,4657536,202,6710.0,6910.0
2023-07-09,6930.0,7070.0,6680.0,6940.0,21763866830,3134222,207,6880.0,6690.0
2023-07-10,6740.0,6950.0,6740.0,6790.0,20597701900,3031461,191,6940.0,6940.0
2023-07-11,6990.0,6990.0,6590.0,6800.0,21022988380,3091535,158,6790.0,6850.0
2023-07-12,7000.0,7000.0,6630.0,6810.0,13802152010,2027428,130,6800.0,6840.0
2023-07-15,7000.0,7000.0,6650.0,6830.0,13444492460,1967653,132,6810.0,6770.0
2023-07-16,6850.0,7030.0,6820.0,6990.0,75460631860,10796152,492,6830.0,7030.0
2023-07-17,7150.0,7190.0,7110.0,7190.0,25184558030,3503658,164,6990.0,7190.0
2023-07-18,7400.0,7400.0,7230.0,7360.0,51446353510,6989961,337,7190.0,7400.0
2023-07-19,7570.0,7580.0,7470.0,7570.0,37253996520,4923556,323,7360.0,7580.0
2023-07-22,7740.0,7790.0,7620.0,7780.0,29371587210,3773971,215,7570.0,7790.0
2023-07-23,8010.0,8010.0,7980.0,8010.0,27469770080,3430003,213,7780.0,8010.0
2023-07-25,8220.0,8220.0,7770.0,7790.0,55311709920,7103529,249,8010.0,7900.0
2023-07-26,7640.0,8020.0,7640.0,8010.0,42551305520,5312966,435,7790.0,8020.0
2023-07-29,8200.0,8210.0,7770.0,7840.0,43085863410,5498379,323,8010.0,7770.0
2023-07-30,7850.0,7850.0,7610.0,7610.0,14447238340,1897944,77,7840.0,7610.0
2023-07-31,7390.0,7390.0,7390.0,7390.0,7471533870,1011033,35,7610.0,7390.0
2023-08-01,7170.0,7170.0,7170.0,7170.0,8875198080,1237824,40,7390.0,7170.0
2023-08-05,6960.0,6960.0,6960.0,6960.0,6630089040,952599,36,7170.0,6960.0
2023-08-06,6760.0,7090.0,6760.0,6780.0,54284541800,8008516,213,6960.0,7090.0
2023-08-07,6980.0,6980.0,6920.0,6980.0,19532028780,2799077,163,6780.0,6980.0
2023-08-08,7180.0,7180.0,7070.0,7170.0,15574265700,2171999,116,6980.0,7180.0
2023-08-09,7380.0,7380.0,7380.0,7380.0,6381375300,864685,50,7170.0,7380.0
2023-08-12,7600.0,7600.0,7160.0,7220.0,35073391750,4855717,265,7380.0,7160.0
2023-08-13,7020.0,7430.0,7010.0,7350.0,36490568850,4963928,367,7220.0,7100.0
2023-08-14,7450.0,7520.0,7130.0,7250.0,54348873850,7492627,361,7350.0,7400.0
2023-08-15,7450.0,7460.0,7040.0,7150.0,32970486000,4611857,265,7250.0,7040.0
2023-08-16,7040.0,7180.0,6940.0,6950.0,26001511740,3739291,223,7150.0,7150.0
2023-08-19,7130.0,7140.0,6750.0,6860.0,13079388200,1907914,81,6950.0,6750.0
2023-08-20,6660.0,6660.0,6660.0,6660.0,5540394060,831891,32,6860.0,6660.0
2023-08-21,6480.0,6850.0,6470.0,6580.0,17050305200,2590347,122,6660.0,6470.0
2023-08-22,6390.0,6390.0,6390.0,6390.0,5271111000,824900,28,6580.0,6390.0
2023-08-23,6200.0,6570.0,6200.0,6230.0,52611801130,8448103,244,6390.0,6390.0
2023-08-26,6400.0,6400.0,6050.0,6110.0,30147352270,4933181,217,6230.0,6240.0
2023-08-27,6270.0,6290.0,6270.0,6290.0,17820671000,2834076,106,6110.0,6290.0
2023-08-28,6470.0,6470.0,6130.0,6370.0,35715589940,5605039,231,6290.0,6460.0
2023-08-29,6270.0,6550.0,6270.0,6460.0,4718016910,730079,107,6370.0,6420.0
2023-09-04,6410.0,6650.0,6410.0,6640.0,16326826460,2458763,121,6460.0,6650.0
2023-09-05,6800.0,6820.0,6530.0,6700.0,13291525830,1983676,201,6640.0,6780.0
2023-09-09,6510.0,6850.0,6510.0,6770.0,14012715670,2070550,160,6700.0,6840.0
2023-09-10,6880.0,6880.0,6570.0,6670.0,11745959060,1759790,105,6770.0,6600.0
2023-09-11,6600.0,6790.0,6470.0,6630.0,15453719300,2331260,85,6670.0,6680.0
2023-09-12,6490.0,6780.0,6490.0,6660.0,10772157830,1617075,96,6630.0,6650.0
2023-09-13,6630.0,6750.0,6530.0,6610.0,6896747280,1043981,43,6660.0,6600.0
2023-09-17,6760.0,6760.0,6420.0,6490.0,17759339510,2734346,155,6610.0,6750.0
2023-09-18,6680.0,6680.0,6370.0,6540.0,15515919430,2371066,153,6490.0,6500.0
2023-09-19,6500.0,6730.0,6360.0,6680.0,12583619470,1884335,116,6540.0,6650.0
2023-09-20,6880.0,6880.0,6480.0,6540.0,23723797820,3629550,137,6680.0,6520.0
2023-09-23,6700.0,6730.0,6540.0,6720.0,20405140310,3038381,105,6540.0,6730.0
2023-09-25,6920.0,6920.0,6920.0,6920.0,6688885840,966602,44,6720.0,6920.0
2023-09-26,7120.0,7120.0,7120.0,7120.0,72707118880,10211674,196,6920.0,7120.0
2023-09-27,7320.0,7330.0,7120.0,7300.0,24261908410,3325692,159,7120.0,7330.0
2023-09-30,7500.0,7510.0,7300.0,7470.0,25993309030,3477571,182,7300.0,7400.0
2023-10-01,7470.0,7660.0,7260.0,7520.0,15651403130,2081821,140,7470.0,7590.0
2023-10-02,7590.0,7620.0,7300.0,7340.0,32258557270,4396748,156,7520.0,7300.0
2023-10-04,7400.0,7550.0,7130.0,7350.0,15872210650,2158396,116,7340.0,7380.0
2023-10-07,7230.0,7490.0,7130.0,7140.0,12089089650,1692571,72,7350.0,7130.0
2023-10-08,7330.0,7330.0,6930.0,7020.0,10510285840,1496851,87,7140.0,7000.0
2023-10-09,7130.0,7130.0,6810.0,6890.0,15107194440,2193726,130,7020.0,6940.0
2023-10-10,6720.0,7070.0,6690.0,6870.0,8738881550,1271211,71,6890.0,7010.0
2023-10-11,6970.0,7010.0,6670.0,6700.0,15287455900,2280677,115,6870.0,6670.0
2023-10-14,6810.0,6810.0,6500.0,6510.0,14721363150,2262797,94,6700.0,6500.0
2023-10-15,6320.0,6690.0,6320.0,6340.0,11771972030,1857918,106,6510.0,6690.0
2023-10-16,6520.0,6530.0,6520.0,6530.0,11844680650,1813888,79,6340.0,6530.0
2023-10-17,6700.0,6720.0,6620.0,6720.0,6746583980,1004034,73,6530.0,6720.0
2023-10-18,6890.0,6920.0,6840.0,6900.0,7558824650,1094854,102,6720.0,6920.0
2023-10-21,7080.0,7090.0,6730.0,6980.0,6610204090,946640,69,6900.0,7050.0
2023-10-22,7150.0,7160.0,7000.0,7090.0,2947530410,415713,64,6980.0,7100.0
2023-10-23,7150.0,7150.0,7000.0,7100.0,5245780480,739042,101,7090.0,7120.0
2023-10-24,7150.0,7310.0,7060.0,7220.0,6855578330,949125,110,7100.0,7230.0
2023-10-25,7070.0,7330.0,7070.0,7280.0,9083220660,1248101,131,7220.0,7300.0
2023-10-28,7490.0,7490.0,7070.0,7140.0,14256923440,1995631,85,7280.0,7070.0
2023-10-29,6930.0,7200.0,6930.0,7000.0,13747218220,1963807,136,7140.0,7080.0
2023-10-30,7180.0,7180.0,6790.0,6870.0,10335221810,1504882,92,7000.0,6800.0
2023-10-31,6900.0,7020.0,6670.0,6810.0,29612894250,4346737,146,6870.0,6920.0
2023-11-01,6940.0,6940.0,6610.0,6660.0,2959522680,444040,36,6810.0,6610.0
2023-11-04,6680.0,6850.0,6530.0,6750.0,13088424880,1940201,55,6660.0,6750.0
2023-11-05,6940.0,6940.0,6550.0,6660.0,1866298680,280432,32,6750.0,6810.0
2023-11-06,6760.0,6760.0,6510.0,6650.0,3021873250,454580,26,6660.0,6700.0
2023-11-07,6550.0,6760.0,6490.0,6600.0,7597765630,1151301,57,6650.0,6680.0
2023-11-08,6520.0,6680.0,6460.0,6510.0,2276416030,349713,34,6600.0,6460.0
2023-11-11,6330.0,6680.0,6330.0,6520.0,6309442730,967371,46,6510.0,6450.0
2023-11-12,6600.0,6630.0,6420.0,6510.0,1672777500,256930,30,6520.0,6460.0
2023-11-13,6460.0,6600.0,6360.0,6440.0,2608202060,405234,49,6510.0,6540.0
2023-11-14,6630.0,6630.0,6380.0,6430.0,1930896590,300366,37,6440.0,6440.0
2023-11-15,6390.0,6480.0,6290.0,6420.0,1591157970,247695,14,6430.0,6470.0
2023-11-19,6330.0,6600.0,6230.0,6240.0,5256502580,841922,29,6420.0,6450.0
2023-11-20,6130.0,6360.0,6060.0,6190.0,9414616180,1520519,60,6240.0,6060.0
2023-11-21,6120.0,6220.0,6050.0,6140.0,2086077780,339774,46,6190.0,6200.0
2023-11-22,6200.0,6200.0,5960.0,5970.0,11197670880,1876036,79,6140.0,5960.0
2023-11-25,5820.0,5860.0,5800.0,5800.0,10280913000,1771903,67,5970.0,5800.0
2023-11-26,5680.0,5970.0,5630.0,5710.0,13201887230,2313504,118,5800.0,5630.0
2023-11-27,5630.0,5880.0,5630.0,5810.0,3160878170,544481,41,5710.0,5820.0
2023-11-28,5700.0,5890.0,5690.0,5710.0,619762630,108445,12,5810.0,5890.0
2023-11-29,5610.0,5880.0,5540.0,5610.0,10961894180,1954717,117,5710.0,5740.0
2023-12-02,5500.0,5710.0,5450.0,5500.0,6150431990,1118485,90,5610.0,5510.0
2023-12-03,5600.0,5600.0,5490.0,5560.0,2431202550,436995,41,5500.0,5590.0
2023-12-04,5690.0,5690.0,5400.0,5480.0,4467096310,814826,82,5560.0,5520.0
2023-12-05,5380.0,5580.0,5320.0,5390.0,12827950000,2381803,120,5480.0,5370.0
2023-12-06,5390.0,5390.0,5230.0,5270.0,6827884780,1296107,65,5390.0,5240.0
2023-12-09,5200.0,5230.0,5170.0,5190.0,1434675180,276552,28,5270.0,5170.0
2023-12-12,5280.0,5280.0,5090.0,5170.0,1542575250,298640,19,5190.0,5190.0
2023-12-13,5170.0,5240.0,5040.0,5100.0,3363722940,659884,50,5170.0,5080.0
2023-12-16,5120.0,5240.0,5010.0,5090.0,7720334220,1515609,80,5100.0,5020.0
2023-12-24,4950.0,5200.0,4950.0,5030.0,1024457590,203658,28,5090.0,5200.0
2023-12-25,5180.0,5180.0,5170.0,5180.0,12298373740,2374240,122,5030.0,5180.0
2023-12-26,5330.0,5330.0,5310.0,5330.0,15194810600,2850914,123,5180.0,5330.0
2023-12-27,5480.0,5480.0,5480.0,5480.0,11725605320,2139709,117,5330.0,5480.0
2023-12-30,5640.0,5640.0,5380.0,5600.0,23184066920,4142628,207,5480.0,5610.0
2023-12-31,5470.0,5590.0,5440.0,5440.0,8117274690,1490877,78,5600.0,5440.0
2024-01-01,5340.0,5340.0,5280.0,5280.0,7818805490,1480554,55,5440.0,5280.0
2024-01-02,5130.0,5200.0,5130.0,5140.0,8958003980,1742518,74,5280.0,5130.0
2024-01-03,4990.0,5120.0,4990.0,5000.0,10140533330,2026505,92,5140.0,4990.0
2024-01-06,5000.0,5030.0,4900.0,4964.0,1819225070,366455,34,5000.0,4900.0
2024-01-07,5093.0,5112.0,5093.0,5111.0,12055671320,2358695,84,4964.0,5110.0
2024-01-08,5110.0,5264.0,4964.0,5158.0,17659637833,3423987,171,5111.0,4982.0
2024-01-09,5005.0,5120.0,5004.0,5017.0,7918073059,1578387,89,5158.0,5004.0
2024-01-10,4880.0,5002.0,4880.0,4979.0,1626176608,326583,38,5017.0,4940.0
2024-01-13,4980.0,4980.0,4830.0,4835.0,18983095277,3926174,135,4979.0,4830.0
2024-01-14,4712.0,4869.0,4690.0,4699.0,9758201251,2076615,136,4835.0,4690.0
2024-01-16,4690.0,4839.0,4690.0,4789.0,1205020100,251632,16,4699.0,4800.0
2024-01-17,4929.0,4932.0,4883.0,4929.0,8638358008,1752569,97,4789.0,4932.0
2024-01-20,4970.0,5051.0,4911.0,5004.0,3654443099,730294,79,4929.0,4959.0
2024-01-21,4856.0,4910.0,4854.0,4861.0,8696485880,1789062,96,5004.0,4854.0
2024-01-22,4741.0,4943.0,4716.0,4741.0,4789661604,1010297,39,4861.0,4895.0
2024-01-23,4640.0,4879.0,4599.0,4716.0,3235751752,686052,64,4741.0,4603.0
2024-01-24,4575.0,4720.0,4575.0,4591.0,6448615986,1404544,73,4716.0,4650.0
2024-01-27,4690.0,4728.0,4505.0,4719.0,8227752628,1743563,73,4591.0,4728.0
2024-01-28,4860.0,4860.0,4814.0,4859.0,7752376038,1595335,66,4719.0,4860.0
2024-01-29,5004.0,5004.0,4842.0,4962.0,10241550355,2063941,103,4859.0,4910.0
2024-01-30,4920.0,4970.0,4814.0,4822.0,7944456484,1647404,78,4962.0,4814.0
2024-01-31,4678.0,4966.0,4678.0,4761.0,7977491381,1675716,75,4822.0,4965.0
2024-02-03,4903.0,4903.0,4765.0,4893.0,3373647739,689536,39,4761.0,4901.0
2024-02-04,4848.0,5031.0,4848.0,4994.0,6940037611,1389772,44,4893.0,5000.0
2024-02-05,5000.0,5087.0,4900.0,4974.0,6457460268,1298309,42,4994.0,4900.0
2024-02-06,4910.0,5029.0,4850.0,4918.0,4382439880,891050,41,4974.0,4970.0
2024-02-07,4820.0,4990.0,4820.0,4891.0,2809070904,574383,48,4918.0,4827.0
2024-02-10,4824.0,4940.0,4773.0,4858.0,197643259,40682,11,4891.0,4824.0
2024-02-12,4998.0,5002.0,4801.0,4898.0,5494266593,1121708,52,4858.0,4929.0
2024-02-13,5000.0,5000.0,4754.0,4850.0,3697406598,762335,55,4898.0,4890.0
2024-02-14,4918.0,4978.0,4710.0,4802.0,1813571992,377633,34,4850.0,4899.0
2024-02-17,4945.0,4946.0,4658.0,4679.0,8299345166,1773853,86,4802.0,4658.0
2024-02-18,4539.0,4690.0,4539.0,4549.0,7150739363,1572035,77,4679.0,4680.0
2024-02-19,4685.0,4685.0,4540.0,4669.0,3358569243,719401,47,4549.0,4623.0
2024-02-20,4530.0,4809.0,4530.0,4694.0,8398315325,1789106,82,4669.0,4808.0
2024-02-21,4832.0,4832.0,4678.0,4801.0,4164798134,867547,37,4694.0,4820.0
2024-02-24,4701.0,4920.0,4658.0,4723.0,4385923255,928712,52,4801.0,4860.0
2024-02-26,4857.0,4858.0,4582.0,4622.0,9586992997,2074133,72,4723.0,4582.0
2024-02-27,4530.0,4687.0,4484.0,4524.0,9451651058,2089188,87,4622.0,4484.0
2024-02-28,4657.0,4658.0,4590.0,4626.0,803575052,173717,14,4524.0,4592.0
2024-03-02,4749.0,4749.0,4554.0,4706.0,1992253095,423316,25,4626.0,4733.0
2024-03-03,4600.0,4847.0,4590.0,4686.0,3923830610,837316,61,4706.0,4775.0
2024-03-04,4810.0,4826.0,4611.0,4780.0,4819855382,1008394,55,4686.0,4825.0
2024-03-05,4825.0,4910.0,4650.0,4773.0,5008369769,1049355,68,4780.0,4800.0
2024-03-06,4840.0,4840.0,4720.0,4807.0,3373763248,701886,38,4773.0,4836.0
2024-03-10,4951.0,4951.0,4807.0,4916.0,3843568417,781887,46,4807.0,4951.0
2024-03-11,5029.0,5030.0,4800.0,4926.0,10062287159,2042696,114,4916.0,5000.0
2024-03-12,5069.0,5070.0,4802.0,4991.0,12114495497,2427351,120,4926.0,5070.0
2024-03-13,5110.0,5130.0,5030.0,5094.0,6961346258,1366480,78,4991.0,5120.0
2024-03-18,5240.0,5240.0,5100.0,5230.0,5903918470,1128415,46,5094.0,5240.0
2024-03-24,5380.0,5380.0,5380.0,5380.0,1730568460,321667,13,5230.0,5380.0
2024-03-25,5540.0,5540.0,5540.0,5540.0,3023665520,545788,22,5380.0,5540.0
2024-03-26,5700.0,5700.0,5700.0,5700.0,5173713300,907669,37,5540.0,5700.0
2024-03-27,5870.0,5870.0,5870.0,5870.0,6494104270,1106321,26,5700.0,5870.0
2024-03-30,6030.0,6040.0,5700.0,5990.0,16109002610,2690792,145,5870.0,6030.0
2024-04-02,5820.0,5960.0,5820.0,5830.0,10199292520,1748571,82,5990.0,5820.0
2024-04-03,5660.0,5970.0,5660.0,5690.0,21071463160,3703269,106,5830.0,5880.0
2024-04-06,5860.0,5860.0,5580.0,5690.0,10065090200,1768158,111,5690.0,5820.0
2024-04-07,5850.0,5860.0,5810.0,5860.0,19176584660,3274679,102,5690.0,5860.0
2024-04-08,6030.0,6030.0,6020.0,6030.0,7188742440,1192191,49,5860.0,6030.0
2024-04-09,6210.0,6210.0,6210.0,6210.0,21332989440,3435264,55,6030.0,6210.0
2024-04-13,6390.0,6390.0,6300.0,6390.0,112985037740,17683593,368,6210.0,6390.0
2024-04-14,6450.0,6450.0,6340.0,6430.0,36198607160,5625517,187,6390.0,6450.0
2024-04-15,6490.0,6490.0,6490.0,6490.0,56842677980,8758502,130,6430.0,6490.0
2024-04-16,6550.0,6550.0,6550.0,6550.0,27274940150,4164113,90,6490.0,6550.0
2024-04-17,6610.0,6610.0,6610.0,6610.0,55776878770,8438257,124,6550.0,6610.0
2024-04-20,6800.0,6800.0,6800.0,6800.0,39659368000,5832260,56,6610.0,6800.0
2024-04-21,7000.0,7000.0,7000.0,7000.0,7604394000,1086342,37,6800.0,7000.0
2024-04-22,7210.0,7210.0,7210.0,7210.0,41159063680,5708608,78,7000.0,7210.0
2024-04-23,7420.0,7420.0,7420.0,7420.0,23776722200,3204410,46,7210.0,7420.0
2024-04-24,7410.0,7640.0,7200.0,7280.0,170777089060,23450916,854,7420.0,7200.0
2024-04-27,7490.0,7490.0,7070.0,7260.0,25119415640,3461546,206,7280.0,7230.0
2024-04-28,7250.0,7250.0,7050.0,7050.0,70405295550,9980025,300,7260.0,7070.0
2024-04-29,7000.0,7260.0,7000.0,7200.0,74424808900,10332895,341,7050.0,7230.0
2024-04-30,7400.0,7410.0,7000.0,7200.0,43603247140,6055196,237,7200.0,7300.0
2024-05-01,7340.0,7380.0,7200.0,7300.0,10936812480,1499149,77,7200.0,7300.0
2024-05-05,7390.0,7390.0,7090.0,7220.0,27693831950,3835637,101,7300.0,7090.0
2024-05-06,7240.0,7250.0,7010.0,7010.0,9633583480,1373574,53,7220.0,7010.0
2024-05-07,6800.0,6800.0,6800.0,6800.0,10642884000,1565130,37,7010.0,6800.0
2024-05-08,6600.0,6650.0,6600.0,6600.0,13314918550,2017013,62,6800.0,6600.0
2024-05-11,6410.0,6410.0,6410.0,6410.0,4821640460,752206,29,6600.0,6410.0
2024-05-12,6220.0,6220.0,6220.0,6220.0,4878874700,784385,28,6410.0,6220.0
2024-05-13,6050.0,6360.0,6040.0,6070.0,10672138870,1757766,83,6220.0,6040.0
2024-05-14,5900.0,6220.0,5900.0,6070.0,2576718780,424441,45,6070.0,6100.0
2024-05-15,6190.0,6250.0,6100.0,6240.0,14477984010,2319284,93,6070.0,6250.0
2024-05-18,6080.0,6390.0,6060.0,6080.0,16273269240,2675579,125,6240.0,6280.0
2024-05-19,6250.0,6250.0,5900.0,5910.0,6743699730,1141828,60,6080.0,5900.0
2024-05-21,5800.0,5800.0,5800.0,5800.0,2022460000,348700,9,5910.0,5800.0
2024-05-25,5690.0,5900.0,5690.0,5690.0,12531030600,2201674,80,5800.0,5690.0
2024-05-26,5580.0,5690.0,5580.0,5590.0,708292000,126800,9,5690.0,5580.0
2024-05-27,5480.0,5630.0,5480.0,5490.0,1865524440,339908,18,5590.0,5480.0
2024-05-28,5390.0,5580.0,5390.0,5390.0,6157482150,1142006,50,5490.0,5390.0
2024-05-29,5290.0,5290.0,5290.0,5290.0,5448573040,1029976,33,5390.0,5290.0
2024-06-01,5190.0,5190.0,5190.0,5190.0,4928522610,949619,36,5290.0,5190.0
2024-06-02,5090.0,5090.0,5090.0,5090.0,14567580000,2862000,54,5190.0,5090.0
2024-06-05,4990.0,4990.0,4990.0,4990.0,1996000000,400000,10,5090.0,4990.0
2024-06-08,4891.0,4891.0,4891.0,4891.0,3956819000,809000,28,4990.0,4891.0
2024-06-09,4794.0,4794.0,4794.0,4794.0,2876400000,600000,10,4891.0,4794.0
2024-06-10,4699.0,4750.0,4699.0,4700.0,98347404995,20925916,410,4794.0,4719.0
2024-06-11,4759.0,4759.0,4606.0,4644.0,22304100047,4802385,129,4700.0,4606.0
2024-06-12,4552.0,4720.0,4552.0,4556.0,42238459184,9271282,189,4644.0,4553.0
2024-06-15,4466.0,4647.0,4465.0,4493.0,25223398668,5614029,208,4556.0,4465.0
2024-06-16,4404.0,4404.0,4404.0,4404.0,9004924860,2044715,41,4493.0,4404.0
2024-06-18,4316.0,4316.0,4316.0,4316.0,4406433148,1020953,38,4404.0,4316.0
2024-07-07,4440.0,4444.0,4187.0,4206.0,27153038545,6456009,184,4316.0,4187.0
2024-07-08,4319.0,4332.0,4080.0,4151.0,21959677871,5290624,209,4206.0,4080.0
2024-07-09,4030.0,4228.0,4027.0,4036.0,13404009367,3321221,146,4151.0,4027.0
2024-07-10,4000.0,4148.0,3915.0,3943.0,22684523197,5752992,184,4036.0,3915.0
2024-07-13,4059.0,4059.0,3825.0,3853.0,9123768664,2368047,72,3943.0,3825.0
2024-07-14,3739.0,3739.0,3738.0,3738.0,5359918014,1433853,44,3853.0,3738.0
2024-07-17,3626.0,3626.0,3626.0,3626.0,5061406490,1395865,48,3738.0,3626.0
2024-07-20,3518.0,3690.0,3518.0,3524.0,50638403055,14370575,311,3626.0,3518.0
2024-07-21,3422.0,3560.0,3419.0,3449.0,12841414533,3722922,176,3524.0,3419.0
2024-07-22,3430.0,3539.0,3353.0,3420.0,12887972089,3768448,104,3449.0,3353.0
2024-07-23,3449.0,3522.0,3318.0,3411.0,38289557976,11225824,260,3420.0,3330.0
2024-07-24,3314.0,3438.0,3314.0,3345.0,7819337403,2337626,139,3411.0,3408.0
2024-07-27,3400.0,3445.0,3351.0,3431.0,60803559178,17721770,380,3345.0,3440.0
2024-07-29,3351.0,3515.0,3329.0,3359.0,12979252425,3864413,84,3431.0,3329.0
2024-07-30,3260.0,3423.0,3259.0,3297.0,17410455397,5281474,143,3359.0,3330.0
2024-07-31,3199.0,3199.0,3199.0,3199.0,5131573482,1604118,44,3297.0,3199.0
2024-08-03,3104.0,3104.0,3104.0,3104.0,2847867232,917483,35,3199.0,3104.0
2024-08-04,3073.0,3073.0,3073.0,3073.0,66256953,21561,1,3104.0,3073.0
2024-08-05,3043.0,3043.0,3043.0,3072.0,740374072,243304,8,3073.0,3043.0
2024-08-06,3042.0,3042.0,3042.0,3072.0,212940000,70000,1,3072.0,3042.0
2024-08-10,3042.0,3042.0,3042.0,3072.0,159449472,52416,3,3072.0,3042.0
2024-08-11,3042.0,3042.0,3042.0,3072.0,193167000,63500,3,3072.0,3042.0
2024-08-12,3042.0,3042.0,3042.0,3071.0,399244248,131244,4,3072.0,3042.0
2024-08-13,3041.0,3041.0,3041.0,3071.0,50021409,16449,1,3071.0,3041.0
2024-08-14,3041.0,3041.0,3041.0,3070.0,339071500,111500,3,3071.0,3041.0
2024-08-17,3009.0,3009.0,3009.0,3055.0,4833377763,1606307,51,3070.0,3009.0
2024-08-18,2994.0,3114.0,2994.0,3024.0,21705992462,7177947,153,3055.0,3083.0
2024-08-19,2964.0,2999.0,2964.0,2986.0,13038827168,4394135,111,3024.0,2964.0
2024-08-20,2927.0,2927.0,2927.0,2972.0,4445381250,1518750,42,2986.0,2927.0
2024-08-21,2913.0,2913.0,2913.0,2962.0,3117746031,1070287,39,2972.0,2913.0
2024-08-24,2903.0,2962.0,2903.0,2921.0,14757475212,5075051,106,2962.0,2903.0
2024-08-26,2863.0,2979.0,2863.0,2923.0,13605022089,4652287,130,2921.0,2977.0
2024-08-27,2980.0,2980.0,2865.0,2909.0,7672042052,2657719,106,2923.0,2975.0
2024-08-28,2950.0,2950.0,2851.0,2902.0,3763082116,1309726,57,2909.0,2851.0
2024-08-31,2846.0,2943.0,2844.0,2902.0,8449207256,2910924,128,2902.0,2933.0
2024-09-01,2956.0,2956.0,2844.0,2896.0,6927024037,2400824,94,2902.0,2844.0
2024-09-03,2911.0,2912.0,2839.0,2889.0,2568636689,902478,44,2896.0,2839.0
2024-09-07,2901.0,2901.0,2803.0,2867.0,5263271095,1874706,63,2889.0,2875.0
2024-09-08,2874.0,2953.0,2801.0,2873.0,4215993163,1456902,84,2867.0,2801.0
2024-09-09,2923.0,2959.0,2874.0,2916.0,13055956860,4441540,125,2873.0,2959.0
2024-09-10,3003.0,3003.0,3003.0,2951.0,8256304056,2749352,60,2916.0,3003.0
2024-09-11,3039.0,3039.0,3003.0,2971.0,4786007663,1576062,64,2951.0,3039.0
2024-09-14,3060.0,3060.0,2886.0,3012.0,18873404180,6260358,149,2971.0,3055.0
2024-09-15,3020.0,3101.0,2983.0,3017.0,4826391104,1591850,60,3012.0,3030.0
2024-09-16,3106.0,3106.0,2950.0,3008.0,6870207696,2298335,73,3017.0,3000.0
2024-09-17,3080.0,3080.0,2943.0,3019.0,9183836606,3028757,81,3008.0,3080.0
2024-09-18,3090.0,3090.0,2970.0,3024.0,4362308922,1434428,53,3019.0,3030.0
2024-09-22,3024.0,3114.0,2938.0,3013.0,5847029958,1957462,89,3024.0,3020.0
2024-09-23,3000.0,3090.0,2959.0,3015.0,2142513584,705854,43,3013.0,3055.0
2024-09-24,3020.0,3105.0,2985.0,3084.0,42727236085,13852254,269,3015.0,3105.0
2024-09-28,3054.0,3114.0,3054.0,3084.0,2173893736,704454,31,3084.0,3055.0
2024-09-30,3056.0,3056.0,3054.0,3081.0,1871032804,612626,12,3084.0,3054.0
2024-10-01,3061.0,3062.0,3051.0,3079.0,1376108635,450872,16,3081.0,3051.0
2024-10-02,3049.0,3049.0,3049.0,3079.0,241657642,79258,6,3079.0,3049.0
2024-10-05,3049.0,3109.0,3049.0,3075.0,6052219270,1973725,80,3079.0,3065.0
2024-10-06,3104.0,3105.0,3045.0,3070.0,3636081349,1192425,26,3075.0,3045.0
2024-10-07,3040.0,3040.0,3040.0,3070.0,50160000,16500,2,3070.0,3040.0
2024-10-08,3040.0,3085.0,3040.0,3066.0,2630107840,864871,36,3070.0,3040.0
2024-10-09,3040.0,3040.0,3036.0,3064.0,1576570008,518778,16,3066.0,3036.0
2024-10-12,3036.0,3036.0,2973.0,3049.0,3670039178,1229024,43,3064.0,3028.0
2024-10-13,3035.0,3140.0,2966.0,3053.0,6235112646,2035728,76,3049.0,3066.0
2024-10-14,3058.0,3058.0,2962.0,3046.0,1529910196,515530,29,3053.0,2962.0
2024-10-15,2955.0,3120.0,2955.0,3038.0,19153032294,6304472,100,3046.0,3090.0
2024-10-16,3039.0,3098.0,2947.0,3023.0,5967507812,1996346,62,3038.0,2990.0
2024-10-19,3035.0,3035.0,2933.0,3022.0,271749030,91988,6,3023.0,2933.0
2024-10-20,2941.0,2941.0,2932.0,3021.0,235534572,80271,6,3022.0,2932.0
2024-10-21,2931.0,2931.0,2931.0,3020.0,179312718,61178,4,3021.0,2931.0
2024-10-22,2930.0,2930.0,2930.0,3013.0,1609610150,549355,11,3020.0,2930.0
2024-10-26,2927.0,3070.0,2923.0,2929.0,27778631879,9484893,211,3013.0,2970.0
2024-10-27,3015.0,3016.0,2952.0,3004.0,24085549770,8017349,139,2929.0,3016.0
2024-10-28,3004.0,3004.0,2914.0,2954.0,11244789928,3853219,85,3004.0,2914.0
2024-10-29,2866.0,2866.0,2866.0,2950.0,862608680,300980,13,2954.0,2866.0
2024-10-30,2862.0,2994.0,2862.0,2938.0,4209495556,1453838,36,2950.0,2900.0
2024-11-02,2850.0,2853.0,2850.0,2924.0,3126258498,1096700,48,2938.0,2850.0
2024-11-03,2837.0,2837.0,2837.0,2924.0,50030495,17635,1,2924.0,2837.0
2024-11-04,2837.0,2837.0,2837.0,2922.0,499995717,176241,6,2924.0,2837.0
2024-11-05,2835.0,2835.0,2835.0,2905.0,3694005000,1303000,20,2922.0,2835.0
2024-11-06,2818.0,2818.0,2818.0,2897.0,1854244000,658000,13,2905.0,2818.0
2024-11-09,2811.0,2980.0,2811.0,2844.0,28663224101,10077205,222,2897.0,2832.0
2024-11-10,2890.0,2929.0,2850.0,2859.0,4637701450,1595346,76,2844.0,2863.0
2024-11-11,2890.0,2940.0,2774.0,2869.0,8256598612,2863813,93,2859.0,2775.0
2024-11-12,2793.0,2929.0,2790.0,2859.0,6738990053,2372548,78,2869.0,2929.0
2024-11-13,2775.0,2944.0,2775.0,2891.0,10355453311,3544169,117,2859.0,2900.0
2024-11-16,2975.0,2977.0,2890.0,2940.0,14581194105,4927393,105,2891.0,2901.0
2024-11-17,2950.0,3028.0,2860.0,2950.0,7749151681,2613157,77,2940.0,2999.0
2024-11-18,2920.0,3038.0,2920.0,3028.0,18859180615,6210593,181,2950.0,3035.0
2024-11-19,3115.0,3116.0,2962.0,3036.0,8265237338,2711138,87,3028.0,2962.0
2024-11-20,2962.0,3076.0,2950.0,3025.0,4531045887,1517706,47,3036.0,2952.0
2024-11-23,2936.0,3100.0,2935.0,3004.0,12513715995,4183543,115,3025.0,3020.0
2024-11-24,3039.0,3094.0,3039.0,3082.0,18229817866,5895947,151,3004.0,3094.0
2024-11-25,3127.0,3174.0,3127.0,3153.0,16584945244,5229325,175,3082.0,3174.0
2024-11-26,3175.0,3217.0,3062.0,3150.0,6531713114,2078533,81,3153.0,3150.0
2024-11-27,3151.0,3227.0,3082.0,3164.0,18134476419,5727064,146,3150.0,3115.0
2024-11-30,3111.0,3258.0,3111.0,3211.0,15960358715,4950526,139,3164.0,3170.0
2024-12-01,3211.0,3307.0,3211.0,3283.0,15850758997,4793954,142,3211.0,3307.0
2024-12-02,3381.0,3381.0,3381.0,3337.0,11869321695,3510595,84,3283.0,3381.0
2024-12-03,3437.0,3437.0,3437.0,3386.0,10596511590,3083070,71,3337.0,3437.0
2024-12-04,3487.0,3487.0,3386.0,3479.0,21274287682,6109772,124,3386.0,3487.0
2024-12-07,3583.0,3583.0,3450.0,3561.0,24577753123,6902050,153,3479.0,3583.0
2024-12-08,3667.0,3667.0,3502.0,3613.0,17489660480,4826836,134,3561.0,3667.0
2024-12-09,3721.0,3721.0,3721.0,3682.0,13730895589,3690109,95,3613.0,3721.0
2024-12-10,3789.0,3792.0,3682.0,3733.0,16710157404,4459480,194,3682.0,3691.0
2024-12-11,3622.0,3700.0,3622.0,3632.0,48671880264,13401837,331,3733.0,3700.0
2024-12-14,3740.0,3740.0,3641.0,3738.0,49459493106,13231815,255,3632.0,3641.0
2024-12-15,3848.0,3850.0,3637.0,3720.0,19870166826,5342211,209,3738.0,3699.0
2024-12-16,3613.0,3613.0,3609.0,3610.0,31374933355,8692179,292,3720.0,3609.0
2024-12-17,3502.0,3510.0,3502.0,3512.0,17508102429,4999357,102,3610.0,3502.0
2024-12-18,3407.0,3407.0,3407.0,3446.0,11751666297,3449271,65,3512.0,3407.0
2024-12-21,3370.0,3540.0,3370.0,3470.0,41326703267,11908506,370,3446.0,3439.0
2024-12-22,3372.0,3380.0,3366.0,3367.0,38566924556,11455252,264,3470.0,3366.0
2024-12-23,3270.0,3468.0,3266.0,3393.0,101651157477,29955207,831,3367.0,3266.0
2024-12-24,3388.0,3494.0,3356.0,3453.0,68309432967,19781235,523,3393.0,3494.0
2024-12-25,3530.0,3556.0,3490.0,3552.0,74047735312,20847087,392,3453.0,3556.0
2024-12-31,3658.0,3658.0,3658.0,3592.0,7839313480,2143060,52,3552.0,3658.0
2025-01-01,3699.0,3699.0,3699.0,3680.0,17194664637,4648463,108,3592.0,3699.0
2025-01-04,3790.0,3790.0,3790.0,3760.0,15048361760,3970544,85,3680.0,3790.0
2025-01-05,3872.0,3872.0,3872.0,3869.0,20438390720,5278510,111,3760.0,3872.0
2025-01-06,3985.0,3985.0,3881.0,3953.0,101657842611,25717424,650,3869.0,3917.0
2025-01-07,4010.0,4067.0,3840.0,3983.0,65571791609,16462096,445,3953.0,4000.0
2025-01-08,4080.0,4102.0,4060.0,4099.0,29453951266,7185144,214,3983.0,4102.0
2025-01-12,3977.0,3977.0,3977.0,4015.0,13384323064,3365432,81,4099.0,3977.0
2025-01-13,3895.0,4124.0,3895.0,3970.0,50629427229,12754345,445,4015.0,4010.0
2025-01-15,4089.0,4089.0,4026.0,4086.0,62696146654,15344724,441,3970.0,4089.0
2025-01-18,4200.0,4200.0,3964.0,4012.0,39213569484,9775188,289,4086.0,3968.0
2025-01-19,3892.0,4132.0,3892.0,4095.0,37780740910,9225165,301,4012.0,4116.0
2025-01-20,4207.0,4207.0,3973.0,4000.0,27018457675,6754586,195,4095.0,3973.0
2025-01-21,3889.0,3940.0,3880.0,3883.0,42885717398,11044754,266,4000.0,3940.0
2025-01-22,3998.0,3999.0,3900.0,3980.0,21219226490,5331192,154,3883.0,3984.0
2025-01-26,4097.0,4097.0,3861.0,3941.0,27909345749,7082155,217,3980.0,3862.0
2025-01-27,3829.0,4040.0,3823.0,3912.0,14139079751,3625145,164,3941.0,3872.0
2025-01-29,3864.0,4029.0,3864.0,3980.0,15395646553,3848483,135,3912.0,3966.0
2025-02-01,4090.0,4090.0,3861.0,3924.0,13308672077,3413978,145,3980.0,3873.0
2025-02-02,4039.0,4039.0,3899.0,3958.0,14734069013,3711685,108,3924.0,3965.0
2025-02-03,3910.0,4040.0,3910.0,3993.0,18590194842,4652424,119,3958.0,3960.0
2025-02-04,4112.0,4112.0,4112.0,4041.0,8282867392,2014316,51,3993.0,4112.0
2025-02-05,4162.0,4162.0,4104.0,4159.0,33625597860,8084747,254,4041.0,4162.0
2025-02-09,4160.0,4160.0,4035.0,4066.0,17909998552,4413304,144,4159.0,4046.0
2025-02-11,4067.0,4142.0,3945.0,3981.0,17372397172,4373660,133,4066.0,3945.0
2025-02-15,3862.0,3862.0,3862.0,3934.0,7610128930,1970515,55,3981.0,3862.0
2025-02-16,3816.0,3816.0,3816.0,3896.0,6098925816,1598251,34,3934.0,3816.0
2025-02-17,3780.0,3818.0,3780.0,3782.0,21765129338,5755085,125,3896.0,3780.0
2025-02-18,3670.0,3680.0,3669.0,3669.0,24725306535,6738235,175,3782.0,3669.0
2025-02-19,3559.0,3669.0,3559.0,3619.0,9939590905,2778027,115,3669.0,3559.0
2025-02-22,3512.0,3649.0,3511.0,3590.0,9793401561,2750240,91,3619.0,3511.0
2025-02-23,3500.0,3697.0,3500.0,3656.0,12962402036,3508785,107,3590.0,3697.0
2025-02-24,3548.0,3765.0,3548.0,3702.0,9923221829,2644150,90,3656.0,3721.0
2025-02-25,3700.0,3813.0,3623.0,3726.0,9552668705,2545152,96,3702.0,3720.0
2025-02-26,3620.0,3837.0,3615.0,3784.0,34390234900,9087577,210,3726.0,3837.0
2025-03-01,3897.0,3897.0,3896.0,3875.0,16527223869,4241026,102,3784.0,3897.0
2025-03-02,3980.0,3991.0,3890.0,3976.0,25210761298,6340622,146,3875.0,3991.0
2025-03-03,3857.0,3858.0,3857.0,3858.0,20140781018,5221874,95,3976.0,3857.0
2025-03-04,3750.0,3970.0,3743.0,3781.0,20935921245,5537260,137,3858.0,3743.0
2025-03-05,3668.0,3668.0,3668.0,3738.0,7400641164,2017623,47,3781.0,3668.0
2025-03-08,3626.0,3626.0,3626.0,3719.0,3360504280,926780,13,3738.0,3626.0
2025-03-09,3608.0,3608.0,3608.0,3711.0,1307376840,362355,10,3719.0,3608.0
2025-03-10,3600.0,3626.0,3600.0,3648.0,10887930152,3024208,67,3711.0,3600.0
2025-03-11,3539.0,3539.0,3539.0,3643.0,928155835,262265,11,3648.0,3539.0
2025-03-12,3534.0,3534.0,3534.0,3610.0,5705508708,1614462,31,3643.0,3534.0
2025-03-15,3508.0,3718.0,3508.0,3656.0,21682688751,5930999,121,3610.0,3612.0
2025-03-16,3566.0,3695.0,3547.0,3558.0,23040586788,6476208,134,3656.0,3673.0
2025-03-17,3659.0,3659.0,3452.0,3542.0,3640015765,1048321,62,3558.0,3452.0
2025-03-18,3436.0,3436.0,3436.0,3540.0,382426800,111300,6,3542.0,3436.0
2025-03-25,3434.0,3528.0,3434.0,3508.0,6520522277,1892966,79,3540.0,3465.0
2025-03-26,3412.0,3600.0,3403.0,3464.0,15592428296,4516316,116,3508.0,3405.0
2025-03-29,3380.0,3400.0,3361.0,3451.0,2931700092,867361,47,3464.0,3362.0
2025-03-30,3350.0,3350.0,3348.0,3428.0,4361088302,1302336,59,3451.0,3348.0
2025-04-05,3348.0,3530.0,3328.0,3466.0,32456238058,9363272,206,3428.0,3520.0
2025-04-06,3379.0,3569.0,3379.0,3481.0,11363243649,3252464,108,3466.0,3400.0
2025-04-07,3579.0,3579.0,3380.0,3471.0,3015557959,882764,53,3481.0,3410.0
2025-04-08,3475.0,3575.0,3475.0,3507.0,14062586542,3990960,116,3471.0,3575.0
2025-04-09,3611.0,3612.0,3422.0,3537.0,13139988570,3696432,81,3507.0,3440.0
2025-04-12,3431.0,3637.0,3431.0,3548.0,12902189006,3629689,78,3537.0,3593.0
2025-04-13,3650.0,3654.0,3650.0,3603.0,10838986108,2966625,55,3548.0,3654.0
2025-04-14,3708.0,3710.0,3550.0,3615.0,11078947392,3056688,79,3603.0,3562.0
2025-04-15,3640.0,3640.0,3507.0,3573.0,8619373357,2449893,95,3615.0,3549.0
2025-04-16,3467.0,3650.0,3466.0,3575.0,10305397553,2881585,88,3573.0,3587.0
2025-04-19,3468.0,3642.0,3468.0,3500.0,18935840054,5413938,157,3575.0,3470.0
2025-04-20,3581.0,3605.0,3521.0,3586.0,19394683557,5404406,137,3500.0,3605.0
2025-04-21,3689.0,3693.0,3606.0,3689.0,27362110867,7416729,200,3586.0,3693.0
2025-04-22,3711.0,3798.0,3584.0,3693.0,18844446128,5102000,170,3689.0,3600.0
2025-04-23,3709.0,3800.0,3600.0,3706.0,26801113594,7231676,173,3693.0,3800.0
2025-04-26,3800.0,3815.0,3680.0,3734.0,18277517509,4890972,102,3706.0,3702.0
2025-04-27,3642.0,3787.0,3622.0,3704.0,15171039761,4106423,150,3734.0,3651.0
2025-04-28,3804.0,3805.0,3622.0,3715.0,13828023075,3717179,93,3704.0,3746.0
2025-04-29,3645.0,3760.0,3604.0,3657.0,38814891524,10614122,276,3715.0,3709.0
2025-04-30,3764.0,3766.0,3610.0,3741.0,37268984558,9961165,227,3657.0,3766.0
2025-05-03,3631.0,3750.0,3629.0,3631.0,20007106094,5509480,111,3741.0,3629.0
2025-05-04,3523.0,3598.0,3523.0,3526.0,28977061645,8218730,168,3631.0,3545.0
2025-05-05,3600.0,3600.0,3421.0,3432.0,21173385400,6169484,168,3526.0,3425.0
2025-05-06,3500.0,3500.0,3330.0,3364.0,40618373811,12075219,262,3432.0,3480.0
2025-05-07,3464.0,3464.0,3463.0,3464.0,19061703448,5502807,124,3364.0,3464.0
2025-05-10,3567.0,3567.0,3471.0,3552.0,35989832941,10131494,224,3464.0,3567.0
2025-05-11,3658.0,3658.0,3588.0,3657.0,23099288794,6315906,211,3552.0,3658.0
2025-05-12,3766.0,3766.0,3766.0,3706.0,9724527540,2582190,63,3657.0,3766.0
2025-05-13,3817.0,3817.0,3708.0,3793.0,17868863622,4685520,113,3706.0,3817.0
2025-05-14,3845.0,3906.0,3845.0,3901.0,21956664908,5624413,159,3793.0,3906.0
2025-05-17,4018.0,4018.0,4018.0,3955.0,9421780074,2344893,80,3901.0,4018.0
2025-05-18,4073.0,4073.0,4073.0,4002.0,8385806021,2058877,55,3955.0,4073.0
2025-05-19,4122.0,4122.0,3882.0,4034.0,100668293363,24953768,408,4002.0,3966.0
2025-05-20,3915.0,4122.0,3913.0,3936.0,36995216192,9399752,215,4034.0,3920.0
2025-05-21,3850.0,4054.0,3818.0,3980.0,34932660221,8776093,249,3936.0,4054.0
2025-05-24,4099.0,4099.0,4099.0,4030.0,8700746449,2122651,72,3980.0,4099.0
2025-05-25,4150.0,4150.0,4060.0,4137.0,54236284665,13109494,282,4030.0,4150.0
2025-05-26,4155.0,4261.0,4014.0,4155.0,26049865426,6270226,135,4137.0,4200.0
2025-05-27,4080.0,4279.0,4080.0,4263.0,36418858722,8542822,216,4155.0,4279.0
2025-05-28,4390.0,4390.0,4279.0,4390.0,22120107500,5038830,114,4263.0,4390.0
2025-05-31,4519.0,4521.0,4360.0,4501.0,62659137450,13921795,328,4390.0,4398.0
2025-06-01,4400.0,4485.0,4366.0,4390.0,50924029613,11599605,236,4501.0,4419.0
2025-06-02,4330.0,4521.0,4330.0,4460.0,45990150690,10312659,172,4390.0,4521.0
2025-06-03,4593.0,4593.0,4520.0,4590.0,51335362038,11183830,277,4460.0,4555.0
2025-06-07,4640.0,4725.0,4453.0,4461.0,25835380989,5790996,138,4590.0,4453.0
2025-06-08,4328.0,4328.0,4328.0,4396.0,9279664800,2144100,41,4461.0,4328.0
2025-06-09,4265.0,4430.0,4265.0,4280.0,20448879119,4777403,86,4396.0,4265.0
2025-06-10,4153.0,4370.0,4152.0,4171.0,28515835224,6836224,160,4280.0,4152.0
2025-06-11,4295.0,4296.0,4070.0,4155.0,15785814294,3801148,105,4171.0,4104.0
2025-07-27,4031.0,4031.0,4031.0,4124.0,4888877420,1212820,27,4155.0,4031.0
2025-07-28,4001.0,4001.0,4001.0,4093.0,4852492820,1212820,23,4124.0,4001.0
2025-07-29,3971.0,3971.0,3971.0,4062.0,4816108220,1212820,23,4093.0,3971.0
2025-07-30,3941.0,3941.0,3941.0,4031.0,4909776620,1245820,25,4062.0,3941.0
2025-08-02,3911.0,3911.0,3911.0,4000.0,4984987977,1274607,29,4031.0,3911.0
2025-08-03,3880.0,3880.0,3880.0,3961.0,6327581600,1630820,30,4000.0,3880.0
2025-08-04,3843.0,3843.0,3843.0,3932.0,4660867260,1212820,25,3961.0,3843.0
2025-08-05,3815.0,3815.0,3815.0,3903.0,4684133300,1227820,23,3932.0,3815.0
2025-08-06,3786.0,3786.0,3786.0,3893.0,1607213790,424515,15,3903.0,3786.0
2025-08-09,3777.0,3777.0,3777.0,3865.0,4633321440,1226720,25,3893.0,3777.0
2025-08-10,3750.0,3750.0,3750.0,3835.0,5105385000,1361436,24,3865.0,3750.0
2025-08-11,3720.0,3720.0,3720.0,3822.0,2232000000,600000,10,3835.0,3720.0
2025-08-13,3708.0,3708.0,3708.0,3822.0,52097400,14050,2,3822.0,3708.0
2025-08-16,3708.0,3708.0,3708.0,3822.0,5168952,1394,1,3822.0,3708.0
2025-08-17,3708.0,3708.0,3708.0,3821.0,185400000,50000,1,3822.0,3708.0
2025-08-18,3630.0,3630.0,3630.0,3630.0,644452050,177535,1,3821.0,3630.0
2025-08-20,3522.0,3522.0,3522.0,3630.0,50015922,14201,1,3630.0,3522.0
2025-08-25,3522.0,3522.0,3522.0,3630.0,52830000,15000,1,3630.0,3522.0
2025-08-27,3449.0,3449.0,3449.0,3449.0,521799210,151290,3,3630.0,3449.0
2025-08-31,3346.0,3346.0,3346.0,3448.0,150570000,45000,3,3449.0,3346.0
2025-09-03,3345.0,3345.0,3345.0,3446.0,351225000,105000,7,3448.0,3345.0
2025-09-06,3343.0,3343.0,3343.0,3446.0,3343000,1000,1,3446.0,3343.0
2025-09-07,3274.0,3274.0,3274.0,3274.0,6200435434,1893841,17,3446.0,3274.0
2025-09-08,3176.0,3176.0,3176.0,3176.0,20219340216,6366291,70,3274.0,3176.0
2025-09-09,3081.0,3081.0,3081.0,3148.0,5180421129,1681409,20,3176.0,3081.0
2025-09-13,3054.0,3242.0,3054.0,3141.0,84163788304,26798858,511,3148.0,3232.0
2025-09-14,3235.0,3235.0,3235.0,3188.0,10279455125,3177575,58,3141.0,3235.0
2025-09-15,3283.0,3283.0,3210.0,3261.0,18904962960,5783658,144,3188.0,3283.0
2025-09-16,3349.0,3349.0,3164.0,3226.0,9901030645,3104711,106,3261.0,3164.0
2025-09-17,3130.0,3260.0,3130.0,3166.0,15327274838,4869744,107,3226.0,3130.0
2025-09-20,3072.0,3072.0,3072.0,3147.0,3994601472,1300326,25,3166.0,3072.0
2025-09-21,3053.0,3053.0,3053.0,3115.0,6576168106,2154002,31,3147.0,3053.0
2025-09-22,3022.0,3026.0,3022.0,3022.0,19263259200,6373312,86,3115.0,3022.0
