date,open,high,low,adjClose,value,volume,count,yesterday,close
2013-11-16,1100.0,1100.0,1100.0,1100.0,1551000,1410,1,1000.0,1100.0
2013-11-19,2000.0,2000.0,2000.0,2000.0,100000000,50000,7,1100.0,2000.0
2013-11-30,2000.0,2000.0,2000.0,2000.0,172000000,86000,10,2000.0,2000.0
2013-12-11,2000.0,2000.0,2000.0,2000.0,71112000,35556,4,2000.0,2000.0
2013-12-22,2100.0,2300.0,2000.0,2093.0,418550000,200000,12,2000.0,2100.0
2013-12-24,2090.0,2090.0,2090.0,2090.0,83600000,40000,1,2093.0,2090.0
2013-12-29,2900.0,2900.0,2900.0,2900.0,101500000,35000,2,2090.0,2900.0
2013-12-30,2090.0,2201.0,2090.0,2095.0,88002000,42000,2,2900.0,2201.0
2014-01-01,3200.0,3200.0,3200.0,3200.0,80000000,25000,2,2095.0,3200.0
2014-01-04,3200.0,3200.0,3200.0,3200.0,64000000,20000,1,3200.0,3200.0
2014-01-05,3800.0,3800.0,3800.0,3800.0,95000000,25000,1,3200.0,3800.0
2014-01-07,3900.0,4300.0,3900.0,4073.0,802381900,197021,9,3800.0,4300.0
2014-01-13,4000.0,4501.0,3900.0,4172.0,283464100,67952,10,4073.0,3900.0
2014-01-15,4510.0,4510.0,4510.0,4510.0,222843610,49411,1,4172.0,4510.0
2014-01-22,4400.0,4510.0,4100.0,4149.0,375876390,90589,8,4510.0,4100.0
2014-01-27,4400.0,4449.0,4000.0,4384.0,565161000,128900,7,4149.0,4000.0
2014-02-03,3200.0,3200.0,3200.0,3200.0,192000000,60000,1,4384.0,3200.0
2014-02-18,3800.0,4100.0,3690.0,3912.0,3590637600,917964,53,3200.0,3700.0
2014-02-19,3701.0,4100.0,3701.0,3758.0,218875000,58250,2,3912.0,4100.0
2014-02-22,4400.0,5000.0,3200.0,4119.0,2111319000,512620,26,3758.0,4447.0
2014-02-23,3200.0,3300.0,2850.0,3126.0,3521832000,1126720,30,4119.0,2850.0
2014-02-24,2910.0,2910.0,2850.0,2886.0,230216500,79780,7,3126.0,2850.0
2014-02-26,2510.0,2510.0,2510.0,2510.0,7530000,3000,1,2886.0,2510.0
2014-03-02,3300.0,3499.0,2510.0,2763.0,326292000,118100,18,2510.0,2510.0
2014-03-03,3280.0,3280.0,3280.0,3280.0,328000000,100000,1,2763.0,3280.0
2014-03-04,2320.0,2401.0,2305.0,2326.0,89557110,38495,7,3280.0,2401.0
2014-03-05,2340.0,2340.0,2301.0,2330.0,249002570,106870,9,2326.0,2301.0
2014-03-09,2201.0,2600.0,1800.0,1920.0,891519000,464344,17,2330.0,2100.0
2014-03-11,2997.0,2997.0,2250.0,2487.0,161680000,65000,5,1920.0,2299.0
2014-03-12,2000.0,2000.0,2000.0,2000.0,106000000,53000,2,2487.0,2000.0
2014-03-18,2000.0,2350.0,1950.0,2273.0,163562250,71955,5,2000.0,2350.0
2014-03-25,2450.0,2450.0,2450.0,2450.0,24500000,10000,3,2273.0,2450.0
2014-03-26,2490.0,2490.0,2450.0,2481.0,143900000,58000,2,2450.0,2450.0
2014-03-29,2450.0,2490.0,2450.0,2459.0,124683000,50700,5,2481.0,2450.0
2014-03-31,2500.0,2500.0,2500.0,2500.0,10000000,4000,1,2459.0,2500.0
2014-04-05,2280.0,2280.0,2270.0,2272.0,55211000,24300,2,2500.0,2270.0
2014-04-08,2500.0,2500.0,2500.0,2500.0,10000000,4000,1,2272.0,2500.0
2014-04-09,2300.0,2300.0,2300.0,2300.0,29900000,13000,3,2500.0,2300.0
2014-04-12,2300.0,2300.0,2220.0,2273.0,68200000,30000,2,2300.0,2220.0
2014-04-13,2300.0,2300.0,2130.0,2172.0,58045500,26725,6,2273.0,2130.0
2014-04-16,2180.0,2180.0,1900.0,2048.0,409698000,200000,11,2172.0,1900.0
2014-04-21,1900.0,2130.0,1900.0,1930.0,75070000,38900,5,2048.0,1901.0
2014-04-23,1800.0,1990.0,1800.0,1915.0,31600000,16500,2,1930.0,1990.0
2014-04-26,2100.0,2190.0,2000.0,2042.0,69309000,33940,5,1915.0,2000.0
2014-04-27,2100.0,2100.0,2000.0,2100.0,21062000,10031,2,2042.0,2000.0
2014-04-29,2100.0,2100.0,1950.0,2030.0,86163200,42442,5,2100.0,1950.0
2014-04-30,2100.0,2100.0,2100.0,2100.0,42000000,20000,3,2030.0,2100.0
2014-05-03,2100.0,2100.0,2100.0,2100.0,4918200,2342,1,2100.0,2100.0
2014-05-04,2100.0,2100.0,2000.0,2042.0,249543000,122227,14,2100.0,2000.0
2014-05-10,1960.0,1960.0,1870.0,1927.0,192670000,100000,5,2042.0,1870.0
2014-05-11,2100.0,2100.0,2000.0,2099.0,77199100,36774,3,1927.0,2000.0
2014-05-14,1950.0,1950.0,1950.0,1950.0,780000,400,1,2099.0,1950.0
2014-05-17,1860.0,1860.0,1860.0,1860.0,4324500,2325,1,1950.0,1860.0
2014-05-18,1860.0,1860.0,1860.0,1860.0,1748400,940,1,1860.0,1860.0
2014-05-19,1805.0,1860.0,1805.0,1826.0,44931000,24600,2,1860.0,1860.0
2014-05-25,1861.0,1900.0,1861.0,1865.0,10255000,5500,2,1826.0,1900.0
2014-05-31,1860.0,1860.0,1805.0,1844.0,22133425,12000,5,1865.0,1805.0
2014-06-01,1800.0,1805.0,1750.0,1793.0,110283225,61501,5,1844.0,1750.0
2014-06-07,1756.0,1756.0,1500.0,1664.0,442029240,265574,15,1793.0,1500.0
2014-06-08,1600.0,2090.0,1600.0,1917.0,200945050,104845,13,1664.0,1960.0
2014-06-09,1890.0,2190.0,1890.0,2056.0,420280700,204374,20,1917.0,2050.0
2014-06-10,2100.0,2380.0,2100.0,2232.0,551149241,246983,16,2056.0,2370.0
2014-06-15,2060.0,2060.0,1950.0,1985.0,168716000,85000,14,2232.0,1950.0
2014-06-16,1950.0,1950.0,1950.0,1950.0,39000000,20000,1,1985.0,1950.0
2014-06-17,1950.0,1950.0,1950.0,1950.0,8833500,4530,1,1950.0,1950.0
2014-06-18,1891.0,1891.0,1891.0,1891.0,888770,470,1,1950.0,1891.0
2014-06-21,1910.0,1911.0,1910.0,1911.0,68413000,35800,3,1891.0,1911.0
2014-06-23,2180.0,2479.0,2180.0,2329.0,46590000,20000,3,1911.0,2479.0
2014-06-24,2170.0,2170.0,1890.0,1925.0,105929250,55015,5,2329.0,2070.0
2014-06-28,2065.0,2280.0,1890.0,1928.0,100979195,52388,7,1925.0,1890.0
2014-06-29,1850.0,1850.0,1800.0,1810.0,179570909,99228,6,1928.0,1800.0
2014-07-01,1800.0,1800.0,1800.0,1800.0,45000000,25000,1,1810.0,1800.0
2014-07-02,1800.0,1800.0,1800.0,1800.0,63000000,35000,1,1800.0,1800.0
2014-07-05,1945.0,1945.0,1945.0,1945.0,9725000,5000,1,1800.0,1945.0
2014-07-07,1880.0,1880.0,1880.0,1880.0,18800000,10000,1,1945.0,1880.0
2014-07-12,1850.0,1850.0,1850.0,1850.0,18500000,10000,1,1880.0,1850.0
2014-07-14,1730.0,1730.0,1650.0,1702.0,102120000,60000,6,1850.0,1650.0
2014-07-15,1601.0,1601.0,1601.0,1601.0,13608500,8500,1,1702.0,1601.0
2014-07-21,1700.0,1700.0,1700.0,1700.0,8500000,5000,1,1601.0,1700.0
2014-07-22,1700.0,1700.0,1600.0,1607.0,494888500,308000,15,1700.0,1601.0
2014-07-26,1523.0,1523.0,1500.0,1508.0,196010000,130000,11,1607.0,1500.0
2014-07-27,1507.0,1507.0,1507.0,1507.0,30140000,20000,1,1508.0,1507.0
2014-07-28,1500.0,1500.0,1500.0,1500.0,45000000,30000,3,1507.0,1500.0
2014-08-02,1401.0,1401.0,1401.0,1401.0,35025000,25000,2,1500.0,1401.0
2014-08-03,1401.0,1401.0,1401.0,1401.0,14010000,10000,1,1401.0,1401.0
2014-08-05,1401.0,1420.0,1401.0,1414.0,63615000,45000,3,1401.0,1420.0
2014-08-06,1330.0,1330.0,1330.0,1330.0,13300000,10000,1,1414.0,1330.0
2014-08-10,1331.0,1331.0,1331.0,1331.0,26620000,20000,1,1330.0,1331.0
2014-08-12,1331.0,1331.0,1331.0,1331.0,6655000,5000,1,1331.0,1331.0
2014-08-13,1331.0,1331.0,1330.0,1330.0,33255000,25000,3,1331.0,1330.0
2014-08-16,1300.0,1300.0,1300.0,1300.0,65000000,50000,1,1330.0,1300.0
2014-08-17,1250.0,1251.0,1240.0,1245.0,99630000,80000,3,1300.0,1240.0
2014-08-19,1211.0,1211.0,1010.0,1043.0,796385000,763500,6,1245.0,1010.0
2014-08-23,1150.0,1200.0,1110.0,1144.0,34924000,30520,3,1043.0,1110.0
2014-08-24,1112.0,1230.0,1110.0,1140.0,163726800,143680,9,1144.0,1230.0
2014-08-25,1150.0,1236.0,1150.0,1165.0,13742000,11800,2,1140.0,1236.0
2014-08-26,1236.0,1236.0,1110.0,1130.0,456391800,404000,22,1165.0,1150.0
2014-08-27,1110.0,1110.0,1100.0,1104.0,104833800,95000,4,1130.0,1101.0
2014-08-30,1110.0,1110.0,1110.0,1110.0,18121860,16326,1,1104.0,1110.0
2014-08-31,1150.0,1150.0,1150.0,1150.0,1150000,1000,1,1110.0,1150.0
2014-09-01,1110.0,1110.0,1110.0,1110.0,1653900,1490,2,1150.0,1110.0
2014-09-02,1110.0,1110.0,1101.0,1107.0,29212440,26384,4,1110.0,1101.0
2014-09-03,1130.0,1130.0,1130.0,1130.0,3390000,3000,1,1107.0,1130.0
2014-09-06,1095.0,1100.0,1095.0,1097.0,32479520,29616,3,1130.0,1100.0
2014-09-08,1085.0,1370.0,1060.0,1099.0,124215760,113000,9,1097.0,1370.0
2014-09-09,1110.0,1110.0,1110.0,1110.0,15540000,14000,2,1099.0,1110.0
2014-09-10,1080.0,1150.0,1060.0,1064.0,59843880,56270,7,1110.0,1060.0
2014-09-13,1060.0,1060.0,1060.0,1060.0,16957880,15998,2,1064.0,1060.0
2014-09-14,1050.0,1050.0,1050.0,1050.0,5035800,4796,1,1060.0,1050.0
2014-09-17,1070.0,1070.0,1070.0,1070.0,1070,1,1,1050.0,1070.0
2014-09-21,1140.0,1220.0,1140.0,1184.0,275800000,233000,9,1070.0,1220.0
2014-09-22,1240.0,1290.0,1240.0,1267.0,124140000,98000,5,1184.0,1290.0
2014-09-23,1300.0,1380.0,1300.0,1371.0,80871880,59000,10,1267.0,1380.0
2014-09-24,1380.0,1650.0,1380.0,1523.0,166097820,109069,6,1371.0,1650.0
2014-09-27,1382.0,1450.0,1382.0,1449.0,14645110,10105,2,1523.0,1450.0
2014-09-29,1500.0,1520.0,1500.0,1516.0,788280000,520000,17,1449.0,1520.0
2014-10-01,1422.0,1440.0,1370.0,1412.0,132331000,93700,12,1516.0,1370.0
2014-10-04,1263.0,1528.0,1223.0,1253.0,117096517,93479,9,1412.0,1223.0
2014-10-06,1206.0,1350.0,1199.0,1209.0,1054483083,872521,32,1253.0,1200.0
2014-10-07,1300.0,1440.0,1180.0,1253.0,3954938520,3156982,56,1209.0,1310.0
2014-10-08,1380.0,1600.0,1370.0,1498.0,1568880000,1047000,50,1253.0,1500.0
2014-10-11,1600.0,1600.0,1400.0,1449.0,609860000,421000,19,1498.0,1400.0
2014-10-12,1400.0,1510.0,1321.0,1383.0,560251750,405100,16,1449.0,1325.0
2014-10-14,1328.0,1650.0,1300.0,1359.0,865660000,637000,27,1383.0,1448.0
2014-10-15,1330.0,1342.0,1290.0,1322.0,588410000,445000,15,1359.0,1290.0
2014-10-18,1370.0,1370.0,1311.0,1316.0,136975300,104100,8,1322.0,1312.0
2014-10-19,1312.0,1380.0,1312.0,1334.0,260070000,195000,11,1316.0,1315.0
2014-10-20,1350.0,1400.0,1301.0,1345.0,382692253,284493,17,1334.0,1301.0
2014-10-21,1312.0,1312.0,1300.0,1304.0,123910000,95000,3,1345.0,1301.0
2014-10-22,1301.0,1301.0,1300.0,1300.0,41685247,32060,20,1304.0,1300.0
2014-10-25,1300.0,1300.0,1300.0,1300.0,26000000,20000,1,1300.0,1300.0
2014-10-26,1280.0,1282.0,1250.0,1272.0,409459262,321951,17,1300.0,1250.0
2014-10-27,1282.0,1282.0,1250.0,1261.0,182180000,144440,10,1272.0,1250.0
2014-10-28,1231.0,1232.0,1231.0,1231.0,89886000,73000,2,1261.0,1232.0
2014-10-29,1279.0,1279.0,1230.0,1236.0,93920000,76000,7,1231.0,1230.0
2014-11-01,1279.0,1329.0,1239.0,1262.0,252494118,200000,13,1236.0,1239.0
2014-11-02,1236.0,1236.0,1236.0,1236.0,13052160,10560,1,1262.0,1236.0
2014-11-05,1235.0,1239.0,1220.0,1228.0,212456733,173000,10,1236.0,1220.0
2014-11-08,1220.0,1280.0,1220.0,1222.0,31379360,25687,2,1228.0,1280.0
2014-11-09,1223.0,1280.0,1223.0,1243.0,19030640,15313,2,1222.0,1280.0
2014-11-10,1285.0,1315.0,1240.0,1274.0,292943128,230000,8,1243.0,1240.0
2014-11-11,1270.0,1270.0,1230.0,1250.0,43760000,35000,3,1274.0,1230.0
2014-11-12,1300.0,1418.0,1300.0,1365.0,822874738,602753,19,1250.0,1418.0
2014-11-15,1400.0,1450.0,1400.0,1419.0,695516990,490055,25,1365.0,1411.0
2014-11-16,1490.0,1490.0,1440.0,1462.0,129356500,88500,5,1419.0,1440.0
2014-11-17,1385.0,1387.0,1357.0,1382.0,144261000,104400,14,1462.0,1357.0
2014-11-18,1357.0,1357.0,1351.0,1353.0,91134660,67380,3,1382.0,1357.0
2014-11-19,1357.0,1357.0,1310.0,1335.0,173611569,130000,10,1353.0,1320.0
2014-11-22,1400.0,1400.0,1336.0,1362.0,60738000,44590,4,1335.0,1338.0
2014-11-23,1339.0,1400.0,1339.0,1351.0,274173000,203000,9,1362.0,1340.0
2014-11-24,1360.0,1360.0,1339.0,1348.0,202259386,150000,8,1351.0,1340.0
2014-11-25,1340.0,1340.0,1250.0,1281.0,395715960,308814,14,1348.0,1250.0
2014-11-26,1251.0,1251.0,1210.0,1234.0,125789500,101970,13,1281.0,1210.0
2014-11-29,1251.0,1319.0,1200.0,1260.0,639628458,507782,10,1234.0,1230.0
2014-11-30,1386.0,1386.0,1201.0,1211.0,994074750,821000,22,1260.0,1201.0
2014-12-02,1200.0,1205.0,1200.0,1202.0,42075000,35000,2,1211.0,1205.0
2014-12-03,1205.0,1205.0,1190.0,1198.0,433830000,362000,16,1202.0,1190.0
2014-12-06,1195.0,1195.0,1171.0,1181.0,53135000,45000,3,1198.0,1171.0
2014-12-07,1150.0,1150.0,1150.0,1150.0,5750000,5000,1,1181.0,1150.0
2014-12-08,1200.0,1200.0,1151.0,1171.0,25770000,22000,4,1150.0,1151.0
2014-12-09,1161.0,1161.0,1160.0,1160.0,27367990,23590,2,1171.0,1160.0
2014-12-10,1161.0,1248.0,1161.0,1222.0,67330837,55117,7,1160.0,1166.0
2014-12-14,1200.0,1200.0,1200.0,1200.0,20280000,16900,2,1222.0,1200.0
2014-12-15,1165.0,1165.0,1161.0,1165.0,13151173,11293,2,1200.0,1161.0
2014-12-16,1200.0,1200.0,1200.0,1200.0,12000000,10000,1,1165.0,1200.0
2014-12-17,1199.0,1240.0,1199.0,1207.0,200590000,166200,5,1200.0,1240.0
2014-12-20,1200.0,1248.0,1200.0,1209.0,199307880,164808,9,1207.0,1200.0
2014-12-22,1200.0,1250.0,1200.0,1242.0,95492000,76900,5,1209.0,1250.0
2014-12-28,1269.0,1269.0,1269.0,1269.0,951750,750,1,1242.0,1269.0
2014-12-30,1200.0,1200.0,1200.0,1200.0,12600000,10500,2,1269.0,1200.0
2014-12-31,1258.0,1260.0,1179.0,1244.0,133593650,107350,5,1200.0,1179.0
2015-01-03,1261.0,1262.0,1260.0,1261.0,49056600,38900,5,1244.0,1260.0
2015-01-04,1257.0,1272.0,1249.0,1255.0,223342986,177918,10,1261.0,1272.0
2015-01-05,1191.0,1272.0,1191.0,1272.0,6502497,5114,3,1255.0,1191.0
2015-01-06,1193.0,1193.0,1186.0,1192.0,59589845,50000,5,1272.0,1186.0
2015-01-07,1228.0,1228.0,1187.0,1212.0,60962486,50313,5,1192.0,1222.0
2015-01-10,1190.0,1190.0,1190.0,1190.0,5950000,5000,1,1212.0,1190.0
2015-01-11,1186.0,1186.0,1120.0,1160.0,326313454,281275,14,1190.0,1120.0
2015-01-12,1150.0,1199.0,1112.0,1165.0,105851460,90849,4,1160.0,1112.0
2015-01-13,1197.0,1197.0,1197.0,1197.0,119700,100,1,1165.0,1197.0
2015-01-17,1114.0,1114.0,1114.0,1114.0,27871166,25019,3,1197.0,1114.0
2015-01-18,1188.0,1200.0,1188.0,1189.0,1308000,1100,2,1114.0,1200.0
2015-01-20,1114.0,1114.0,1103.0,1105.0,107500953,97254,5,1189.0,1103.0
2015-01-21,1101.0,1101.0,1100.0,1101.0,219354200,199322,5,1105.0,1100.0
2015-01-24,1021.0,1070.0,1011.0,1042.0,24490500,23500,6,1101.0,1011.0
2015-01-25,1012.0,1012.0,1000.0,1002.0,185444000,185000,6,1042.0,1000.0
2015-01-28,1030.0,1040.0,1030.0,1033.0,31000000,30000,3,1002.0,1040.0
2015-01-31,1087.0,1087.0,1087.0,1087.0,1087000,1000,1,1033.0,1087.0
2015-02-01,1099.0,1099.0,1010.0,1051.0,73556000,70000,5,1087.0,1010.0
2015-02-02,1025.0,1025.0,1000.0,1001.0,173620000,173500,6,1051.0,1000.0
2015-02-03,1049.0,1049.0,1049.0,1049.0,1049000,1000,1,1001.0,1049.0
2015-02-04,1048.0,1048.0,1000.0,1034.0,7240000,7000,2,1049.0,1000.0
2015-02-07,1049.0,1049.0,1049.0,1049.0,9441000,9000,1,1034.0,1049.0
2015-02-15,1001.0,1001.0,1000.0,1000.0,13219000,13216,2,1049.0,1000.0
2015-02-16,1003.0,1003.0,1002.0,1002.0,15035000,15000,2,1000.0,1002.0
2015-02-17,1003.0,1003.0,1000.0,1001.0,35833000,35784,5,1002.0,1001.0
2015-02-18,1001.0,1001.0,1001.0,1001.0,10010000,10000,1,1001.0,1001.0
2015-02-21,1010.0,1010.0,980.0,1002.0,6833600,6820,2,1001.0,980.0
2015-02-24,1000.0,1000.0,980.0,999.0,53158800,53200,3,1002.0,999.0
2015-02-28,1030.0,1030.0,1030.0,1030.0,103000,100,1,999.0,1030.0
2015-03-02,1029.0,1029.0,1029.0,1029.0,1029000,1000,1,1030.0,1029.0
2015-03-03,986.0,987.0,960.0,979.0,127334420,130080,12,1029.0,976.0
2015-03-04,987.0,987.0,955.0,956.0,28768700,30100,3,979.0,955.0
2015-03-08,955.0,957.0,955.0,956.0,38134500,39900,4,956.0,956.0
2015-03-11,960.0,966.0,960.0,961.0,57660000,60000,3,956.0,960.0
2015-03-14,956.0,956.0,956.0,956.0,9560000,10000,1,961.0,956.0
2015-03-25,990.0,990.0,990.0,990.0,990,1,1,956.0,990.0
2015-03-28,990.0,990.0,990.0,990.0,99000,100,1,990.0,990.0
2015-03-29,1000.0,1048.0,951.0,995.0,103483858,104000,5,990.0,952.0
2015-03-30,1040.0,1100.0,1040.0,1082.0,235744134,217813,11,995.0,1100.0
2015-03-31,1100.0,1149.0,1100.0,1100.0,25414900,23100,4,1082.0,1149.0
2015-04-04,1149.0,1400.0,1130.0,1264.0,3115295807,2463753,64,1100.0,1350.0
2015-04-05,1400.0,1400.0,1201.0,1304.0,2162291895,1658704,38,1264.0,1206.0
2015-04-06,1210.0,1210.0,1100.0,1182.0,236393000,200000,10,1304.0,1100.0
2015-04-07,1090.0,1090.0,1050.0,1060.0,78465000,74000,8,1182.0,1050.0
2015-04-08,1179.0,1210.0,1150.0,1188.0,83175000,70000,5,1060.0,1150.0
2015-04-11,1145.0,1150.0,1130.0,1142.0,75374140,66000,8,1188.0,1130.0
2015-04-12,1130.0,1130.0,1050.0,1055.0,254299570,241000,12,1142.0,1055.0
2015-04-13,1055.0,1062.0,1050.0,1055.0,68575000,65000,5,1055.0,1050.0
2015-04-14,1040.0,1040.0,1040.0,1040.0,20800000,20000,1,1055.0,1040.0
2015-04-15,1040.0,1042.0,1030.0,1037.0,194974000,188000,9,1040.0,1030.0
2015-04-18,1012.0,1012.0,1000.0,1006.0,212196570,210957,9,1037.0,1000.0
2015-04-19,981.0,996.0,981.0,993.0,138977000,140000,8,1006.0,990.0
2015-04-22,980.0,980.0,956.0,960.0,77757000,81000,8,993.0,960.0
2015-04-25,957.0,957.0,930.0,951.0,205323000,216000,12,960.0,930.0
2015-04-26,920.0,920.0,920.0,920.0,11960000,13000,2,951.0,920.0
2015-04-27,925.0,970.0,925.0,941.0,47050000,50000,5,920.0,970.0
2015-04-28,970.0,970.0,951.0,954.0,41984000,44000,3,941.0,951.0
2015-05-03,986.0,986.0,960.0,966.0,140440100,145408,5,954.0,962.0
2015-05-04,961.0,961.0,950.0,956.0,119265126,124766,9,966.0,961.0
2015-05-06,950.0,950.0,930.0,932.0,589229400,632080,7,956.0,940.0
2015-05-09,901.0,979.0,901.0,909.0,964776230,1061323,15,932.0,901.0
2015-05-11,901.0,918.0,873.0,900.0,130450000,145000,9,909.0,880.0
2015-05-12,875.0,875.0,873.0,875.0,41984000,48000,2,900.0,873.0
2015-05-20,920.0,920.0,900.0,900.0,90920000,101000,2,875.0,900.0
2015-05-23,900.0,900.0,890.0,898.0,97122000,108130,4,900.0,900.0
2015-05-24,900.0,900.0,900.0,900.0,66839400,74266,3,898.0,900.0
2015-05-25,888.0,888.0,870.0,878.0,131756400,150030,6,900.0,870.0
2015-05-26,850.0,852.0,850.0,850.0,246570000,290000,5,878.0,850.0
2015-05-31,800.0,821.0,800.0,803.0,240790000,300000,5,850.0,801.0
2015-06-01,804.0,804.0,804.0,804.0,714756,889,1,803.0,804.0
2015-06-02,800.0,805.0,756.0,790.0,99610244,126111,7,804.0,756.0
2015-06-07,848.0,849.0,847.0,848.0,77173000,91000,4,790.0,848.0
2015-06-08,870.0,975.0,848.0,918.0,290496740,316300,16,848.0,950.0
2015-06-09,972.0,973.0,880.0,938.0,79859248,85101,9,918.0,948.0
2015-06-10,948.0,1000.0,900.0,962.0,614957700,639388,21,938.0,1000.0
2015-06-13,945.0,1100.0,880.0,1005.0,565360851,562539,34,962.0,1079.0
2015-06-14,854.0,1191.0,854.0,1109.0,617978072,557166,58,1005.0,1070.0
2015-06-23,1500.0,1620.0,1300.0,1476.0,1234645520,836576,32,1109.0,1590.0
2015-06-24,1400.0,1580.0,1350.0,1424.0,114624000,80510,12,1476.0,1350.0
2015-06-27,1400.0,1530.0,1350.0,1476.0,1355015367,917874,55,1424.0,1495.0
2015-06-28,1445.0,1445.0,1360.0,1412.0,520039600,368294,20,1476.0,1400.0
2015-06-29,1400.0,1400.0,1400.0,1400.0,6440000,4600,1,1412.0,1400.0
2015-06-30,1400.0,1480.0,1400.0,1440.0,422754470,293660,29,1400.0,1440.0
2015-07-01,1440.0,1480.0,1440.0,1470.0,100471460,68364,9,1440.0,1480.0
2015-07-04,1800.0,1800.0,1497.0,1652.0,679848800,411469,32,1470.0,1660.0
2015-07-05,1671.0,1739.0,1520.0,1602.0,560857460,350139,23,1652.0,1739.0
2015-07-06,1700.0,1800.0,1700.0,1761.0,294123275,167025,19,1602.0,1800.0
2015-07-07,1950.0,2500.0,1820.0,2200.0,1126755600,512220,58,1761.0,2500.0
2015-07-11,2300.0,2650.0,2011.0,2352.0,1026697031,436542,67,2200.0,2649.0
2015-07-12,2510.0,2650.0,2451.0,2546.0,1383790768,543563,67,2352.0,2650.0
2015-07-13,2550.0,3000.0,2000.0,2533.0,3656061521,1443138,96,2546.0,2900.0
2015-07-14,2900.0,2946.0,2431.0,2678.0,1285530080,480091,36,2533.0,2834.0
2015-07-15,2700.0,2980.0,2351.0,2654.0,1073812946,404596,33,2678.0,2379.0
2015-07-20,2373.0,2373.0,2000.0,2218.0,1219891941,550086,49,2654.0,2000.0
2015-07-21,2298.0,2300.0,1910.0,2064.0,689749920,334226,24,2218.0,2020.0
2015-07-22,2240.0,2240.0,2031.0,2082.0,326268720,156680,19,2064.0,2033.0
2015-07-25,2007.0,2150.0,1898.0,1968.0,3070564232,1560499,63,2082.0,2039.0
2015-07-26,2039.0,2250.0,1901.0,2056.0,955518000,464800,37,1968.0,2250.0
2015-07-27,2250.0,2670.0,2200.0,2479.0,1618740410,653083,37,2056.0,2550.0
2015-07-28,2500.0,2699.0,2404.0,2541.0,692815300,272675,40,2479.0,2504.0
2015-07-29,2600.0,2600.0,2350.0,2428.0,333781400,137500,17,2541.0,2400.0
2015-08-01,2450.0,2579.0,2200.0,2273.0,1595153450,701760,41,2428.0,2200.0
2015-08-02,2150.0,2281.0,2080.0,2116.0,887358750,419280,31,2273.0,2080.0
2015-08-03,2100.0,2290.0,2080.0,2117.0,219512000,103700,10,2116.0,2150.0
2015-08-04,2210.0,2250.0,2210.0,2237.0,33550000,15000,2,2117.0,2250.0
2015-08-05,2200.0,2200.0,2150.0,2154.0,60300000,28000,4,2237.0,2150.0
2015-08-08,2140.0,2140.0,2050.0,2097.0,709803000,338500,29,2154.0,2050.0
2015-08-09,2050.0,2055.0,2020.0,2035.0,303655600,149210,10,2097.0,2020.0
2015-08-10,2020.0,2032.0,2011.0,2017.0,123619250,61298,12,2035.0,2031.0
2015-08-12,2140.0,2390.0,2140.0,2240.0,642176715,286675,35,2017.0,2299.0
2015-08-15,2298.0,2299.0,2151.0,2216.0,369982394,166923,19,2240.0,2173.0
2015-08-16,2151.0,2160.0,2151.0,2152.0,667802341,310366,13,2216.0,2152.0
2015-08-17,2151.0,2152.0,2070.0,2126.0,528912349,248800,18,2152.0,2070.0
2015-08-19,2111.0,2111.0,2070.0,2092.0,134383965,64239,12,2126.0,2100.0
2015-08-22,2420.0,2500.0,2139.0,2333.0,1076144281,461190,49,2092.0,2200.0
2015-08-23,2201.0,2300.0,2143.0,2189.0,210900480,96360,15,2333.0,2150.0
2015-08-24,2170.0,2260.0,2143.0,2160.0,56896700,26340,7,2189.0,2260.0
2015-08-25,2150.0,2198.0,2100.0,2129.0,482789913,226778,24,2160.0,2198.0
2015-08-26,2084.0,2084.0,2070.0,2077.0,119215340,57385,8,2129.0,2070.0
2015-08-29,2050.0,2160.0,2050.0,2052.0,201066737,98001,10,2077.0,2160.0
2015-08-31,2130.0,2145.0,2100.0,2138.0,11160965,5220,6,2052.0,2144.0
2015-09-01,2145.0,2145.0,2145.0,2145.0,76286925,35565,5,2138.0,2145.0
2015-09-02,2145.0,2150.0,2100.0,2138.0,416720550,194930,19,2145.0,2150.0
2015-09-05,2150.0,2260.0,2150.0,2191.0,153814460,70190,9,2138.0,2260.0
2015-09-06,2150.0,2152.0,2150.0,2151.0,92234359,42889,4,2191.0,2152.0
2015-09-07,2152.0,2152.0,2148.0,2150.0,163796681,76175,6,2151.0,2148.0
2015-09-08,2150.0,2150.0,2080.0,2096.0,333114870,158960,11,2150.0,2140.0
2015-09-09,2070.0,2135.0,2062.0,2071.0,144955882,70010,8,2096.0,2135.0
2015-09-12,2120.0,2247.0,2060.0,2171.0,276107788,127182,18,2071.0,2247.0
2015-09-13,2246.0,2246.0,2105.0,2148.0,672535210,313155,26,2171.0,2110.0
2015-09-14,2110.0,2110.0,2110.0,2110.0,21100000,10000,2,2148.0,2110.0
2015-09-15,2105.0,2110.0,2063.0,2074.0,220844978,106491,23,2110.0,2065.0
2015-09-16,2064.0,2120.0,2064.0,2064.0,24809840,12020,3,2074.0,2120.0
2015-09-19,2119.0,2141.0,2118.0,2119.0,267803931,126359,20,2064.0,2141.0
2015-09-20,2060.0,2063.0,2060.0,2062.0,57750858,28009,5,2119.0,2062.0
2015-09-21,2065.0,2119.0,2062.0,2072.0,218903279,105641,8,2062.0,2100.0
2015-09-22,2120.0,2140.0,2100.0,2113.0,84521400,40010,4,2072.0,2140.0
2015-09-23,2138.0,2142.0,2138.0,2140.0,84201860,39349,7,2113.0,2140.0
2015-09-26,2100.0,2176.0,2100.0,2100.0,10521760,5010,2,2140.0,2176.0
2015-09-27,2083.0,2130.0,2083.0,2108.0,313511283,148701,7,2100.0,2110.0
2015-09-28,2101.0,2101.0,2101.0,2101.0,42020,20,1,2108.0,2101.0
2015-09-29,2101.0,2101.0,2060.0,2078.0,98667980,47480,8,2101.0,2100.0
2015-09-30,2060.0,2100.0,2060.0,2069.0,35821000,17310,4,2078.0,2100.0
2015-10-03,2110.0,2110.0,2100.0,2100.0,332551300,158353,10,2069.0,2100.0
2015-10-04,2100.0,2100.0,2100.0,2100.0,6300000,3000,1,2100.0,2100.0
2015-10-05,2174.0,2200.0,2170.0,2177.0,266074400,122200,10,2100.0,2200.0
2015-10-07,2174.0,2174.0,2121.0,2162.0,128939100,59650,5,2177.0,2121.0
2015-10-10,2120.0,2200.0,2120.0,2136.0,288574752,135100,12,2162.0,2121.0
2015-10-11,2110.0,2110.0,2110.0,2110.0,10550000,5000,1,2136.0,2110.0
2015-10-12,2120.0,2189.0,2120.0,2172.0,28894736,13302,4,2110.0,2188.0
2015-10-13,2200.0,2200.0,2200.0,2200.0,22000000,10000,1,2172.0,2200.0
2015-10-14,2259.0,2260.0,2200.0,2257.0,542107600,240240,10,2200.0,2260.0
2015-10-17,2279.0,2300.0,2279.0,2281.0,25090000,11000,3,2257.0,2300.0
2015-10-18,2359.0,2500.0,2359.0,2473.0,889042700,359468,16,2281.0,2498.0
2015-10-19,2490.0,2490.0,2400.0,2473.0,156435060,63263,10,2473.0,2485.0
2015-10-20,2355.0,2355.0,2350.0,2355.0,206890010,87862,5,2473.0,2350.0
2015-10-25,2220.0,2350.0,2070.0,2184.0,308039812,141045,22,2355.0,2165.0
2015-10-26,2180.0,2180.0,2151.0,2168.0,82260000,37950,5,2184.0,2160.0
2015-10-27,2239.0,2239.0,2160.0,2205.0,13473200,6110,4,2168.0,2160.0
2015-10-28,2190.0,2199.0,2152.0,2167.0,95104720,43892,7,2205.0,2152.0
2015-10-31,2100.0,2120.0,2050.0,2070.0,639659477,309000,15,2167.0,2050.0
2015-11-02,2110.0,2120.0,2110.0,2115.0,109989600,52000,6,2070.0,2111.0
2015-11-03,2140.0,2150.0,2140.0,2145.0,321750000,150000,3,2115.0,2150.0
2015-11-04,2170.0,2170.0,2170.0,2170.0,21700000,10000,1,2145.0,2170.0
2015-11-07,2170.0,2170.0,2120.0,2126.0,103266605,48565,6,2170.0,2121.0
2015-11-08,2121.0,2121.0,2050.0,2078.0,291842294,140460,13,2126.0,2098.0
2015-11-09,2040.0,2079.0,2003.0,2030.0,308820300,152100,11,2078.0,2079.0
2015-11-10,2000.0,2010.0,2000.0,2001.0,600360000,300000,5,2030.0,2010.0
2015-11-11,1915.0,1990.0,1900.0,1914.0,348355000,182000,11,2001.0,1900.0
2015-11-14,1979.0,1980.0,1979.0,1980.0,57994100,29295,3,1914.0,1980.0
2015-11-15,1980.0,1980.0,1900.0,1928.0,59205900,30705,3,1980.0,1901.0
2015-11-16,1986.0,1986.0,1902.0,1905.0,130897870,68695,8,1928.0,1910.0
2015-11-17,1862.0,1862.0,1860.0,1860.0,10417200,5600,2,1905.0,1860.0
2015-11-22,1900.0,1937.0,1823.0,1869.0,81430800,43562,7,1860.0,1823.0
2015-11-23,1899.0,1899.0,1801.0,1802.0,164487216,91264,4,1869.0,1899.0
2015-11-24,1801.0,1820.0,1790.0,1799.0,428207300,238065,10,1802.0,1790.0
2015-11-28,1736.0,1750.0,1630.0,1674.0,653198000,390100,15,1799.0,1630.0
2015-11-29,1560.0,1620.0,1560.0,1599.0,183307200,114617,5,1674.0,1600.0
2015-11-30,1799.0,1799.0,1610.0,1746.0,175309699,100400,7,1599.0,1610.0
2015-12-01,1799.0,1900.0,1799.0,1846.0,14024101,7599,2,1746.0,1900.0
2015-12-05,1890.0,1890.0,1890.0,1890.0,5670000,3000,1,1846.0,1890.0
2015-12-06,1842.0,1842.0,1842.0,1842.0,182358000,99000,4,1890.0,1842.0
2015-12-09,1700.0,1700.0,1700.0,1700.0,102000000,60000,2,1842.0,1700.0
2015-12-13,1700.0,1700.0,1624.0,1627.0,166735000,102500,5,1700.0,1700.0
2015-12-14,1698.0,1700.0,1698.0,1699.0,158876500,93500,4,1627.0,1700.0
2015-12-15,1650.0,1650.0,1650.0,1650.0,13998600,8484,2,1699.0,1650.0
2015-12-19,1624.0,1700.0,1610.0,1622.0,33132500,20425,3,1650.0,1700.0
2015-12-20,1730.0,1740.0,1600.0,1732.0,138701510,80099,10,1622.0,1600.0
2015-12-21,1600.0,1697.0,1600.0,1621.0,64530600,39800,6,1732.0,1697.0
2015-12-23,1600.0,1650.0,1600.0,1612.0,33692900,20900,4,1621.0,1650.0
2015-12-28,1600.0,1620.0,1600.0,1609.0,3540000,2200,3,1612.0,1620.0
2015-12-30,1699.0,1699.0,1620.0,1683.0,65979400,39200,5,1609.0,1620.0
2016-01-03,1607.0,1607.0,1600.0,1603.0,108431500,67644,8,1683.0,1600.0
2016-01-05,1500.0,1620.0,1500.0,1539.0,741049237,481571,29,1603.0,1550.0
2016-01-06,1501.0,1599.0,1467.0,1481.0,261358480,176520,21,1539.0,1481.0
2016-01-09,1470.0,1470.0,1400.0,1436.0,1270164000,884600,26,1481.0,1403.0
2016-01-10,1411.0,1578.0,1400.0,1430.0,198734000,139000,9,1436.0,1460.0
2016-01-11,1460.0,1550.0,1420.0,1511.0,212312260,140500,15,1430.0,1460.0
2016-06-26,1500.0,2100.0,1500.0,1856.0,201952000,108801,11,1511.0,2000.0
2016-06-28,2200.0,2490.0,1799.0,2102.0,1410090526,670836,43,1856.0,2110.0
2016-06-29,2000.0,2000.0,1852.0,1898.0,782903693,412458,18,2102.0,1990.0
2016-07-24,2000.0,2050.0,2000.0,2008.0,124490000,62000,5,1898.0,2000.0
2016-07-25,2110.0,2345.0,2100.0,2214.0,564586000,255000,29,2008.0,2100.0
2016-07-26,2230.0,2230.0,2030.0,2047.0,307975210,150471,18,2214.0,2100.0
2016-07-27,2100.0,2100.0,1900.0,2008.0,453311050,225805,12,2047.0,2050.0
2016-07-31,2088.0,2088.0,1810.0,1892.0,378966590,200295,21,2008.0,1810.0
2016-08-01,1720.0,1980.0,1710.0,1748.0,162854550,93155,8,1892.0,1711.0
2016-08-02,1800.0,1980.0,1760.0,1782.0,170689600,95767,9,1748.0,1810.0
2016-08-06,2000.0,2000.0,1790.0,1849.0,369237680,199727,11,1782.0,1840.0
2016-08-07,1840.0,1840.0,1820.0,1831.0,168780360,92195,3,1849.0,1820.0
2016-08-08,1800.0,1820.0,1800.0,1801.0,342151560,190000,5,1831.0,1820.0
2016-08-09,1810.0,1810.0,1810.0,1810.0,101360000,56000,2,1801.0,1810.0
2016-08-10,1820.0,1820.0,1820.0,1820.0,112567000,61850,4,1810.0,1820.0
2016-08-13,1820.0,1902.0,1820.0,1820.0,98383150,54050,6,1820.0,1820.0
2016-08-14,1820.0,1820.0,1800.0,1802.0,602128763,334151,12,1820.0,1812.0
2016-08-16,1811.0,1811.0,1811.0,1811.0,5433000,3000,1,1802.0,1811.0
2016-08-17,1762.0,1810.0,1762.0,1762.0,2661100,1510,2,1811.0,1810.0
2016-08-20,1800.0,1810.0,1800.0,1809.0,199000,110,2,1762.0,1810.0
2016-08-21,1800.0,1800.0,1765.0,1765.0,82099350,46503,7,1809.0,1765.0
2016-08-22,1800.0,1800.0,1765.0,1766.0,13066350,7400,4,1765.0,1765.0
2016-08-23,1765.0,1765.0,1760.0,1762.0,94026920,53352,4,1766.0,1760.0
2016-08-27,1765.0,1765.0,1555.0,1676.0,534774537,319031,20,1762.0,1731.0
2016-08-30,1610.0,1610.0,1600.0,1609.0,62750000,39000,4,1676.0,1600.0
2016-08-31,1580.0,1650.0,1541.0,1596.0,174085641,109101,6,1609.0,1541.0
2016-09-03,1600.0,1600.0,1600.0,1600.0,800000,500,1,1596.0,1600.0
2016-09-04,1600.0,1600.0,1512.0,1520.0,68691199,45179,8,1600.0,1512.0
2016-09-06,1541.0,1541.0,1500.0,1501.0,159419700,106200,7,1520.0,1500.0
2016-09-07,1500.0,1500.0,1500.0,1500.0,38250000,25500,1,1501.0,1500.0
2016-09-10,1500.0,1500.0,1500.0,1500.0,1350000,900,1,1500.0,1500.0
2016-09-13,1541.0,1590.0,1411.0,1445.0,362583441,251001,10,1500.0,1411.0
2016-09-14,1411.0,1420.0,1400.0,1405.0,379252033,270000,11,1445.0,1420.0
2016-09-18,2000.0,2000.0,1450.0,1646.0,743304000,451500,11,1405.0,1570.0
2016-09-19,1590.0,1650.0,1500.0,1545.0,518122500,335440,12,1646.0,1570.0
2016-09-24,1512.0,1640.0,1512.0,1513.0,30568000,20200,2,1545.0,1640.0
2016-09-25,1550.0,1550.0,1550.0,1550.0,11625000,7500,1,1513.0,1550.0
2016-09-26,1600.0,1650.0,1600.0,1611.0,85540000,53090,6,1550.0,1640.0
2016-09-27,1650.0,1740.0,1650.0,1688.0,211240160,125112,13,1611.0,1700.0
2016-10-01,1680.0,1919.0,1680.0,1727.0,318214460,184260,18,1688.0,1919.0
2016-10-02,1920.0,1940.0,1920.0,1926.0,46220000,24000,3,1727.0,1940.0
2016-10-03,1600.0,1651.0,1501.0,1575.0,1516066120,962770,13,1926.0,1501.0
2016-10-05,1500.0,1500.0,1475.0,1496.0,77972075,52137,4,1575.0,1475.0
2016-10-15,1481.0,1481.0,1477.0,1479.0,147929589,100000,3,1496.0,1477.0
2016-10-16,1400.0,1477.0,1400.0,1412.0,1092785651,773963,15,1479.0,1400.0
2016-10-17,1400.0,1400.0,1400.0,1400.0,119000000,85000,2,1412.0,1400.0
2016-10-18,1401.0,1402.0,1400.0,1401.0,249501800,178115,10,1400.0,1400.0
2016-10-19,1400.0,1400.0,1370.0,1388.0,66908000,48220,2,1401.0,1370.0
2016-10-22,1366.0,1366.0,1366.0,1366.0,143430,105,1,1388.0,1366.0
2016-10-23,1362.0,1362.0,1362.0,1362.0,40860000,30000,1,1366.0,1362.0
2016-10-24,1360.0,1367.0,1355.0,1363.0,208249980,152810,13,1362.0,1360.0
2016-10-25,1360.0,1360.0,1355.0,1358.0,234890000,173000,3,1363.0,1355.0
2016-10-26,1360.0,1360.0,1324.0,1359.0,42124000,31000,2,1358.0,1324.0
2016-10-29,1350.0,1350.0,1301.0,1315.0,420935000,320000,11,1359.0,1301.0
2016-10-30,1300.0,1312.0,1300.0,1307.0,517451000,396000,6,1315.0,1301.0
2016-10-31,1378.0,1378.0,1378.0,1378.0,982514,713,1,1307.0,1378.0
2016-11-01,1300.0,1300.0,1204.0,1222.0,41563400,34000,8,1378.0,1204.0
2016-11-02,1300.0,1300.0,1300.0,1300.0,59904000,46080,3,1222.0,1300.0
2016-11-05,1300.0,1300.0,1300.0,1300.0,54724800,42096,1,1300.0,1300.0
2016-11-07,1250.0,1373.0,1250.0,1362.0,148429338,109000,7,1300.0,1367.0
2016-11-08,1371.0,1399.0,1370.0,1373.0,178925321,130277,9,1362.0,1399.0
2016-11-09,1370.0,1370.0,1300.0,1326.0,159100000,120000,4,1373.0,1300.0
2016-11-12,1300.0,1300.0,1300.0,1300.0,18200000,14000,1,1326.0,1300.0
2016-11-13,1300.0,1398.0,1300.0,1365.0,204800000,150000,2,1300.0,1398.0
2016-11-14,1421.0,1421.0,1421.0,1421.0,42630000,30000,1,1365.0,1421.0
2016-11-19,1373.0,1373.0,1200.0,1266.0,917787700,725010,17,1421.0,1350.0
2016-12-04,1266.0,1266.0,1200.0,1237.0,1397060940,1129590,6,1266.0,1200.0
2016-12-06,1200.0,1353.0,1200.0,1223.0,571974200,467770,12,1237.0,1350.0
2016-12-07,1210.0,1210.0,1201.0,1208.0,79737000,66000,6,1223.0,1206.0
2016-12-14,1200.0,1200.0,1200.0,1200.0,603600000,503000,6,1208.0,1200.0
2016-12-18,1200.0,1280.0,1200.0,1214.0,691380000,569500,7,1200.0,1200.0
2016-12-21,1200.0,1210.0,1200.0,1202.0,765097000,636700,9,1214.0,1200.0
2016-12-24,1210.0,1210.0,1210.0,1210.0,19358790,15999,2,1202.0,1210.0
2016-12-25,1201.0,1220.0,1200.0,1204.0,347152750,288275,8,1210.0,1220.0
2016-12-26,1200.0,1200.0,1200.0,1200.0,86566800,72139,1,1204.0,1200.0
2016-12-27,1200.0,1220.0,1200.0,1201.0,539400000,449000,7,1200.0,1200.0
2016-12-28,1200.0,1220.0,1200.0,1205.0,117058700,97166,9,1201.0,1220.0
2016-12-31,1202.0,1212.0,1200.0,1200.0,775576582,646115,8,1205.0,1200.0
2017-01-01,1200.0,1203.0,1200.0,1203.0,42090000,35000,2,1200.0,1203.0
2017-01-02,1203.0,1203.0,1203.0,1203.0,91393113,75971,2,1203.0,1203.0
2017-01-03,1206.0,1229.0,1200.0,1218.0,207116000,170000,6,1203.0,1229.0
2017-01-04,1234.0,1234.0,1233.0,1233.0,172660000,140000,4,1218.0,1234.0
2017-01-07,1240.0,1240.0,1200.0,1228.0,883895170,720000,13,1233.0,1230.0
2017-01-08,1230.0,1240.0,1207.0,1232.0,636939180,517030,9,1228.0,1240.0
2017-01-09,1230.0,1230.0,1230.0,1230.0,286098000,232600,3,1232.0,1230.0
2017-01-11,1230.0,1250.0,1230.0,1231.0,356418840,289491,4,1230.0,1250.0
2017-01-14,1253.0,1348.0,1253.0,1268.0,164795000,130000,7,1231.0,1348.0
2017-01-16,1418.0,1418.0,1400.0,1404.0,35090000,25000,2,1268.0,1400.0
2017-01-17,1450.0,1610.0,1429.0,1514.0,112020000,74000,11,1404.0,1450.0
2017-01-18,1800.0,1800.0,1700.0,1770.0,302196300,170751,7,1514.0,1800.0
2017-01-21,1750.0,1750.0,1750.0,1750.0,175000,100,1,1770.0,1750.0
2017-01-22,1750.0,1990.0,1750.0,1840.0,184377310,100179,9,1750.0,1890.0
2017-01-23,1750.0,1750.0,1720.0,1727.0,148517862,86015,7,1840.0,1732.0
2017-01-24,1850.0,1999.0,1757.0,1919.0,146932150,76584,18,1727.0,1900.0
2017-01-25,1997.0,1997.0,1898.0,1968.0,330446849,167868,6,1919.0,1898.0
2017-01-28,1950.0,1950.0,1950.0,1950.0,41106000,21080,1,1968.0,1950.0
2017-01-29,1959.0,1959.0,1801.0,1825.0,165055850,90450,8,1950.0,1801.0
2017-02-01,1755.0,1760.0,1600.0,1687.0,92775000,55000,3,1825.0,1760.0
2017-02-04,1630.0,1630.0,1630.0,1630.0,8150000,5000,1,1687.0,1630.0
2017-02-05,1636.0,1636.0,1500.0,1587.0,386694156,243691,17,1630.0,1500.0
2017-02-11,1551.0,1555.0,1550.0,1552.0,118068750,76079,6,1587.0,1555.0
2017-02-12,1555.0,1555.0,1470.0,1510.0,142610860,94425,11,1552.0,1470.0
2017-02-13,1530.0,1530.0,1530.0,1530.0,1530000,1000,1,1510.0,1530.0
2017-02-14,1530.0,1640.0,1530.0,1567.0,104080800,66400,5,1530.0,1640.0
2017-02-18,1649.0,1649.0,1649.0,1649.0,94817500,57500,2,1567.0,1649.0
2017-02-19,1800.0,1800.0,1640.0,1775.0,84301000,47500,3,1649.0,1640.0
2017-02-21,1800.0,1859.0,1798.0,1820.0,130809920,71880,7,1775.0,1859.0
2017-02-22,1850.0,1850.0,1701.0,1708.0,341989900,200230,4,1820.0,1800.0
2017-02-25,1762.0,1800.0,1761.0,1785.0,54989800,30800,3,1708.0,1800.0
2017-02-27,1790.0,1900.0,1790.0,1871.0,221934300,118632,14,1785.0,1900.0
2017-02-28,1880.0,1949.0,1850.0,1923.0,191174079,99414,15,1871.0,1900.0
2017-03-01,1880.0,1900.0,1880.0,1900.0,47084300,24783,2,1923.0,1900.0
2017-03-04,1711.0,1711.0,1710.0,1710.0,58154000,34000,2,1900.0,1710.0
2017-03-05,1651.0,1710.0,1651.0,1694.0,27057950,15975,3,1710.0,1710.0
2017-03-13,1839.0,1863.0,1839.0,1861.0,105316500,56583,21,1694.0,1863.0
2017-03-14,2001.0,2047.0,2001.0,2037.0,482667684,236921,50,1861.0,2047.0
2017-03-15,2240.0,2240.0,2240.0,2240.0,1182720000,528000,18,2037.0,2240.0
2017-03-18,2464.0,2464.0,2464.0,2464.0,7640864,3101,3,2240.0,2464.0
2017-03-25,2710.0,2710.0,2710.0,2710.0,303221900,111890,9,2464.0,2710.0
2017-03-26,2981.0,2981.0,2981.0,2981.0,1053187300,353300,26,2710.0,2981.0
2017-03-27,3279.0,3279.0,3170.0,3279.0,5891799252,1796861,132,2981.0,3279.0
2017-03-28,3460.0,3606.0,3445.0,3574.0,3799344432,1063125,130,3279.0,3606.0
2017-03-29,3925.0,3925.0,3220.0,3348.0,1568561326,468457,90,3574.0,3220.0
2017-04-03,3370.0,3370.0,3170.0,3318.0,281151762,84729,26,3348.0,3173.0
2017-04-04,3002.0,3490.0,2995.0,3068.0,505488847,164780,31,3318.0,3050.0
2017-04-05,3120.0,3120.0,2850.0,2883.0,176509109,61217,16,3068.0,2850.0
2017-04-08,3000.0,3171.0,2999.0,3061.0,363725092,118842,31,2883.0,3171.0
2017-04-09,3310.0,3367.0,3310.0,3366.0,104502211,31048,14,3061.0,3367.0
2017-04-10,3702.0,3702.0,3702.0,3702.0,54789600,14800,7,3366.0,3702.0
2017-04-12,4072.0,4072.0,4072.0,4072.0,38679928,9499,4,3702.0,4072.0
2017-04-15,4479.0,4479.0,4479.0,4479.0,30546780,6820,5,4072.0,4479.0
2017-04-16,4926.0,4926.0,4600.0,4917.0,7222613526,1468997,167,4479.0,4600.0
2017-04-17,4621.0,5375.0,4431.0,4797.0,2014183560,419912,83,4917.0,4750.0
2017-04-18,5180.0,5180.0,4700.0,4831.0,376706505,77990,23,4797.0,4920.0
2017-04-19,4810.0,5314.0,4810.0,5302.0,3610289113,680975,101,4831.0,5314.0
2017-04-22,5830.0,5830.0,4850.0,5043.0,1775928172,352137,73,5302.0,4901.0
2017-04-23,4901.0,4950.0,4539.0,4636.0,1644425283,354673,67,5043.0,4540.0
2017-04-24,4310.0,4800.0,4203.0,4263.0,441995607,103680,29,4636.0,4203.0
2017-04-26,4300.0,4590.0,3952.0,4088.0,1389101834,339817,49,4263.0,4000.0
2017-04-29,4200.0,4297.0,3999.0,4138.0,560185861,135371,25,4088.0,3999.0
2017-04-30,3900.0,3900.0,3752.0,3770.0,1836711840,487248,66,4138.0,3752.0
2017-05-01,4099.0,4099.0,3393.0,3459.0,1210617394,350033,38,3770.0,3393.0
2017-05-02,3748.0,3748.0,3650.0,3655.0,101616600,27800,15,3459.0,3650.0
2017-05-03,3990.0,3990.0,3300.0,3369.0,1086284677,322393,50,3655.0,3300.0
2017-05-06,3700.0,3700.0,3155.0,3475.0,521384800,150036,21,3369.0,3301.0
2017-05-07,3670.0,3670.0,3200.0,3264.0,157354213,48213,22,3475.0,3497.0
2017-05-08,3560.0,3570.0,3155.0,3391.0,1059072806,312336,37,3264.0,3313.0
2017-05-09,3391.0,3498.0,3155.0,3276.0,1867705455,570033,86,3391.0,3220.0
2017-05-10,3495.0,3495.0,3200.0,3289.0,41632791,12660,6,3276.0,3200.0
2017-05-13,3480.0,3480.0,3112.0,3213.0,338545640,105365,26,3289.0,3339.0
2017-05-14,3011.0,3364.0,3011.0,3066.0,1141451070,372271,52,3213.0,3060.0
2017-05-15,3295.0,3372.0,3120.0,3335.0,323957906,97145,17,3066.0,3372.0
2017-05-16,3668.0,3668.0,3381.0,3668.0,1267042388,345441,57,3335.0,3668.0
2017-05-17,3949.0,4000.0,3428.0,3447.0,356069100,103300,12,3668.0,3990.0
2017-05-20,3791.0,3791.0,3791.0,3791.0,216496428,57108,10,3447.0,3791.0
2017-05-21,4170.0,4170.0,4170.0,4170.0,2209165920,529776,82,3791.0,4170.0
2017-05-22,4587.0,4587.0,4061.0,4587.0,2223272109,484707,79,4170.0,4587.0
2017-05-23,5025.0,5025.0,4131.0,4401.0,638823173,145158,70,4587.0,4405.0
2017-05-24,4839.0,4841.0,4301.0,4792.0,1555091420,324522,66,4401.0,4799.0
2017-05-27,4820.0,4930.0,4313.0,4422.0,921373796,208347,74,4792.0,4313.0
2017-05-28,4740.0,4740.0,3980.0,4011.0,306899007,76508,46,4422.0,4000.0
2017-07-24,4050.0,4567.0,4050.0,4306.0,590051459,137036,25,4011.0,4400.0
2017-07-25,4351.0,4640.0,4000.0,4063.0,382102605,94043,40,4306.0,4004.0
2017-07-26,3701.0,4100.0,3701.0,3886.0,218675670,56266,11,4063.0,3805.0
2017-07-29,4000.0,4274.0,3604.0,4227.0,362046920,85660,28,3886.0,4274.0
2017-07-30,4550.0,4550.0,4101.0,4116.0,46279050,11245,5,4227.0,4130.0
2017-07-31,4121.0,4121.0,3850.0,3958.0,161222492,40729,19,4116.0,3861.0
2017-08-01,3852.0,4200.0,3852.0,4157.0,340739624,81971,24,3958.0,4200.0
2017-08-02,4010.0,4010.0,3900.0,3959.0,567412389,143329,27,4157.0,3900.0
2017-08-06,4354.0,4354.0,4344.0,4353.0,2153709784,494770,86,3959.0,4354.0
2017-08-07,4788.0,4788.0,4788.0,4788.0,914589396,191017,21,4353.0,4788.0
2017-08-08,5000.0,5266.0,4542.0,5045.0,2659084039,527106,165,4788.0,5248.0
2017-08-09,5248.0,5549.0,5248.0,5540.0,3345524794,603862,100,5045.0,5549.0
2017-08-12,6094.0,6094.0,5020.0,5992.0,3653886494,609825,131,5540.0,5510.0
2017-08-13,5400.0,5805.0,5393.0,5415.0,1115603096,206033,112,5992.0,5400.0
2017-08-14,5479.0,5690.0,5260.0,5541.0,329115719,59395,39,5415.0,5690.0
2017-08-15,5813.0,6095.0,5556.0,6033.0,2607937498,432292,117,5541.0,5962.0
2017-08-16,6100.0,6100.0,5500.0,5643.0,635645040,112636,38,6033.0,5523.0
2017-08-19,5995.0,5995.0,5079.0,5153.0,2514955632,488032,89,5643.0,5079.0
2017-08-20,4650.0,5013.0,4638.0,4892.0,402699042,82311,35,5153.0,5013.0
2017-08-21,5000.0,5381.0,4951.0,5174.0,1837798386,355194,76,4892.0,5381.0
2017-08-28,5400.0,5400.0,5318.0,5334.0,786641200,145978,52,5174.0,5318.0
2017-08-30,5334.0,5337.0,5334.0,5335.0,756567870,141805,39,5334.0,5337.0
2017-09-02,5335.0,5335.0,5335.0,5335.0,202463250,37950,19,5335.0,5335.0
2017-09-11,5335.0,5335.0,5335.0,5335.0,112568500,21100,10,5335.0,5335.0
2017-09-13,5200.0,5200.0,5200.0,5200.0,52000000,10000,2,5335.0,5200.0
2017-09-18,5380.0,5380.0,5099.0,5357.0,207729010,38779,11,5200.0,5099.0
2017-09-20,5199.0,5199.0,5001.0,5162.0,415073625,80413,24,5357.0,5001.0
2017-09-23,5001.0,5001.0,5001.0,5001.0,88412679,17679,14,5162.0,5001.0
2017-09-25,4800.0,4800.0,4800.0,4800.0,181790400,37873,19,5001.0,4800.0
2017-09-27,4600.0,4600.0,4600.0,4600.0,287362000,62470,25,4800.0,4600.0
2017-10-02,4600.0,4600.0,4600.0,4600.0,55857800,12143,14,4600.0,4600.0
2017-10-04,4998.0,4998.0,4799.0,4934.0,76548970,15515,12,4600.0,4799.0
2017-10-07,4999.0,4999.0,4999.0,4999.0,12787442,2558,5,4934.0,4999.0
2017-10-09,4999.0,4999.0,4900.0,4978.0,18917000,3800,5,4999.0,4900.0
2017-10-11,4900.0,4900.0,4897.0,4899.0,102887640,21003,15,4978.0,4897.0
2017-10-14,4800.0,4800.0,4800.0,4800.0,414489600,86352,20,4899.0,4800.0
2017-10-16,5010.0,5551.0,5010.0,5052.0,1250803690,247600,41,4800.0,5551.0
2017-10-21,6500.0,7200.0,6500.0,6807.0,439092500,64505,29,5052.0,7200.0
2017-10-23,8800.0,8800.0,8500.0,8780.0,2215555500,252336,62,6807.0,8500.0
2017-10-25,8530.0,8530.0,8399.0,8507.0,623317842,73268,23,8780.0,8399.0
2017-10-28,8000.0,8000.0,8000.0,8000.0,593216000,74152,23,8507.0,8000.0
2017-10-30,9300.0,9300.0,8499.0,8534.0,920462970,107857,29,8000.0,8499.0
2017-11-01,8000.0,8000.0,8000.0,8000.0,7796832000,974604,147,8534.0,8000.0
2017-12-16,7899.0,7899.0,7899.0,7899.0,23697000000,3000000,61,8000.0,7899.0
2017-12-18,8000.0,8000.0,8000.0,8000.0,14265192000,1783149,196,7899.0,8000.0
2018-08-11,11011.0,11011.0,10990.0,11009.0,19009678149,1726818,216,8000.0,10990.0
2018-08-13,11500.0,11500.0,11500.0,11500.0,374198500,32539,10,11009.0,11500.0
2018-08-15,10999.0,12000.0,10999.0,11058.0,4879499735,441265,77,11500.0,12000.0
2018-08-18,12300.0,12300.0,12300.0,12300.0,403649100,32817,9,11058.0,12300.0
2018-08-20,12800.0,12800.0,12800.0,12800.0,2197721600,171697,21,12300.0,12800.0
2018-08-25,14100.0,16199.0,14100.0,16000.0,1646342263,102897,37,12800.0,16199.0
2018-08-27,18000.0,18000.0,15178.0,17786.0,1974160734,110993,26,16000.0,15178.0
2018-08-29,16997.0,16997.0,14990.0,15378.0,2254059707,146575,23,17786.0,14990.0
2018-09-01,13321.0,13703.0,13321.0,13479.0,1618253903,120059,36,15378.0,13703.0
2018-09-03,14200.0,14200.0,14200.0,14200.0,284000000,20000,7,13479.0,14200.0
2018-09-05,15060.0,15400.0,15060.0,15066.0,2018525900,133980,34,14200.0,15400.0
2018-09-08,15066.0,15066.0,15066.0,15066.0,6002399862,398407,88,15066.0,15066.0
2018-09-10,16990.0,16990.0,16990.0,16990.0,37513920,2208,4,15066.0,16990.0
2018-09-12,15000.0,15000.0,14800.0,14975.0,1207945000,80663,32,16990.0,14800.0
2018-09-15,13500.0,13500.0,13500.0,13500.0,4325670000,320420,125,14975.0,13500.0
2018-09-17,13980.0,13980.0,12500.0,12927.0,1331113240,102974,29,13500.0,12500.0
2018-09-22,10001.0,11000.0,10001.0,10144.0,2767613838,272838,48,12927.0,11000.0
2018-09-24,12500.0,12500.0,11000.0,11966.0,1079450000,90208,37,10144.0,11000.0
2018-09-26,11994.0,11994.0,11994.0,11994.0,3119831304,260116,71,11966.0,11994.0
2018-09-29,12500.0,12500.0,10600.0,12446.0,4369125000,351050,62,11994.0,10600.0
2018-10-01,12500.0,12500.0,12100.0,12359.0,3988106200,322678,68,12446.0,12100.0
2018-10-03,13499.0,13499.0,13499.0,13499.0,3157389102,233898,65,12359.0,13499.0
2018-10-06,13800.0,13800.0,12000.0,12194.0,136711800,11211,9,13499.0,12000.0
2018-10-08,12050.0,12050.0,11800.0,11941.0,585928750,49070,19,12194.0,11800.0
2018-10-10,11000.0,11000.0,11000.0,11000.0,1447853000,131623,67,11941.0,11000.0
2018-10-13,11050.0,11050.0,10500.0,10686.0,193957500,18150,11,11000.0,10500.0
2018-10-15,10686.0,10686.0,10686.0,10686.0,1874912130,175455,33,10686.0,10686.0
2018-10-17,11000.0,11001.0,11000.0,11000.0,1408795100,128070,45,10686.0,11001.0
2018-10-20,11001.0,12003.0,11001.0,11111.0,118994052,10710,15,11000.0,12003.0
2018-10-22,12000.0,12000.0,12000.0,12000.0,204720000,17060,10,11111.0,12000.0
2018-10-24,11500.0,11550.0,11500.0,11502.0,3940933000,342642,62,12000.0,11550.0
2018-10-27,11700.0,11700.0,11700.0,11700.0,67836600,5798,4,11502.0,11700.0
2018-10-29,11959.0,11959.0,11955.0,11956.0,42873862,3586,10,11700.0,11955.0
2018-11-03,11880.0,11880.0,11880.0,11880.0,726818400,61180,14,11956.0,11880.0
2018-11-05,11880.0,11880.0,11205.0,11243.0,417123000,37100,7,11880.0,11205.0
2018-11-10,10502.0,11400.0,10502.0,10922.0,519614672,47576,17,11243.0,11400.0
2018-11-12,11070.0,11070.0,11070.0,11070.0,2253940560,203608,18,10922.0,11070.0
2018-11-14,11500.0,11560.0,11500.0,11524.0,1824931520,158357,35,11070.0,11560.0
2018-11-17,11530.0,11550.0,11530.0,11531.0,2333390800,202360,62,11524.0,11550.0
2018-11-19,11560.0,11800.0,11560.0,11564.0,1911468000,165300,26,11531.0,11800.0
2018-11-21,11700.0,12001.0,11700.0,11725.0,387045614,33011,12,11564.0,12001.0
2018-11-24,11725.0,11725.0,11725.0,11725.0,569565325,48577,19,11725.0,11725.0
2018-11-26,11725.0,11725.0,11725.0,11725.0,338242800,28848,8,11725.0,11725.0
2018-11-28,11500.0,11500.0,11500.0,11500.0,1224865000,106510,33,11725.0,11500.0
2018-12-01,12000.0,12000.0,11500.0,11778.0,763463500,64823,19,11500.0,11500.0
2018-12-03,12190.0,12190.0,12000.0,12154.0,163093110,13419,10,11778.0,12000.0
2018-12-05,11795.0,11795.0,11795.0,11795.0,48595400,4120,2,12154.0,11795.0
2018-12-08,11860.0,11860.0,11860.0,11860.0,1349359640,113774,34,11795.0,11860.0
2018-12-10,11860.0,11860.0,11700.0,11850.0,653376680,55138,23,11860.0,11700.0
2018-12-12,10010.0,10650.0,10010.0,10327.0,451813110,43751,13,11850.0,10650.0
2018-12-17,10500.0,11000.0,10500.0,10551.0,655003000,62078,24,10327.0,11000.0
2018-12-19,10999.0,10999.0,10999.0,10999.0,6056720339,550661,71,10551.0,10999.0
2018-12-22,10999.0,10999.0,10999.0,10999.0,312690571,28429,4,10999.0,10999.0
2018-12-24,11150.0,11150.0,11150.0,11150.0,461565400,41396,8,10999.0,11150.0
2018-12-31,11150.0,11500.0,11150.0,11322.0,319495700,28218,11,11150.0,11500.0
2019-01-02,11601.0,11601.0,11500.0,11596.0,2322053326,200247,31,11322.0,11500.0
2019-01-05,11596.0,11596.0,10990.0,11303.0,130818504,11574,6,11596.0,10990.0
2019-01-07,11303.0,11303.0,10400.0,10404.0,375487237,36089,6,11303.0,10400.0
2019-01-09,10000.0,10001.0,10000.0,10000.0,5255140887,525503,36,10404.0,10001.0
2019-01-12,11000.0,11000.0,10500.0,10665.0,399979500,37503,24,10000.0,10500.0
2019-01-14,10665.0,10665.0,10300.0,10628.0,921833600,86740,18,10665.0,10300.0
2019-01-16,10000.0,10006.0,10000.0,10000.0,2565280642,256528,64,10628.0,10006.0
2019-01-19,10000.0,10000.0,10000.0,10000.0,1356760000,135676,48,10000.0,10000.0
2019-01-21,10000.0,10000.0,10000.0,10000.0,269620000,26962,27,10000.0,10000.0
2019-01-23,9500.0,9600.0,9500.0,9507.0,568557000,59806,46,10000.0,9600.0
2019-01-26,9600.0,9600.0,9600.0,9600.0,1124918400,117179,46,9507.0,9600.0
2019-01-28,9000.0,9000.0,9000.0,9000.0,1343367000,149263,56,9600.0,9000.0
2019-01-30,9000.0,9000.0,8900.0,8966.0,556670000,62088,31,9000.0,8900.0
2019-02-02,8500.0,8500.0,8500.0,8500.0,1035937500,121875,45,8966.0,8500.0
2019-02-04,8003.0,8003.0,8003.0,8003.0,3706317348,463116,112,8500.0,8003.0
2019-02-06,8003.0,8301.0,8003.0,8005.0,24311966702,3037002,333,8003.0,8301.0
2019-02-13,8510.0,9099.0,8510.0,8874.0,2304313973,259675,35,8005.0,9099.0
2019-02-16,9420.0,10500.0,9420.0,10193.0,1164124140,114211,30,8874.0,10500.0
2019-02-18,11070.0,11891.0,11070.0,11294.0,7889424008,698528,75,10193.0,11891.0
2019-03-04,14900.0,14900.0,13401.0,14450.0,9045895804,626011,109,11294.0,13401.0
2019-03-06,13550.0,13550.0,13500.0,13549.0,9059987250,668682,135,14450.0,13500.0
2019-03-09,12400.0,13011.0,12400.0,12748.0,765280600,60031,26,13549.0,13011.0
2019-03-11,13501.0,13501.0,12520.0,12862.0,5174205124,402277,64,12748.0,12520.0
2019-03-13,12261.0,12261.0,11690.0,12232.0,2244929363,183528,38,12862.0,11690.0
2019-03-16,11000.0,11000.0,10520.0,10951.0,1315721160,120147,48,12232.0,10520.0
2019-03-18,11999.0,11999.0,11999.0,11999.0,60534955,5045,4,10951.0,11999.0
2019-03-25,11999.0,11999.0,11999.0,11999.0,622568115,51885,31,11999.0,11999.0
2019-03-27,12000.0,12000.0,11100.0,11524.0,1384689300,120161,42,11999.0,11100.0
2019-03-30,11524.0,11524.0,10800.0,11199.0,1578732188,140971,39,11524.0,10800.0
2019-04-06,10500.0,10700.0,10500.0,10619.0,866583900,81609,30,11199.0,10700.0
2019-04-08,10700.0,11300.0,10700.0,11137.0,1223138200,109826,16,10619.0,11300.0
2019-04-10,11610.0,11610.0,11600.0,11609.0,6504269860,560276,79,11137.0,11600.0
2019-04-13,11600.0,11600.0,11299.0,11381.0,312260800,27438,14,11609.0,11299.0
2019-04-15,11001.0,11169.0,11001.0,11002.0,5170770420,469988,50,11381.0,11169.0
2019-04-17,11211.0,11211.0,11211.0,11211.0,226249191,20181,8,11002.0,11211.0
2019-04-20,12500.0,13700.0,12500.0,13029.0,1540102000,118208,26,11211.0,13700.0
2019-04-22,14110.0,14120.0,14110.0,14111.0,5505352060,390140,74,13029.0,14120.0
2019-04-24,14141.0,14146.0,14141.0,14144.0,2251450239,159179,25,14111.0,14146.0
2019-04-27,14799.0,15500.0,14799.0,15332.0,3051277664,199011,29,14144.0,15500.0
2019-04-29,16000.0,16000.0,15000.0,15999.0,8295980000,518530,73,15332.0,15000.0
2019-05-01,15899.0,15899.0,14920.0,15037.0,968163244,64384,24,15999.0,14920.0
2019-05-04,14920.0,14920.0,14900.0,14915.0,6773780760,454153,61,15037.0,14900.0
2019-05-06,14900.0,14900.0,14900.0,14900.0,13162496100,883389,85,14915.0,14900.0
2019-05-08,14901.0,15999.0,14901.0,15149.0,6738594411,444815,49,14900.0,15999.0
2019-05-11,17000.0,19500.0,17000.0,17392.0,7202885500,414144,49,15149.0,19500.0
2019-05-15,23000.0,23000.0,23000.0,23000.0,13028626000,566462,109,17392.0,23000.0
2019-05-20,27989.0,27989.0,24350.0,27455.0,7504070149,273326,81,23000.0,24350.0
2019-05-22,25800.0,25800.0,25001.0,25431.0,2690214195,105783,37,27455.0,25001.0
2019-05-25,25000.0,25000.0,25000.0,25000.0,5629425000,225177,74,25431.0,25000.0
2019-05-29,25500.0,25500.0,24000.0,25481.0,1202572500,47195,28,25000.0,24000.0
2019-06-01,22500.0,22500.0,22500.0,22500.0,8802877500,391239,60,25481.0,22500.0
2019-06-03,20000.0,20000.0,16100.0,18575.0,4616377100,248527,37,22500.0,16100.0
2019-06-08,18575.0,18575.0,16101.0,18189.0,251008478,13800,12,18575.0,16101.0
2019-06-10,18189.0,18189.0,18189.0,18189.0,7595726400,417600,73,18189.0,18189.0
2019-06-12,18189.0,18189.0,15502.0,17986.0,4556333969,253321,50,18189.0,15502.0
2019-06-15,17986.0,18003.0,17986.0,17991.0,2563677554,142499,24,17986.0,18003.0
2019-06-17,17991.0,17991.0,17991.0,17991.0,1068539463,59393,23,17991.0,17991.0
2019-06-19,17991.0,17991.0,17991.0,17991.0,4083957,227,5,17991.0,17991.0
2019-06-22,20000.0,20000.0,20000.0,20000.0,5228000000,261400,81,17991.0,20000.0
2019-06-24,20000.0,20600.0,20000.0,20017.0,928596800,46390,26,20000.0,20600.0
2019-06-26,20017.0,20017.0,19200.0,19527.0,11272495239,577281,85,20017.0,19200.0
2019-07-01,19527.0,20000.0,19527.0,19541.0,10126531414,518215,75,19527.0,20000.0
2019-07-03,19541.0,19541.0,19541.0,19541.0,244262500,12500,6,19541.0,19541.0
2019-07-06,25000.0,25000.0,24997.0,25000.0,6283997384,251360,92,19541.0,24997.0
2019-07-08,25000.0,25000.0,20300.0,24261.0,610838000,25178,27,25000.0,20300.0
2019-07-10,24262.0,24262.0,24262.0,24262.0,1701615370,70135,16,24261.0,24262.0
2019-07-13,25000.0,30000.0,25000.0,27146.0,5915280000,217903,47,24262.0,30000.0
2019-07-15,31050.0,34000.0,31050.0,32041.0,28447420850,887852,152,27146.0,34000.0
2019-07-17,33999.0,34000.0,33999.0,33999.0,9954606393,292791,110,32041.0,34000.0
2019-07-20,34500.0,34500.0,34000.0,34496.0,4484864000,130012,91,33999.0,34000.0
2019-07-22,34500.0,34500.0,31020.0,34042.0,1117049400,32814,23,34496.0,31020.0
2019-07-24,34042.0,34042.0,32250.0,33520.0,1760769242,52529,27,34042.0,32250.0
2019-07-31,30200.0,30200.0,30200.0,30200.0,308040000,10200,9,33520.0,30200.0
2019-08-03,28111.0,30100.0,28111.0,28812.0,6320886607,219382,61,30200.0,30100.0
2019-08-05,30200.0,30200.0,30200.0,30200.0,8012301600,265308,94,28812.0,30200.0
2019-08-07,32458.0,32458.0,32400.0,32452.0,7466802564,230088,100,30200.0,32400.0
2019-08-10,32465.0,32986.0,32465.0,32472.0,4827915634,148679,63,32452.0,32986.0
2019-08-17,37000.0,37000.0,36000.0,36941.0,7685230000,208041,90,32472.0,36000.0
2019-08-19,31110.0,36500.0,31110.0,33250.0,2761123360,83042,46,36941.0,36500.0
2019-08-21,31110.0,35500.0,31110.0,31433.0,1333982870,42439,32,33250.0,35500.0
2019-08-24,34200.0,35980.0,34200.0,34278.0,9417012220,274721,130,31433.0,35980.0
2019-08-26,33997.0,33997.0,33996.0,33997.0,5770519091,169737,105,34278.0,33996.0
2019-08-28,33399.0,33399.0,29900.0,30621.0,2747788914,89736,31,33997.0,29900.0
2019-08-31,27500.0,27500.0,24010.0,25665.0,5486133210,213763,49,30621.0,24010.0
2019-09-02,26434.0,26434.0,26434.0,26434.0,6763931920,255880,116,25665.0,26434.0
2019-09-04,26990.0,26990.0,26990.0,26990.0,8469893840,313816,107,26434.0,26990.0
2019-09-16,26451.0,26451.0,26451.0,26451.0,712510587,26937,36,26990.0,26451.0
2019-09-17,26187.0,26187.0,26187.0,26187.0,33519360,1280,6,26451.0,26187.0
2019-09-18,26187.0,26187.0,26187.0,26187.0,84872067,3241,5,26187.0,26187.0
2019-09-21,26187.0,26187.0,26187.0,26187.0,8196531,313,3,26187.0,26187.0
2019-09-22,26187.0,26187.0,26187.0,26187.0,317203131,12113,6,26187.0,26187.0
2019-09-23,26187.0,26715.0,25819.0,26330.0,3854378644,146387,65,26187.0,25819.0
2019-09-24,26077.0,26077.0,25561.0,25836.0,252005194,9754,11,26330.0,25561.0
2019-09-25,25578.0,25578.0,25578.0,25578.0,170681994,6673,5,25836.0,25578.0
2019-09-28,25323.0,25833.0,25323.0,25347.0,2044578209,80663,46,25578.0,25323.0
2019-09-29,25600.0,25600.0,25094.0,25098.0,860951282,34303,23,25347.0,25094.0
2019-09-30,24848.0,25348.0,24848.0,24852.0,339821552,13674,18,25098.0,24848.0
2019-10-01,24604.0,24604.0,24604.0,24604.0,202417108,8227,6,24852.0,24604.0
2019-10-02,24358.0,24358.0,24358.0,24358.0,1240065780,50910,33,24604.0,24358.0
2019-10-05,24115.0,24601.0,24115.0,24228.0,3191570264,131733,60,24358.0,24116.0
2019-10-06,23986.0,24470.0,23986.0,24005.0,795293577,33131,35,24228.0,23986.0
2019-10-07,23765.0,24245.0,23765.0,23771.0,708100048,29789,22,24005.0,23765.0
2019-10-08,23534.0,24008.0,23534.0,23752.0,2455081522,103361,40,23771.0,23534.0
2019-10-09,23515.0,23515.0,23515.0,23515.0,51638940,2196,5,23752.0,23515.0
2019-10-12,23280.0,23280.0,23280.0,23280.0,95424720,4099,4,23515.0,23280.0
2019-10-13,23048.0,23512.0,23048.0,23206.0,1346505840,58024,11,23280.0,23510.0
2019-10-14,23438.0,23438.0,22974.0,23308.0,992801684,42595,49,23206.0,23400.0
2019-10-15,23075.0,23500.0,23075.0,23098.0,848117850,36718,19,23308.0,23075.0
2019-10-16,22974.0,22974.0,22868.0,22927.0,131440278,5733,7,23098.0,22868.0
2019-10-20,22698.0,22700.0,22698.0,22698.0,581095398,25601,17,22927.0,22698.0
2019-10-21,22472.0,22472.0,22472.0,22472.0,110225160,4905,6,22698.0,22472.0
2019-10-22,22550.0,22696.0,22248.0,22620.0,482692696,21339,15,22472.0,22248.0
2019-10-23,22168.0,23000.0,22168.0,22199.0,39091628,1761,10,22620.0,22168.0
2019-10-26,21978.0,22420.0,21978.0,22321.0,260642030,11677,17,22199.0,22418.0
2019-10-28,22544.0,22544.0,22098.0,22102.0,392777033,17771,20,22321.0,22098.0
2019-10-30,22000.0,22000.0,21881.0,21889.0,154998861,7081,5,22102.0,21881.0
2019-11-02,21700.0,22107.0,21671.0,21952.0,544823887,24819,34,21889.0,22107.0
2019-11-03,22171.0,22171.0,21733.0,22162.0,664372058,29978,20,21952.0,22171.0
2019-11-04,22383.0,22383.0,22383.0,22383.0,458269542,20474,20,22162.0,22383.0
2019-11-05,22606.0,22606.0,22606.0,22606.0,91780360,4060,4,22383.0,22606.0
2019-11-09,22832.0,22832.0,22832.0,22832.0,692928368,30349,20,22606.0,22832.0
2019-11-10,23060.0,23060.0,22604.0,23003.0,3482812465,151407,56,22832.0,22832.0
2019-11-11,23157.0,23157.0,22773.0,22814.0,29087730,1275,11,23003.0,22773.0
2019-11-13,22586.0,22586.0,22586.0,22586.0,390376424,17284,8,22814.0,22586.0
2019-11-19,22361.0,22361.0,22361.0,22361.0,55186948,2468,6,22586.0,22361.0
2019-11-20,22138.0,22138.0,22138.0,22138.0,703988400,31800,16,22361.0,22138.0
2019-11-23,21696.0,21696.0,21696.0,21696.0,2172594048,100138,19,22138.0,21696.0
2019-11-24,21480.0,21480.0,21480.0,21480.0,526775520,24524,7,21696.0,21480.0
2019-11-25,21266.0,21266.0,21266.0,21266.0,26242244,1234,3,21480.0,21266.0
2019-11-27,20841.0,20841.0,20841.0,20841.0,41827887,2007,10,21266.0,20841.0
2019-11-30,20633.0,21049.0,20633.0,20634.0,6050575950,293238,100,20841.0,20633.0
2019-12-01,20428.0,20838.0,20428.0,20430.0,1149152152,56249,50,20634.0,20428.0
2019-12-02,20226.0,20226.0,20226.0,20226.0,22248600,1100,4,20430.0,20226.0
2019-12-03,20024.0,20024.0,20024.0,20024.0,129154800,6450,5,20226.0,20024.0
2019-12-04,19624.0,20424.0,19624.0,19802.0,8785842612,443675,120,20024.0,20424.0
2019-12-07,20000.0,20000.0,20000.0,20000.0,20440000,1022,4,19802.0,20000.0
2019-12-08,20200.0,20200.0,20200.0,20200.0,335804800,16624,9,20000.0,20200.0
2019-12-09,20402.0,20402.0,20402.0,20402.0,111190900,5450,7,20200.0,20402.0
2019-12-10,20810.0,20810.0,20810.0,20810.0,38893890,1869,5,20402.0,20810.0
2019-12-11,21018.0,21018.0,20603.0,21014.0,7567211918,360102,85,20810.0,21018.0
2019-12-14,21224.0,21224.0,20804.0,21207.0,3458186844,163069,64,21014.0,21224.0
2019-12-15,21419.0,21419.0,21419.0,21419.0,76016031,3549,6,21207.0,21419.0
2019-12-16,21633.0,21633.0,21633.0,21633.0,3378988068,156196,29,21419.0,21633.0
2019-12-17,22065.0,22065.0,22065.0,22065.0,58692900,2660,3,21633.0,22065.0
2019-12-18,22285.0,22285.0,22285.0,22285.0,47221915,2119,4,22065.0,22285.0
2019-12-21,22507.0,22507.0,22507.0,22507.0,31577321,1403,3,22285.0,22507.0
2019-12-22,22732.0,22732.0,22732.0,22732.0,1289677288,56734,5,22507.0,22732.0
2019-12-23,23186.0,23186.0,22507.0,23186.0,6932839070,299010,49,22732.0,23186.0
2019-12-25,23417.0,23417.0,23417.0,23417.0,1694290201,72353,6,23186.0,23417.0
2019-12-28,23651.0,23651.0,23651.0,23651.0,599623803,25353,8,23417.0,23651.0
2019-12-30,23887.0,23887.0,23887.0,23887.0,340079219,14237,5,23651.0,23887.0
2019-12-31,24125.0,24125.0,24125.0,24125.0,194278625,8053,9,23887.0,24125.0
2020-01-01,24366.0,24366.0,24366.0,24366.0,285009102,11697,5,24125.0,24366.0
2020-01-04,24848.0,24853.0,24366.0,24852.0,11095734169,446466,101,24366.0,24853.0
2020-01-05,25100.0,25100.0,25100.0,25100.0,215885100,8601,3,24852.0,25100.0
2020-01-07,25351.0,25351.0,24849.0,25188.0,9588360962,380677,139,25100.0,24849.0
2020-01-08,24937.0,25439.0,24937.0,25059.0,5136432476,204971,74,25188.0,25439.0
2020-01-11,25309.0,25309.0,25309.0,25309.0,407171192,16088,5,25059.0,25309.0
2020-01-12,25562.0,25562.0,25562.0,25562.0,180876712,7076,6,25309.0,25562.0
2020-01-13,25817.0,25817.0,25817.0,25817.0,664064874,25722,8,25562.0,25817.0
2020-01-14,26333.0,26333.0,26333.0,26333.0,69703451,2647,5,25817.0,26333.0
2020-01-15,26596.0,26596.0,26596.0,26596.0,68617680,2580,7,26333.0,26596.0
2020-01-18,26861.0,26861.0,26861.0,26861.0,155122275,5775,5,26596.0,26861.0
2020-01-19,27129.0,27129.0,27129.0,27129.0,158297715,5835,6,26861.0,27129.0
2020-01-20,27671.0,27671.0,27671.0,27671.0,100694769,3639,9,27129.0,27671.0
2020-01-21,27947.0,27947.0,27947.0,27947.0,104885091,3753,6,27671.0,27947.0
2020-01-22,28226.0,28226.0,28226.0,28226.0,84960260,3010,7,27947.0,28226.0
2020-01-25,28508.0,28508.0,28508.0,28508.0,10633027872,372984,36,28226.0,28508.0
2020-01-26,29078.0,29078.0,29078.0,29078.0,744513112,25604,6,28508.0,29078.0
2020-01-27,29368.0,29368.0,29368.0,29368.0,5927930800,201850,19,29078.0,29368.0
2020-01-28,29661.0,29661.0,29661.0,29661.0,77118600,2600,5,29368.0,29661.0
2020-02-01,29957.0,29957.0,29957.0,29957.0,2999145055,100115,6,29661.0,29957.0
2020-02-02,30556.0,30556.0,30556.0,30556.0,510285200,16700,4,29957.0,30556.0
2020-02-03,30861.0,30861.0,30861.0,30861.0,133288659,4319,2,30556.0,30861.0
2020-02-04,31169.0,31169.0,31169.0,31169.0,105912262,3398,5,30861.0,31169.0
2020-02-08,31792.0,31792.0,31792.0,31792.0,113497440,3570,8,31169.0,31792.0
2020-02-10,32109.0,32109.0,32109.0,32109.0,249165840,7760,7,31792.0,32109.0
2020-02-12,32430.0,32430.0,32430.0,32430.0,235441800,7260,4,32109.0,32430.0
2020-02-15,33078.0,33078.0,33078.0,33078.0,1291728978,39051,10,32430.0,33078.0
2020-02-16,33408.0,33408.0,33408.0,33408.0,2795581440,83680,8,33078.0,33408.0
2020-02-17,33742.0,33742.0,33742.0,33742.0,598583080,17740,6,33408.0,33742.0
2020-02-18,34079.0,34079.0,34079.0,34079.0,526520550,15450,4,33742.0,34079.0
2020-02-19,34760.0,34760.0,34760.0,34760.0,490463600,14110,5,34079.0,34760.0
2020-02-22,35107.0,35107.0,35107.0,35107.0,492726745,14035,10,34760.0,35107.0
2020-02-24,35458.0,35458.0,35458.0,35458.0,512119894,14443,18,35107.0,35458.0
2020-02-25,36167.0,36167.0,36167.0,36167.0,13420741859,371077,75,35458.0,36167.0
2020-02-26,36528.0,36528.0,36528.0,36528.0,825532800,22600,7,36167.0,36528.0
2020-02-29,36893.0,36893.0,36893.0,36893.0,28677371616,777312,118,36528.0,36893.0
2020-03-01,37261.0,37261.0,37261.0,37261.0,12248808530,328730,61,36893.0,37261.0
2020-03-02,38006.0,38006.0,38006.0,37736.0,3315757458,87243,12,37261.0,38006.0
2020-03-03,38113.0,38113.0,38113.0,38113.0,8550117968,224336,30,37736.0,38113.0
2020-03-04,38494.0,38494.0,38494.0,38494.0,7248420200,188300,48,38113.0,38494.0
2020-03-07,38878.0,38878.0,38878.0,38878.0,5052312734,129953,15,38494.0,38878.0
2020-03-09,39655.0,39655.0,39655.0,39655.0,5185565385,130767,13,38878.0,39655.0
2020-03-10,40051.0,40051.0,40051.0,39818.0,2141326715,53465,12,39655.0,40051.0
2020-03-11,40216.0,40216.0,40216.0,40216.0,24648386400,612900,77,39818.0,40216.0
2020-03-14,40618.0,40618.0,40618.0,40618.0,15629603310,384795,114,40216.0,40618.0
2020-03-15,41430.0,41430.0,41430.0,40815.0,1246960140,30098,10,40618.0,41430.0
2020-03-16,41223.0,41223.0,41223.0,41205.0,4893170100,118700,73,40815.0,41223.0
2020-03-17,41617.0,41617.0,41617.0,41499.0,3689014114,88642,42,41205.0,41617.0
2020-03-18,41913.0,41913.0,41913.0,41913.0,6140631717,146509,42,41499.0,41913.0
2020-03-24,42751.0,42751.0,42751.0,42295.0,2324671127,54377,16,41913.0,42751.0
2020-03-25,42717.0,42717.0,42717.0,42399.0,1256007951,29403,9,42295.0,42717.0
2020-03-28,42822.0,42822.0,42822.0,42441.0,495964404,11582,5,42399.0,42822.0
2020-03-29,42865.0,42865.0,42865.0,42744.0,3608332835,84179,17,42441.0,42865.0
2020-03-30,43598.0,43598.0,43598.0,43413.0,4024880164,92318,11,42744.0,43598.0
2020-04-04,43847.0,43847.0,43847.0,43462.0,565801688,12904,6,43413.0,43847.0
2020-04-05,43896.0,43896.0,43896.0,43533.0,822172080,18730,7,43462.0,43896.0
2020-04-06,43968.0,43968.0,43968.0,43741.0,2417580480,54985,25,43533.0,43968.0
2020-04-07,44615.0,44615.0,44615.0,44256.0,3030518490,67926,9,43741.0,44615.0
2020-04-08,44698.0,44698.0,44698.0,44557.0,3501820112,78344,22,44256.0,44698.0
2020-04-11,45002.0,45002.0,45002.0,44586.0,326174496,7248,7,44557.0,45002.0
2020-04-12,45031.0,45031.0,45031.0,44879.0,3328241210,73910,8,44586.0,45031.0
2020-04-13,45776.0,45776.0,45776.0,45673.0,4544183520,99270,16,44879.0,45776.0
2020-04-14,46129.0,46129.0,46129.0,46129.0,12146134732,263308,28,45673.0,46129.0
2020-04-15,46590.0,46590.0,46590.0,46590.0,11782238280,252892,43,46129.0,46590.0
2020-04-18,47055.0,47055.0,47055.0,47055.0,6828809820,145124,45,46590.0,47055.0
2020-04-19,47996.0,47996.0,46115.0,47907.0,16503555641,344491,188,47055.0,47996.0
2020-04-20,48386.0,48386.0,48385.0,48386.0,15043104128,310898,120,47907.0,48386.0
2020-04-21,48869.0,48869.0,48869.0,48740.0,3839930544,78576,47,48386.0,48869.0
2020-04-22,49227.0,49227.0,49227.0,49227.0,7416785955,150665,41,48740.0,49227.0
2020-04-25,49719.0,49719.0,49719.0,49719.0,8041252746,161734,37,49227.0,49719.0
2020-04-26,50713.0,50713.0,48800.0,50684.0,38486460041,759340,263,49719.0,50713.0
2020-04-27,51190.0,51190.0,50180.0,51125.0,14871347559,290881,161,50684.0,51187.0
2020-04-28,51636.0,51636.0,50615.0,51631.0,5734769985,111072,65,51125.0,51636.0
2020-04-29,52147.0,52147.0,52147.0,51931.0,3080844760,59080,11,51631.0,52147.0
2020-05-02,52450.0,52450.0,52450.0,52352.0,4092149000,78020,39,51931.0,52450.0
2020-05-03,53399.0,53399.0,53399.0,53399.0,10428931498,195302,29,52352.0,53399.0
2020-05-04,53932.0,53932.0,53932.0,53932.0,15272841284,283187,74,53399.0,53932.0
2020-05-05,54471.0,54471.0,54471.0,54471.0,10182318501,186931,28,53932.0,54471.0
2020-05-06,55015.0,55015.0,55015.0,54475.0,43461850,790,3,54471.0,55015.0
2020-05-09,55564.0,55564.0,55564.0,55324.0,3978049016,71594,8,54475.0,55564.0
2020-05-10,55877.0,55877.0,55877.0,55807.0,4476138839,80107,12,55324.0,55877.0
2020-05-11,56365.0,56365.0,56365.0,55917.0,1019811945,18093,8,55807.0,56365.0
2020-05-12,56476.0,56476.0,56476.0,56462.0,5058216464,89564,15,55917.0,56476.0
2020-05-13,57591.0,57591.0,57591.0,57591.0,9665439939,167829,33,56462.0,57591.0
2020-05-16,58166.0,58166.0,58166.0,57781.0,1667270224,28664,15,57591.0,58166.0
2020-05-17,58358.0,58358.0,58358.0,58358.0,10346523252,177294,18,57781.0,58358.0
2020-05-18,58941.0,58941.0,58941.0,58406.0,421192386,7146,9,58358.0,58941.0
2020-05-19,59574.0,59574.0,59574.0,59574.0,9245527356,155194,14,58406.0,59574.0
2020-05-20,60169.0,60169.0,60169.0,59994.0,3688299531,61299,13,59574.0,60169.0
2020-05-23,60593.0,60593.0,60593.0,60593.0,7606845220,125540,13,59994.0,60593.0
2020-05-26,61198.0,61198.0,61198.0,60782.0,1592922742,26029,17,60593.0,61198.0
2020-05-27,61997.0,61997.0,61997.0,60816.0,143585052,2316,12,60782.0,61997.0
2020-05-30,61424.0,61424.0,61424.0,60832.0,136361280,2220,2,60816.0,61424.0
2020-05-31,61440.0,61440.0,61440.0,61058.0,1874411520,30508,11,60832.0,61440.0
2020-06-01,61668.0,61668.0,61668.0,61207.0,1241931852,20139,6,61058.0,61668.0
2020-06-02,62431.0,62431.0,62431.0,61372.0,693608410,11110,26,61207.0,62431.0
2020-06-06,61985.0,61985.0,61985.0,61850.0,3938712855,63543,12,61372.0,61985.0
2020-06-07,62468.0,62468.0,62468.0,62468.0,5114942308,81881,9,61850.0,62468.0
2020-06-08,63092.0,63092.0,63092.0,62793.0,2676236456,42418,27,62468.0,63092.0
2020-06-09,64048.0,64048.0,64048.0,64048.0,5218054608,81471,7,62793.0,64048.0
2020-06-10,64688.0,64688.0,64688.0,64688.0,6150729104,95083,8,64048.0,64688.0
2020-06-13,65334.0,65334.0,65334.0,65334.0,57043050066,873099,130,64688.0,65334.0
2020-06-14,65987.0,65987.0,65987.0,65987.0,34264475607,519261,28,65334.0,65987.0
2020-06-15,67306.0,67306.0,67306.0,67306.0,31152784018,462853,93,65987.0,67306.0
2020-06-16,67979.0,67979.0,67979.0,67979.0,42343099415,622885,24,67306.0,67979.0
2020-06-20,68658.0,68658.0,68658.0,68658.0,55513906506,808557,38,67979.0,68658.0
2020-06-21,69344.0,69344.0,69344.0,68782.0,925118304,13341,7,68658.0,69344.0
2020-06-22,70157.0,70157.0,70157.0,69046.0,991037782,14126,10,68782.0,70157.0
2020-06-23,69736.0,69736.0,69736.0,69110.0,474483744,6804,9,69046.0,69736.0
2020-06-24,69801.0,69801.0,69801.0,69618.0,3773651463,54063,23,69110.0,69801.0
2020-06-27,70314.0,70314.0,70314.0,70294.0,4901870196,69714,19,69618.0,70314.0
2020-06-28,71699.0,71699.0,71699.0,71435.0,4182561165,58335,26,70294.0,71699.0
2020-06-29,72149.0,72149.0,72149.0,71971.0,3888542504,53896,16,71435.0,72149.0
2020-06-30,72690.0,72690.0,72689.0,72690.0,17191968700,236511,149,71971.0,72690.0
2020-07-01,73416.0,73416.0,73416.0,73416.0,7742524776,105461,40,72690.0,73416.0
2020-07-04,74884.0,74884.0,74884.0,74884.0,21404018836,285829,132,73416.0,74884.0
2020-07-05,75632.0,75632.0,75632.0,75220.0,2311389552,30561,26,74884.0,75632.0
2020-07-06,75972.0,75972.0,75972.0,75942.0,4970923932,65431,30,75220.0,75972.0
2020-07-07,76701.0,76701.0,76701.0,76627.0,4716651294,61494,23,75942.0,76701.0
2020-07-08,78159.0,78159.0,78159.0,78159.0,26480738154,338806,93,76627.0,78159.0
2020-07-11,78940.0,78940.0,78940.0,78940.0,8914062680,112922,15,78159.0,78940.0
2020-07-12,79729.0,79729.0,79729.0,79729.0,39402310987,494203,102,78940.0,79729.0
2020-07-13,80526.0,80526.0,80526.0,80526.0,16355152704,203104,40,80526.0,80526.0
2020-07-14,82136.0,82136.0,82136.0,81334.0,2638454728,32123,20,80526.0,82136.0
2020-07-15,82147.0,82147.0,82147.0,81392.0,375658231,4573,8,81334.0,82147.0
2020-07-18,82205.0,82205.0,82205.0,81842.0,2793408105,33981,26,81392.0,82205.0
2020-07-19,82660.0,82660.0,82660.0,82660.0,7255894800,87780,24,81842.0,82660.0
2020-07-20,84313.0,84313.0,84313.0,84313.0,5862029951,69527,17,82660.0,84313.0
2020-07-21,85156.0,85156.0,85156.0,85156.0,23389202428,274663,38,84313.0,85156.0
2020-07-22,86007.0,86007.0,86007.0,86007.0,10768850463,125209,31,85156.0,86007.0
2020-07-25,86867.0,86867.0,86867.0,86123.0,678952472,7816,9,86007.0,86867.0
2020-07-26,87845.0,87845.0,87845.0,87845.0,5339921860,60788,23,86123.0,87845.0
2020-07-27,88723.0,88723.0,88723.0,88723.0,5318234066,59942,17,87845.0,88723.0
2020-07-28,89610.0,89610.0,89610.0,89194.0,2767425630,30883,16,88723.0,89610.0
2020-07-29,90085.0,90085.0,90085.0,89234.0,236112785,2621,11,89194.0,90085.0
2020-08-01,91018.0,91018.0,91018.0,91018.0,5337113484,58638,23,89234.0,91018.0
2020-08-02,91928.0,91928.0,91928.0,91289.0,1533726752,16684,17,91018.0,91928.0
2020-08-04,92201.0,92201.0,92201.0,92201.0,6470666180,70180,22,91289.0,92201.0
2020-08-05,93123.0,93123.0,93122.0,93123.0,22125921444,237599,125,92201.0,93123.0
2020-08-09,94054.0,94054.0,94000.0,94053.0,17470707784,185753,162,93123.0,94054.0
2020-08-10,95934.0,95934.0,95934.0,95934.0,18614074020,194030,53,94053.0,95934.0
2020-08-11,96893.0,96893.0,96893.0,96893.0,10314066064,106448,91,95934.0,96893.0
2020-08-12,97861.0,97861.0,97861.0,97031.0,750398148,7668,17,96893.0,97861.0
2020-08-15,98001.0,98001.0,98001.0,98001.0,6917302584,70584,21,97031.0,98001.0
2020-08-16,99961.0,99961.0,99961.0,99961.0,5657192834,56594,17,98001.0,99961.0
2020-08-17,100960.0,100960.0,100960.0,100224.0,1371844480,13588,13,99961.0,100960.0
2020-08-18,101226.0,101226.0,101226.0,100425.0,1044652320,10320,10,100224.0,101226.0
2020-08-19,101429.0,101429.0,101429.0,100627.0,1049181576,10344,12,100425.0,101429.0
2020-08-22,102639.0,102639.0,102639.0,102639.0,6292489173,61307,16,100627.0,102639.0
2020-08-23,103665.0,103665.0,103665.0,103665.0,5465529795,52723,15,102639.0,103665.0
2020-08-24,104701.0,104701.0,104701.0,104701.0,19027836235,181735,21,103665.0,104701.0
2020-08-25,105748.0,105748.0,105748.0,105748.0,18471003160,174670,26,104701.0,105748.0
2020-08-26,107862.0,107862.0,107862.0,107862.0,5754329838,53349,9,105748.0,107862.0
2020-08-31,108940.0,108940.0,108940.0,108940.0,6696323920,61468,8,107862.0,108940.0
2020-09-01,110029.0,110029.0,110029.0,108987.0,220608145,2005,10,108940.0,110029.0
2020-09-02,110076.0,110076.0,110076.0,109092.0,492700176,4476,3,108987.0,110076.0
2020-09-05,111273.0,111273.0,111273.0,109438.0,808287072,7264,15,109092.0,111273.0
2020-09-06,110532.0,110532.0,110532.0,109742.0,1406298636,12723,14,109438.0,110532.0
2020-09-07,110839.0,110839.0,110839.0,109962.0,1018832088,9192,10,109742.0,110839.0
2020-09-08,111061.0,111061.0,111061.0,111061.0,6618124990,59590,21,109962.0,111061.0
2020-09-09,113282.0,113282.0,113282.0,113282.0,5235440912,46216,12,111061.0,113282.0
2020-09-12,114414.0,114414.0,114414.0,114414.0,7956578388,69542,16,113282.0,114414.0
2020-09-13,115558.0,115558.0,115558.0,115558.0,11571631446,100137,15,114414.0,115558.0
2020-09-14,116713.0,116713.0,116713.0,116713.0,8927377370,76490,13,115558.0,116713.0
2020-09-15,119047.0,119047.0,119047.0,118994.0,5134616157,43131,9,116713.0,119047.0
2020-09-16,120183.0,120183.0,120183.0,120183.0,12370436190,102930,26,118994.0,120183.0
2020-09-19,121384.0,121384.0,121384.0,120767.0,2456448008,20237,10,120183.0,121384.0
2020-09-20,121974.0,121974.0,121974.0,121101.0,1402701000,11500,22,120767.0,121974.0
2020-09-21,123523.0,123523.0,123523.0,123523.0,6066585099,49113,37,121101.0,123523.0
2020-09-22,124758.0,124758.0,124758.0,123605.0,346577724,2778,7,123523.0,124758.0
2020-09-23,124841.0,124841.0,124841.0,124216.0,2569602303,20583,18,123605.0,124841.0
2020-09-26,125458.0,125458.0,122974.0,125057.0,61897976922,494957,259,124216.0,122974.0
2020-09-27,123807.0,123807.0,123807.0,124901.0,623492052,5036,11,125057.0,123807.0
2020-09-28,123652.0,123652.0,123652.0,124860.0,162726032,1316,10,124901.0,123652.0
2020-09-29,122363.0,122363.0,122363.0,122928.0,3810873272,31144,27,124860.0,122363.0
2020-09-30,121699.0,121699.0,121699.0,122636.0,1164659430,9570,12,122928.0,121699.0
2020-10-03,121410.0,121410.0,121410.0,122570.0,267102000,2200,9,122636.0,121410.0
2020-10-04,121345.0,121345.0,121345.0,122444.0,509891690,4202,2,122570.0,121345.0
2020-10-05,119996.0,119996.0,119996.0,122270.0,347988400,2900,1,122444.0,119996.0
2020-10-07,121048.0,121048.0,121048.0,121048.0,7681706080,63460,9,122270.0,121048.0
2020-10-10,119838.0,119838.0,119838.0,120995.0,214869534,1793,10,121048.0,119838.0
2020-10-11,119786.0,119786.0,119786.0,119786.0,5509077926,45991,19,120995.0,119786.0
2020-10-12,117391.0,117391.0,117391.0,117391.0,14360323639,122329,28,119786.0,117391.0
2020-10-13,116218.0,116218.0,116218.0,117208.0,750187190,6455,7,117391.0,116218.0
2020-10-14,116036.0,116036.0,116036.0,117196.0,47342688,408,6,117208.0,116036.0
2020-10-18,116025.0,116025.0,116025.0,116939.0,1088314500,9380,6,117196.0,116025.0
2020-10-19,114601.0,114601.0,114601.0,116934.0,10084888,88,2,116939.0,114601.0
2020-10-20,115765.0,115765.0,115765.0,116845.0,374036715,3231,3,116934.0,115765.0
2020-10-21,115677.0,115677.0,115677.0,116825.0,84097179,727,4,116845.0,115677.0
2020-10-24,115657.0,115657.0,115657.0,116824.0,5782850,50,1,116825.0,115657.0
2020-10-26,114488.0,114488.0,114488.0,116707.0,246149200,2150,4,116824.0,114488.0
2020-10-31,115540.0,115540.0,115540.0,116556.0,639051740,5531,3,116707.0,115540.0
2020-11-01,114225.0,114225.0,114225.0,114263.0,4814012625,42145,6,116556.0,114225.0
2020-11-02,113121.0,113121.0,113121.0,114259.0,18099360,160,2,114263.0,113121.0
2020-11-04,113117.0,113117.0,113117.0,114150.0,464232168,4104,3,114259.0,113117.0
2020-11-07,113009.0,113009.0,113009.0,114136.0,59668752,528,4,114150.0,113009.0
2020-11-08,111854.0,111854.0,111854.0,111880.0,4842718930,43295,8,114136.0,111854.0
2020-11-09,110762.0,110762.0,110762.0,111873.0,31013360,280,2,111880.0,110762.0
2020-11-10,110755.0,110755.0,110755.0,111844.0,127589760,1152,6,111873.0,110755.0
2020-11-11,110726.0,110726.0,110726.0,111837.0,30117472,272,3,111844.0,110726.0
2020-11-14,109601.0,109601.0,109601.0,111816.0,46032420,420,5,111837.0,109601.0
2020-11-15,110698.0,110698.0,110698.0,111652.0,724297014,6543,4,111816.0,110698.0
2020-11-16,110536.0,110536.0,110536.0,111626.0,113299400,1025,3,111652.0,110536.0
2020-11-17,110510.0,110510.0,110510.0,111579.0,209969000,1900,2,111626.0,110510.0
2020-11-18,109348.0,109348.0,109348.0,111532.0,103880600,950,2,111579.0,109348.0
2020-11-21,110417.0,110417.0,110417.0,111522.0,44498051,403,3,111532.0,110417.0
2020-11-22,110407.0,110407.0,110407.0,111518.0,16561050,150,2,111522.0,110407.0
2020-11-23,110403.0,110403.0,110403.0,111508.0,44161200,400,3,111518.0,110403.0
2020-11-24,109278.0,109278.0,109278.0,110830.0,1489240584,13628,6,111508.0,109278.0
2020-11-25,109722.0,109722.0,109722.0,110679.0,670401420,6110,4,110830.0,109722.0
2020-11-28,109573.0,109573.0,109573.0,110589.0,400708461,3657,9,110679.0,109573.0
2020-11-29,109484.0,109484.0,109484.0,110450.0,620774280,5670,53,110589.0,109484.0
2020-11-30,108241.0,108241.0,108241.0,110306.0,318012058,2938,8,110450.0,108241.0
2020-12-01,109203.0,109203.0,109203.0,110256.0,221682090,2030,7,110306.0,109203.0
2020-12-02,109154.0,109154.0,109154.0,109576.0,3044523368,27892,18,110256.0,109154.0
2020-12-05,108481.0,110671.0,108481.0,108921.0,99319878085,911852,559,109576.0,108481.0
2020-12-06,106750.0,111099.0,106743.0,107838.0,38363987544,355755,359,108921.0,109900.0
2020-12-07,108916.0,108916.0,108916.0,108916.0,28494277172,261617,188,107838.0,108916.0
2020-12-08,110005.0,110005.0,110005.0,110005.0,6676753475,60695,65,108916.0,110005.0
2020-12-09,111105.0,111105.0,111105.0,111105.0,6133884840,55208,42,110005.0,111105.0
2020-12-12,113327.0,113327.0,113327.0,113327.0,5427456684,47892,19,111105.0,113327.0
2020-12-13,114460.0,114460.0,114460.0,113465.0,626554040,5474,8,113327.0,114460.0
2021-01-30,114599.0,114599.0,114599.0,114233.0,3418373571,29829,15,113465.0,114599.0
2021-01-31,115375.0,115375.0,113091.0,114724.0,41062573610,357924,277,114233.0,115375.0
2021-02-01,115871.0,115871.0,115871.0,115871.0,5701780168,49208,32,114724.0,115871.0
2021-02-02,117029.0,117029.0,117029.0,117029.0,10196385683,87127,69,115871.0,117029.0
2021-02-03,118199.0,118199.0,118199.0,118199.0,13432843554,113646,54,117029.0,118199.0
2021-02-06,120562.0,120562.0,115836.0,118984.0,31294809630,263017,288,118199.0,120559.0
2021-02-07,120170.0,120173.0,117795.0,120029.0,18795160233,156588,208,118984.0,120173.0
2021-02-08,120562.0,121229.0,118829.0,119658.0,4053517888,33902,94,120029.0,118829.0
2021-02-09,118462.0,120854.0,118462.0,119002.0,11226289918,94337,134,119658.0,118462.0
2021-02-13,117812.0,117812.0,117812.0,118835.0,695562048,5904,15,119002.0,117812.0
2021-02-14,117647.0,117647.0,117647.0,118816.0,79764666,678,4,118835.0,117647.0
2021-02-15,117628.0,117628.0,117628.0,118766.0,207966304,1768,6,118816.0,117628.0
2021-02-16,116391.0,116391.0,116391.0,118700.0,136177470,1170,5,118766.0,116391.0
2021-02-17,117513.0,117513.0,117513.0,118694.0,25030269,213,2,118700.0,117513.0
2021-02-20,117508.0,117508.0,117508.0,118669.0,105404676,897,2,118694.0,117508.0
2021-02-21,117483.0,117483.0,117483.0,118666.0,13510545,115,2,118669.0,117483.0
2021-02-22,116293.0,116293.0,116293.0,118249.0,860335614,7398,6,118666.0,116293.0
2021-02-23,117067.0,117067.0,117067.0,118192.0,237997211,2033,5,118249.0,117067.0
2021-02-24,117011.0,117011.0,117011.0,118066.0,527953632,4512,2,118192.0,117011.0
2021-02-27,116886.0,116886.0,116886.0,117855.0,886229652,7582,7,118066.0,116886.0
2021-02-28,115498.0,115498.0,115498.0,117831.0,49548642,429,7,117855.0,115498.0
2021-03-01,116653.0,116653.0,116653.0,117695.0,572416271,4907,5,117831.0,116653.0
2021-03-02,116519.0,116519.0,116519.0,117683.0,49753613,427,1,117695.0,116519.0
2021-03-03,116507.0,116507.0,116507.0,117659.0,99613485,855,1,117683.0,116507.0
2021-03-06,115306.0,115306.0,115306.0,117615.0,91668270,795,4,117659.0,115306.0
2021-03-08,116439.0,116439.0,116439.0,117444.0,719360142,6178,3,117615.0,116439.0
2021-03-09,116270.0,116270.0,116270.0,117363.0,339392130,2919,3,117444.0,116270.0
2021-03-10,115016.0,115016.0,115016.0,117291.0,149405784,1299,1,117363.0,115016.0
2021-03-16,114946.0,114946.0,114946.0,116044.0,2605825820,22670,6,117291.0,114946.0
2021-03-27,114884.0,114884.0,114884.0,115806.0,1013621532,8823,4,116044.0,114884.0
2021-03-28,114648.0,114648.0,114648.0,115745.0,259563072,2264,7,115806.0,114648.0
2021-03-30,114588.0,114588.0,114588.0,115411.0,1425474720,12440,10,115745.0,114588.0
2021-03-31,113103.0,113103.0,113103.0,115302.0,229485987,2029,8,115411.0,113103.0
2021-04-03,114149.0,114149.0,114149.0,115241.0,263341743,2307,6,115302.0,114149.0
2021-04-04,114089.0,114089.0,114089.0,115232.0,37649370,330,2,115241.0,114089.0
2021-04-05,114080.0,114080.0,114080.0,115195.0,157430400,1380,2,115232.0,114080.0
2021-04-06,112892.0,112892.0,112892.0,115123.0,154097580,1365,5,115195.0,112892.0
2021-04-07,113972.0,113972.0,113972.0,115122.0,5128740,45,1,115123.0,113972.0
2021-04-10,113971.0,113971.0,113971.0,115120.0,9915477,87,1,115122.0,113971.0
2021-04-11,113969.0,113969.0,113969.0,115089.0,133913575,1175,3,115120.0,113969.0
2021-04-12,112788.0,112788.0,112788.0,113794.0,2757102660,24445,8,115089.0,112788.0
2021-04-13,112657.0,112657.0,112657.0,113790.0,16898550,150,1,113794.0,112657.0
2021-04-14,112653.0,112653.0,112653.0,113774.0,67591800,600,1,113790.0,112653.0
2021-04-20,112637.0,112637.0,112637.0,113769.0,20499934,182,1,113774.0,112637.0
2021-04-21,112632.0,112632.0,112632.0,113613.0,680072016,6038,3,113769.0,112632.0
2021-04-24,111341.0,111341.0,111341.0,112872.0,1598856760,14360,11,113613.0,111341.0
2021-04-28,110615.0,110615.0,110615.0,112839.0,70793600,640,2,112872.0,110615.0
2021-05-01,111711.0,111711.0,111711.0,112835.0,16198095,145,1,112839.0,111711.0
2021-05-05,110579.0,110579.0,110579.0,112816.0,42020020,380,2,112835.0,110579.0
2021-05-09,111688.0,111688.0,111688.0,112809.0,30155760,270,2,112816.0,111688.0
2021-05-10,111681.0,111681.0,111681.0,112785.0,104421735,935,2,112809.0,111681.0
2021-05-15,111658.0,111658.0,111658.0,112772.0,48571230,435,1,112785.0,111658.0
2021-05-16,111645.0,111645.0,111645.0,112749.0,89874225,805,1,112772.0,111645.0
2021-05-17,110495.0,110495.0,110495.0,112659.0,172372200,1560,2,112749.0,110495.0
2021-05-29,110406.0,110406.0,110406.0,110682.0,3790679604,34334,19,112659.0,110406.0
2021-05-30,109576.0,109576.0,109576.0,110673.0,34626016,316,2,110682.0,109576.0
2021-05-31,109567.0,109567.0,109567.0,110649.0,94665888,864,2,110673.0,109567.0
2021-06-08,109543.0,109543.0,109543.0,110343.0,1185802975,10825,10,110649.0,109543.0
2021-06-09,109240.0,109240.0,109240.0,110330.0,51233560,469,1,110343.0,109240.0
2021-06-12,108124.0,108124.0,108124.0,110327.0,5081828,47,1,110330.0,108124.0
2021-06-16,108121.0,108121.0,108121.0,110171.0,298954565,2765,2,110327.0,108121.0
2021-06-22,107968.0,107968.0,107968.0,109785.0,740876416,6862,16,110171.0,107968.0
2021-06-23,108688.0,108688.0,108688.0,109777.0,32389024,298,2,109785.0,108688.0
2021-06-26,108680.0,108680.0,108680.0,109764.0,49775440,458,1,109777.0,108680.0
2021-06-28,107569.0,107569.0,107569.0,109510.0,487825415,4535,6,109764.0,107569.0
2021-06-29,108415.0,108415.0,108415.0,109509.0,5420750,50,1,109510.0,108415.0
2021-07-10,107319.0,107319.0,107319.0,109506.0,5043993,47,1,109509.0,107319.0
2021-07-18,108411.0,108411.0,108411.0,109479.0,104074560,960,2,109506.0,108411.0
2021-07-26,107290.0,107290.0,107290.0,109423.0,107290000,1000,1,109479.0,107290.0
2021-07-31,108329.0,108329.0,108329.0,109422.0,5416450,50,1,109423.0,108329.0
2021-08-08,108328.0,108328.0,108328.0,109420.0,5849712,54,1,109422.0,108328.0
2021-08-11,107232.0,107232.0,107232.0,109417.0,5361600,50,1,109420.0,107232.0
2021-08-14,108323.0,108323.0,108323.0,109415.0,6499380,60,1,109417.0,108323.0
2021-08-22,108321.0,108321.0,108321.0,109414.0,5416050,50,1,109415.0,108321.0
2021-08-25,108320.0,108320.0,108320.0,109413.0,5416000,50,1,109414.0,108320.0
2021-08-28,108319.0,108319.0,108319.0,109407.0,22313714,206,4,109413.0,108319.0
2021-08-30,107219.0,107219.0,107219.0,109373.0,65832466,614,3,109407.0,107219.0
2021-09-01,108280.0,108280.0,108280.0,109366.0,27070000,250,3,109373.0,108280.0
2021-09-05,107179.0,107179.0,107179.0,109324.0,79741176,744,10,109366.0,107179.0
2021-09-06,108231.0,108231.0,108231.0,109153.0,661832565,6115,9,109324.0,108231.0
2021-09-08,108062.0,108062.0,108062.0,109149.0,14588370,135,1,109153.0,108062.0
2021-09-11,106967.0,106967.0,106967.0,109083.0,127504664,1192,3,109149.0,106967.0
2021-09-12,107993.0,107993.0,107993.0,109080.0,10799300,100,1,109083.0,107993.0
2021-09-14,107990.0,107990.0,107990.0,109075.0,19330210,179,2,109080.0,107990.0
2021-09-15,106894.0,106894.0,106894.0,108827.0,474716254,4441,17,109075.0,106894.0
2021-09-18,107739.0,107739.0,107739.0,108825.0,8403642,78,1,108827.0,107739.0
2021-09-19,107737.0,107737.0,107737.0,108824.0,5386850,50,1,108825.0,107737.0
2021-09-20,107736.0,107736.0,107736.0,108809.0,59254800,550,3,108824.0,107736.0
2021-09-26,107721.0,107721.0,107721.0,108794.0,59354271,551,1,108809.0,107721.0
2021-09-28,106619.0,106619.0,106619.0,108789.0,9595710,90,1,108794.0,106619.0
2021-09-29,107702.0,107702.0,107702.0,108471.0,1231680072,11436,10,108789.0,107702.0
2021-10-02,107387.0,107387.0,107387.0,108458.0,48431537,451,3,108471.0,107387.0
2021-10-04,106289.0,106289.0,106289.0,108444.0,26572250,250,3,108458.0,106289.0
2021-10-11,106276.0,106276.0,106276.0,108152.0,559118036,5261,7,108444.0,106276.0
2021-10-13,107071.0,107071.0,107071.0,107071.0,54405237733,508123,88,108152.0,107071.0
2021-10-16,106001.0,106001.0,106001.0,106608.0,1794066925,16925,22,107071.0,106001.0
2021-10-17,104476.0,104476.0,104476.0,106550.0,110535608,1058,3,106608.0,104476.0
2021-10-18,105485.0,105485.0,105485.0,106534.0,62341635,591,5,106550.0,105485.0
2021-10-19,105469.0,105469.0,105469.0,106516.0,68554850,650,6,106534.0,105469.0
2021-10-23,104386.0,104386.0,104386.0,106128.0,743959022,7127,5,106516.0,104386.0
2021-10-25,105067.0,105067.0,105067.0,105857.0,1050670000,10000,1,106128.0,105067.0
2021-10-27,104799.0,104799.0,104799.0,105853.0,15719850,150,2,105857.0,104799.0
2021-10-30,103736.0,103736.0,103736.0,105831.0,41805608,403,1,105853.0,103736.0
2021-10-31,104773.0,104773.0,104773.0,105823.0,31746219,303,1,105831.0,104773.0
2021-11-01,104765.0,104765.0,104765.0,105822.0,5238250,50,1,105823.0,104765.0
2021-11-09,103706.0,103706.0,103706.0,105723.0,190715334,1839,1,105822.0,103706.0
2021-11-10,104666.0,104666.0,104666.0,105722.0,5233300,50,1,105723.0,104666.0
2021-11-14,104665.0,104665.0,104665.0,105721.0,5128585,49,1,105722.0,104665.0
2021-11-16,104664.0,104664.0,104664.0,105716.0,18839520,180,2,105721.0,104664.0
2021-11-17,104659.0,104659.0,104659.0,105587.0,500270020,4780,5,105716.0,104659.0
2021-11-20,104532.0,104532.0,104532.0,105480.0,413424060,3955,5,105587.0,104532.0
2021-11-21,103371.0,103371.0,103371.0,105399.0,155056500,1500,4,105480.0,103371.0
2021-11-24,104346.0,104346.0,104346.0,105393.0,25043040,240,2,105399.0,104346.0
2021-11-28,104340.0,104340.0,104340.0,105010.0,1485592920,14238,10,105393.0,104340.0
2021-11-29,103960.0,103960.0,103960.0,105001.0,35346400,340,3,105010.0,103960.0
2021-12-01,102901.0,102901.0,102901.0,104942.0,113191100,1100,2,105001.0,102901.0
2021-12-05,103893.0,103893.0,103893.0,104928.0,55686648,536,2,104942.0,103893.0
2021-12-07,102830.0,102830.0,102830.0,104708.0,421603000,4100,2,104928.0,102830.0
2021-12-08,103661.0,103661.0,103661.0,104707.0,5183050,50,1,104708.0,103661.0
2021-12-11,103660.0,103660.0,103660.0,104615.0,356694060,3441,3,104707.0,103660.0
2021-12-13,102523.0,102523.0,102523.0,104151.0,890002163,8681,2,104615.0,102523.0
2021-12-14,103110.0,103110.0,103110.0,103663.0,1890212520,18332,4,104151.0,103110.0
2021-12-25,101590.0,101590.0,101590.0,103655.0,16254400,160,2,103663.0,101590.0
2021-12-29,101582.0,101582.0,101582.0,101582.0,10158200,100,2,103655.0,101582.0
2022-01-01,100567.0,100567.0,100567.0,100567.0,5028350,50,1,101582.0,100567.0
2022-01-02,99562.0,99562.0,99562.0,99562.0,29968162,301,2,100567.0,99562.0
2022-01-03,98567.0,98567.0,98567.0,98567.0,10645236,108,2,99562.0,98567.0
2022-01-04,96596.0,96596.0,96596.0,96596.0,5795760,60,1,98567.0,96596.0
2022-01-05,95631.0,95631.0,95631.0,95631.0,28976193,303,3,96596.0,95631.0
2022-01-08,94700.0,94700.0,94700.0,94700.0,5019100,53,1,95631.0,94700.0
2022-01-09,93800.0,93800.0,93800.0,93800.0,5065200,54,1,94700.0,93800.0
2022-01-10,91950.0,91950.0,91950.0,91950.0,328353450,3571,4,93800.0,91950.0
2022-01-11,91050.0,91050.0,91050.0,91050.0,9105000,100,1,91950.0,91050.0
2022-01-12,90150.0,90150.0,90150.0,90150.0,9015000,100,1,91050.0,90150.0
2022-01-15,89250.0,89250.0,89250.0,89250.0,5087250,57,1,90150.0,89250.0
2022-01-16,87500.0,87500.0,87500.0,87500.0,5250000,60,1,89250.0,87500.0
2022-01-17,86650.0,86650.0,86650.0,86650.0,5199000,60,1,87500.0,86650.0
2022-01-18,85800.0,85800.0,85800.0,85800.0,5148000,60,1,86650.0,85800.0
2022-01-19,84950.0,84950.0,84950.0,84950.0,5097000,60,1,85800.0,84950.0
2022-01-22,83300.0,83300.0,83300.0,83300.0,5414500,65,1,84950.0,83300.0
2022-01-23,82500.0,82500.0,82500.0,82500.0,12787500,155,2,83300.0,82500.0
2022-01-24,81700.0,81700.0,81700.0,81700.0,5310500,65,1,82500.0,81700.0
2022-01-25,80900.0,80900.0,80900.0,80900.0,5258500,65,1,81700.0,80900.0
2022-01-26,79300.0,79300.0,79300.0,79300.0,10229700,129,2,80900.0,79300.0
2022-01-29,78550.0,78550.0,78550.0,78550.0,5105750,65,1,79300.0,78550.0
2022-01-30,77800.0,77800.0,77800.0,77800.0,10114000,130,2,78550.0,77800.0
2022-01-31,77050.0,77050.0,77050.0,77050.0,45536550,591,4,77800.0,77050.0
2022-02-01,75550.0,75550.0,75550.0,75550.0,49938550,661,3,77050.0,75550.0
2022-02-02,74800.0,74800.0,74800.0,74800.0,207944000,2780,3,75550.0,74800.0
2022-02-05,74100.0,74100.0,74100.0,74100.0,6520800,88,1,74800.0,74100.0
2022-02-06,73400.0,73400.0,73400.0,73400.0,5138000,70,1,74100.0,73400.0
2022-02-07,71950.0,71950.0,71950.0,71950.0,10073000,140,2,73400.0,71950.0
2022-02-08,71250.0,71250.0,71250.0,71250.0,10117500,142,2,71950.0,71250.0
2022-02-09,70550.0,70550.0,70550.0,70550.0,14956600,212,2,71250.0,70550.0
2022-02-12,69850.0,69850.0,69850.0,69850.0,21094700,302,3,70550.0,69850.0
2022-02-13,68500.0,68500.0,68500.0,68500.0,6850000,100,1,69850.0,68500.0
2022-02-14,67850.0,67850.0,67850.0,67850.0,546599600,8056,4,68500.0,67850.0
2022-02-16,67200.0,67200.0,67200.0,67200.0,45360000,675,2,67850.0,67200.0
2022-02-19,66550.0,66550.0,66550.0,66550.0,5789850,87,1,67200.0,66550.0
2022-02-20,65250.0,65250.0,65250.0,65250.0,14942250,229,2,66550.0,65250.0
2022-02-21,64600.0,64600.0,64600.0,64600.0,5038800,78,1,65250.0,64600.0
2022-02-22,64000.0,64000.0,64000.0,64000.0,5120000,80,1,64600.0,64000.0
2022-02-23,63400.0,63400.0,63400.0,63400.0,28530000,450,1,64000.0,63400.0
2022-02-26,62150.0,62150.0,62150.0,62150.0,19266500,310,3,63400.0,62150.0
2022-02-27,61550.0,61550.0,61550.0,61550.0,5108650,83,1,62150.0,61550.0
2022-02-28,60950.0,60950.0,60950.0,60950.0,5180750,85,1,61550.0,60950.0
2022-03-02,60350.0,60350.0,60350.0,60350.0,5250450,87,1,60950.0,60350.0
2022-03-05,59150.0,59150.0,59150.0,59150.0,234943800,3972,4,60350.0,59150.0
2022-03-06,58600.0,58600.0,58600.0,58600.0,306712400,5234,18,59150.0,58600.0
2022-03-07,58050.0,58050.0,58050.0,58050.0,299538000,5160,3,58600.0,58050.0
2022-03-08,57500.0,57500.0,57500.0,57500.0,23000000,400,2,58050.0,57500.0
2022-03-09,56350.0,56350.0,56350.0,56350.0,11833500,210,2,57500.0,56350.0
2022-03-12,55800.0,55800.0,55800.0,55800.0,5022000,90,1,56350.0,55800.0
2022-03-13,55250.0,55250.0,55250.0,55250.0,46962500,850,3,55800.0,55250.0
2022-03-14,54700.0,54700.0,54700.0,54700.0,5087100,93,1,55250.0,54700.0
2022-03-15,53650.0,53650.0,53650.0,53650.0,168139100,3134,9,54700.0,53650.0
2022-03-16,53150.0,53150.0,53150.0,53150.0,208613750,3925,7,53650.0,53150.0
2022-03-19,52650.0,52650.0,52650.0,52650.0,26851500,510,4,53150.0,52650.0
2022-03-26,52150.0,52150.0,52150.0,52150.0,27639500,530,5,52650.0,52150.0
2022-03-27,51150.0,51150.0,51150.0,51150.0,34935450,683,5,52150.0,51150.0
2022-03-28,0.0,0.0,0.0,51150.0,34935450,683,5,51150.0,51150.0
2022-03-29,50650.0,50650.0,50650.0,50650.0,59260500,1170,8,51150.0,50650.0
2022-03-30,50150.0,50150.0,50150.0,50150.0,182094650,3631,15,50650.0,50150.0
2022-04-03,49650.0,49650.0,49650.0,49650.0,210565650,4241,15,50150.0,49650.0
2022-04-04,48700.0,48700.0,48700.0,48700.0,252655600,5188,13,49650.0,48700.0
2022-04-05,48250.0,48250.0,48250.0,48250.0,89938000,1864,8,48700.0,48250.0
2022-04-06,47800.0,48700.0,47800.0,47850.0,11511502950,240470,213,48250.0,47800.0
2022-04-09,47400.0,48000.0,47400.0,47400.0,31091840800,655940,385,47850.0,47400.0
2022-04-10,47750.0,47850.0,46950.0,47600.0,5370937950,112852,144,47400.0,46950.0
2022-04-11,47150.0,48050.0,47150.0,47550.0,7355307750,154637,170,47600.0,48000.0
2022-04-12,47100.0,47500.0,47100.0,47350.0,1202218200,25522,53,47550.0,47100.0
2022-04-13,46900.0,46900.0,46900.0,47300.0,374918600,7994,14,47350.0,46900.0
2022-04-16,46850.0,46850.0,46850.0,47100.0,1078299600,23016,16,47300.0,46850.0
2022-04-17,46650.0,46650.0,46650.0,47000.0,477789300,10242,7,47100.0,46650.0
2022-04-18,46100.0,47350.0,46100.0,46100.0,12175213950,264029,208,47000.0,46100.0
2022-04-19,45650.0,45650.0,45650.0,45650.0,2350290250,51485,46,46100.0,45650.0
2022-04-20,45200.0,45200.0,45200.0,45600.0,137453200,3041,5,45650.0,45200.0
2022-04-24,45150.0,45150.0,45150.0,45550.0,312573450,6923,8,45600.0,45150.0
2022-04-25,45100.0,45100.0,45100.0,45400.0,953368900,21139,16,45550.0,45100.0
2022-04-26,44950.0,44950.0,44950.0,45400.0,97586450,2171,4,45400.0,44950.0
2022-04-27,44950.0,44950.0,44950.0,45400.0,132063100,2938,4,45400.0,44950.0
2022-04-30,44950.0,44950.0,44950.0,45350.0,213063000,4740,5,45400.0,44950.0
2022-05-01,44900.0,44900.0,44900.0,45300.0,164334000,3660,3,45350.0,44900.0
2022-05-02,44850.0,44850.0,44850.0,45300.0,36552750,815,4,45300.0,44850.0
2022-05-07,44850.0,45750.0,44850.0,45400.0,23849058250,525095,359,45300.0,45000.0
2022-05-08,44950.0,45850.0,44950.0,45750.0,9800450150,214287,207,45400.0,45850.0
2022-05-09,45300.0,46200.0,45300.0,45850.0,862989100,18716,38,45750.0,46200.0
2022-05-10,46300.0,46300.0,46300.0,46050.0,1015960900,21943,22,45850.0,46300.0
2022-05-11,46500.0,46500.0,46500.0,46250.0,998680500,21477,17,46050.0,46500.0
2022-05-14,46700.0,46700.0,46700.0,46700.0,6491253300,138999,83,46250.0,46700.0
2022-05-15,47150.0,47150.0,47150.0,46850.0,920839500,19530,13,46700.0,47150.0
2022-05-16,47300.0,47300.0,47300.0,47300.0,5549236000,117320,81,46850.0,47300.0
2022-05-17,47750.0,47750.0,46900.0,47750.0,14402173550,301640,165,47300.0,47750.0
2022-05-18,48200.0,48200.0,47500.0,48100.0,2706921100,56294,69,47750.0,48200.0
2022-05-21,48550.0,48550.0,48550.0,48250.0,908030650,18703,18,48100.0,48550.0
2022-05-22,48700.0,48700.0,48700.0,48300.0,363448100,7463,6,48250.0,48700.0
2022-05-23,48750.0,48750.0,48750.0,48750.0,2693827500,55258,36,48300.0,48750.0
2022-05-24,49200.0,49200.0,49200.0,48800.0,296134800,6019,5,48750.0,49200.0
2022-05-25,49250.0,49250.0,49250.0,48850.0,290624250,5901,6,48800.0,49250.0
2022-05-28,49300.0,49300.0,48500.0,49300.0,17214750350,349219,251,48850.0,49300.0
2022-05-29,49750.0,49750.0,48950.0,49750.0,15434943250,310290,171,49300.0,49750.0
2022-05-30,50200.0,50200.0,50200.0,50200.0,2520642400,50212,28,49750.0,50200.0
2022-05-31,50700.0,50700.0,50700.0,50500.0,1646381100,32473,17,50200.0,50700.0
2022-06-01,51000.0,51000.0,51000.0,50650.0,791520000,15520,11,50500.0,51000.0
2022-06-06,51150.0,51150.0,51150.0,51150.0,7008061500,137010,76,50650.0,51150.0
2022-06-07,51650.0,51650.0,51650.0,51650.0,2558586050,49537,25,51150.0,51650.0
2022-06-08,52150.0,52150.0,52150.0,52150.0,5116853700,98118,61,51650.0,52150.0
2022-06-11,52650.0,52650.0,52650.0,52650.0,2471496300,46942,31,52150.0,52650.0
2022-06-12,53150.0,53150.0,53150.0,53150.0,2967523950,55833,32,52650.0,53150.0
2022-06-13,53650.0,53650.0,53650.0,53300.0,883186300,16462,11,53150.0,53650.0
2022-06-14,53800.0,53800.0,53800.0,53650.0,1735480400,32258,17,53300.0,53800.0
2022-06-15,54150.0,54150.0,54150.0,53650.0,94708350,1749,4,53650.0,54150.0
2022-06-18,54150.0,54150.0,54150.0,53900.0,1301549400,24036,19,53650.0,54150.0
2022-06-19,54400.0,54400.0,54400.0,54150.0,1238144000,22760,17,53900.0,54400.0
2022-06-20,54650.0,54650.0,54650.0,54650.0,2782778000,50920,27,54150.0,54650.0
2022-06-21,55150.0,55150.0,55150.0,54650.0,95464650,1731,6,54650.0,55150.0
2022-06-22,55150.0,55150.0,55150.0,54750.0,604499150,10961,12,54650.0,55150.0
2022-06-25,55250.0,55250.0,55250.0,55000.0,1209975000,21900,16,54750.0,55250.0
2022-06-26,55550.0,55550.0,55550.0,55250.0,1176326800,21176,16,55000.0,55550.0
2022-06-27,55800.0,55800.0,55800.0,55250.0,5580000,100,1,55250.0,55800.0
2022-06-28,55800.0,55800.0,55800.0,55350.0,441936000,7920,9,55250.0,55800.0
2022-06-29,55900.0,55900.0,55900.0,55900.0,605005700,10823,11,55350.0,55900.0
2022-07-02,56450.0,56450.0,56450.0,56450.0,595095900,10542,9,55900.0,56450.0
2022-07-05,57000.0,57000.0,57000.0,57000.0,1094970000,19210,20,56450.0,57000.0
2022-07-06,57550.0,57550.0,57550.0,57550.0,3446324200,59884,39,57000.0,57550.0
2022-07-12,58100.0,58100.0,58100.0,58100.0,1980977600,34096,28,57550.0,58100.0
2022-07-13,58650.0,58650.0,57550.0,58350.0,40327214000,691055,584,58100.0,58650.0
2022-07-16,57800.0,58900.0,57800.0,58800.0,3307443700,56249,57,58350.0,58900.0
2022-07-17,59350.0,59350.0,58250.0,58700.0,5157006150,87881,120,58800.0,59000.0
2022-07-19,59250.0,59250.0,58150.0,58550.0,7226320900,123452,129,58700.0,59200.0
2022-07-20,59100.0,59100.0,58000.0,58200.0,8130045200,139728,113,58550.0,59050.0
2022-07-23,58750.0,58750.0,57650.0,58100.0,1185048350,20453,53,58200.0,57650.0
2022-07-24,57550.0,57550.0,57550.0,58050.0,114639600,1992,3,58100.0,57550.0
2022-07-25,57500.0,57500.0,57500.0,57600.0,2033200000,35360,15,58050.0,57500.0
2022-07-26,57050.0,57050.0,57050.0,57600.0,15974000,280,2,57600.0,57050.0
2022-07-27,57050.0,57050.0,57050.0,57600.0,11410000,200,1,57600.0,57050.0
2022-07-30,57050.0,57050.0,57050.0,57550.0,135037350,2367,3,57600.0,57050.0
2022-08-01,57000.0,57000.0,57000.0,57550.0,45999000,807,4,57550.0,57000.0
2022-08-03,57000.0,57000.0,57000.0,57550.0,11400000,200,2,57550.0,57000.0
2022-08-06,57000.0,57000.0,57000.0,57550.0,106761000,1873,4,57550.0,57000.0
2022-08-09,57000.0,57000.0,57000.0,57550.0,32091000,563,2,57550.0,57000.0
2022-08-14,56400.0,56400.0,56400.0,57500.0,75858000,1345,3,57550.0,56400.0
2022-08-15,56950.0,56950.0,56950.0,57500.0,5695000,100,1,57500.0,56950.0
2022-08-17,56950.0,56950.0,56950.0,57500.0,20331150,357,3,57500.0,56950.0
2022-08-22,56350.0,56350.0,56350.0,57500.0,8959650,159,1,57500.0,56350.0
2022-08-23,56950.0,57000.0,56950.0,56950.0,2341622900,41117,37,57500.0,56950.0
2022-08-24,56400.0,56400.0,56400.0,56900.0,128310000,2275,10,56950.0,56400.0
2022-08-27,56350.0,56350.0,56350.0,56900.0,5015150,89,1,56900.0,56350.0
2022-08-28,56350.0,56350.0,56350.0,56900.0,50996750,905,3,56900.0,56350.0
2022-08-30,56350.0,56350.0,56350.0,56900.0,7663600,136,1,56900.0,56350.0
2022-08-31,55800.0,55800.0,55800.0,56850.0,91846800,1646,5,56900.0,55800.0
2022-09-03,56300.0,56300.0,56300.0,56850.0,5630000,100,1,56850.0,56300.0
2022-09-04,56300.0,56300.0,56300.0,56850.0,17959700,319,3,56850.0,56300.0
2022-09-05,56300.0,56300.0,56300.0,56850.0,29444900,523,4,56850.0,56300.0
2022-09-06,56300.0,56300.0,56300.0,56850.0,64801300,1151,3,56850.0,56300.0
2022-09-07,56300.0,56300.0,56300.0,56300.0,5342194400,94888,86,56850.0,56300.0
2022-09-10,56300.0,56850.0,55750.0,55800.0,5580058450,99978,74,56300.0,55750.0
2022-09-11,55250.0,55250.0,55250.0,55800.0,11050000,200,2,55800.0,55250.0
2022-09-12,55250.0,55250.0,55250.0,55800.0,83427500,1510,5,55800.0,55250.0
2022-09-13,55250.0,55250.0,55250.0,55800.0,69725500,1262,5,55800.0,55250.0
2022-09-14,55250.0,55250.0,55250.0,55800.0,5359250,97,1,55800.0,55250.0
2022-09-19,54700.0,54700.0,54700.0,55800.0,28772200,526,4,55800.0,54700.0
2022-09-20,55250.0,55250.0,55250.0,55800.0,11050000,200,1,55800.0,55250.0
2022-09-21,55250.0,55250.0,55250.0,55800.0,22210500,402,2,55800.0,55250.0
2022-09-24,55250.0,55250.0,55250.0,55800.0,5027750,91,1,55800.0,55250.0
2022-09-26,55250.0,55250.0,55250.0,55800.0,18508750,335,1,55800.0,55250.0
2022-09-28,55250.0,55250.0,55250.0,55700.0,356362500,6450,11,55800.0,55250.0
2022-10-01,54600.0,54600.0,54600.0,55700.0,51542400,944,4,55700.0,54600.0
2022-10-02,55150.0,55150.0,55150.0,55700.0,36840200,668,3,55700.0,55150.0
2022-10-03,55150.0,55150.0,55150.0,55700.0,15442000,280,2,55700.0,55150.0
2022-10-04,55150.0,55150.0,55150.0,55700.0,82725000,1500,1,55700.0,55150.0
2022-10-08,55150.0,55150.0,55150.0,55700.0,6893750,125,1,55700.0,55150.0
2022-10-09,55150.0,55150.0,55150.0,55700.0,42244900,766,5,55700.0,55150.0
2022-10-10,54600.0,54600.0,54600.0,55700.0,30412200,557,4,55700.0,54600.0
2022-10-11,55150.0,55150.0,55150.0,55700.0,31049450,563,4,55700.0,55150.0
2022-10-12,55150.0,55150.0,55150.0,55700.0,28512550,517,3,55700.0,55150.0
2022-10-15,55150.0,55150.0,55150.0,55150.0,5515000,100,1,55700.0,55150.0
2022-10-16,54600.0,54600.0,54600.0,54600.0,115206000,2110,7,55150.0,54600.0
2022-10-17,54100.0,54100.0,54100.0,54100.0,42847200,792,4,54600.0,54100.0
2022-10-18,53600.0,53600.0,53600.0,53600.0,5092000,95,1,54100.0,53600.0
2022-10-19,53100.0,53100.0,53100.0,53100.0,5044500,95,1,53600.0,53100.0
2022-10-22,52600.0,52600.0,52600.0,52600.0,5049600,96,1,53100.0,52600.0
2022-10-23,52100.0,52100.0,52100.0,52100.0,15109000,290,2,52600.0,52100.0
2022-10-24,51600.0,51600.0,51600.0,51600.0,5056800,98,1,52100.0,51600.0
2022-10-25,51100.0,51100.0,51100.0,51100.0,53603900,1049,2,51600.0,51100.0
2022-10-26,50600.0,50600.0,50600.0,50600.0,93255800,1843,4,51100.0,50600.0
2022-10-31,50100.0,50100.0,50100.0,50100.0,85671000,1710,3,50600.0,50100.0
2022-11-01,49600.0,49600.0,49600.0,49600.0,54609600,1101,2,50100.0,49600.0
2022-11-02,49150.0,49150.0,49150.0,49150.0,35093100,714,4,49600.0,49150.0
2022-11-05,48700.0,48700.0,48700.0,48700.0,179362100,3683,8,49150.0,48700.0
2022-11-06,48250.0,49150.0,48250.0,48250.0,6165549850,127779,99,48700.0,48250.0
2022-11-07,47800.0,47800.0,47800.0,48100.0,713080400,14918,17,48250.0,47800.0
2022-11-08,47650.0,47650.0,47650.0,47650.0,3886953450,81573,46,48100.0,47650.0
2022-11-09,47200.0,47200.0,47200.0,47500.0,699079200,14811,10,47650.0,47200.0
2022-11-12,47050.0,47050.0,47050.0,47300.0,1220947500,25950,14,47500.0,47050.0
2022-11-13,46850.0,47750.0,46850.0,47050.0,12069462550,256515,142,47300.0,47750.0
2022-11-14,47500.0,47500.0,47500.0,47500.0,2896455000,60978,39,47050.0,47500.0
2022-11-15,47950.0,47950.0,47950.0,47950.0,2515217250,52455,32,47500.0,47950.0
2022-11-16,48400.0,48400.0,48400.0,48400.0,6614586000,136665,80,47950.0,48400.0
2022-11-19,48850.0,48850.0,48850.0,48850.0,10767956650,220429,112,48400.0,48850.0
2022-11-20,49300.0,49300.0,49300.0,49150.0,1661311400,33698,12,48850.0,49300.0
2022-11-21,49600.0,49600.0,49600.0,49200.0,256283200,5167,7,49150.0,49600.0
2022-11-22,49650.0,49650.0,49650.0,49200.0,134154300,2702,4,49200.0,49650.0
2022-11-23,49650.0,49650.0,49650.0,49250.0,413832750,8335,8,49200.0,49650.0
2022-11-26,49700.0,49700.0,49700.0,49450.0,1042308400,20972,19,49250.0,49700.0
2022-11-27,49900.0,49900.0,49900.0,49600.0,965315500,19345,13,49450.0,49900.0
2022-11-28,50050.0,50050.0,50050.0,49650.0,315415100,6302,7,49600.0,50050.0
2022-11-29,50100.0,50100.0,50100.0,49800.0,951399000,18990,16,49650.0,50100.0
2022-11-30,50250.0,50250.0,50250.0,49800.0,118489500,2358,10,49800.0,50250.0
2022-12-03,50250.0,50250.0,50250.0,49950.0,820532250,16329,11,49800.0,50250.0
2022-12-04,50400.0,50400.0,50400.0,49950.0,46065600,914,3,49950.0,50400.0
2022-12-05,50400.0,50400.0,50400.0,50000.0,256838400,5096,7,49950.0,50400.0
2022-12-06,50500.0,50500.0,50500.0,50050.0,362994000,7188,5,50000.0,50500.0
2022-12-07,50550.0,50550.0,50550.0,50050.0,42967500,850,6,50050.0,50550.0
2022-12-10,50550.0,50550.0,50550.0,50400.0,1874950050,37091,24,50050.0,50550.0
2022-12-11,50900.0,50900.0,50900.0,50450.0,300004600,5894,10,50400.0,50900.0
2022-12-12,50950.0,50950.0,50950.0,50950.0,593312750,11645,9,50450.0,50950.0
2022-12-13,51450.0,51450.0,51450.0,51450.0,168550200,3276,8,50950.0,51450.0
2022-12-14,51950.0,51950.0,51950.0,51950.0,204942750,3945,9,51450.0,51950.0
2022-12-17,52450.0,52450.0,52450.0,52450.0,172350700,3286,6,51950.0,52450.0
2022-12-18,52950.0,52950.0,52950.0,52950.0,203751600,3848,10,52450.0,52950.0
2022-12-19,53450.0,53450.0,53450.0,53450.0,807629500,15110,8,52950.0,53450.0
2022-12-20,53950.0,53950.0,53950.0,53950.0,9598136600,177908,90,53450.0,53950.0
2022-12-21,54450.0,54450.0,54450.0,54450.0,3618039150,66447,29,53950.0,54450.0
2022-12-24,54950.0,54950.0,54950.0,54950.0,275024750,5005,3,54450.0,54950.0
2022-12-25,55450.0,55450.0,55450.0,55450.0,310852700,5606,4,54950.0,55450.0
2022-12-26,56000.0,56000.0,56000.0,56000.0,183960000,3285,5,55450.0,56000.0
2022-12-28,56550.0,56550.0,56550.0,56550.0,1231093500,21770,20,56000.0,56550.0
2022-12-31,57100.0,57100.0,57100.0,57100.0,9880355600,173036,83,56550.0,57100.0
2023-01-01,57650.0,57650.0,56550.0,57450.0,42879202100,746531,408,57100.0,57650.0
2023-01-02,58000.0,58000.0,58000.0,58000.0,3374962000,58189,43,57450.0,58000.0
2023-01-03,58550.0,58550.0,58550.0,58500.0,2321858800,39656,24,58000.0,58550.0
2023-01-04,59050.0,59050.0,59050.0,59050.0,3580732950,60639,43,58500.0,59050.0
2023-01-07,59600.0,59600.0,59050.0,59600.0,13526413400,227021,186,59050.0,59600.0
2023-01-08,60150.0,60150.0,59600.0,60150.0,2931331350,48740,78,59600.0,60150.0
2023-01-09,60750.0,60750.0,59550.0,59950.0,2482556600,41415,99,60150.0,59550.0
2023-01-10,59400.0,60500.0,59400.0,59700.0,18872348650,316238,230,59950.0,60500.0
2023-01-11,60250.0,60250.0,60250.0,60250.0,3323691250,55165,49,59700.0,60250.0
2023-01-14,60850.0,60850.0,60850.0,60450.0,868633750,14275,19,60250.0,60850.0
2023-01-16,61050.0,61050.0,61050.0,61050.0,3906223200,63984,64,60450.0,61050.0
2023-01-17,61650.0,61650.0,61650.0,61650.0,4782868650,77581,75,61050.0,61650.0
2023-01-18,62250.0,62250.0,62250.0,62250.0,3689308500,59266,78,61650.0,62250.0
2023-01-21,62850.0,62850.0,62700.0,62850.0,4070482450,64776,88,62250.0,62850.0
2023-01-22,63450.0,63450.0,62850.0,63300.0,3960468650,62553,66,62850.0,63450.0
2023-01-23,63900.0,63900.0,63900.0,63800.0,2105441100,32949,38,63300.0,63900.0
2023-01-24,64400.0,64400.0,64400.0,63950.0,669502400,10396,15,63800.0,64400.0
2023-01-25,64550.0,64550.0,64550.0,64550.0,3173923500,49170,37,63950.0,64550.0
2023-01-28,65150.0,65150.0,65150.0,64750.0,1867264150,28661,20,64550.0,65150.0
2023-01-29,65350.0,65350.0,65350.0,65350.0,17016225100,260386,121,64750.0,65350.0
2023-01-30,66000.0,66000.0,66000.0,65600.0,1864500000,28250,20,65350.0,66000.0
2023-01-31,66250.0,66250.0,66250.0,65750.0,1118300000,16880,18,65600.0,66250.0
2023-02-01,66400.0,66400.0,66400.0,66100.0,2584752800,38927,27,65750.0,66400.0
2023-02-05,66750.0,66750.0,66750.0,66550.0,3487287000,52244,42,66100.0,66750.0
2023-02-06,67200.0,67200.0,67200.0,67100.0,4469404800,66509,47,66550.0,67200.0
2023-02-07,67750.0,67750.0,67750.0,67600.0,4085934750,60309,50,67100.0,67750.0
2023-02-08,68250.0,68250.0,68250.0,68100.0,4074047250,59693,41,67600.0,68250.0
2023-02-12,68750.0,68750.0,68750.0,68750.0,5929618750,86249,29,68100.0,68750.0
2023-02-13,69400.0,69400.0,69400.0,69050.0,2156952000,31080,16,68750.0,69400.0
2023-02-14,69700.0,69700.0,69700.0,69250.0,1629446600,23378,14,69050.0,69700.0
2023-02-15,69900.0,69900.0,69900.0,69400.0,1195779300,17107,13,69250.0,69900.0
2023-02-19,70050.0,70050.0,70050.0,69650.0,1952153400,27868,20,69400.0,70050.0
2023-02-20,70300.0,70300.0,70300.0,69900.0,2132409900,30333,20,69650.0,70300.0
2023-02-21,70550.0,70550.0,70550.0,70000.0,789807250,11195,10,69900.0,70550.0
2023-02-22,70700.0,70700.0,70700.0,70150.0,1267014700,17921,15,70000.0,70700.0
2023-02-25,70850.0,70850.0,70850.0,70850.0,178967100,2526,9,70150.0,70850.0
2023-02-26,71550.0,71550.0,71550.0,71550.0,2029158000,28360,18,70850.0,71550.0
2023-02-27,72250.0,72250.0,72250.0,72250.0,647576750,8963,6,71550.0,72250.0
2023-02-28,72950.0,72950.0,72950.0,72950.0,1123430000,15400,7,72250.0,72950.0
2023-03-01,73650.0,73650.0,73650.0,73650.0,5289690300,71822,8,72950.0,73650.0
2023-03-04,74350.0,74350.0,74350.0,74350.0,6109190800,82168,11,73650.0,74350.0
2023-03-05,75050.0,75050.0,75050.0,75050.0,2366026300,31526,7,74350.0,75050.0
2023-03-06,75800.0,75800.0,75800.0,75800.0,1744233800,23011,14,75050.0,75800.0
2023-03-07,76550.0,76550.0,76550.0,76550.0,396605550,5181,4,75800.0,76550.0
2023-03-11,77300.0,77300.0,77300.0,77300.0,1370683600,17732,8,76550.0,77300.0
2023-03-12,78050.0,78050.0,78050.0,78050.0,2427355000,31100,9,77300.0,78050.0
2023-03-13,78800.0,78800.0,78800.0,78800.0,7270954800,92271,17,78050.0,78800.0
2023-03-14,79550.0,79550.0,79550.0,79550.0,7539669450,94779,23,78800.0,79550.0
2023-03-15,80300.0,80300.0,80300.0,80300.0,4469498000,55660,18,79550.0,80300.0
2023-03-18,81100.0,81100.0,81100.0,81100.0,232027100,2861,6,80300.0,81100.0
2023-03-19,81900.0,81900.0,81900.0,81900.0,223587000,2730,5,81100.0,81900.0
2023-03-26,82700.0,82700.0,82700.0,82700.0,9016532900,109027,12,81900.0,82700.0
2023-03-28,84300.0,84300.0,84300.0,84300.0,17950167600,212932,66,83500.0,84300.0
2023-03-29,85000.0,85100.0,83500.0,83700.0,23615244250,282085,125,84300.0,85100.0
2023-04-03,84500.0,84500.0,82900.0,83450.0,18142958900,217476,96,83700.0,84500.0
2023-04-04,82650.0,84250.0,82650.0,83600.0,13891360200,166182,98,83450.0,83650.0
2023-04-05,84400.0,84400.0,83350.0,84400.0,8281326050,98124,39,83600.0,84400.0
2023-04-08,85200.0,85200.0,84000.0,85200.0,7993407600,93826,49,84400.0,85200.0
2023-04-09,86050.0,86050.0,84350.0,86000.0,6884105350,80059,59,85200.0,84350.0
2023-04-10,86850.0,86850.0,85150.0,85850.0,1285948550,15057,27,86000.0,85150.0
2023-04-11,85000.0,85000.0,85000.0,85000.0,7415655000,87243,25,85850.0,85000.0
2023-04-15,84150.0,85850.0,84150.0,84650.0,23795692300,281091,111,85000.0,85750.0
2023-04-16,85450.0,85450.0,83850.0,84850.0,14140817450,166609,67,84650.0,83850.0
2023-04-17,84050.0,85650.0,84050.0,84350.0,5511296900,65326,57,84850.0,84050.0
2023-04-18,83550.0,84000.0,83550.0,84150.0,1299796500,15544,15,84350.0,83550.0
2023-04-24,83350.0,84950.0,83350.0,84350.0,20717193600,245572,68,84150.0,84950.0
2023-04-25,85150.0,85150.0,85150.0,84950.0,3840435300,45102,19,84350.0,85150.0
2023-04-26,85750.0,85750.0,85150.0,85750.0,5755456000,67120,38,84950.0,85750.0
2023-04-29,86600.0,86600.0,86600.0,86600.0,17527753400,202399,41,85750.0,86600.0
2023-04-30,87450.0,87450.0,87450.0,87450.0,8379284100,95818,28,86600.0,87450.0
2023-05-01,88300.0,88300.0,88300.0,87850.0,2506130600,28382,14,87450.0,88300.0
2023-05-02,88700.0,88700.0,88700.0,88450.0,3762920100,42423,10,87850.0,88700.0
2023-05-03,89300.0,89300.0,89300.0,89300.0,6157502900,68953,12,88450.0,89300.0
2023-05-06,90150.0,90150.0,90150.0,89850.0,3200685600,35504,9,89300.0,90150.0
2023-05-07,90700.0,90700.0,90700.0,90700.0,9369400700,103301,45,89850.0,90700.0
2023-05-08,91600.0,91600.0,91600.0,91600.0,5721610800,62463,24,90700.0,91600.0
2023-05-09,92500.0,92500.0,92500.0,92000.0,2381412500,25745,13,91600.0,92500.0
2023-05-10,92900.0,92900.0,92900.0,92900.0,16728224300,180067,50,92000.0,92900.0
2023-05-13,93800.0,93800.0,93800.0,93300.0,2212929600,23592,10,92900.0,93800.0
2023-05-14,94200.0,94200.0,94200.0,94200.0,5099140200,54131,14,93300.0,94200.0
2023-05-15,95100.0,95100.0,95100.0,94500.0,1670431500,17565,6,94200.0,95100.0
2023-05-17,95400.0,95400.0,95400.0,95400.0,5031491400,52741,7,94500.0,95400.0
2023-05-20,96350.0,96350.0,96350.0,96350.0,49331296350,512001,43,95400.0,96350.0
2023-05-21,97300.0,97300.0,97300.0,96350.0,107030000,1100,2,96350.0,97300.0
2023-05-22,97300.0,97300.0,97300.0,96700.0,1993482400,20488,11,96350.0,97300.0
2023-05-23,97650.0,97650.0,97650.0,96800.0,519205050,5317,7,96700.0,97650.0
2023-05-24,97750.0,97750.0,97750.0,96950.0,791775000,8100,3,96800.0,97750.0
2023-05-27,97900.0,97900.0,97900.0,97900.0,7687205900,78521,13,96950.0,97900.0
2023-05-28,98850.0,98850.0,98850.0,98850.0,1103462550,11163,5,97900.0,98850.0
2023-05-29,99800.0,99800.0,99800.0,99800.0,2270250400,22748,14,98850.0,99800.0
2023-05-31,100750.0,100750.0,100750.0,100750.0,505563500,5018,6,99800.0,100750.0
2023-06-03,101750.0,101750.0,101750.0,101750.0,2575496000,25312,8,100750.0,101750.0
2023-06-06,102750.0,102750.0,102750.0,102750.0,398259000,3876,8,101750.0,102750.0
2023-06-07,103750.0,103750.0,103750.0,103750.0,946926250,9127,2,102750.0,103750.0
2023-06-10,104750.0,104750.0,104750.0,104750.0,1381233500,13186,10,103750.0,104750.0
2023-06-11,105750.0,105750.0,105750.0,105750.0,812583000,7684,7,104750.0,105750.0
2023-06-12,106800.0,106800.0,106800.0,106800.0,428695200,4014,7,105750.0,106800.0
2023-06-13,107850.0,107850.0,107850.0,107850.0,11431992150,105999,12,106800.0,107850.0
2023-06-14,108900.0,108900.0,108900.0,108900.0,758597400,6966,6,107850.0,108900.0
2023-06-17,109950.0,109950.0,109950.0,109950.0,417810000,3800,6,108900.0,109950.0
2023-06-18,111000.0,111000.0,111000.0,111000.0,674547000,6077,8,109950.0,111000.0
2023-06-19,112100.0,112100.0,112100.0,112100.0,1418177100,12651,10,111000.0,112100.0
2023-06-20,113200.0,113200.0,113200.0,113200.0,2492890400,22022,11,112100.0,113200.0
2023-06-21,114300.0,114300.0,114300.0,114300.0,331812900,2903,8,113200.0,114300.0
2023-06-24,115400.0,115400.0,115400.0,115400.0,348969600,3024,8,114300.0,115400.0
2023-06-25,116550.0,116550.0,116550.0,116550.0,355594050,3051,7,115400.0,116550.0
2023-06-26,117700.0,117700.0,117700.0,117700.0,353335400,3002,9,116550.0,117700.0
2023-06-27,118850.0,118850.0,118850.0,118850.0,358332750,3015,8,117700.0,118850.0
2023-06-28,120000.0,120000.0,120000.0,120000.0,361320000,3011,6,118850.0,120000.0
2023-07-01,121200.0,121200.0,121200.0,121200.0,975660000,8050,4,120000.0,121200.0
2023-07-02,122400.0,122400.0,122400.0,122400.0,382132800,3122,7,121200.0,122400.0
2023-07-03,123600.0,123600.0,123600.0,123600.0,379822800,3073,6,122400.0,123600.0
2023-07-04,124800.0,124800.0,124800.0,124800.0,539136000,4320,8,123600.0,124800.0
2023-07-05,126000.0,126000.0,126000.0,126000.0,768726000,6101,7,124800.0,126000.0
2023-07-08,127250.0,127250.0,127250.0,127250.0,1264228750,9935,11,126000.0,127250.0
2023-07-09,128500.0,128500.0,128500.0,128500.0,421608500,3281,7,127250.0,128500.0
2023-07-10,129750.0,129750.0,129750.0,129750.0,434532750,3349,6,128500.0,129750.0
2023-07-11,131000.0,131000.0,131000.0,131000.0,881237000,6727,8,129750.0,131000.0
2023-07-12,132300.0,132300.0,132300.0,132300.0,404176500,3055,6,131000.0,132300.0
2023-07-15,133600.0,133600.0,133600.0,133600.0,28372498400,212369,40,132300.0,133600.0
2023-07-16,134900.0,134900.0,134900.0,134900.0,665596600,4934,6,133600.0,134900.0
2023-07-17,136200.0,136200.0,136200.0,136200.0,1341570000,9850,6,134900.0,136200.0
2023-07-18,137550.0,137550.0,137550.0,137550.0,420903000,3060,7,136200.0,137550.0
2023-07-19,138900.0,138900.0,138900.0,138900.0,421561500,3035,7,137550.0,138900.0
2023-07-22,140250.0,140250.0,138900.0,140250.0,29956150500,213605,81,138900.0,138900.0
2023-07-23,138850.0,141650.0,138850.0,140100.0,33654052050,240226,177,140250.0,141650.0
2023-07-24,141500.0,141500.0,141500.0,141450.0,5312051500,37541,18,140100.0,141500.0
2023-07-25,142850.0,142850.0,142850.0,141900.0,1825051600,12776,11,141450.0,142850.0
2023-07-26,143300.0,143300.0,143300.0,142550.0,2695473000,18810,11,141900.0,143300.0
2023-07-29,143950.0,143950.0,143950.0,143100.0,2228202050,15479,20,142550.0,143950.0
2023-07-30,144500.0,144500.0,144500.0,143650.0,2225444500,15401,15,143100.0,144500.0
2023-07-31,145050.0,145050.0,145050.0,144100.0,1846921650,12733,12,143650.0,145050.0
2023-08-01,145500.0,145500.0,145500.0,144500.0,1541718000,10596,13,144100.0,145500.0
2023-08-05,145900.0,145900.0,145900.0,145600.0,4445427100,30469,20,144500.0,145900.0
2023-08-06,147050.0,147050.0,147050.0,146150.0,2247659250,15285,8,145600.0,147050.0
2023-08-07,147600.0,147600.0,147600.0,146650.0,2032747200,13772,10,146150.0,147600.0
2023-08-08,148100.0,148100.0,148100.0,148100.0,14518539200,98032,31,146650.0,148100.0
2023-08-09,149550.0,149550.0,149550.0,148400.0,1207317150,8073,8,148100.0,149550.0
2023-08-12,149850.0,149850.0,149850.0,149200.0,3243503250,21645,12,148400.0,149850.0
2023-08-13,150650.0,150650.0,150200.0,150650.0,53851878700,357464,181,149200.0,150650.0
2023-08-14,152150.0,152150.0,151500.0,152150.0,26706224450,175531,111,150650.0,152150.0
2023-08-15,153650.0,153650.0,153650.0,153650.0,6115423650,39801,34,152150.0,153650.0
2023-08-16,155150.0,155150.0,155150.0,155100.0,5795628250,37355,16,153650.0,155150.0
2023-08-19,156650.0,156650.0,156650.0,155900.0,3149448250,20105,21,155100.0,156650.0
2023-08-20,157450.0,157450.0,157450.0,157450.0,20468500000,130000,37,155900.0,157450.0
2023-08-21,159000.0,159000.0,159000.0,159000.0,11104242000,69838,30,157450.0,159000.0
2023-08-22,160550.0,160550.0,158100.0,160400.0,29826553400,185925,186,159000.0,160550.0
2023-08-23,162000.0,162000.0,161900.0,161900.0,5994493300,37005,50,160400.0,162000.0
2023-08-26,163500.0,163500.0,161400.0,163500.0,22736335500,139073,81,161900.0,163500.0
2023-08-27,165100.0,165100.0,162000.0,164900.0,14738010500,89365,63,163500.0,162000.0
2023-08-28,166500.0,166500.0,163300.0,164500.0,16880314100,102601,78,164900.0,163300.0
2023-08-29,162900.0,162900.0,162900.0,162900.0,46999093500,288515,154,164500.0,162900.0
2023-08-30,161300.0,164500.0,161300.0,164050.0,9689351500,59055,81,162900.0,164500.0
2023-09-02,165650.0,165650.0,165650.0,164900.0,3400131900,20526,16,164050.0,165650.0
2023-09-03,166500.0,166500.0,166500.0,166500.0,6573420000,39480,31,164900.0,166500.0
2023-09-04,168150.0,168150.0,168150.0,168150.0,7643258250,45455,63,166500.0,168150.0
2023-09-05,169800.0,169800.0,169800.0,169800.0,7956318600,46857,8,168150.0,169800.0
2023-09-09,171450.0,171450.0,171450.0,171450.0,7174496700,41846,18,169800.0,171450.0
2023-09-10,173150.0,173150.0,173150.0,173150.0,10401293650,60071,22,171450.0,173150.0
2023-09-11,174850.0,174850.0,171450.0,173100.0,40243853150,232488,103,173150.0,174850.0
2023-09-12,174800.0,174800.0,174800.0,174800.0,6825415600,39047,49,173100.0,174800.0
2023-09-13,176400.0,176500.0,173150.0,176450.0,8611865150,48802,54,174800.0,176500.0
2023-09-17,178200.0,178200.0,178200.0,178200.0,11252082600,63143,23,176450.0,178200.0
2023-09-18,179950.0,179950.0,179950.0,179700.0,5980818200,33236,55,178200.0,179950.0
2023-09-19,178000.0,181450.0,178000.0,180150.0,3545520750,19635,35,179700.0,181450.0
2023-09-20,181950.0,181950.0,181950.0,181950.0,7668464700,42146,20,180150.0,181950.0
2023-09-23,183750.0,183750.0,183750.0,183150.0,4804511250,26147,15,181950.0,183750.0
2023-09-25,184950.0,184950.0,184950.0,184550.0,5588634150,30217,30,183150.0,184950.0
2023-09-26,186350.0,186350.0,186350.0,185600.0,4342141350,23301,21,184550.0,186350.0
2023-09-27,187450.0,187450.0,187450.0,187350.0,7002007300,37354,53,185600.0,187450.0
2023-09-30,189200.0,189200.0,189200.0,189200.0,10057115200,53156,56,187350.0,189200.0
2023-10-01,191050.0,191050.0,190000.0,191050.0,27249542450,142640,71,189200.0,191050.0
2023-10-02,192950.0,192950.0,189500.0,192850.0,19054566050,98806,106,191050.0,192950.0
2023-10-04,194750.0,194750.0,190950.0,193150.0,24404952800,126367,178,192850.0,190950.0
2023-10-07,191250.0,191250.0,191250.0,192850.0,1220748750,6383,10,193150.0,191250.0
2023-10-08,190950.0,190950.0,190950.0,192800.0,264083850,1383,4,192850.0,190950.0
2023-10-09,190900.0,190900.0,190900.0,192750.0,110340200,578,3,192800.0,190900.0
2023-10-10,190850.0,190850.0,190850.0,192600.0,611101700,3202,8,192750.0,190850.0
2023-10-11,190700.0,190700.0,190700.0,192350.0,1019672900,5347,9,192600.0,190700.0
2023-10-14,190450.0,190450.0,190450.0,192300.0,277485650,1457,4,192350.0,190450.0
2023-10-15,190400.0,190400.0,190400.0,192100.0,741227200,3893,7,192300.0,190400.0
2023-10-16,190200.0,190200.0,190200.0,191950.0,521718600,2743,5,192100.0,190200.0
2023-10-17,190050.0,190050.0,190050.0,191900.0,114030000,600,2,191950.0,190050.0
2023-10-18,190000.0,190000.0,190000.0,191850.0,152000000,800,2,191900.0,190000.0
2023-10-21,188050.0,188050.0,188050.0,190850.0,1946317500,10350,10,191850.0,188050.0
2023-10-22,188950.0,188950.0,188950.0,190350.0,1980007050,10479,5,190850.0,188950.0
2023-10-23,188450.0,188450.0,188450.0,190300.0,99690050,529,1,190350.0,188450.0
2023-10-24,188400.0,188400.0,188400.0,190200.0,448768800,2382,4,190300.0,188400.0
2023-10-25,188300.0,188300.0,188300.0,190050.0,544375300,2891,4,190200.0,188300.0
2023-10-28,188150.0,188150.0,188150.0,190050.0,72061450,383,1,190050.0,188150.0
2023-10-30,186250.0,186250.0,186250.0,190000.0,106535000,572,2,190050.0,186250.0
2023-10-31,188100.0,188100.0,188100.0,190000.0,58122900,309,1,190000.0,188100.0
2023-11-08,186200.0,186200.0,186200.0,186200.0,6688862600,35923,21,190000.0,186200.0
2023-11-12,184350.0,184350.0,184350.0,184350.0,1898805000,10300,5,186200.0,184350.0
2023-11-13,182550.0,182550.0,182550.0,182550.0,107156850,587,2,184350.0,182550.0
2023-11-14,180750.0,180750.0,180750.0,180750.0,15366280500,85014,14,182550.0,180750.0
2023-11-18,178950.0,178950.0,178950.0,178950.0,640104150,3577,4,180750.0,178950.0
2023-11-19,177200.0,177200.0,177200.0,177200.0,50324800,284,1,178950.0,177200.0
2023-11-22,175450.0,175450.0,175450.0,175450.0,145097150,827,2,177200.0,175450.0
2023-11-29,173700.0,173700.0,173700.0,173700.0,137049300,789,2,175450.0,173700.0
2023-12-02,172000.0,172000.0,172000.0,172000.0,102340000,595,2,173700.0,172000.0
2023-12-04,170300.0,170300.0,170300.0,170300.0,433413500,2545,8,172000.0,170300.0
2023-12-09,168600.0,168600.0,168600.0,168600.0,100654200,597,2,170300.0,168600.0
2023-12-11,166950.0,166950.0,166950.0,166950.0,183645000,1100,4,168600.0,166950.0
2023-12-12,165300.0,165300.0,165300.0,165300.0,100833000,610,2,166950.0,165300.0
2023-12-16,163650.0,163650.0,163650.0,163650.0,1636500000,10000,6,165300.0,163650.0
2023-12-18,162050.0,162050.0,162050.0,162050.0,294606900,1818,4,163650.0,162050.0
2023-12-20,160450.0,160450.0,160450.0,160450.0,101564850,633,3,162050.0,160450.0
2023-12-23,158850.0,158850.0,158850.0,158850.0,101664000,640,3,160450.0,158850.0
2023-12-25,157300.0,157300.0,157300.0,157300.0,346060000,2200,4,158850.0,157300.0
2023-12-27,155750.0,155750.0,155750.0,155750.0,968453500,6218,3,157300.0,155750.0
2023-12-31,154200.0,154200.0,154200.0,154200.0,150961800,979,2,155750.0,154200.0
2024-01-01,152700.0,152700.0,152700.0,152700.0,177742800,1164,2,154200.0,152700.0
2024-01-02,151200.0,151200.0,151200.0,151200.0,100245600,663,2,152700.0,151200.0
2024-01-03,149700.0,149700.0,149700.0,149700.0,102544500,685,2,151200.0,149700.0
2024-01-06,148250.0,148250.0,148250.0,148250.0,1482500000,10000,2,149700.0,148250.0
2024-01-08,146800.0,146800.0,146800.0,146800.0,176160000,1200,3,148250.0,146800.0
2024-01-09,145350.0,145350.0,145350.0,145350.0,39688980300,273058,120,146800.0,145350.0
2024-01-10,143900.0,143900.0,143900.0,143900.0,17607172300,122357,62,145350.0,143900.0
2024-01-13,142500.0,142500.0,142500.0,142500.0,1330095000,9334,6,143900.0,142500.0
2024-01-14,141100.0,141100.0,141100.0,141100.0,2367234700,16777,8,142500.0,141100.0
2024-01-15,139700.0,139700.0,139700.0,139700.0,699897000,5010,4,141100.0,139700.0
2024-01-16,138350.0,138350.0,138350.0,138350.0,345875000,2500,4,139700.0,138350.0
2024-01-17,137000.0,137000.0,137000.0,137000.0,384559000,2807,4,138350.0,137000.0
2024-01-20,135650.0,135650.0,135650.0,135650.0,118829400,876,3,137000.0,135650.0
2024-01-21,134300.0,137000.0,134300.0,134650.0,94082803000,698832,282,135650.0,134300.0
2024-01-22,133350.0,133350.0,133350.0,133350.0,35530707450,266447,137,134650.0,133350.0
2024-01-23,132050.0,132050.0,132050.0,132050.0,6528816100,49442,19,133350.0,132050.0
2024-01-24,130750.0,133350.0,130750.0,131950.0,37349078550,283063,239,132050.0,133350.0
2024-01-27,133250.0,133250.0,130700.0,132350.0,1774323450,13331,17,131950.0,133250.0
2024-01-28,133650.0,133650.0,133650.0,132600.0,1073610450,8033,10,132350.0,133650.0
2024-01-29,133900.0,133900.0,133900.0,133400.0,3258188700,24333,23,132600.0,133900.0
2024-01-30,134700.0,134700.0,134700.0,134700.0,15829001100,117513,70,133400.0,134700.0
2024-01-31,136000.0,136000.0,133400.0,133800.0,48758982200,364450,132,134700.0,133400.0
2024-02-03,132500.0,132500.0,132500.0,132650.0,4667577500,35227,18,133800.0,132500.0
2024-02-04,131350.0,131350.0,131350.0,132550.0,315240000,2400,2,132650.0,131350.0
2024-02-05,131250.0,131250.0,131250.0,132500.0,262500000,2000,2,132550.0,131250.0
2024-02-06,131200.0,131200.0,131200.0,132500.0,59040000,450,1,132500.0,131200.0
2024-02-07,131200.0,131200.0,131200.0,132450.0,159276800,1214,2,132500.0,131200.0
2024-02-10,131150.0,131150.0,131150.0,132400.0,104920000,800,2,132450.0,131150.0
2024-02-12,129800.0,129800.0,129800.0,132250.0,256874200,1979,4,132400.0,129800.0
2024-02-13,130950.0,130950.0,130950.0,132200.0,191187000,1460,2,132250.0,130950.0
2024-02-14,130900.0,130900.0,130900.0,132100.0,368614400,2816,3,132200.0,130900.0
2024-02-17,130800.0,130800.0,130800.0,132100.0,50750400,388,1,132100.0,130800.0
2024-02-18,130800.0,130800.0,130800.0,132100.0,52320000,400,1,132100.0,130800.0
2024-02-19,130800.0,130800.0,130800.0,132100.0,52320000,400,1,132100.0,130800.0
2024-02-20,129500.0,129500.0,129500.0,132000.0,200725000,1550,2,132100.0,129500.0
2024-02-21,130700.0,130700.0,130700.0,131250.0,2887424400,22092,9,132000.0,130700.0
2024-02-24,129950.0,129950.0,129950.0,131000.0,957341650,7367,8,131250.0,129950.0
2024-02-28,129700.0,129700.0,129700.0,130900.0,439683000,3390,4,131000.0,129700.0
2024-03-02,129600.0,129600.0,129600.0,130900.0,81259200,627,1,130900.0,129600.0
2024-03-03,129600.0,129600.0,129600.0,130850.0,129600000,1000,1,130900.0,129600.0
2024-03-04,128250.0,128250.0,128250.0,128250.0,105934500,826,2,130850.0,128250.0
2024-03-06,127000.0,127000.0,127000.0,127000.0,1842389000,14507,9,128250.0,127000.0
2024-03-10,125750.0,125750.0,125750.0,125750.0,112797750,897,2,127000.0,125750.0
2024-03-11,124500.0,124500.0,124500.0,124500.0,608680500,4889,5,125750.0,124500.0
2024-03-12,123300.0,123300.0,123300.0,123300.0,409356000,3320,3,124500.0,123300.0
2024-03-13,122100.0,122100.0,122100.0,122100.0,155311200,1272,4,123300.0,122100.0
2024-03-16,120900.0,120900.0,120900.0,120900.0,19905580500,164645,99,122100.0,120900.0
2024-03-17,119700.0,122100.0,119700.0,119800.0,34789222400,290418,93,120900.0,119700.0
2024-03-18,120950.0,120950.0,118650.0,119950.0,6226822500,51920,70,119800.0,120950.0
2024-03-24,121100.0,121100.0,120650.0,121000.0,4588068450,37889,32,119950.0,121100.0
2024-03-25,122200.0,122200.0,119800.0,120800.0,2741957100,22725,39,121000.0,119800.0
2024-03-26,119600.0,119600.0,119600.0,120550.0,957158800,8003,7,120800.0,119600.0
2024-03-27,119350.0,121000.0,119350.0,120150.0,2153600900,17996,28,120550.0,119350.0
2024-03-30,118950.0,118950.0,118950.0,120100.0,216132150,1817,4,120150.0,118950.0
2024-04-02,118900.0,118900.0,118900.0,120100.0,99519300,837,1,120100.0,118900.0
2024-04-03,118900.0,118900.0,118900.0,120100.0,50770300,427,1,120100.0,118900.0
2024-04-08,117700.0,117700.0,117700.0,120050.0,111108800,944,2,120100.0,117700.0
2024-04-09,118850.0,118850.0,118850.0,120000.0,103518350,871,2,120050.0,118850.0
2024-04-13,118800.0,118800.0,118800.0,120000.0,52747200,444,1,120000.0,118800.0
2024-04-15,118800.0,118800.0,118800.0,119950.0,169646400,1428,3,120000.0,118800.0
2024-04-17,118800.0,118800.0,118800.0,119950.0,99554400,838,1,119950.0,118800.0
2024-04-20,118800.0,118800.0,118800.0,118800.0,11306433600,95172,36,119950.0,118800.0
2024-04-21,117650.0,119950.0,117650.0,117750.0,25221266650,214236,76,118800.0,118000.0
2024-04-22,116600.0,118900.0,116600.0,117950.0,10096384300,85604,69,117750.0,116600.0
2024-04-23,116800.0,116800.0,116800.0,117600.0,1403352000,12015,8,117950.0,116800.0
2024-04-24,116450.0,118750.0,116450.0,118700.0,8904862300,75022,53,117600.0,118750.0
2024-04-27,119850.0,119850.0,117550.0,119850.0,15726205050,131233,37,118700.0,119850.0
2024-04-28,121000.0,121000.0,121000.0,120850.0,4411055000,36455,12,119850.0,121000.0
2024-04-29,122050.0,122050.0,122050.0,121600.0,3180134800,26056,10,120850.0,122050.0
2024-04-30,122800.0,122800.0,122800.0,121900.0,1200615600,9777,6,121600.0,122800.0
2024-05-01,123100.0,123100.0,123100.0,121900.0,56626000,460,4,121900.0,123100.0
2024-05-05,123100.0,123100.0,123100.0,123100.0,12377581900,100549,29,121900.0,123100.0
2024-05-06,124300.0,124300.0,124300.0,124050.0,4104510300,33021,36,123100.0,124300.0
2024-05-07,125250.0,125250.0,125250.0,124800.0,3280422750,26191,26,124050.0,125250.0
2024-05-08,126000.0,126000.0,126000.0,125700.0,3805578000,30203,17,124800.0,126000.0
2024-05-11,126950.0,126950.0,126950.0,126950.0,5525117900,43522,26,125700.0,126950.0
2024-05-12,128200.0,128200.0,128200.0,128200.0,14807612800,115504,17,126950.0,128200.0
2024-05-13,129450.0,129450.0,129450.0,129050.0,3427318200,26476,12,128200.0,129450.0
2024-05-14,130300.0,130300.0,130300.0,130000.0,3968025900,30453,18,129050.0,130300.0
2024-05-15,131300.0,131300.0,131300.0,131300.0,5132910900,39093,33,130000.0,131300.0
2024-05-18,132600.0,132600.0,132000.0,132600.0,7239690600,54607,48,131300.0,132600.0
2024-05-19,133750.0,133750.0,131300.0,131700.0,10641666150,80800,51,132600.0,131300.0
2024-05-21,130400.0,130400.0,130400.0,130400.0,5832531200,44728,16,131700.0,130400.0
2024-05-25,129100.0,129150.0,129100.0,129950.0,1685803200,13058,12,130400.0,129100.0
2024-05-26,128700.0,128700.0,128700.0,129950.0,64092600,498,1,129950.0,128700.0
2024-05-27,128700.0,128700.0,128700.0,129900.0,283654800,2204,3,129950.0,128700.0
2024-05-28,128650.0,128650.0,128650.0,129800.0,401516650,3121,9,129900.0,128650.0
2024-05-29,128550.0,128550.0,128550.0,129650.0,547494450,4259,9,129800.0,128550.0
2024-06-05,128400.0,128400.0,128400.0,129650.0,50846400,396,1,129650.0,128400.0
2024-06-10,128400.0,128400.0,128400.0,129650.0,50076000,390,1,129650.0,128400.0
2024-06-22,128400.0,128400.0,128400.0,129550.0,306876000,2390,4,129650.0,128400.0
2024-06-24,128300.0,128300.0,128300.0,129500.0,109055000,850,2,129550.0,128300.0
2024-06-26,128250.0,128250.0,128250.0,129400.0,335373750,2615,2,129500.0,128250.0
2024-07-01,128150.0,128150.0,128150.0,128150.0,252199200,1968,3,129400.0,128150.0
2024-07-06,126900.0,126900.0,126900.0,126900.0,821043000,6470,5,128150.0,126900.0
2024-07-24,125650.0,125650.0,125650.0,125650.0,770988400,6136,4,126900.0,125650.0
2024-07-27,124400.0,124400.0,124400.0,124400.0,406912400,3271,2,125650.0,124400.0
2024-07-29,123200.0,123200.0,123200.0,123200.0,263155200,2136,1,124400.0,123200.0
2024-07-30,122000.0,122000.0,122000.0,122000.0,1220000000,10000,1,123200.0,122000.0
2024-08-10,120800.0,120800.0,120800.0,120800.0,245344800,2031,2,122000.0,120800.0
2024-08-11,119600.0,119600.0,119600.0,119600.0,5501600000,46000,2,120800.0,119600.0
2024-08-12,118450.0,118450.0,118450.0,118450.0,60527950,511,1,119600.0,118450.0
2024-08-13,117300.0,117300.0,117300.0,117300.0,58650000,500,1,118450.0,117300.0
2024-08-14,116150.0,116150.0,116150.0,116150.0,58075000,500,1,117300.0,116150.0
2024-08-17,115000.0,115000.0,115000.0,115000.0,632500000,5500,4,116150.0,115000.0
2024-08-18,113850.0,113850.0,113850.0,113850.0,569250000,5000,6,115000.0,113850.0
2024-08-19,112750.0,112750.0,112750.0,112750.0,56375000,500,1,113850.0,112750.0
2024-08-20,111650.0,111650.0,111650.0,111650.0,111650000,1000,2,112750.0,111650.0
2024-08-21,110550.0,111650.0,110550.0,110550.0,8644660750,78193,42,111650.0,110550.0
2024-08-24,109450.0,109450.0,109450.0,110350.0,927150950,8471,5,110550.0,109450.0
2024-08-26,109250.0,109250.0,109250.0,110300.0,218500000,2000,1,110350.0,109250.0
2024-08-27,109200.0,109200.0,109200.0,110250.0,273000000,2500,3,110300.0,109200.0
2024-08-31,109150.0,109150.0,109150.0,110250.0,50209000,460,1,110250.0,109150.0
2024-09-03,108050.0,108050.0,108050.0,110200.0,108050000,1000,2,110250.0,108050.0
2024-09-14,108000.0,108000.0,108000.0,110200.0,50652000,469,1,110200.0,108000.0
2024-09-16,109100.0,109100.0,109100.0,110200.0,50404200,462,1,110200.0,109100.0
2024-09-17,109100.0,109100.0,109100.0,110200.0,50949700,467,1,110200.0,109100.0
2024-09-22,109100.0,109100.0,109100.0,110200.0,50186000,460,1,110200.0,109100.0
2024-09-23,108000.0,108000.0,108000.0,110150.0,69768000,646,1,110200.0,108000.0
2024-09-24,109050.0,109050.0,109050.0,110150.0,55615500,510,1,110150.0,109050.0
2024-10-26,109050.0,109050.0,109050.0,109050.0,1144043550,10491,4,110150.0,109050.0
2024-10-27,108000.0,108000.0,108000.0,108000.0,916272000,8484,4,109050.0,108000.0
2024-10-28,106950.0,106950.0,106950.0,106950.0,740094000,6920,2,108000.0,106950.0
2024-10-29,105900.0,105900.0,105900.0,105900.0,644825100,6089,2,106950.0,105900.0
2024-11-02,104850.0,104850.0,104850.0,105850.0,260028000,2480,3,105900.0,104850.0
2024-11-10,104800.0,104800.0,104800.0,105650.0,833160000,7950,3,105850.0,104800.0
2024-11-11,104600.0,104600.0,104600.0,105650.0,94140000,900,1,105650.0,104600.0
2024-11-13,103550.0,103550.0,103550.0,105650.0,50739500,490,1,105650.0,103550.0
2024-11-16,104600.0,104600.0,104600.0,105600.0,317984000,3040,4,105650.0,104600.0
2024-11-17,104550.0,104550.0,104550.0,105400.0,828976950,7929,8,105600.0,104550.0
2024-11-18,104350.0,104350.0,104350.0,105250.0,597925500,5730,6,105400.0,104350.0
2024-11-19,104200.0,104200.0,104200.0,105100.0,798588800,7664,8,105250.0,104200.0
2024-11-24,104050.0,104050.0,104050.0,105050.0,352105200,3384,3,105100.0,104050.0
2024-11-25,104000.0,104350.0,104000.0,104000.0,40361711300,388087,125,105050.0,104000.0
2024-11-26,103000.0,103000.0,103000.0,103950.0,200541000,1947,3,104000.0,103000.0
2024-11-27,102950.0,102950.0,102950.0,103950.0,50033700,486,2,103950.0,102950.0
2024-11-30,102950.0,102950.0,102950.0,103950.0,82360000,800,1,103950.0,102950.0
2024-12-01,102950.0,102950.0,102950.0,103950.0,102950000,1000,1,103950.0,102950.0
2024-12-03,101900.0,101900.0,101900.0,103800.0,348905600,3424,2,103950.0,101900.0
2024-12-07,102800.0,102800.0,102800.0,103800.0,50988800,496,1,103800.0,102800.0
2024-12-09,102800.0,102800.0,102800.0,103750.0,275092800,2676,4,103800.0,102800.0
2024-12-10,102750.0,102750.0,102750.0,103700.0,297975000,2900,3,103750.0,102750.0
2024-12-11,101650.0,101650.0,101650.0,103700.0,50011800,492,1,103700.0,101650.0
2024-12-14,102700.0,102700.0,102700.0,103400.0,1458237300,14199,12,103700.0,102700.0
2024-12-15,102400.0,102400.0,102400.0,103300.0,434688000,4245,2,103400.0,102400.0
2024-12-16,102300.0,102300.0,102300.0,103200.0,434263500,4245,3,103300.0,102300.0
2024-12-17,102200.0,102200.0,102200.0,103200.0,51100000,500,1,103200.0,102200.0
2024-12-18,102200.0,102200.0,102200.0,103150.0,331639000,3245,4,103200.0,102200.0
2024-12-21,102150.0,102150.0,102150.0,103050.0,381530250,3735,2,103150.0,102150.0
2024-12-23,101000.0,101000.0,101000.0,103000.0,149177000,1477,2,103050.0,101000.0
2024-12-24,102000.0,102000.0,102000.0,102000.0,255510000,2505,3,103000.0,102000.0
2024-12-25,101000.0,101000.0,101000.0,101000.0,201192000,1992,3,102000.0,101000.0
2024-12-30,100000.0,100000.0,100000.0,100000.0,219900000,2199,5,101000.0,100000.0
2024-12-31,99000.0,99000.0,99000.0,99000.0,3012768000,30432,7,100000.0,99000.0
2025-01-04,98050.0,98050.0,98050.0,98050.0,148055500,1510,2,99000.0,98050.0
2025-01-05,97100.0,97100.0,97100.0,97100.0,342083300,3523,3,98050.0,97100.0
2025-01-06,96150.0,96150.0,96150.0,96150.0,345370800,3592,3,97100.0,96150.0
2025-01-07,95200.0,97100.0,95200.0,95500.0,42626247150,446326,218,96150.0,95200.0
2025-01-08,94550.0,96450.0,94550.0,96300.0,13482366850,140014,114,95500.0,96450.0
2025-01-11,95400.0,97250.0,95400.0,96750.0,25621298600,264789,104,96300.0,96700.0
2025-01-12,97700.0,97700.0,95800.0,96200.0,4169582300,43383,36,96750.0,95800.0
2025-01-13,95250.0,96500.0,95250.0,95350.0,6214129150,65185,36,96200.0,95250.0
2025-01-15,94400.0,94400.0,94400.0,95150.0,907750400,9616,16,95350.0,94400.0
2025-01-18,94200.0,94200.0,94200.0,95100.0,224572800,2384,4,95150.0,94200.0
2025-01-19,94150.0,94150.0,94150.0,94900.0,988292550,10497,17,95100.0,94150.0
2025-01-20,94000.0,94000.0,94000.0,94900.0,97008000,1032,1,94900.0,94000.0
2025-01-21,94000.0,95800.0,94000.0,94500.0,10302222350,109011,36,94900.0,94000.0
2025-01-22,95150.0,95150.0,93600.0,94000.0,3810364300,40595,41,94500.0,94900.0
2025-01-25,94800.0,94900.0,94800.0,94750.0,4400834350,46390,20,94000.0,94900.0
2025-01-26,95650.0,95650.0,93850.0,95200.0,6046245100,63496,30,94750.0,95650.0
2025-01-27,96000.0,96150.0,96000.0,96100.0,8497963650,88451,31,95200.0,96150.0
2025-01-29,97050.0,97050.0,97050.0,96100.0,88509600,912,3,96100.0,97050.0
2025-02-01,97050.0,97050.0,97050.0,97050.0,8141524500,83890,19,96100.0,97050.0
2025-02-02,98000.0,98000.0,98000.0,97700.0,3429020000,34990,9,97050.0,98000.0
2025-02-03,98650.0,98650.0,98650.0,97850.0,839018250,8505,8,97700.0,98650.0
2025-02-04,98800.0,98800.0,98800.0,98650.0,4250771200,43024,7,97850.0,98800.0
2025-02-05,99600.0,99600.0,99600.0,98850.0,979466400,9834,5,98650.0,99600.0
2025-02-09,99800.0,99800.0,99800.0,99150.0,1693805600,16972,6,98850.0,99800.0
2025-02-11,100100.0,100100.0,99800.0,100050.0,24821053650,248062,55,99150.0,100100.0
2025-02-15,101050.0,101050.0,100000.0,100850.0,4316813100,42759,34,100050.0,101050.0
2025-02-16,101850.0,101850.0,101850.0,101000.0,820299900,8054,4,100850.0,101850.0
2025-02-17,102000.0,102000.0,102000.0,101900.0,4692000000,46000,13,101000.0,102000.0
2025-02-18,102900.0,102900.0,102900.0,102100.0,1134678300,11027,15,101900.0,102900.0
2025-02-19,103100.0,103100.0,103100.0,102700.0,3177335800,30818,15,102100.0,103100.0
2025-02-22,103700.0,103700.0,103700.0,103250.0,2848327900,27467,22,102700.0,103700.0
2025-02-23,104250.0,104250.0,104250.0,104250.0,6104671500,58558,33,103250.0,104250.0
2025-02-24,105250.0,105250.0,105250.0,104950.0,3704273750,35195,15,104250.0,105250.0
2025-02-25,105950.0,105950.0,105950.0,105200.0,1371522750,12945,7,104950.0,105950.0
2025-02-26,106250.0,106250.0,106250.0,105850.0,3293750000,31000,10,105200.0,106250.0
2025-03-01,106900.0,106900.0,106900.0,106900.0,12633442000,118180,54,105850.0,106900.0
2025-03-02,107950.0,107950.0,105850.0,107700.0,5782425000,53700,32,106900.0,105850.0
2025-03-03,106650.0,106650.0,106650.0,107150.0,2628495900,24646,9,107700.0,106650.0
2025-03-08,106100.0,106100.0,106100.0,106950.0,829171500,7815,9,107150.0,106100.0
2025-03-10,105900.0,105900.0,105900.0,106900.0,155778900,1471,2,106950.0,105900.0
2025-03-11,104800.0,104800.0,104800.0,106750.0,387760000,3700,1,106900.0,104800.0
2025-03-15,105700.0,105700.0,105700.0,106700.0,139418300,1319,1,106750.0,105700.0
2025-03-16,105650.0,105650.0,105650.0,105900.0,3659399050,34637,4,106700.0,105650.0
2025-03-17,104850.0,104850.0,104850.0,105750.0,682573500,6510,7,105900.0,104850.0
2025-03-18,104700.0,104700.0,104700.0,105750.0,50256000,480,1,105750.0,104700.0
2025-03-25,104700.0,104700.0,104700.0,105750.0,103234200,986,2,105750.0,104700.0
2025-03-26,104700.0,104700.0,104700.0,105700.0,180188700,1721,2,105750.0,104700.0
2025-03-29,104650.0,104650.0,104650.0,105700.0,101091900,966,2,105700.0,104650.0
2025-03-30,103600.0,103600.0,103600.0,105650.0,136959200,1322,2,105700.0,103600.0
2025-04-09,104600.0,104600.0,104600.0,105650.0,52300000,500,1,105650.0,104600.0
2025-04-12,103550.0,103550.0,103550.0,105600.0,103342900,998,2,105650.0,103550.0
2025-04-13,104550.0,104550.0,104550.0,105550.0,353274450,3379,5,105600.0,104550.0
2025-04-20,103450.0,103450.0,103450.0,105400.0,367454400,3552,4,105550.0,103450.0
2025-04-21,104350.0,104350.0,104350.0,105100.0,1341001850,12851,3,105400.0,104350.0
2025-04-22,104050.0,104050.0,104050.0,104950.0,728350000,7000,1,105100.0,104050.0
2025-04-26,103950.0,103950.0,103950.0,104850.0,409355100,3938,5,104950.0,103950.0
2025-04-27,103850.0,103850.0,103850.0,104800.0,208738500,2010,2,104850.0,103850.0
2025-04-29,103800.0,103800.0,103800.0,104450.0,1736781600,16732,20,104800.0,103800.0
2025-04-30,103450.0,105450.0,103450.0,103650.0,24652874550,237803,87,104450.0,103450.0
2025-05-03,102650.0,102650.0,102650.0,103150.0,2594684050,25277,29,103650.0,102650.0
2025-05-04,102150.0,102150.0,102150.0,102150.0,8478450000,83000,25,103150.0,102150.0
2025-05-05,101150.0,101150.0,101150.0,102000.0,651406000,6440,4,102150.0,101150.0
2025-05-06,101000.0,101000.0,101000.0,101950.0,321382000,3182,4,102000.0,101000.0
2025-05-07,100950.0,100950.0,100950.0,101300.0,3144188700,31146,19,101950.0,100950.0
2025-05-10,100300.0,100300.0,100300.0,101050.0,1216037200,12124,7,101300.0,100300.0
2025-05-11,100050.0,100050.0,100050.0,100700.0,1640719950,16399,6,101050.0,100050.0
2025-05-12,99700.0,100500.0,99700.0,99750.0,13647622700,136800,63,100700.0,99700.0
2025-05-13,98800.0,100200.0,98800.0,98850.0,10264262400,103827,37,99750.0,98800.0
2025-05-14,97900.0,99800.0,97900.0,98050.0,6452272400,65812,56,98850.0,97900.0
2025-05-17,97100.0,97100.0,97100.0,97100.0,6755247000,69570,25,98050.0,97100.0
2025-05-18,96150.0,96150.0,96150.0,96150.0,14231738400,148016,19,97100.0,96150.0
2025-05-19,95200.0,95200.0,95200.0,96100.0,345290400,3627,5,96150.0,95200.0
2025-05-24,95150.0,95150.0,95150.0,95150.0,5089478350,53489,13,96100.0,95150.0
2025-05-25,94200.0,94200.0,94200.0,95100.0,209124000,2220,4,95150.0,94200.0
2025-05-26,94150.0,94150.0,94150.0,94900.0,915985350,9729,6,95100.0,94150.0
2025-05-27,94000.0,94000.0,94000.0,94700.0,996306000,10599,2,94900.0,94000.0
2025-05-28,93800.0,93800.0,93800.0,94700.0,51777600,552,1,94700.0,93800.0
2025-05-31,93800.0,93800.0,93800.0,94650.0,167339200,1784,3,94700.0,93800.0
2025-06-02,93750.0,93750.0,93750.0,94550.0,425062500,4534,7,94650.0,93750.0
2025-06-03,93650.0,93650.0,93650.0,94550.0,50851950,543,2,94550.0,93650.0
2025-06-07,92700.0,92700.0,92700.0,94450.0,303036300,3269,3,94550.0,92700.0
2025-06-10,93550.0,93550.0,93550.0,94450.0,54259000,580,1,94450.0,93550.0
2025-07-15,92600.0,92600.0,92600.0,94450.0,53708000,580,1,94450.0,92600.0
2025-07-16,93550.0,93550.0,93550.0,94450.0,54726750,585,1,94450.0,93550.0
2025-07-19,93550.0,93550.0,93550.0,94450.0,93737100,1002,1,94450.0,93550.0
2025-07-20,93550.0,93550.0,93550.0,94300.0,693766800,7416,4,94450.0,93550.0
2025-07-21,93400.0,93400.0,93400.0,94200.0,649316800,6952,9,94300.0,93400.0
2025-07-23,93300.0,93300.0,93300.0,94100.0,458289600,4912,1,94200.0,93300.0
2025-07-26,93200.0,93200.0,93200.0,94050.0,149492800,1604,1,94100.0,93200.0
2025-07-30,93150.0,93150.0,93150.0,93150.0,93150000,1000,1,94050.0,93150.0
2025-08-10,92250.0,92250.0,92250.0,92250.0,369000000,4000,3,93150.0,92250.0
2025-08-16,91350.0,91350.0,91350.0,92200.0,299719350,3281,2,92250.0,91350.0
2025-08-17,90400.0,90400.0,90400.0,90400.0,244803200,2708,3,92200.0,90400.0
2025-08-18,89500.0,89500.0,89500.0,90400.0,53700000,600,1,90400.0,89500.0
2025-08-19,89500.0,89500.0,89500.0,90350.0,204955000,2290,2,90400.0,89500.0
2025-08-20,89450.0,89450.0,89450.0,90300.0,199205150,2227,1,90350.0,89450.0
2025-08-25,89400.0,89400.0,89400.0,90300.0,50064000,560,1,90300.0,89400.0
2025-08-31,89400.0,89400.0,89400.0,90100.0,980628600,10969,7,90300.0,89400.0
2025-09-02,89200.0,89200.0,89200.0,90050.0,382222000,4285,2,90100.0,89200.0
2025-09-03,89150.0,89150.0,89150.0,89150.0,15706625300,176182,59,90050.0,89150.0
