date,open,high,low,adjClose,value,volume,count,yesterday,close
2013-11-06,1000.0,1000.0,1000.0,1000.0,40000,40,1,1000.0,1000.0
2013-12-04,1000.0,1000.0,1000.0,1000.0,3000000,3000,3,1000.0,1000.0
2013-12-22,1000.0,1000.0,1000.0,1000.0,4821000,4821,5,1000.0,1000.0
2014-01-26,1000.0,1000.0,1000.0,1000.0,840000,840,1,1000.0,1000.0
2014-03-17,4300.0,4300.0,4300.0,4300.0,11094417100,2580097,1,1000.0,4300.0
2014-03-25,700.0,700.0,700.0,700.0,91000,130,1,4300.0,700.0
2014-05-03,700.0,700.0,700.0,700.0,497000,710,1,700.0,700.0
2014-08-06,701.0,701.0,701.0,701.0,175718969,250669,24,700.0,701.0
2014-08-13,701.0,701.0,701.0,701.0,107711454,153654,15,701.0,701.0
2014-08-19,701.0,701.0,701.0,701.0,299327,427,1,701.0,701.0
2014-08-31,702.0,801.0,702.0,702.0,73330974,104400,23,701.0,702.0
2014-09-01,703.0,703.0,703.0,703.0,605283,861,1,702.0,703.0
2014-09-20,800.0,800.0,800.0,800.0,7660800,9576,1,703.0,800.0
2014-09-23,901.0,901.0,801.0,814.0,143074091,175791,18,800.0,801.0
2014-09-24,814.0,1021.0,814.0,922.0,167425465,181603,22,814.0,1021.0
2014-09-28,1250.0,1250.0,1250.0,1250.0,80625000,64500,2,922.0,1250.0
2014-09-30,1400.0,1400.0,1400.0,1400.0,721931000,515665,45,1250.0,1400.0
2014-10-04,1750.0,1750.0,1750.0,1750.0,137847500,78770,9,1400.0,1750.0
2014-10-07,2200.0,2200.0,2200.0,2200.0,141900000,64500,1,1750.0,2200.0
2014-10-08,2201.0,2201.0,2201.0,2201.0,190584590,86590,13,2200.0,2201.0
2014-10-20,2221.0,2221.0,2221.0,2221.0,237647,107,1,2201.0,2221.0
2014-10-22,2220.0,2220.0,2220.0,2220.0,754800,340,1,2221.0,2220.0
2014-10-26,2000.0,2000.0,2000.0,2000.0,208000,104,1,2220.0,2000.0
2014-10-29,2001.0,2001.0,2001.0,2001.0,2001,1,1,2000.0,2001.0
2014-11-01,2010.0,2010.0,2010.0,2010.0,20694960,10296,1,2001.0,2010.0
2014-11-02,2011.0,2021.0,2011.0,2013.0,25524619,12679,2,2010.0,2021.0
2014-11-05,2021.0,2021.0,2021.0,2021.0,17885850,8850,1,2013.0,2021.0
2014-11-19,2001.0,2001.0,2001.0,2001.0,23177583,11583,3,2021.0,2001.0
2014-11-22,2001.0,2001.0,2001.0,2001.0,1099269360,549360,4,2001.0,2001.0
2014-11-23,2001.0,2001.0,2001.0,2001.0,134721327,67327,4,2001.0,2001.0
2014-11-25,2011.0,2011.0,2011.0,2011.0,705848934,350994,1,2001.0,2011.0
2014-11-26,2051.0,2051.0,2051.0,2051.0,649527088,316688,18,2011.0,2051.0
2014-11-29,2051.0,2051.0,2051.0,2051.0,43071000,21000,1,2051.0,2051.0
2014-11-30,2052.0,2052.0,2052.0,2052.0,205200,100,1,2051.0,2052.0
2014-12-01,2054.0,2054.0,2054.0,2054.0,179741432,87508,8,2052.0,2054.0
2014-12-02,2100.0,2100.0,2100.0,2100.0,70492800,33568,4,2054.0,2100.0
2014-12-03,2101.0,2101.0,2101.0,2101.0,468212052,222852,2,2100.0,2101.0
2014-12-07,2101.0,2101.0,2101.0,2101.0,4202000,2000,2,2101.0,2101.0
2014-12-08,2101.0,2101.0,2101.0,2101.0,541694527,257827,21,2101.0,2101.0
2014-12-14,2102.0,2102.0,2102.0,2102.0,1158021228,550914,2,2101.0,2102.0
2014-12-15,2101.0,2101.0,2101.0,2101.0,155410970,73970,19,2102.0,2101.0
2014-12-16,2101.0,2101.0,2101.0,2101.0,245247629,116729,13,2101.0,2101.0
2014-12-17,2101.0,2101.0,2101.0,2101.0,20516265,9765,1,2101.0,2101.0
2014-12-27,2250.0,2250.0,2101.0,2102.0,239510999,113939,16,2101.0,2101.0
2014-12-29,2101.0,2101.0,2101.0,2101.0,56575728,26928,3,2102.0,2101.0
2014-12-31,2331.0,2331.0,2331.0,2331.0,125417124,53804,4,2101.0,2331.0
2015-01-05,2351.0,2351.0,2351.0,2351.0,392471238,166938,16,2331.0,2351.0
2015-01-06,2352.0,2352.0,2352.0,2352.0,1176000000,500000,2,2351.0,2352.0
2015-01-07,2352.0,2352.0,2350.0,2352.0,65159768,27704,8,2352.0,2352.0
2015-01-11,2352.0,2352.0,2352.0,2352.0,14422464,6132,1,2352.0,2352.0
2015-01-14,2360.0,2360.0,2355.0,2360.0,231103230,97926,2,2352.0,2355.0
2015-01-19,2400.0,2400.0,2400.0,2400.0,2016000,840,1,2360.0,2400.0
2015-01-20,2401.0,2421.0,2401.0,2415.0,131161513,54313,3,2400.0,2421.0
2015-01-21,2470.0,2470.0,2470.0,2470.0,2074800,840,1,2415.0,2470.0
2015-01-26,2471.0,2471.0,2471.0,2471.0,140834645,56995,7,2470.0,2471.0
2015-02-01,2472.0,2472.0,2472.0,2472.0,10283520,4160,9,2471.0,2472.0
2015-02-02,2473.0,2473.0,2473.0,2473.0,3316293,1341,1,2472.0,2473.0
2015-02-07,2474.0,2474.0,2474.0,2474.0,13631740,5510,2,2473.0,2474.0
2015-02-15,2745.0,2745.0,2745.0,2745.0,963753030,351094,1,2474.0,2745.0
2015-02-16,2746.0,2746.0,2746.0,2746.0,26919038,9803,1,2745.0,2746.0
2015-03-04,2747.0,2747.0,2747.0,2747.0,77932390,28370,5,2746.0,2747.0
2015-03-07,2750.0,2750.0,2750.0,2750.0,27500000,10000,1,2747.0,2750.0
2015-03-08,2751.0,2751.0,2751.0,2751.0,109170684,39684,4,2750.0,2751.0
2015-03-09,2751.0,2751.0,2751.0,2751.0,501405513,182263,18,2751.0,2751.0
2015-03-15,2750.0,2750.0,2750.0,2750.0,2310000,840,1,2751.0,2750.0
2015-03-16,2751.0,2751.0,2751.0,2751.0,19427562,7062,7,2750.0,2751.0
2015-04-05,2750.0,2750.0,2750.0,2750.0,55000,20,1,2751.0,2750.0
2015-04-11,2751.0,2751.0,2751.0,2751.0,38414964,13964,2,2750.0,2751.0
2015-04-13,2752.0,2752.0,2752.0,2752.0,5504000,2000,2,2751.0,2752.0
2015-05-03,2752.0,2752.0,2752.0,2752.0,57134272,20761,3,2752.0,2752.0
2015-05-18,2753.0,2753.0,2753.0,2753.0,5932715,2155,1,2752.0,2753.0
2015-06-06,2760.0,2760.0,2760.0,2760.0,2318400,840,1,2753.0,2760.0
2015-08-15,2770.0,2770.0,2770.0,2770.0,2326800,840,1,2760.0,2770.0
2015-08-17,2950.0,2950.0,2950.0,2950.0,146025000,49500,2,2770.0,2950.0
2015-08-23,3250.0,3250.0,3250.0,3250.0,32500000,10000,1,2950.0,3250.0
2015-08-24,3251.0,3400.0,3251.0,3390.0,41830840,12340,2,3250.0,3400.0
2015-09-01,3390.0,3390.0,3390.0,3390.0,307500120,90708,12,3390.0,3390.0
2015-09-02,4050.0,4050.0,4050.0,4050.0,40500000,10000,1,3390.0,4050.0
2015-09-05,4051.0,4051.0,4051.0,4051.0,40510000,10000,1,4050.0,4051.0
2015-10-03,4051.0,4051.0,4051.0,4051.0,38322460,9460,1,4051.0,4051.0
2015-10-17,4200.0,4200.0,4200.0,4200.0,21000000,5000,1,4051.0,4200.0
2015-10-20,4300.0,4300.0,4300.0,4300.0,457722100,106447,2,4200.0,4300.0
2015-11-02,4100.0,4100.0,4100.0,4100.0,5498100,1341,1,4300.0,4100.0
2015-12-19,4410.0,4410.0,4410.0,4410.0,33075000,7500,1,4100.0,4410.0
2015-12-20,4410.0,4410.0,4410.0,4410.0,5909400,1340,1,4410.0,4410.0
2016-01-20,4410.0,4410.0,4410.0,4410.0,441000,100,1,4410.0,4410.0
2016-02-27,4412.0,4412.0,4412.0,4412.0,8179848,1854,4,4410.0,4412.0
2016-04-11,4412.0,4412.0,4412.0,4412.0,405904,92,1,4412.0,4412.0
2016-04-13,4412.0,4412.0,4412.0,4412.0,405904,92,1,4412.0,4412.0
2016-06-22,6300.0,6300.0,6300.0,6300.0,268002000,42540,4,4412.0,6300.0
2016-06-26,6300.0,6300.0,6300.0,6300.0,18131400,2878,1,6300.0,6300.0
2016-07-04,6300.0,6300.0,6300.0,6300.0,76526100,12147,1,6300.0,6300.0
2016-07-19,6300.0,6300.0,6300.0,6300.0,12600000,2000,1,6300.0,6300.0
2016-09-04,6300.0,6300.0,6300.0,6300.0,28350000,4500,1,6300.0,6300.0
2016-11-23,6300.0,6300.0,6300.0,6300.0,26460000,4200,3,6300.0,6300.0
2017-01-02,6299.0,6300.0,6299.0,6300.0,6778564,1076,2,6300.0,6300.0
2017-08-14,6300.0,6300.0,6300.0,6300.0,220500,35,2,6300.0,6300.0
2017-08-16,6930.0,6930.0,6300.0,6317.0,28110600,4420,2,6300.0,6300.0
2017-09-16,7250.0,7250.0,7250.0,6330.0,1493500,206,1,6317.0,7250.0
2017-09-20,7248.0,9495.0,7248.0,6417.0,8683842,1164,4,6330.0,9495.0
2017-10-09,9600.0,9600.0,6300.0,6557.0,17187900,2349,4,6417.0,6300.0
2018-01-13,6300.0,6300.0,6300.0,6544.0,31525200,5004,4,6557.0,6300.0
2018-01-22,9575.0,9575.0,9575.0,6556.0,3830000,400,2,6544.0,9575.0
2018-03-19,6556.0,6556.0,6556.0,6556.0,655600,100,1,6556.0,6556.0
2018-05-28,6558.0,6558.0,6558.0,6556.0,5902200,900,1,6556.0,6558.0
2018-05-30,7334.0,7334.0,7334.0,6563.0,6600600,900,1,6556.0,7334.0
2018-06-02,7334.0,7334.0,7334.0,6565.0,1466800,200,1,6563.0,7334.0
2018-06-09,6565.0,6565.0,6565.0,6565.0,649935,99,1,6565.0,6565.0
2018-07-14,6565.0,6565.0,6565.0,6565.0,656500,100,1,6565.0,6565.0
2018-08-11,6565.0,6565.0,6565.0,6565.0,1096355,167,1,6565.0,6565.0
2018-08-15,6565.0,6565.0,6565.0,6565.0,101481770,15458,2,6565.0,6565.0
2018-09-01,4000.0,4000.0,4000.0,6562.0,400000,100,1,6565.0,4000.0
2018-09-10,6600.0,6600.0,6600.0,6562.0,330000,50,1,6562.0,6600.0
2018-09-12,14003.0,14003.0,14003.0,6611.0,9269986,662,3,6562.0,14003.0
2018-09-15,15000.0,15000.0,15000.0,6663.0,9375000,625,8,6611.0,15000.0
2018-09-17,35101.0,35101.0,35101.0,7324.0,81609825,2325,9,6663.0,35101.0
2018-09-26,50000.0,50000.0,50000.0,7940.0,72150000,1443,11,7324.0,50000.0
2018-09-29,50000.0,50000.0,50000.0,7960.0,2400000,48,1,7940.0,50000.0
2018-10-01,50000.0,50000.0,50000.0,8673.0,84750000,1695,8,7960.0,50000.0
2018-10-06,51000.0,51000.0,50500.0,9037.0,43942000,866,6,8673.0,50500.0
2018-10-13,9037.0,9037.0,9037.0,9037.0,9037,1,1,9037.0,9037.0
2018-10-17,51000.0,51000.0,51000.0,9891.0,103734000,2034,10,9037.0,51000.0
2018-10-20,51000.0,51000.0,51000.0,10214.0,40035000,785,5,9891.0,51000.0
2018-10-29,47000.0,47000.0,47000.0,10804.0,75341000,1603,5,10214.0,47000.0
2018-10-31,50000.0,50000.0,50000.0,10954.0,19100000,382,5,10804.0,50000.0
2018-11-10,50000.0,50000.0,50000.0,11857.0,115650000,2313,5,10954.0,50000.0
2018-11-14,50000.0,50000.0,50000.0,11884.0,3500000,70,4,11857.0,50000.0
2018-11-19,51000.0,51000.0,51000.0,16652.0,621639000,12189,15,11884.0,51000.0
2018-11-21,51000.0,51000.0,51000.0,16721.0,10200000,200,1,16652.0,51000.0
2018-11-28,50005.0,50005.0,50005.0,16738.0,2500250,50,1,16721.0,50005.0
2018-12-03,50000.0,50000.0,50000.0,17018.0,42050000,841,6,16738.0,50000.0
2018-12-05,55000.0,55000.0,55000.0,17508.0,70950000,1290,5,17018.0,55000.0
2018-12-08,26511.0,26511.0,26511.0,17584.0,22269240,840,6,17508.0,26511.0
2018-12-10,51000.0,51000.0,51000.0,18185.0,91800000,1800,8,17584.0,51000.0
2018-12-12,55000.0,55000.0,55000.0,18326.0,21065000,383,6,18185.0,55000.0
2018-12-15,57000.0,57000.0,57000.0,18522.0,28899000,507,4,18326.0,57000.0
2018-12-17,50000.0,50000.0,50000.0,18786.0,42000000,840,2,18522.0,50000.0
2018-12-19,55250.0,55250.0,55250.0,18793.0,994500,18,1,18786.0,55250.0
2018-12-24,52000.0,52000.0,52000.0,18852.0,9204000,177,1,18793.0,52000.0
2018-12-29,50002.0,57000.0,50002.0,19465.0,94787858,1777,12,18852.0,57000.0
2019-01-05,52005.0,52005.0,52005.0,19615.0,23974305,461,6,19465.0,52005.0
2019-01-12,50000.0,50000.0,50000.0,23414.0,625150000,12503,1,19615.0,50000.0
2019-01-14,60000.0,60000.0,60000.0,23953.0,88440000,1474,14,23414.0,60000.0
2019-01-16,30001.0,30001.0,30001.0,23972.0,9180306,306,3,23953.0,30001.0
2019-01-28,50000.0,50000.0,50000.0,24474.0,96500000,1930,11,23972.0,50000.0
2019-01-30,50000.0,50000.0,50000.0,24482.0,1500000,30,1,24474.0,50000.0
2019-02-04,50000.0,50000.0,50000.0,25023.0,106000000,2120,9,24482.0,50000.0
2019-02-06,40000.0,40000.0,40000.0,25043.0,5280000,132,2,25023.0,40000.0
2019-02-16,53000.0,53000.0,53000.0,25077.0,6360000,120,3,25043.0,53000.0
2019-02-18,65000.0,77000.0,65000.0,28301.0,503447000,7219,27,25077.0,77000.0
2019-07-03,2191.0,3100.0,2191.0,2520.0,3833343920,1521320,69,2029.0,3100.0
2019-08-05,0.0,7600.0,0.0,2520.0,3521477200,555819,114,2520.0,7600.0
2019-09-02,2595.0,2672.0,2595.0,2601.0,141848046,54528,3,2520.0,2672.0
2019-09-04,2679.0,2679.0,2679.0,2679.0,498730677,186163,12,2601.0,2679.0
2019-09-17,2759.0,2759.0,2759.0,2759.0,17961090,6510,4,2679.0,2759.0
2019-09-21,2759.0,2759.0,2759.0,2759.0,8166640,2960,2,2759.0,2759.0
2019-09-23,2759.0,2759.0,2759.0,2759.0,55455900,20100,3,2759.0,2759.0
2019-09-25,2841.0,2841.0,2841.0,2841.0,25077507,8827,35,2759.0,2841.0
2019-09-29,2926.0,2926.0,2926.0,2926.0,41057632,14032,13,2841.0,2926.0
2019-10-01,3013.0,3013.0,3013.0,3013.0,30160130,10010,3,2926.0,3013.0
2019-10-02,3103.0,3103.0,3103.0,3103.0,163816679,52793,7,3013.0,3103.0
2019-10-05,3196.0,3196.0,3196.0,3196.0,35846336,11216,1,3103.0,3196.0
2019-10-07,3291.0,3291.0,3291.0,3291.0,404194038,122818,10,3196.0,3291.0
2019-10-08,3389.0,3389.0,3389.0,3389.0,25420889,7501,3,3291.0,3389.0
2019-10-09,3490.0,3490.0,3490.0,3490.0,14486990,4151,3,3389.0,3490.0
2019-10-12,3594.0,3594.0,3594.0,3594.0,21024900,5850,2,3490.0,3594.0
2019-10-13,3701.0,3701.0,3701.0,3701.0,13138550,3550,3,3594.0,3701.0
2019-10-15,3812.0,3812.0,3812.0,3812.0,18945640,4970,3,3701.0,3812.0
2019-10-16,3926.0,3926.0,3926.0,3926.0,19045026,4851,3,3812.0,3926.0
2019-10-20,4122.0,4122.0,4122.0,4122.0,35655300,8650,3,3926.0,4122.0
2019-10-21,4245.0,4245.0,4245.0,4245.0,2238583770,527346,27,4122.0,4245.0
2019-10-22,4372.0,4372.0,4372.0,4372.0,145701272,33326,2,4245.0,4372.0
2019-10-23,4503.0,4503.0,4503.0,4503.0,18012000,4000,4,4372.0,4503.0
2019-10-26,4728.0,4728.0,4728.0,4728.0,34514400,7300,5,4503.0,4728.0
2019-10-28,4869.0,4869.0,4869.0,4869.0,44794800,9200,4,4728.0,4869.0
2019-11-03,5112.0,5112.0,5112.0,5112.0,109161648,21354,12,4869.0,5112.0
2019-11-04,5265.0,5265.0,5265.0,5265.0,36855000,7000,2,5112.0,5265.0
2019-11-10,5528.0,5528.0,5528.0,5528.0,65241456,11802,9,5265.0,5528.0
2019-11-12,5693.0,5693.0,5693.0,5693.0,35865900,6300,5,5528.0,5693.0
2019-11-16,5977.0,5977.0,5977.0,5977.0,62411834,10442,5,5693.0,5977.0
2019-11-18,6156.0,6156.0,6156.0,6156.0,73872000,12000,10,5977.0,6156.0
2019-11-19,6340.0,6340.0,6340.0,6340.0,71642000,11300,5,6156.0,6340.0
2019-11-23,6530.0,6530.0,6530.0,6530.0,149275800,22860,4,6340.0,6530.0
2019-11-26,6856.0,6856.0,6856.0,6856.0,78364080,11430,10,6530.0,6856.0
2019-12-02,7198.0,7198.0,7198.0,7198.0,591265314,82143,10,6856.0,7198.0
2019-12-03,7413.0,7413.0,7413.0,7413.0,75649665,10205,9,7198.0,7413.0
2019-12-08,7783.0,7783.0,7783.0,7783.0,260325784,33448,9,7413.0,7783.0
2019-12-10,8016.0,8016.0,8016.0,8016.0,142083600,17725,14,7783.0,8016.0
2019-12-14,8416.0,8416.0,8416.0,8416.0,109997120,13070,10,8016.0,8416.0
2019-12-16,8668.0,8668.0,8668.0,8668.0,212955424,24568,3,8416.0,8668.0
2019-12-18,9101.0,9101.0,9101.0,9101.0,140919884,15484,16,8668.0,9101.0
2019-12-21,9374.0,9374.0,9374.0,9374.0,104988800,11200,10,9101.0,9374.0
2019-12-23,9655.0,9655.0,9655.0,9655.0,187355275,19405,7,9374.0,9655.0
2019-12-30,10137.0,10137.0,10137.0,10137.0,324313041,31993,7,9655.0,10137.0
2020-01-04,10441.0,10441.0,10441.0,10441.0,265316251,25411,13,10137.0,10441.0
2020-01-05,10963.0,10963.0,10963.0,10963.0,270347580,24660,10,10441.0,10963.0
2020-01-07,11291.0,11291.0,11291.0,11291.0,239786967,21237,6,10963.0,11291.0
2020-01-08,11516.0,11516.0,11516.0,11516.0,86370000,7500,2,11291.0,11516.0
2020-01-11,11746.0,11746.0,11746.0,11746.0,3128429640,266340,23,11516.0,11746.0
2020-01-12,12333.0,12333.0,12333.0,12333.0,2535048150,205550,11,11746.0,12333.0
2020-01-14,12702.0,12702.0,12702.0,12702.0,661532862,52081,3,12333.0,12702.0
2020-01-15,13083.0,13083.0,13083.0,13083.0,276051300,21100,5,12702.0,13083.0
2020-01-19,13475.0,13475.0,13474.0,13475.0,10759825925,798503,167,13083.0,13475.0
2020-01-20,13879.0,13879.0,13879.0,13879.0,5163681950,372050,26,13475.0,13879.0
2020-01-21,14295.0,14295.0,14295.0,14295.0,1011156825,70735,9,13879.0,14295.0
2020-01-22,15009.0,15009.0,15009.0,15009.0,6810588903,453767,32,14295.0,15009.0
2020-01-26,15459.0,15459.0,15459.0,15459.0,472705302,30578,8,15009.0,15459.0
2020-01-27,15922.0,15922.0,15922.0,15922.0,335954200,21100,5,15459.0,15922.0
2020-01-28,16718.0,16718.0,16718.0,16718.0,506354784,30288,9,15922.0,16718.0
2020-02-02,17219.0,17219.0,17219.0,17219.0,416975304,24216,8,16718.0,17219.0
2020-02-03,17735.0,17735.0,17735.0,17735.0,3657435845,206227,34,17219.0,17735.0
2020-02-04,18621.0,18621.0,18621.0,18621.0,504238059,27079,5,17735.0,18621.0
2020-02-05,19179.0,19179.0,19179.0,19179.0,402854895,21005,4,18621.0,19179.0
2020-02-08,19754.0,19754.0,19754.0,19754.0,255577252,12938,5,19179.0,19754.0
2020-02-09,20346.0,20346.0,20346.0,20346.0,426309738,20953,10,19754.0,20346.0
2020-02-10,21363.0,21363.0,21363.0,21363.0,4722675684,221068,14,20346.0,21363.0
2020-02-12,22003.0,22003.0,22003.0,22003.0,451083503,20501,7,21363.0,22003.0
2020-02-15,22663.0,22663.0,22663.0,22663.0,2334334326,103002,17,22003.0,22663.0
2020-02-16,23342.0,23342.0,23342.0,23342.0,2369236342,101501,7,22663.0,23342.0
2020-02-17,24509.0,24509.0,24509.0,24509.0,24545812518,1001502,62,23342.0,24509.0
2020-02-18,25244.0,25244.0,25244.0,25244.0,2457553888,97352,17,24509.0,25244.0
2020-02-19,26001.0,26001.0,26001.0,26001.0,12711888900,488900,43,25244.0,26001.0
2020-02-22,26781.0,26781.0,26781.0,26781.0,29440085490,1099290,201,26001.0,26781.0
2020-02-23,28120.0,28120.0,28100.0,28120.0,44418013280,1579599,422,26781.0,28120.0
2020-02-24,28963.0,28963.0,28963.0,28963.0,5491384800,189600,24,28120.0,28963.0
2020-02-25,29831.0,29831.0,29831.0,29831.0,42005955861,1408131,450,28963.0,29831.0
2020-02-26,30725.0,30725.0,30725.0,30725.0,3783046350,123126,26,29831.0,30725.0
2020-02-29,31990.0,32261.0,29189.0,31800.0,123437843285,3881685,1882,30725.0,32261.0
2020-03-01,32754.0,32754.0,32261.0,32744.0,45253533858,1382026,620,31800.0,32754.0
2020-03-02,33726.0,33726.0,33726.0,33726.0,40134277260,1190010,470,32744.0,33726.0
2020-03-03,34737.0,34737.0,34699.0,34734.0,67685347259,1948701,1374,33726.0,34737.0
2020-03-04,36470.0,36470.0,36470.0,36470.0,28208377960,773468,521,34734.0,36470.0
2020-03-07,35376.0,35376.0,35376.0,35612.0,15220276368,430243,412,36470.0,35376.0
2020-03-09,34544.0,34544.0,34544.0,35499.0,1996159584,57786,131,35612.0,34544.0
2020-03-10,34435.0,34435.0,34435.0,35409.0,1594340500,46300,73,35499.0,34435.0
2020-03-11,33639.0,33639.0,33639.0,34972.0,4550717559,135281,137,35409.0,33639.0
2020-03-14,33923.0,33923.0,33923.0,34949.0,417490361,12307,41,34972.0,33923.0
2020-03-15,33901.0,33901.0,33901.0,34845.0,1930187336,56936,50,34949.0,33901.0
2020-03-16,33800.0,33800.0,33800.0,34794.0,945183200,27964,45,34845.0,33800.0
2020-03-17,33055.0,33055.0,33055.0,34644.0,1630636205,49331,66,34794.0,33055.0
2020-03-18,33605.0,33605.0,33605.0,34469.0,3229910970,96114,73,34644.0,33605.0
2020-03-24,33435.0,33435.0,33435.0,34428.0,768603780,22988,41,34469.0,33435.0
2020-03-25,33396.0,33396.0,33396.0,34340.0,1654604820,49545,78,34428.0,33396.0
2020-03-28,32623.0,34900.0,32623.0,33154.0,201531508793,6078601,3110,34340.0,33001.0
2020-03-29,33788.0,33788.0,32160.0,32573.0,89612326981,2751158,2388,33154.0,32160.0
2020-03-30,31596.0,31596.0,31596.0,32018.0,10461783156,331111,285,32573.0,31596.0
2020-04-04,31058.0,31900.0,31058.0,31117.0,35930948082,1154713,756,32018.0,31058.0
2020-04-05,29562.0,30000.0,29562.0,29572.0,34561578132,1168723,659,31117.0,29562.0
2020-04-06,28685.0,28685.0,28685.0,29517.0,1106810725,38585,112,29572.0,28685.0
2020-04-07,28632.0,28632.0,28632.0,29366.0,3046043952,106386,164,29517.0,28632.0
2020-04-08,28486.0,28486.0,28486.0,28991.0,7587787334,266369,203,29366.0,28486.0
2020-04-11,27542.0,29901.0,27542.0,28094.0,156989816490,5587963,3170,28991.0,27999.0
2020-04-14,28949.0,29817.0,28598.0,28902.0,28345580368,980752,768,28094.0,28630.0
2020-04-15,28799.0,28800.0,28035.0,28159.0,17376307808,618940,605,28902.0,28035.0
2020-04-18,27315.0,29003.0,27315.0,28163.0,74641496122,2650314,2487,28159.0,29003.0
2020-04-19,29007.0,29007.0,29003.0,29007.0,29159684728,1005264,787,28163.0,29007.0
2020-04-20,29877.0,29877.0,28137.0,29768.0,41645771118,1398999,940,29007.0,29877.0
2020-04-21,30661.0,30661.0,30000.0,30458.0,16891921073,550988,475,29768.0,30661.0
2020-04-22,31371.0,31371.0,31081.0,31369.0,33788362468,1077119,747,30458.0,31371.0
2020-04-25,32937.0,32937.0,31998.0,32790.0,46874822566,1429561,1320,31369.0,32937.0
2020-04-26,33773.0,33773.0,31807.0,32758.0,68853808184,2101874,1762,32790.0,31850.0
2020-04-27,31839.0,32629.0,31776.0,31839.0,50010276497,1570734,1340,32758.0,31776.0
2020-04-28,30884.0,31100.0,30884.0,30897.0,30273839217,979839,938,31839.0,30884.0
2020-04-29,29971.0,31823.0,29971.0,31019.0,56109078363,1808850,1583,30897.0,31823.0
2020-05-02,31949.0,31949.0,31020.0,31892.0,29026146814,910126,1128,31019.0,31949.0
2020-05-03,32800.0,32840.0,30936.0,32387.0,61377266704,1895096,2134,31892.0,31403.0
2020-05-04,31416.0,31550.0,31416.0,31416.0,30190303921,960974,731,32387.0,31416.0
2020-05-05,30500.0,31399.0,30474.0,30604.0,25794639037,842840,676,31416.0,30474.0
2020-05-06,29686.0,29686.0,29686.0,30143.0,9613336124,323834,305,30604.0,29686.0
2020-05-09,28915.0,31500.0,28638.0,30283.0,28093967556,927724,882,30143.0,30200.0
2020-05-10,31154.0,31154.0,29375.0,29580.0,25672546173,867897,871,30283.0,29375.0
2020-05-11,28696.0,28999.0,28693.0,29255.0,6994182394,243738,242,29580.0,28693.0
2020-05-12,28378.0,28378.0,28378.0,29167.0,1894089610,66745,90,29255.0,28378.0
2020-05-13,28292.0,28292.0,28292.0,28979.0,4028667632,142396,212,29167.0,28292.0
2020-05-16,27531.0,28000.0,27531.0,27577.0,18715259579,679203,534,28979.0,27539.0
2020-05-17,26750.0,28000.0,26750.0,27286.0,9695697457,358874,484,27577.0,28000.0
2020-05-18,28104.0,28104.0,28104.0,28104.0,20700001200,736550,276,27286.0,28104.0
2020-05-19,28947.0,28947.0,28201.0,28947.0,29901485227,1032985,302,28104.0,28947.0
2020-05-20,29815.0,29815.0,29800.0,29815.0,21147210259,709285,481,28947.0,29815.0
2020-05-23,30709.0,30709.0,28923.0,30687.0,22554352481,734985,615,29815.0,30709.0
2020-05-26,31607.0,31607.0,31500.0,31604.0,29037667632,918785,665,30687.0,31607.0
2020-05-27,32552.0,32552.0,31607.0,32527.0,21799473705,670189,649,31604.0,32552.0
2020-05-30,33502.0,33502.0,33500.0,33244.0,15151837291,452267,419,32527.0,33502.0
2020-05-31,34241.0,34241.0,33300.0,34222.0,43352898271,1266803,906,33244.0,34241.0
2020-06-01,35248.0,35248.0,34376.0,35248.0,29226026422,829155,520,34222.0,35248.0
2020-06-02,37010.0,37010.0,36500.0,37010.0,41702457620,1126801,607,35248.0,37010.0
2020-06-06,38120.0,38120.0,38120.0,38120.0,20739910280,544069,382,37010.0,38120.0
2020-06-07,39263.0,39263.0,36977.0,37515.0,50929811640,1357578,1070,38120.0,36977.0
2020-06-08,36390.0,36390.0,36390.0,37389.0,2208472710,60689,86,37515.0,36390.0
2020-06-09,36268.0,36268.0,36268.0,37301.0,1544545316,42587,51,37389.0,36268.0
2020-06-10,35436.0,35436.0,35436.0,36409.0,9162970008,258578,255,37301.0,35436.0
2020-06-13,35317.0,35317.0,35317.0,36122.0,5091263403,144159,194,36409.0,35317.0
2020-06-14,35039.0,35039.0,35039.0,35909.0,3780953373,107907,123,36122.0,35039.0
2020-06-15,34832.0,34832.0,34832.0,35608.0,5347965952,153536,155,35909.0,34832.0
2020-06-16,34540.0,34540.0,34540.0,34972.0,11307048940,327361,341,35608.0,34540.0
2020-06-20,33923.0,33923.0,33923.0,34289.0,12634926657,372459,463,34972.0,33923.0
2020-06-21,32591.0,36003.0,32575.0,35025.0,113689372765,3245963,2366,34289.0,36003.0
2020-06-22,36075.0,36075.0,36075.0,36075.0,36176551125,1002815,531,35025.0,36075.0
2020-06-23,37157.0,37157.0,34993.0,35991.0,97060642667,2696829,2117,36075.0,34993.0
2020-06-24,34912.0,35930.0,34912.0,35261.0,15140281444,432274,498,35991.0,34912.0
2020-06-27,34255.0,34900.0,34204.0,34254.0,25241170170,736880,637,35261.0,34204.0
2020-06-28,33227.0,35000.0,33227.0,33744.0,30370133163,900009,1031,34254.0,33520.0
2020-06-29,33944.0,33944.0,32732.0,32885.0,18052361651,549422,461,33744.0,32732.0
2020-06-30,31899.0,33871.0,31899.0,32858.0,35845461973,1090905,1128,32885.0,33339.0
2020-07-18,35950.0,35950.0,34872.0,34154.0,11393424485,322743,378,32858.0,34872.0
2020-07-19,33130.0,33130.0,33130.0,33480.0,13269227600,400520,339,34154.0,33130.0
2020-07-20,32476.0,32476.0,32476.0,33164.0,6216750776,191426,211,33480.0,32476.0
2020-07-21,32170.0,32170.0,32170.0,33084.0,1580737290,49137,63,33164.0,32170.0
2020-07-22,31430.0,31430.0,31430.0,32765.0,3688310500,117350,127,33084.0,31430.0
2020-07-25,31783.0,31783.0,31783.0,32630.0,2665322380,83860,89,32765.0,31783.0
2020-07-26,31652.0,31652.0,31652.0,32570.0,1185842180,37465,62,32630.0,31652.0
2020-07-27,31593.0,31593.0,31593.0,31593.0,36971929401,1170257,458,32570.0,31593.0
2020-07-28,30014.0,31593.0,30014.0,30196.0,77402153405,2563355,1355,31593.0,30800.0
2020-07-29,30900.0,31101.0,30900.0,31094.0,32094382689,1032178,443,30196.0,31101.0
2020-08-01,32026.0,32026.0,32026.0,32026.0,26398135072,824272,160,31094.0,32026.0
2020-08-02,32986.0,32986.0,32986.0,32986.0,69341354970,2102145,153,32026.0,32986.0
2020-08-03,34635.0,34635.0,34635.0,34635.0,75927920685,2192231,255,32986.0,34635.0
2020-08-04,35674.0,35674.0,35674.0,35674.0,69651344560,1952440,248,34635.0,35674.0
2020-08-05,36744.0,36744.0,36744.0,36744.0,52519999656,1429349,232,35674.0,36744.0
2020-08-09,37846.0,37846.0,37846.0,37325.0,10860590928,286968,202,36744.0,37846.0
2020-08-10,39191.0,39191.0,39191.0,39191.0,50461586971,1287581,288,37325.0,39191.0
2020-08-11,40366.0,40366.0,40366.0,40366.0,23381803670,579245,178,39191.0,40366.0
2020-08-12,41576.0,41576.0,41576.0,41576.0,23695118648,569923,141,40366.0,41576.0
2020-08-15,42823.0,42823.0,42823.0,42796.0,20147836093,470491,213,41576.0,42823.0
2020-08-16,44935.0,44935.0,44935.0,44935.0,22739087140,506044,157,42796.0,44935.0
2020-08-17,46283.0,46283.0,46283.0,46283.0,30556268015,660205,206,44935.0,46283.0
2020-08-18,47671.0,47671.0,47671.0,47671.0,23085396815,484265,187,46283.0,47671.0
2020-08-19,49101.0,49101.0,49101.0,48431.0,12547367742,255542,191,47671.0,49101.0
2020-08-22,50852.0,50852.0,50852.0,50852.0,48607697832,955866,277,48431.0,50852.0
2020-08-23,49327.0,49327.0,49327.0,49327.0,88263464758,1789354,389,50852.0,49327.0
2020-08-24,47848.0,47848.0,47848.0,49114.0,2842075504,59398,57,49327.0,47848.0
2020-08-25,47641.0,47641.0,47641.0,48292.0,10972293992,230312,107,49114.0,47641.0
2020-08-26,45878.0,45878.0,45878.0,47328.0,7567209076,164942,119,48292.0,45878.0
2020-08-31,45909.0,45909.0,45909.0,47242.0,1168934958,25462,35,47328.0,45909.0
2020-09-01,45825.0,45825.0,45825.0,47220.0,306935850,6698,15,47242.0,45825.0
2020-09-02,45804.0,45804.0,45804.0,47160.0,825708708,18027,25,47220.0,45804.0
2020-09-05,44802.0,45746.0,44802.0,44990.0,144935059880,3221475,1073,47160.0,45700.0
2020-09-06,45500.0,45500.0,43641.0,44184.0,36056551212,816054,311,44990.0,43641.0
2020-09-07,42859.0,42859.0,42859.0,44152.0,435747453,10167,15,44184.0,42859.0
2020-09-08,42828.0,42828.0,42828.0,44126.0,351403740,8205,9,44152.0,42828.0
2020-09-09,41920.0,41920.0,41920.0,43921.0,1652528320,39421,31,44126.0,41920.0
2020-09-12,42604.0,42604.0,42604.0,43847.0,1091131044,25611,26,43921.0,42604.0
2020-09-13,42532.0,42532.0,42532.0,43801.0,683744432,16076,16,43847.0,42532.0
2020-09-14,42487.0,42487.0,42487.0,43768.0,482057502,11346,20,43801.0,42487.0
2020-09-15,41580.0,41580.0,41580.0,43556.0,1834010640,44108,70,43768.0,41580.0
2020-09-16,42250.0,42250.0,42250.0,43424.0,1946837750,46079,35,43556.0,42250.0
2020-09-19,42122.0,42122.0,42122.0,43334.0,1336531060,31730,22,43424.0,42122.0
2020-09-20,42034.0,42034.0,42034.0,43321.0,190119782,4523,12,43334.0,42034.0
2020-09-21,41155.0,41155.0,41155.0,43294.0,240592130,5846,16,43321.0,41155.0
2020-09-22,41996.0,41996.0,41996.0,43288.0,91761260,2185,8,43294.0,41996.0
2020-09-23,41990.0,41990.0,41990.0,43266.0,324120810,7719,9,43288.0,41990.0
2020-09-26,41969.0,41969.0,41969.0,43229.0,558439514,13306,10,43266.0,41969.0
2020-09-27,41068.0,41068.0,41068.0,43157.0,635404096,15472,12,43229.0,41068.0
2020-09-28,41863.0,41863.0,41863.0,43137.0,291659521,6967,5,43157.0,41863.0
2020-09-29,41843.0,41843.0,41843.0,43111.0,387717238,9266,8,43137.0,41843.0
2020-09-30,41818.0,41818.0,41818.0,43082.0,429638132,10274,7,43111.0,41818.0
2020-10-03,40928.0,40928.0,40928.0,42948.0,1185929728,28976,23,43082.0,40928.0
2020-10-04,41660.0,41660.0,41660.0,42650.0,4476783600,107460,13,42948.0,41660.0
2020-10-05,41371.0,41371.0,41371.0,42638.0,174502878,4218,3,42650.0,41371.0
2020-10-07,41359.0,41359.0,41359.0,42510.0,1921952730,46470,38,42638.0,41359.0
2020-10-10,40385.0,40385.0,40385.0,42416.0,843319570,20882,24,42510.0,40385.0
2020-10-11,41144.0,41144.0,41144.0,42159.0,3917443672,95213,51,42416.0,41144.0
2020-10-12,40895.0,40895.0,40895.0,42098.0,934368960,22848,35,42159.0,40895.0
2020-10-13,40836.0,40836.0,40836.0,42076.0,337550376,8266,13,42098.0,40836.0
2020-10-14,39973.0,39973.0,39973.0,41975.0,906347802,22674,16,42076.0,39973.0
2020-10-19,40716.0,40716.0,40716.0,41973.0,25651080,630,3,41975.0,40716.0
2020-10-20,40714.0,40714.0,40714.0,41972.0,14249900,350,2,41973.0,40714.0
2020-10-21,39874.0,39874.0,39874.0,41930.0,380756826,9549,11,41972.0,39874.0
2020-10-24,40673.0,40673.0,40673.0,41929.0,9924212,244,1,41930.0,40673.0
2020-10-26,40672.0,40672.0,40672.0,41923.0,99646400,2450,3,41929.0,40672.0
2020-10-27,40666.0,40666.0,40666.0,41922.0,10695158,263,2,41923.0,40666.0
2020-10-28,39826.0,39826.0,39826.0,41908.0,125053640,3140,5,41922.0,39826.0
2020-10-31,40651.0,40651.0,40651.0,41904.0,64391184,1584,6,41908.0,40651.0
2020-11-01,40647.0,40647.0,40647.0,41888.0,246971172,6076,10,41904.0,40647.0
2020-11-02,40632.0,40632.0,40632.0,41870.0,275444328,6779,9,41888.0,40632.0
2020-11-04,39777.0,39777.0,39777.0,41353.0,4693168899,117987,78,41870.0,39777.0
2020-11-07,40113.0,42593.0,40113.0,41159.0,434900627163,10566428,2201,41353.0,40113.0
2020-11-08,39925.0,39925.0,39925.0,41027.0,2065080700,51724,36,41159.0,39925.0
2020-11-09,39797.0,39797.0,39797.0,40380.0,10124714973,254409,62,41027.0,39797.0
2020-11-10,38361.0,38361.0,38361.0,39777.0,5537218545,144345,79,40380.0,38361.0
2020-11-11,38584.0,38584.0,38584.0,39363.0,6468221760,167640,39,39777.0,38584.0
2020-11-14,38183.0,38183.0,38183.0,39221.0,2330843052,61044,66,39363.0,38183.0
2020-11-15,38045.0,38045.0,38045.0,39091.0,2131661350,56030,29,39221.0,38045.0
2020-11-16,37137.0,37137.0,37137.0,37580.0,14594692452,392996,138,39091.0,37137.0
2020-11-17,36789.0,38707.0,36789.0,38370.0,76509982013,1993985,611,37580.0,38707.0
2020-11-18,39521.0,39521.0,37219.0,38968.0,232642366423,5970060,2083,38370.0,39521.0
2020-11-21,40129.0,40137.0,38500.0,40093.0,45123427940,1125471,706,38968.0,40137.0
2020-11-22,42097.0,42097.0,42097.0,41898.0,19455760005,462165,264,40093.0,42097.0
2020-11-23,43154.0,43154.0,43154.0,43060.0,20495733376,474944,127,41898.0,43154.0
2020-11-24,44351.0,44351.0,44351.0,44340.0,22569736039,508889,226,43060.0,44351.0
2020-11-25,45670.0,45670.0,45670.0,45670.0,23439762140,513242,276,44340.0,45670.0
2020-11-28,47953.0,47953.0,45670.0,47723.0,386152392710,8091564,2921,45670.0,47953.0
2020-11-29,47949.0,49154.0,46292.0,47792.0,368040954454,7700933,4653,47723.0,49154.0
2020-11-30,49225.0,49225.0,49160.0,49225.0,62887868895,1277561,732,47792.0,49225.0
2020-12-01,50701.0,50701.0,50701.0,50701.0,22245215853,438753,254,49225.0,50701.0
2020-12-02,53236.0,53236.0,53236.0,53025.0,21377501396,401561,261,50701.0,53236.0
2020-12-05,54615.0,54615.0,54615.0,54356.0,17245396245,315763,221,53025.0,54615.0
2020-12-06,55986.0,55986.0,55986.0,55192.0,10828532190,193415,193,54356.0,55986.0
2020-12-07,56847.0,56847.0,56747.0,56844.0,106011163983,1864933,862,55192.0,56847.0
2020-12-08,59686.0,59686.0,57420.0,59617.0,83971723035,1408527,834,56844.0,59686.0
2020-12-09,61405.0,61405.0,61405.0,61405.0,32639704940,531548,460,59617.0,61405.0
2020-12-12,63247.0,63247.0,63240.0,63247.0,114554434340,1811235,1092,61405.0,63247.0
2020-12-13,65144.0,65144.0,61350.0,64326.0,220651412216,3430183,2196,63247.0,65144.0
2020-12-14,61110.0,67500.0,61110.0,61290.0,236821207944,3863926,1841,64326.0,61110.0
2020-12-15,59452.0,59452.0,59452.0,61059.0,2433073100,40925,34,61290.0,59452.0
2020-12-16,59228.0,59228.0,59228.0,60223.0,8806492864,148688,141,61059.0,59228.0
2020-12-19,58417.0,58417.0,58417.0,58417.0,21080709122,360866,349,60223.0,58417.0
2020-12-20,58500.0,61337.0,58500.0,61069.0,550322325097,9011514,3868,58417.0,61337.0
2020-12-21,62900.0,62901.0,62000.0,62845.0,357504762799,5688704,3679,61069.0,62901.0
2020-12-22,64400.0,64730.0,60960.0,64127.0,151507464637,2362622,1933,62845.0,64730.0
2020-12-23,66050.0,66050.0,62204.0,63616.0,348943669712,5485129,4705,64127.0,62204.0
2020-12-26,61708.0,65514.0,61708.0,62729.0,362398824849,5777242,5131,63616.0,61708.0
2020-12-27,60849.0,63000.0,60848.0,61063.0,168716658431,2762980,1886,62729.0,60848.0
2020-12-28,61063.0,61899.0,59232.0,59462.0,122978361010,2068172,1636,61063.0,59232.0
2020-12-29,57679.0,57679.0,57679.0,57679.0,34574638328,599432,327,59462.0,57679.0
2020-12-30,54796.0,56990.0,54796.0,55075.0,143769973735,2610436,1875,57679.0,54796.0
2021-01-02,55000.0,56700.0,53423.0,54987.0,191448092142,3481700,2927,55075.0,55700.0
2021-01-03,53750.0,56636.0,53750.0,55978.0,188956852823,3375540,2605,54987.0,56590.0
2021-01-04,57549.0,57549.0,54299.0,54448.0,87383892618,1604901,1385,55978.0,54299.0
2021-01-05,52815.0,53800.0,52815.0,52861.0,209224601565,3957988,1853,54448.0,52815.0
2021-01-06,51500.0,52815.0,51276.0,51390.0,164298376976,3197059,2043,52861.0,51276.0
2021-01-09,49500.0,53959.0,49500.0,53842.0,82903679863,1539745,685,51390.0,53959.0
2021-01-10,55457.0,55457.0,55457.0,55457.0,38097073462,686966,390,53842.0,55457.0
2021-01-11,57120.0,57120.0,57120.0,57120.0,47689259520,834896,487,55457.0,57120.0
2021-01-12,58800.0,58833.0,57120.0,58687.0,301191156124,5132134,2094,57120.0,58833.0
2021-01-13,61621.0,61621.0,60020.0,61592.0,454868732868,7385178,2628,58687.0,61621.0
2021-01-16,63429.0,63429.0,59745.0,60695.0,235025612714,3872237,2522,61592.0,59745.0
2021-01-18,58875.0,58875.0,58875.0,58875.0,19117772250,324718,156,60695.0,58875.0
2021-01-19,57109.0,58400.0,57109.0,57324.0,109118134093,1903525,1188,58875.0,57109.0
2021-01-20,54458.0,54458.0,54458.0,55216.0,13005768476,238822,158,57324.0,54458.0
2021-01-23,53560.0,54500.0,53560.0,53653.0,333814426101,6221688,3628,55216.0,53560.0
2021-01-24,52044.0,54000.0,52044.0,52211.0,230546036457,4415644,2760,53653.0,52044.0
2021-01-25,50650.0,51083.0,50645.0,50659.0,35286450458,696552,441,52211.0,50645.0
2021-01-26,48127.0,48127.0,48127.0,49619.0,7158506234,148742,100,50659.0,48127.0
2021-01-27,48131.0,48131.0,48131.0,49025.0,6953918749,144479,63,49619.0,48131.0
2021-01-30,47555.0,48690.0,47555.0,47656.0,299462790161,6283852,2463,49025.0,47555.0
2021-01-31,46227.0,46227.0,46227.0,47180.0,6282572889,135907,92,47656.0,46227.0
2021-02-01,44821.0,45600.0,44821.0,44881.0,215527734566,4802198,2319,47180.0,44821.0
2021-02-02,43535.0,44843.0,43535.0,43778.0,64804194313,1480275,803,44881.0,43535.0
2021-02-03,43028.0,45091.0,43028.0,44974.0,225893331746,5022799,2447,43778.0,45091.0
2021-02-06,46323.0,46323.0,44974.0,46229.0,215528085853,4662214,2356,44974.0,46323.0
2021-02-07,48540.0,48540.0,43918.0,45578.0,311600388921,6836620,4583,46229.0,43918.0
2021-02-08,44211.0,44211.0,44211.0,45356.0,3186507825,72075,117,45578.0,44211.0
2021-02-09,43996.0,43996.0,43996.0,44892.0,6671773420,151645,121,45356.0,43996.0
2021-02-13,43995.0,43995.0,43995.0,44608.0,6204306885,141023,98,44892.0,43995.0
2021-02-14,42824.0,42824.0,42824.0,43639.0,10364178832,242018,137,44608.0,42824.0
2021-02-15,42767.0,42767.0,42767.0,43596.0,931550794,21782,31,43639.0,42767.0
2021-02-16,42725.0,42725.0,42725.0,43514.0,1795219050,42018,27,43596.0,42725.0
2021-02-17,42644.0,42644.0,42644.0,43503.0,243497240,5710,19,43514.0,42644.0
2021-02-20,41763.0,41763.0,41763.0,43310.0,2124567336,50872,74,43503.0,41763.0
2021-02-21,42444.0,42444.0,42444.0,43304.0,127332000,3000,14,43310.0,42444.0
2021-02-22,42438.0,42438.0,42438.0,43297.0,149551512,3524,4,43304.0,42438.0
2021-02-23,42432.0,42432.0,42432.0,43293.0,101370048,2389,7,43297.0,42432.0
2021-02-24,41562.0,41562.0,41562.0,43195.0,1077370164,25922,24,43293.0,41562.0
2021-02-27,42332.0,42332.0,42332.0,43180.0,336327740,7945,7,43195.0,42332.0
2021-02-28,42317.0,42317.0,42317.0,43178.0,48156746,1138,7,43180.0,42317.0
2021-03-01,42315.0,42315.0,42315.0,43175.0,61737585,1459,7,43178.0,42315.0
2021-03-02,41448.0,41448.0,41448.0,43024.0,1680757848,40551,38,43175.0,41448.0
2021-03-03,42164.0,42164.0,42164.0,42996.0,630267472,14948,16,43024.0,42164.0
2021-03-06,42137.0,42137.0,42137.0,42992.0,81745780,1940,4,42996.0,42137.0
2021-03-07,42133.0,42133.0,42133.0,42982.0,236281864,5608,6,42992.0,42133.0
2021-03-08,41263.0,41263.0,41263.0,42836.0,1635665320,39640,36,42982.0,41263.0
2021-03-09,41980.0,41980.0,41980.0,42798.0,856979720,20414,21,42836.0,41980.0
2021-03-10,41943.0,41943.0,41943.0,42784.0,315243588,7516,9,42798.0,41943.0
2021-03-13,41929.0,41929.0,41929.0,42783.0,15513730,370,3,42784.0,41929.0
2021-03-14,41072.0,41072.0,41072.0,42739.0,495369392,12061,21,42783.0,41072.0
2021-03-15,41885.0,41885.0,41885.0,42738.0,33005380,788,5,42739.0,41885.0
2021-03-16,41884.0,41884.0,41884.0,42732.0,132060252,3153,7,42738.0,41884.0
2021-03-17,41878.0,41878.0,41878.0,42593.0,3188423408,76136,37,42732.0,41878.0
2021-03-27,40890.0,40890.0,40890.0,42442.0,1702209810,41629,26,42593.0,40890.0
2021-03-28,41594.0,41594.0,41594.0,42395.0,1070962312,25748,16,42442.0,41594.0
2021-03-30,41548.0,41548.0,41548.0,42297.0,2252192436,54207,21,42395.0,41548.0
2021-03-31,41452.0,41452.0,41452.0,42259.0,876295280,21140,15,42297.0,41452.0
2021-04-03,40569.0,40569.0,40569.0,42138.0,1372611546,33834,20,42259.0,40569.0
2021-04-04,41296.0,41296.0,41296.0,42113.0,579961024,14044,7,42138.0,41296.0
2021-04-05,41271.0,41271.0,41271.0,42113.0,5076333,123,1,42113.0,41271.0
2021-04-06,41271.0,41271.0,41271.0,42111.0,55922205,1355,3,42113.0,41271.0
2021-04-07,40427.0,40427.0,40427.0,42110.0,10470593,259,2,42111.0,40427.0
2021-04-13,40426.0,40426.0,40426.0,42097.0,150101738,3713,8,42110.0,40426.0
2021-04-14,41256.0,41256.0,41256.0,42097.0,6188400,150,1,42097.0,41256.0
2021-04-17,41256.0,41256.0,41256.0,42087.0,243987984,5914,14,42097.0,41256.0
2021-04-18,41246.0,41246.0,41246.0,42086.0,12373800,300,1,42087.0,41246.0
2021-04-19,40403.0,40403.0,40403.0,42084.0,21009560,520,2,42086.0,40403.0
2021-04-21,41243.0,41243.0,41243.0,42082.0,41861645,1015,4,42084.0,41243.0
2021-04-24,41241.0,41241.0,41241.0,42082.0,6598560,160,1,42082.0,41241.0
2021-04-25,40399.0,40399.0,40399.0,42044.0,435541619,10781,7,42082.0,40399.0
2021-04-27,41204.0,41204.0,41204.0,42041.0,72107000,1750,1,42044.0,41204.0
2021-04-28,41201.0,41201.0,41201.0,42019.0,510191983,12383,8,42041.0,41201.0
2021-05-01,40339.0,40339.0,40339.0,41996.0,262203500,6500,2,42019.0,40339.0
2021-05-05,41157.0,41157.0,41157.0,41994.0,47536335,1155,2,41996.0,41157.0
2021-05-08,41155.0,41155.0,41155.0,41993.0,25763030,626,2,41994.0,41155.0
2021-05-10,40314.0,40314.0,40314.0,41956.0,423297000,10500,2,41993.0,40314.0
2021-05-11,41117.0,41117.0,41117.0,41955.0,11923930,290,1,41956.0,41117.0
2021-05-15,40697.0,40697.0,40697.0,41940.0,115701571,2843,3,41955.0,40697.0
2021-05-16,39843.0,39843.0,39843.0,41786.0,695419722,17454,26,41940.0,39843.0
2021-05-17,40533.0,40533.0,40533.0,41785.0,10133250,250,2,41786.0,40533.0
2021-05-18,40532.0,40532.0,40532.0,41783.0,15199500,375,3,41785.0,40532.0
2021-05-19,40530.0,40530.0,40530.0,41777.0,42556500,1050,2,41783.0,40530.0
2021-05-23,40524.0,40524.0,40524.0,40524.0,9725760000,240000,24,41777.0,40524.0
2021-05-24,39309.0,39309.0,39309.0,39309.0,9641043267,245263,27,40524.0,39309.0
2021-05-25,38130.0,38130.0,38130.0,38660.0,5026410990,131823,19,39309.0,38130.0
2021-05-26,36727.0,36727.0,36727.0,36727.0,11531800549,313987,49,38660.0,36727.0
2021-05-29,35626.0,35626.0,35626.0,36688.0,342615242,9617,13,36727.0,35626.0
2021-05-30,35588.0,35588.0,35588.0,36676.0,106016652,2979,8,36688.0,35588.0
2021-05-31,35576.0,35576.0,35576.0,36644.0,281441736,7911,8,36676.0,35576.0
2021-06-01,34812.0,34812.0,34812.0,36610.0,173468196,4983,7,36644.0,34812.0
2021-06-02,35512.0,35512.0,35512.0,36609.0,5007192,141,1,36610.0,35512.0
2021-06-07,35511.0,35511.0,35511.0,36597.0,105538692,2972,5,36609.0,35511.0
2021-06-08,35500.0,35500.0,35500.0,36576.0,186055500,5241,4,36597.0,35500.0
2021-06-09,34748.0,34748.0,34748.0,36560.0,81657800,2350,4,36576.0,34748.0
2021-06-12,35464.0,35464.0,35464.0,36504.0,497524456,14029,10,36560.0,35464.0
2021-06-13,35409.0,35409.0,35409.0,36463.0,358941033,10137,11,36504.0,35409.0
2021-06-15,34640.0,34640.0,34640.0,36382.0,420564240,12141,10,36463.0,34640.0
2021-07-04,26001.0,26520.0,25221.0,25653.0,26016526578,1014161,394,36382.0,25221.0
2021-07-05,24884.0,24884.0,24884.0,25623.0,269070692,10813,20,25653.0,24884.0
2021-07-06,24855.0,24855.0,24855.0,25562.0,538433865,21663,16,25623.0,24855.0
2021-07-07,24796.0,24796.0,24796.0,25534.0,252051340,10165,12,25562.0,24796.0
2021-07-10,24258.0,24258.0,24258.0,25499.0,259245246,10687,21,25534.0,24258.0
2021-07-11,24735.0,24735.0,24735.0,25487.0,156498345,6327,9,25499.0,24735.0
2021-07-12,24723.0,24723.0,24723.0,25465.0,274425300,11100,19,25487.0,24723.0
2021-07-13,24702.0,24702.0,24702.0,25444.0,267646170,10835,10,25465.0,24702.0
2021-07-14,24172.0,24172.0,24172.0,25422.0,167318584,6922,19,25444.0,24172.0
2021-07-17,24660.0,24660.0,24660.0,25408.0,179179560,7266,14,25422.0,24660.0
2021-07-18,24646.0,24646.0,24646.0,25402.0,72828930,2955,3,25408.0,24646.0
2021-07-19,24640.0,24640.0,24640.0,25398.0,51522240,2091,5,25402.0,24640.0
2021-07-26,24129.0,24129.0,24129.0,25346.0,385581420,15980,27,25398.0,24129.0
2021-07-27,24586.0,24586.0,24586.0,25342.0,55146398,2243,6,25346.0,24586.0
2021-07-28,24582.0,24582.0,24582.0,25339.0,39724512,1616,3,25342.0,24582.0
2021-07-31,24579.0,24579.0,24579.0,25332.0,93645990,3810,6,25339.0,24579.0
2021-08-01,24066.0,24066.0,24066.0,25317.0,113110200,4700,8,25332.0,24066.0
2021-08-02,24558.0,24558.0,24558.0,24819.0,6361725342,259049,22,25317.0,24558.0
2021-08-03,24075.0,24075.0,24075.0,24811.0,105520725,4383,10,24819.0,24075.0
2021-08-04,24067.0,24067.0,24067.0,24810.0,17978049,747,3,24811.0,24067.0
2021-08-07,23570.0,23570.0,23570.0,24777.0,254720990,10807,22,24810.0,23570.0
2021-08-08,24034.0,24034.0,24034.0,24774.0,35522252,1478,3,24777.0,24034.0
2021-08-09,24031.0,24031.0,24031.0,24747.0,351381282,14622,13,24774.0,24031.0
2021-08-10,24005.0,24005.0,24005.0,24703.0,580152840,24168,15,24747.0,24005.0
2021-08-11,23468.0,25938.0,23468.0,24881.0,227864068336,9158209,4413,24703.0,25936.0
2021-08-14,25627.0,25627.0,25419.0,25626.0,26814690782,1046406,505,24881.0,25627.0
2021-08-15,26394.0,26394.0,26394.0,26394.0,12706837026,481429,279,25626.0,26394.0
2021-08-22,27185.0,27185.0,27185.0,27185.0,10880687510,400246,216,26394.0,27185.0
2021-08-23,28544.0,28544.0,28544.0,28544.0,12975645696,454584,195,27185.0,28544.0
2021-08-24,29400.0,29400.0,29400.0,29228.0,8898057000,302655,130,28544.0,29400.0
2021-08-25,30104.0,30104.0,30104.0,30104.0,11527092536,382909,108,29228.0,30104.0
2021-08-30,29201.0,29201.0,29201.0,29870.0,2508395101,85901,48,30104.0,29201.0
2021-08-31,28974.0,29600.0,28974.0,29035.0,71330784080,2456713,1125,29870.0,28974.0
2021-09-01,28164.0,29389.0,28164.0,28252.0,29847574694,1056492,435,29035.0,28164.0
2021-09-04,27405.0,28250.0,27405.0,27533.0,77990238121,2832578,1449,28252.0,27405.0
2021-09-05,27990.0,27990.0,26200.0,26906.0,66682964018,2478350,1869,27533.0,27092.0
2021-09-06,27350.0,27713.0,27010.0,27615.0,36182669467,1310256,793,26906.0,27713.0
2021-09-07,28443.0,28443.0,26787.0,28084.0,62102872352,2211294,1411,27615.0,27800.0
2021-09-08,28800.0,28800.0,27242.0,27339.0,14199350334,519384,500,28084.0,27242.0
2021-09-11,26600.0,27300.0,26519.0,26694.0,7847473723,295677,174,27339.0,26519.0
2021-09-12,25894.0,25894.0,25894.0,26533.0,1902199134,73461,58,26694.0,25894.0
2021-09-13,25207.0,25207.0,25207.0,25779.0,5240056367,207881,88,26533.0,25207.0
2021-09-14,25006.0,25006.0,25006.0,25618.0,1901106156,76026,58,25779.0,25006.0
2021-09-15,24850.0,24850.0,24850.0,25521.0,1146429900,46134,36,25618.0,24850.0
2021-09-18,24756.0,24756.0,24756.0,25506.0,190324128,7688,17,25521.0,24756.0
2021-09-19,24231.0,26781.0,24231.0,26082.0,94972488699,3641358,1661,25506.0,26781.0
2021-09-20,26864.0,26864.0,26864.0,26864.0,19486635184,725381,256,26082.0,26864.0
2021-09-21,27669.0,27669.0,26059.0,27008.0,36469816177,1350323,568,26864.0,26059.0
2021-09-22,26198.0,26198.0,26198.0,26198.0,10724020310,409345,157,27008.0,26198.0
2021-09-25,25413.0,26189.0,25413.0,25464.0,11567939910,454285,252,26198.0,25413.0
2021-09-26,24191.0,25450.0,24191.0,24495.0,32547247523,1328710,593,25464.0,24191.0
2021-09-28,23761.0,23761.0,23761.0,24393.0,1255293630,52830,42,24495.0,23761.0
2021-09-29,23662.0,23662.0,23662.0,24327.0,810849416,34268,39,24393.0,23662.0
2021-10-02,23598.0,23598.0,23598.0,24140.0,2488314708,105446,65,24327.0,23598.0
2021-10-03,22933.0,24889.0,22933.0,23081.0,34077069288,1476395,796,24140.0,22933.0
2021-10-04,22389.0,22980.0,22389.0,22418.0,65893031756,2939274,1738,23081.0,22389.0
2021-10-06,22670.0,22670.0,21746.0,21821.0,27987416637,1282611,889,22418.0,21746.0
2021-10-09,21254.0,22300.0,21167.0,21561.0,34166759748,1584667,882,21821.0,21270.0
2021-10-10,21900.0,21900.0,20915.0,21204.0,19959141399,941300,460,21561.0,20915.0
2021-10-13,20568.0,21400.0,20568.0,20882.0,5947522499,287452,155,21204.0,20568.0
2021-10-16,20256.0,20690.0,20256.0,20277.0,20445313004,1008291,585,20882.0,20256.0
2021-10-27,19669.0,19669.0,19669.0,20109.0,2678091702,136158,49,20277.0,19669.0
2021-10-30,19506.0,19506.0,19506.0,20090.0,300606966,15411,19,20109.0,19506.0
2021-10-31,19488.0,19488.0,19488.0,20004.0,1379516544,70788,20,20090.0,19488.0
2021-11-01,19404.0,19404.0,19404.0,19986.0,294358680,15170,18,20004.0,19404.0
2021-11-02,18987.0,18987.0,18987.0,19845.0,1336988592,70416,62,19986.0,18987.0
2021-11-03,19250.0,19250.0,19250.0,19782.0,1011626000,52552,37,19845.0,19250.0
2021-11-06,19189.0,20375.0,19189.0,19965.0,61922050833,3101470,1451,19782.0,19500.0
2021-11-07,19800.0,19800.0,19367.0,19557.0,6933864214,357624,131,19965.0,19367.0
2021-11-08,18971.0,18971.0,18971.0,19495.0,1008024085,53135,30,19557.0,18971.0
2021-11-09,18911.0,18911.0,18911.0,19451.0,725350316,38356,25,19495.0,18911.0
2021-11-10,18479.0,19617.0,18479.0,18696.0,50961253525,2725718,1249,19451.0,18479.0
2021-11-13,18136.0,18599.0,18136.0,18490.0,4145268974,227621,120,18696.0,18136.0
2021-11-14,17936.0,19044.0,17936.0,18498.0,42393834602,2291750,534,18490.0,19044.0
2021-11-15,19052.0,19052.0,19052.0,19052.0,25200289972,1322711,201,18498.0,19052.0
2021-11-16,19623.0,19623.0,18481.0,19537.0,28204244886,1443621,288,19052.0,19623.0
2021-11-17,20513.0,20513.0,19531.0,20208.0,45482197916,2250647,941,19537.0,19805.0
2021-11-20,20480.0,20480.0,19602.0,19797.0,38222573309,1930752,605,20208.0,19630.0
2021-11-21,20000.0,20000.0,19204.0,19252.0,12326594868,640260,317,19797.0,19204.0
2021-11-22,19820.0,19829.0,18675.0,19736.0,20835937279,1055742,380,19252.0,19829.0
2021-11-23,20328.0,20328.0,19400.0,19976.0,10877402669,544519,468,19736.0,20050.0
2021-11-24,20572.0,20575.0,19657.0,20512.0,29640271763,1445023,358,19976.0,20575.0
2021-11-27,21127.0,21127.0,20251.0,20812.0,12454554762,598421,407,20512.0,20580.0
2021-11-28,21000.0,21397.0,20188.0,20637.0,14955486595,724679,462,20812.0,20500.0
2021-11-29,20635.0,20790.0,20018.0,20323.0,5914011459,294002,209,20637.0,20018.0
2021-11-30,20500.0,20500.0,19714.0,20196.0,2572039633,129594,101,20323.0,19714.0
2021-12-01,19591.0,19591.0,19591.0,20190.0,88668866,4526,8,20196.0,19591.0
2021-12-04,19999.0,19999.0,19181.0,19808.0,3973613092,206191,75,20190.0,19181.0
2021-12-05,19214.0,19214.0,19214.0,19789.0,300180322,15623,18,19808.0,19214.0
2021-12-06,19196.0,19196.0,19196.0,19782.0,118247360,6160,5,19789.0,19196.0
2021-12-07,19189.0,19189.0,19189.0,19733.0,782373908,40772,26,19782.0,19189.0
2021-12-08,18747.0,19990.0,18747.0,18908.0,11783809730,623232,338,19733.0,18747.0
2021-12-11,19300.0,19300.0,18341.0,18811.0,2153158619,116597,75,18908.0,18341.0
2021-12-12,18247.0,18247.0,18247.0,18810.0,10948200,600,2,18811.0,18247.0
2021-12-13,18246.0,18246.0,18246.0,18801.0,161714298,8863,9,18810.0,18246.0
2021-12-14,17861.0,17861.0,17861.0,18713.0,883119284,49444,40,18801.0,17861.0
2021-12-15,18152.0,18152.0,18152.0,18679.0,577288056,31803,8,18713.0,18152.0
2021-12-18,18119.0,18119.0,18119.0,18581.0,1700975482,93878,17,18679.0,18119.0
2021-12-19,18024.0,18024.0,18024.0,18578.0,51927144,2881,7,18581.0,18024.0
2021-12-20,17650.0,18230.0,17650.0,18135.0,4910015527,277057,148,18578.0,17650.0
2021-12-21,17591.0,17591.0,17591.0,18112.0,394706858,22438,20,18135.0,17591.0
2021-12-22,17569.0,18400.0,17569.0,17727.0,17074536955,963174,578,18112.0,17569.0
2021-12-25,17200.0,17589.0,17196.0,17215.0,13414848473,779239,374,17727.0,17196.0
2021-12-26,16510.0,16950.0,16355.0,16558.0,7619910184,464172,305,17215.0,16355.0
2021-12-27,16072.0,16770.0,16062.0,16136.0,15771488131,977436,429,16558.0,16062.0
2021-12-28,15680.0,16100.0,15652.0,15736.0,11058186555,702744,390,16136.0,16100.0
2021-12-29,16208.0,16208.0,16208.0,16058.0,6229950000,384375,160,15736.0,16208.0
2022-01-01,16539.0,16539.0,16201.0,16511.0,12146245027,735630,343,16058.0,16539.0
2022-01-02,16499.0,16499.0,16016.0,16045.0,13801220722,860164,292,16511.0,16016.0
2022-01-03,15565.0,16250.0,15564.0,15723.0,7395532154,473426,258,16045.0,15564.0
2022-01-04,15951.0,15951.0,15252.0,15670.0,4854801518,310869,222,15723.0,15599.0
2022-01-05,15850.0,15850.0,15200.0,15455.0,4945443302,324154,155,15670.0,15200.0
2022-01-08,15010.0,15420.0,15000.0,15290.0,3471478960,231358,112,15455.0,15000.0
2022-01-09,14840.0,14840.0,14840.0,15240.0,1149610280,77467,32,15290.0,14840.0
2022-01-10,14790.0,14790.0,14790.0,15200.0,752707470,50893,16,15240.0,14790.0
2022-01-11,14440.0,15560.0,14440.0,15000.0,8614701310,575101,349,15200.0,14670.0
2022-01-12,15370.0,15370.0,14550.0,14830.0,5216218190,355236,197,15000.0,14550.0
2022-01-15,14990.0,14990.0,14390.0,14690.0,3667460600,253757,150,14830.0,14620.0
2022-01-16,14250.0,14580.0,14250.0,14640.0,1342916090,93871,69,14690.0,14250.0
2022-01-17,14210.0,14600.0,14210.0,14510.0,3374768570,236486,148,14640.0,14380.0
2022-01-18,14390.0,14390.0,14080.0,14430.0,2071973660,146717,50,14510.0,14080.0
2022-01-19,14000.0,14630.0,14000.0,14360.0,3047429830,214638,160,14430.0,14030.0
2022-01-22,14450.0,14780.0,13930.0,14330.0,7562560450,528077,187,14360.0,14180.0
2022-01-23,13940.0,14740.0,13940.0,14410.0,10684150120,741312,247,14330.0,14370.0
2022-01-24,14560.0,14710.0,13980.0,14270.0,4988676060,353107,182,14410.0,13980.0
2022-01-25,13860.0,14290.0,13850.0,14220.0,1570781410,112675,72,14270.0,13850.0
2022-01-26,14590.0,14590.0,13800.0,14120.0,2549290220,184098,117,14220.0,14080.0
2022-01-29,14120.0,14380.0,13870.0,14120.0,2727037170,193043,161,14120.0,13970.0
2022-01-30,13870.0,14540.0,13700.0,14360.0,79135344510,5511616,398,14120.0,14540.0
2022-01-31,14790.0,14790.0,14510.0,14580.0,6805331400,463230,171,14360.0,14550.0
2022-02-01,14650.0,14790.0,14150.0,14460.0,5471962450,381176,177,14580.0,14150.0
2022-02-02,14030.0,14370.0,14030.0,14400.0,1357223710,96678,43,14460.0,14030.0
2022-02-05,13970.0,13970.0,13970.0,14310.0,2008397050,143765,35,14400.0,13970.0
2022-02-06,13600.0,14150.0,13600.0,14010.0,4385754720,321037,160,14310.0,13650.0
2022-02-07,13600.0,14340.0,13590.0,13910.0,3752295580,272837,134,14010.0,13590.0
2022-02-08,13910.0,13920.0,13500.0,13790.0,3082877030,227799,107,13910.0,13500.0
2022-02-09,13530.0,13540.0,13380.0,13720.0,1563721060,116702,49,13790.0,13380.0
2022-02-12,13800.0,13800.0,13310.0,13690.0,661496640,49644,35,13720.0,13310.0
2022-02-13,13010.0,13010.0,13010.0,13570.0,1651749600,126960,34,13690.0,13010.0
2022-02-14,13170.0,13380.0,13170.0,13540.0,752061370,57038,29,13570.0,13170.0
2022-02-16,13140.0,13600.0,13140.0,13350.0,4828463030,366622,158,13540.0,13140.0
2022-02-19,12950.0,13100.0,12950.0,13320.0,834980250,64437,43,13350.0,12950.0
2022-02-20,12950.0,13150.0,12930.0,13180.0,3571329950,276125,91,13320.0,12930.0
2022-02-21,12990.0,13420.0,12790.0,13070.0,5338360460,411149,244,13180.0,12790.0
2022-02-22,12700.0,12820.0,12680.0,12970.0,2399149640,189137,118,13070.0,12680.0
2022-02-23,12590.0,12780.0,12590.0,12880.0,2185623710,173588,98,12970.0,12780.0
2022-02-26,13200.0,13200.0,12500.0,12860.0,1998829870,156454,124,12880.0,12680.0
2022-02-27,12510.0,12640.0,12480.0,12790.0,1877262480,150355,90,12860.0,12620.0
2022-02-28,12890.0,13150.0,12410.0,12800.0,4240450210,331091,204,12790.0,12870.0
2022-03-02,13090.0,13100.0,12630.0,12820.0,1404293760,108756,110,12800.0,12970.0
2022-03-05,12990.0,12990.0,12440.0,12720.0,2883508290,231015,146,12820.0,12440.0
2022-03-06,12340.0,12750.0,12340.0,12630.0,2370597120,191911,145,12720.0,12350.0
2022-03-07,12960.0,12960.0,12260.0,12510.0,4449922020,359872,231,12630.0,12450.0
2022-03-08,12490.0,12690.0,12140.0,12390.0,3348443900,275044,182,12510.0,12280.0
2022-03-09,12050.0,12210.0,12020.0,12200.0,4896675660,407286,158,12390.0,12020.0
2022-03-12,11840.0,11850.0,11840.0,12180.0,478345480,40397,32,12200.0,11840.0
2022-03-13,11820.0,12180.0,11820.0,11870.0,9899427720,833691,371,12180.0,12100.0
2022-03-14,11870.0,12220.0,11710.0,12160.0,13730928250,1129024,382,11870.0,12170.0
2022-03-15,12390.0,12520.0,12250.0,12450.0,9154984410,733608,261,12160.0,12520.0
2022-03-16,12820.0,12820.0,12820.0,12820.0,12281252320,957976,417,12450.0,12820.0
2022-03-19,13200.0,13200.0,13190.0,13040.0,5872659380,444900,176,12820.0,13200.0
2022-03-26,13690.0,13690.0,13690.0,13440.0,6454889760,471504,92,13040.0,13690.0
2022-03-27,13840.0,13840.0,13840.0,13480.0,946849760,68414,45,13440.0,13840.0
2022-03-28,0.0,0.0,0.0,13480.0,946849760,68414,45,13480.0,13840.0
2022-03-29,13880.0,13880.0,13880.0,13770.0,7724289400,556505,122,13480.0,13880.0
2022-03-30,14180.0,14180.0,14180.0,13830.0,1647786900,116205,37,13770.0,14180.0
2022-04-03,14520.0,14520.0,14520.0,13980.0,2262883920,155846,59,13830.0,14520.0
2022-04-04,14390.0,14390.0,14010.0,14380.0,10832945220,753415,367,13980.0,14390.0
2022-04-05,14810.0,14810.0,14810.0,14460.0,1988731230,134283,61,14380.0,14810.0
2022-04-06,14890.0,14890.0,14890.0,14550.0,2285957470,153523,48,14460.0,14890.0
2022-04-09,15270.0,15270.0,15270.0,14990.0,6424592910,420733,112,14550.0,15270.0
2022-04-10,15430.0,15430.0,15430.0,15040.0,1235233220,80054,70,14990.0,15430.0
2022-04-11,15490.0,15490.0,15490.0,15380.0,8104073690,523181,142,15040.0,15490.0
2022-04-12,15840.0,15840.0,15840.0,15440.0,1510486560,95359,48,15380.0,15840.0
2022-04-13,16210.0,16210.0,16210.0,15910.0,6782004640,418384,56,15440.0,16210.0
2022-04-16,16380.0,16380.0,15440.0,16210.0,19929775730,1229588,374,15910.0,16380.0
2022-04-17,16690.0,16690.0,16030.0,16630.0,17380040180,1044942,441,16210.0,16680.0
2022-04-26,17120.0,17120.0,17020.0,17120.0,21104134100,1232827,372,16630.0,17120.0
2022-04-27,17630.0,17630.0,16610.0,17140.0,32901428450,1920023,1123,17120.0,16610.0
2022-04-30,16630.0,17620.0,16630.0,17150.0,37087910510,2162344,1022,17140.0,17240.0
2022-05-01,17600.0,17630.0,16810.0,17410.0,20748679380,1191542,558,17150.0,17360.0
2022-05-02,17890.0,17890.0,16930.0,17410.0,40138735360,2304925,688,17410.0,17390.0
2022-05-07,17830.0,17830.0,16900.0,17610.0,18321875120,1040182,392,17410.0,17450.0
2022-05-08,17670.0,17880.0,17090.0,17550.0,19121522750,1089575,375,17610.0,17090.0
2022-05-09,17030.0,17030.0,17030.0,17520.0,544227710,31957,36,17550.0,17030.0
2022-05-10,17000.0,17000.0,17000.0,17500.0,326893000,19229,24,17520.0,17000.0
2022-05-11,16980.0,17230.0,16980.0,16990.0,12836519030,755640,372,17500.0,16980.0
2022-05-14,16520.0,17190.0,16490.0,16570.0,16454390980,993131,355,16990.0,16490.0
2022-05-15,16850.0,16850.0,16080.0,16140.0,9731704240,602881,376,16570.0,16080.0
2022-05-16,15730.0,16120.0,15660.0,15770.0,20510178650,1300817,629,16140.0,15830.0
2022-05-17,15730.0,16240.0,15730.0,16230.0,11789253120,726230,294,15770.0,16240.0
2022-05-18,16710.0,16710.0,16500.0,16710.0,17888638730,1070741,329,16230.0,16710.0
2022-05-21,16920.0,16920.0,16210.0,16480.0,11161157220,677153,282,16710.0,16210.0
2022-05-22,15990.0,16470.0,15990.0,16020.0,12382394530,773170,278,16480.0,15990.0
2022-05-23,16400.0,16450.0,15540.0,15880.0,4759656520,302269,150,16020.0,15540.0
2022-05-24,15800.0,15980.0,15410.0,15610.0,5599758010,362896,147,15880.0,15410.0
2022-05-25,16040.0,16040.0,15200.0,15650.0,5931007730,378581,243,15610.0,15990.0
2022-05-28,16100.0,16100.0,15190.0,15640.0,4130490480,264437,207,15650.0,15190.0
2022-05-29,15750.0,15750.0,15180.0,15510.0,3262319880,214102,108,15640.0,15180.0
2022-05-30,15900.0,15900.0,15050.0,15390.0,2556914810,169602,81,15510.0,15050.0
2022-05-31,14930.0,15830.0,14930.0,15280.0,10089603030,660314,282,15390.0,15260.0
2022-06-01,15680.0,15680.0,14830.0,15040.0,9480443290,630426,491,15280.0,15100.0
2022-06-06,15150.0,15150.0,14590.0,14830.0,12056802070,812834,246,15040.0,14600.0
2022-06-07,15140.0,15270.0,14410.0,14930.0,4989094870,331860,203,14830.0,15230.0
2022-06-08,15370.0,15370.0,14700.0,15220.0,14023806370,921172,244,14930.0,15210.0
2022-06-11,15400.0,15670.0,15040.0,15600.0,25561426540,1638222,515,15220.0,15670.0
2022-06-12,16050.0,16060.0,16000.0,16020.0,9743562020,606798,317,15600.0,16060.0
2022-06-13,16500.0,16500.0,15870.0,16420.0,17284533340,1052733,481,16020.0,16480.0
2022-06-14,16850.0,16850.0,15930.0,16330.0,3615131710,223877,136,16420.0,15930.0
2022-06-15,15850.0,15850.0,15850.0,16300.0,699825050,44153,23,16330.0,15850.0
2022-06-18,15820.0,15820.0,15820.0,16300.0,82691140,5227,9,16300.0,15820.0
2022-06-19,15820.0,15820.0,15820.0,16290.0,104158880,6584,8,16300.0,15820.0
2022-06-20,15810.0,15810.0,15810.0,16280.0,261687120,16552,8,16290.0,15810.0
2022-06-21,15800.0,15800.0,15800.0,16250.0,675797600,42772,5,16280.0,15800.0
2022-06-22,15440.0,15440.0,15440.0,16130.0,1362471920,88243,41,16250.0,15440.0
2022-06-25,15650.0,15650.0,15650.0,16130.0,67936650,4341,8,16130.0,15650.0
2022-06-26,15650.0,15650.0,15650.0,16120.0,112429600,7184,6,16130.0,15650.0
2022-06-27,15640.0,15640.0,15640.0,16120.0,39663040,2536,4,16120.0,15640.0
2022-06-28,15640.0,15640.0,15640.0,16120.0,65594160,4194,5,16120.0,15640.0
2022-06-29,15640.0,15640.0,15640.0,16120.0,50564120,3233,9,16120.0,15640.0
2022-07-02,15320.0,15320.0,15320.0,16060.0,765938720,49996,25,16120.0,15320.0
2022-07-03,15580.0,16530.0,15580.0,15900.0,50190736590,3157469,807,16060.0,15790.0
2022-07-04,16190.0,16190.0,15430.0,15450.0,29480309920,1908634,642,15900.0,15430.0
2022-07-05,14990.0,15400.0,14990.0,15150.0,6584354400,438159,149,15450.0,14990.0
2022-07-06,14700.0,14750.0,14700.0,15000.0,2945225050,200352,49,15150.0,14700.0
2022-07-09,14550.0,14550.0,14550.0,14950.0,1137737250,78195,47,15000.0,14550.0
2022-07-11,14510.0,14510.0,14510.0,14950.0,107939890,7439,8,14950.0,14510.0
2022-07-12,14510.0,14510.0,14510.0,14930.0,465596880,32088,10,14950.0,14510.0
2022-07-13,14490.0,14490.0,14490.0,14920.0,244417320,16868,13,14930.0,14490.0
2022-07-16,14480.0,14480.0,14480.0,14910.0,313231360,21632,11,14920.0,14480.0
2022-07-17,14170.0,14170.0,14170.0,14810.0,1288166360,90908,32,14910.0,14170.0
2022-07-19,14370.0,14370.0,14370.0,14800.0,233268210,16233,10,14810.0,14370.0
2022-07-20,14360.0,14360.0,14360.0,14780.0,372986640,25974,11,14800.0,14360.0
2022-07-23,14340.0,14340.0,14340.0,14780.0,73205700,5105,4,14780.0,14340.0
2022-07-24,14340.0,14340.0,14340.0,14750.0,576525360,40204,15,14780.0,14340.0
2022-07-25,14310.0,14310.0,14310.0,14710.0,798440760,55796,12,14750.0,14310.0
2022-07-26,13980.0,14000.0,13980.0,14200.0,6558621480,469126,101,14710.0,13980.0
2022-07-27,13780.0,13780.0,13780.0,14160.0,874010280,63426,19,14200.0,13780.0
2022-07-30,13740.0,13740.0,13740.0,14130.0,623796000,45400,13,14160.0,13740.0
2022-07-31,13710.0,13710.0,13710.0,14110.0,354869640,25884,11,14130.0,13710.0
2022-08-01,13690.0,13690.0,13690.0,14110.0,113353200,8280,5,14110.0,13690.0
2022-08-02,13690.0,13690.0,13690.0,14110.0,9952630,727,1,14110.0,13690.0
2022-08-03,13410.0,13410.0,13410.0,13890.0,2985025770,222597,33,14110.0,13410.0
2022-08-06,13480.0,13480.0,13480.0,13850.0,874676760,64887,16,13890.0,13480.0
2022-08-09,13440.0,13440.0,13440.0,13670.0,4157596800,309345,72,13850.0,13440.0
2022-08-10,13260.0,13260.0,13260.0,13640.0,806579280,60828,15,13670.0,13260.0
2022-08-13,13240.0,13850.0,13240.0,13320.0,18501611500,1389473,465,13640.0,13300.0
2022-08-14,13200.0,13390.0,12930.0,13060.0,6430593510,496846,176,13320.0,12930.0
2022-08-15,12690.0,12850.0,12670.0,12800.0,6345340980,500457,209,13060.0,12670.0
2022-08-16,12450.0,12890.0,12420.0,12650.0,4490615490,359574,200,12800.0,12420.0
2022-08-17,12420.0,12560.0,12280.0,12510.0,3801141510,308314,156,12650.0,12290.0
2022-08-20,12160.0,12840.0,12140.0,12490.0,2804346390,225686,173,12510.0,12410.0
2022-08-21,12220.0,12810.0,12130.0,12540.0,3937118200,312228,247,12490.0,12710.0
2022-08-22,12400.0,12910.0,12400.0,12780.0,6959824510,539583,165,12540.0,12910.0
2022-08-23,13160.0,13160.0,13130.0,13060.0,7655930500,581823,167,12780.0,13160.0
2022-08-24,13450.0,13450.0,13450.0,13230.0,4784850950,355751,34,13060.0,13450.0
2022-08-27,13620.0,13620.0,12850.0,13580.0,9826391450,722639,291,13230.0,13620.0
2022-08-28,13960.0,13980.0,13270.0,13780.0,6148852070,441853,235,13580.0,13880.0
2022-08-29,14190.0,14190.0,14050.0,14070.0,7776306640,548301,264,13780.0,14190.0
2022-08-30,14480.0,14490.0,13650.0,13880.0,8512023910,615278,258,14070.0,13650.0
2022-08-31,13470.0,13470.0,13470.0,13850.0,626516640,46512,25,13880.0,13470.0
2022-09-03,13440.0,13440.0,13440.0,13830.0,458384640,34106,7,13850.0,13440.0
2022-09-04,13420.0,13420.0,13420.0,13820.0,257972660,19223,4,13830.0,13420.0
2022-09-05,13410.0,14230.0,13410.0,13860.0,40105907980,2894683,173,13820.0,14200.0
2022-09-06,14270.0,14270.0,13630.0,13950.0,5947429910,424485,216,13860.0,14000.0
2022-09-07,14220.0,14220.0,13560.0,13890.0,5803765980,418967,162,13950.0,13900.0
2022-09-10,14120.0,14120.0,13480.0,13800.0,2864777150,210735,81,13890.0,13480.0
2022-09-11,13790.0,13790.0,13390.0,13780.0,497441000,37066,28,13800.0,13390.0
2022-09-12,13370.0,13370.0,13370.0,13740.0,910029050,68065,36,13780.0,13370.0
2022-09-13,13330.0,13870.0,13330.0,13450.0,10584609620,786780,249,13740.0,13330.0
2022-09-14,13100.0,13300.0,13050.0,13300.0,3663263120,280243,100,13450.0,13050.0
2022-09-18,12910.0,13040.0,12910.0,13280.0,520998620,40280,31,13300.0,12910.0
2022-09-19,12890.0,13050.0,12890.0,13160.0,3013875700,233632,103,13280.0,12890.0
2022-09-20,12770.0,12960.0,12770.0,13130.0,744276760,58208,47,13160.0,12770.0
2022-09-21,12770.0,13480.0,12770.0,13160.0,3846236470,291325,224,13130.0,13150.0
2022-09-24,12790.0,12790.0,12770.0,13110.0,1260060140,98658,22,13160.0,12770.0
2022-09-26,12720.0,13100.0,12720.0,13000.0,2733748430,214847,96,13110.0,12720.0
2022-09-28,12610.0,12990.0,12610.0,12820.0,4681280900,370828,132,13000.0,12610.0
2022-10-01,12600.0,12690.0,12440.0,12740.0,2159592050,173116,107,12820.0,12520.0
2022-10-02,12420.0,12660.0,12360.0,12690.0,1756168210,141141,82,12740.0,12620.0
2022-10-03,12990.0,12990.0,12310.0,12660.0,1919737110,153173,103,12690.0,12310.0
2022-10-04,12290.0,12560.0,12290.0,12600.0,1715699350,139123,72,12660.0,12500.0
2022-10-08,12560.0,12970.0,12240.0,12610.0,3526488860,279060,104,12600.0,12600.0
2022-10-09,12250.0,12650.0,12240.0,12530.0,2290847230,186631,68,12610.0,12650.0
2022-10-10,12190.0,12470.0,12160.0,12500.0,1063981280,86901,73,12530.0,12180.0
2022-10-11,12140.0,12700.0,12130.0,12420.0,2462568300,201821,131,12500.0,12130.0
2022-10-12,12050.0,12300.0,12050.0,12370.0,1345341070,111414,96,12420.0,12190.0
2022-10-15,12030.0,12100.0,12000.0,12260.0,2787777940,232264,70,12370.0,12010.0
2022-10-16,11920.0,12480.0,11920.0,12240.0,2191990200,180325,100,12260.0,12480.0
2022-10-17,12540.0,12600.0,12020.0,12250.0,2543213860,206922,112,12240.0,12400.0
2022-10-18,12600.0,12610.0,12070.0,12270.0,2015315650,163378,115,12250.0,12450.0
2022-10-19,12610.0,12630.0,12150.0,12400.0,4173680290,331358,107,12270.0,12630.0
2022-10-22,12770.0,12770.0,12650.0,12570.0,4883521470,382791,157,12400.0,12770.0
2022-10-23,12600.0,12940.0,12410.0,12700.0,4126781820,320155,184,12570.0,12940.0
2022-10-24,13070.0,13080.0,12950.0,12880.0,5178731840,396029,170,12700.0,13080.0
2022-10-25,13260.0,13260.0,13250.0,13060.0,4976806010,375332,196,12880.0,13260.0
2022-10-26,13400.0,13450.0,12670.0,12980.0,8854023600,682604,245,13060.0,13080.0
2022-10-29,12610.0,13240.0,12600.0,12900.0,3664980870,286890,203,12980.0,12780.0
2022-10-30,12950.0,12950.0,12520.0,12850.0,1198763380,95718,27,12900.0,12520.0
2022-10-31,12470.0,12470.0,12470.0,12840.0,167122940,13402,12,12850.0,12470.0
2022-11-01,12460.0,13100.0,12460.0,12700.0,4975195800,395798,184,12840.0,12460.0
2022-11-02,12320.0,12900.0,12320.0,12630.0,3026909740,242848,127,12700.0,12850.0
2022-11-05,13000.0,13000.0,12400.0,12650.0,2406272910,189564,150,12630.0,12740.0
2022-11-06,12850.0,12890.0,12280.0,12530.0,3909984240,316672,151,12650.0,12650.0
2022-11-07,12650.0,12800.0,12480.0,12570.0,3302370860,261092,127,12530.0,12670.0
2022-11-08,12680.0,12870.0,12210.0,12570.0,2824489840,224708,108,12570.0,12590.0
2022-11-09,12350.0,12480.0,12210.0,12510.0,2496976240,202295,96,12570.0,12350.0
2022-11-12,12600.0,12600.0,12150.0,12430.0,3248001800,264499,137,12510.0,12450.0
2022-11-13,12600.0,12700.0,12300.0,12430.0,3044915070,245069,117,12430.0,12490.0
2022-11-14,12650.0,12800.0,12550.0,12570.0,4470635870,350704,174,12430.0,12800.0
2022-11-15,12940.0,12940.0,12940.0,12620.0,1403692380,108477,36,12570.0,12940.0
2022-11-16,12980.0,12990.0,12680.0,12800.0,5566114020,429642,223,12620.0,12990.0
2022-11-19,13000.0,13150.0,12430.0,12800.0,2772717980,216472,128,12800.0,12700.0
2022-11-20,12450.0,12910.0,12430.0,12730.0,2335830710,186653,113,12800.0,12430.0
2022-11-21,12360.0,13020.0,12350.0,12670.0,4090114630,324964,152,12730.0,12860.0
2022-11-22,12940.0,12940.0,12310.0,12640.0,1463332160,117173,80,12670.0,12320.0
2022-11-23,12800.0,12970.0,12660.0,12680.0,2067804110,161130,123,12640.0,12790.0
2022-11-26,12980.0,12980.0,12400.0,12670.0,1346664570,106877,93,12680.0,12700.0
2022-11-27,12440.0,12670.0,12420.0,12630.0,2839037340,226843,84,12670.0,12430.0
2022-11-28,12840.0,12840.0,12360.0,12600.0,1624519460,130482,77,12630.0,12400.0
2022-11-29,12690.0,12690.0,12280.0,12550.0,2932288060,235933,139,12600.0,12550.0
2022-11-30,12550.0,12920.0,12550.0,12730.0,5353881710,415505,185,12550.0,12920.0
2022-12-03,13110.0,13110.0,13000.0,12950.0,6051492220,461602,97,12730.0,13110.0
2022-12-04,13330.0,13330.0,12950.0,13090.0,5689298540,430841,191,12950.0,13210.0
2022-12-05,12760.0,13200.0,12760.0,13080.0,4365227590,334237,166,13090.0,13180.0
2022-12-06,13330.0,13330.0,12720.0,13040.0,2085833650,162067,84,13080.0,12730.0
2022-12-07,13370.0,13370.0,12650.0,12990.0,2767584280,215152,131,13040.0,12670.0
2022-12-10,12900.0,12900.0,12610.0,12870.0,3008757490,238444,163,12990.0,12610.0
2022-12-11,12500.0,13060.0,12500.0,12840.0,1782433200,140417,104,12870.0,12800.0
2022-12-12,12950.0,12950.0,12600.0,12800.0,3297029000,259434,94,12840.0,12820.0
2022-12-13,12710.0,13020.0,12450.0,12800.0,7477976220,584228,147,12800.0,12850.0
2022-12-14,13000.0,13000.0,12570.0,12770.0,5268300420,413438,115,12800.0,12920.0
2022-12-17,12780.0,13150.0,12780.0,12910.0,4451892290,340218,163,12770.0,13150.0
2022-12-18,13200.0,13290.0,13200.0,13050.0,3740563000,281500,126,12910.0,13290.0
2022-12-19,13440.0,13440.0,13440.0,13190.0,3911967360,291069,54,13050.0,13440.0
2022-12-20,13580.0,13580.0,13440.0,13460.0,7733650610,570054,80,13190.0,13580.0
2022-12-21,13840.0,13860.0,13820.0,13580.0,3196513110,230673,61,13460.0,13860.0
2022-12-24,13980.0,13980.0,13980.0,13750.0,4462346100,319195,21,13580.0,13980.0
2022-12-25,14160.0,14160.0,14160.0,13810.0,1619790720,114392,39,13750.0,14160.0
2022-12-26,14220.0,14220.0,13550.0,14190.0,19471970280,1372697,411,13810.0,14220.0
2022-12-28,14610.0,14610.0,14610.0,14390.0,5025226380,343958,38,14190.0,14610.0
2022-12-31,14820.0,14820.0,14820.0,14700.0,7460136060,503383,71,14390.0,14820.0
2023-01-01,15140.0,15140.0,15140.0,14840.0,3393570440,224146,58,14700.0,15140.0
2023-01-02,15280.0,15280.0,15280.0,14950.0,2709464880,177321,38,14840.0,15280.0
2023-01-03,15390.0,15390.0,15390.0,15100.0,3747772800,243520,45,14950.0,15390.0
2023-01-04,15550.0,15550.0,14660.0,15330.0,8596660680,558842,153,15100.0,15550.0
2023-01-07,15770.0,15780.0,15720.0,15740.0,9621837700,610157,198,15330.0,15780.0
2023-01-08,16190.0,16210.0,16190.0,15950.0,4881787260,301267,79,15740.0,16210.0
2023-01-09,16420.0,16420.0,16410.0,16200.0,5796787970,353035,136,15950.0,16420.0
2023-01-10,15730.0,16680.0,15730.0,16550.0,14793922300,893946,375,16200.0,16680.0
2023-01-11,16950.0,17040.0,16900.0,16880.0,7860925070,461880,188,16550.0,17040.0
2023-01-14,17380.0,17380.0,17300.0,17120.0,4903694800,282147,112,16880.0,17380.0
2023-01-16,17630.0,17630.0,17630.0,17320.0,4153680890,235603,78,17120.0,17630.0
2023-01-17,17830.0,17830.0,17810.0,17830.0,11790425760,661277,199,17320.0,17830.0
2023-01-18,18360.0,18360.0,17410.0,18170.0,14786233180,813907,382,17830.0,18360.0
2023-01-21,18700.0,18710.0,17650.0,18200.0,11602681600,637590,305,18170.0,18200.0
2023-01-22,17660.0,18690.0,17660.0,17740.0,18264535980,1029711,335,18200.0,17980.0
2023-01-23,18260.0,18270.0,17210.0,17610.0,10425005730,591939,307,17740.0,17370.0
2023-01-24,17110.0,17940.0,17090.0,17150.0,15252392650,889189,188,17610.0,17090.0
2023-01-25,16640.0,17400.0,16640.0,16700.0,10209718670,611281,282,17150.0,16640.0
2023-01-28,16880.0,16890.0,16200.0,16510.0,8163403240,502659,98,16700.0,16680.0
2023-01-29,16700.0,16700.0,16020.0,16390.0,5208521620,324085,63,16510.0,16020.0
2023-01-30,15900.0,15900.0,15900.0,16310.0,3026437800,190342,29,16390.0,15900.0
2023-01-31,15830.0,15830.0,15830.0,16270.0,1589474470,100409,28,16310.0,15830.0
2023-02-01,15790.0,15790.0,15790.0,16250.0,649837450,41155,8,16270.0,15790.0
2023-02-05,15770.0,16500.0,15770.0,16120.0,5817002460,368168,71,16250.0,15770.0
2023-02-06,15640.0,15640.0,15640.0,16060.0,2378906560,152104,25,16120.0,15640.0
2023-02-07,15580.0,15580.0,15580.0,16040.0,925498740,59403,11,16060.0,15580.0
2023-02-08,15560.0,15560.0,15560.0,16020.0,810333680,52078,5,16040.0,15560.0
2023-02-12,15540.0,15550.0,15540.0,16020.0,175603290,11298,7,16020.0,15540.0
2023-02-13,15540.0,15540.0,15540.0,16010.0,206930640,13316,6,16020.0,15540.0
2023-02-14,15530.0,15540.0,15530.0,15980.0,1289242350,83014,19,16010.0,15530.0
2023-02-15,15510.0,15510.0,15510.0,15910.0,2728953480,175948,26,15980.0,15510.0
2023-02-19,15510.0,15530.0,15440.0,15850.0,2821969600,182280,49,15910.0,15440.0
2023-02-20,15380.0,16320.0,15380.0,15820.0,12871249240,814658,162,15850.0,16130.0
2023-02-21,16290.0,16290.0,15440.0,15890.0,5207846730,323811,88,15820.0,15440.0
2023-02-22,15440.0,16160.0,15420.0,15790.0,6375415730,409084,66,15890.0,16150.0
2023-02-25,16260.0,16260.0,15900.0,16010.0,10209261400,628564,118,15790.0,16260.0
2023-02-26,16000.0,16490.0,15530.0,16020.0,10173214060,634343,128,16010.0,15530.0
2023-02-27,15550.0,16440.0,15540.0,15940.0,6571927300,416950,104,16020.0,15600.0
2023-02-28,15500.0,15680.0,15470.0,15750.0,8299556350,536130,117,15940.0,15470.0
2023-03-01,15370.0,15370.0,15280.0,15700.0,1995342400,130580,45,15750.0,15280.0
2023-03-04,15230.0,15850.0,15230.0,15640.0,2475888770,162391,54,15700.0,15230.0
2023-03-05,15650.0,15840.0,15220.0,15610.0,2570817440,167111,61,15640.0,15230.0
2023-03-06,15150.0,15500.0,15150.0,15520.0,4090434420,269221,55,15610.0,15200.0
2023-03-07,15060.0,15700.0,15060.0,15520.0,2604284630,168059,64,15520.0,15700.0
2023-03-11,15110.0,15500.0,15060.0,15430.0,5404013790,355879,64,15520.0,15060.0
2023-03-12,14970.0,15190.0,14970.0,15390.0,1842345970,123043,34,15430.0,14970.0
2023-03-13,15500.0,15700.0,14930.0,15330.0,2788569800,185847,72,15390.0,14930.0
2023-03-14,15480.0,15500.0,14880.0,15290.0,1889113810,126537,93,15330.0,14880.0
2023-03-15,14840.0,15640.0,14840.0,15250.0,4370095880,289032,62,15290.0,15450.0
2023-03-18,15450.0,15700.0,15330.0,15370.0,6384431960,408525,111,15250.0,15690.0
2023-03-19,15260.0,15830.0,15260.0,15460.0,5449446770,347046,106,15370.0,15810.0
2023-03-25,15920.0,15920.0,15920.0,15510.0,2347993040,147487,44,15460.0,15920.0
2023-03-26,15970.0,15970.0,15970.0,15540.0,1451593150,90895,19,15510.0,15970.0
2023-03-28,16190.0,16190.0,15250.0,15860.0,7012856730,434183,86,15720.0,16190.0
2023-03-29,16330.0,16330.0,16330.0,15930.0,3139769100,192270,50,15860.0,16330.0
2023-04-03,16400.0,16400.0,16400.0,16040.0,4712294000,287335,68,15930.0,16400.0
2023-04-04,16520.0,16520.0,16520.0,16100.0,2755734240,166812,40,16040.0,16520.0
2023-04-05,16580.0,16580.0,16580.0,16180.0,3495859840,210848,36,16100.0,16580.0
2023-04-08,16660.0,16660.0,16660.0,16340.0,7046480280,422958,45,16180.0,16660.0
2023-04-09,16830.0,16830.0,16830.0,16380.0,1803654270,107169,23,16340.0,16830.0
2023-04-10,16870.0,16870.0,16870.0,16420.0,1520813630,90149,25,16380.0,16870.0
2023-04-11,16910.0,16910.0,16910.0,16480.0,2403959420,142162,21,16420.0,16910.0
2023-04-15,16970.0,16970.0,16970.0,16510.0,1063798390,62687,25,16480.0,16970.0
2023-04-16,17000.0,17000.0,17000.0,16700.0,8003889000,470817,39,16510.0,17000.0
2023-05-01,17200.0,17200.0,17200.0,16810.0,4332628400,251897,12,16700.0,17200.0
2023-05-02,17310.0,17310.0,17310.0,17050.0,10153682490,586579,47,16810.0,17310.0
2023-05-03,17560.0,17560.0,17560.0,17110.0,2514556880,143198,30,17050.0,17560.0
2023-05-06,17620.0,17620.0,17620.0,17170.0,2302493500,130675,26,17110.0,17620.0
2023-05-07,17680.0,17680.0,17680.0,17260.0,3774874480,213511,40,17170.0,17680.0
2023-05-08,17770.0,17770.0,17770.0,17390.0,5232394270,294451,45,17260.0,17770.0
2023-05-09,17910.0,17910.0,17910.0,17480.0,3467035710,193581,32,17390.0,17910.0
2023-05-10,18000.0,18000.0,18000.0,17490.0,581436000,32302,17,17480.0,18000.0
2023-05-13,18010.0,18010.0,18010.0,17550.0,2265910140,125814,50,17490.0,18010.0
2023-05-14,18070.0,18070.0,18070.0,17620.0,2749928740,152182,26,17550.0,18070.0
2023-05-15,18140.0,18140.0,18140.0,17760.0,5608797300,309195,28,17620.0,18140.0
2023-05-17,18290.0,18290.0,18290.0,17760.0,103119020,5638,9,17760.0,18290.0
2023-05-20,18290.0,18290.0,18290.0,17810.0,2118256350,115815,28,17760.0,18290.0
2023-05-21,18340.0,18340.0,18340.0,17860.0,1861546680,101502,21,17810.0,18340.0
2023-05-22,18390.0,18390.0,18390.0,17930.0,2582360580,140422,16,17860.0,18390.0
2023-05-23,18460.0,18460.0,18460.0,17940.0,575250520,31162,15,17930.0,18460.0
2023-05-24,18470.0,18470.0,18470.0,17950.0,357172860,19338,16,17940.0,18470.0
2023-05-27,18480.0,18480.0,18480.0,17970.0,849710400,45980,26,17950.0,18480.0
2023-05-28,18500.0,18500.0,18500.0,17980.0,212361500,11479,17,17970.0,18500.0
2023-05-29,18870.0,18870.0,18870.0,18000.0,456899310,24213,21,17980.0,18870.0
2023-05-30,18540.0,18540.0,18540.0,18540.0,3308388840,178446,11,18000.0,18540.0
2023-05-31,19090.0,19090.0,19090.0,19090.0,371395950,19455,10,18540.0,19090.0
2023-06-03,19660.0,19660.0,19660.0,19660.0,1289990900,65615,11,19090.0,19660.0
2023-06-06,20240.0,20240.0,20240.0,20240.0,449449440,22206,13,19660.0,20240.0
2023-06-07,20840.0,20840.0,20840.0,20840.0,425761200,20430,20,20240.0,20840.0
2023-06-10,21450.0,21450.0,21450.0,21450.0,6939718500,323530,32,20840.0,21450.0
2023-06-11,22050.0,22050.0,22050.0,22050.0,4552906050,206481,33,21450.0,22050.0
2023-06-12,22700.0,22700.0,21400.0,22600.0,141381074150,6260897,729,22050.0,22700.0
2023-06-13,23200.0,23200.0,21950.0,22300.0,32481147600,1455138,144,22600.0,21950.0
2023-06-14,21650.0,21650.0,21650.0,21850.0,13765914350,635839,69,22300.0,21650.0
2023-06-17,21200.0,22500.0,21200.0,22050.0,53786850200,2440076,308,21850.0,22500.0
2023-06-18,22700.0,22700.0,21400.0,22450.0,20187410050,898830,198,22050.0,22700.0
2023-06-19,23100.0,23100.0,23100.0,22750.0,9882133800,427798,73,22450.0,23100.0
2023-06-20,23400.0,23400.0,23400.0,22850.0,2908105200,124278,29,22750.0,23400.0
2023-06-21,23500.0,23500.0,23500.0,22950.0,2906433000,123678,28,22850.0,23500.0
2023-06-24,23600.0,23600.0,23600.0,23000.0,2087089600,88436,32,22950.0,23600.0
2023-06-25,23650.0,23650.0,23650.0,23100.0,2396170700,101318,28,23000.0,23650.0
2023-06-26,23750.0,23750.0,23750.0,23200.0,2427487500,102210,21,23100.0,23750.0
2023-06-27,23850.0,23850.0,23850.0,23300.0,3769540200,158052,19,23200.0,23850.0
2023-06-28,23950.0,23950.0,23950.0,23350.0,1818978550,75949,28,23300.0,23950.0
2023-07-01,24050.0,24050.0,23500.0,24050.0,36950071900,1537452,275,23350.0,24050.0
2023-07-02,24750.0,24750.0,24100.0,24350.0,8922423850,360748,79,24050.0,24750.0
2023-07-03,25050.0,25050.0,25050.0,24500.0,5306416650,211833,46,24350.0,25050.0
2023-07-04,25200.0,25200.0,25200.0,24600.0,3820798800,151619,23,24500.0,25200.0
2023-07-05,25300.0,25300.0,25300.0,24650.0,1909998200,75494,17,24600.0,25300.0
2023-07-08,25350.0,25350.0,25350.0,24800.0,3840195450,151487,21,24650.0,25350.0
2023-07-09,25500.0,25500.0,25500.0,24800.0,425161500,16673,9,24800.0,25500.0
2023-07-10,25500.0,25500.0,25500.0,24950.0,3718614000,145828,23,24800.0,25500.0
2023-07-11,25650.0,25650.0,25650.0,25100.0,3855887550,150327,19,24950.0,25650.0
2023-07-12,25850.0,25850.0,25400.0,25850.0,49813904200,1927959,263,25100.0,25850.0
2023-07-15,26600.0,26600.0,26600.0,25900.0,1710114000,64290,26,25850.0,26600.0
2023-07-16,26650.0,26650.0,26650.0,26050.0,4045203500,151790,29,25900.0,26650.0
2023-07-17,26800.0,26800.0,26800.0,26150.0,2354594400,87858,25,26050.0,26800.0
2023-07-18,26900.0,26900.0,26900.0,26200.0,1012865700,37653,26,26150.0,26900.0
2023-07-19,26950.0,26950.0,26950.0,26300.0,2490611200,92416,21,26200.0,26950.0
2023-07-22,27050.0,27050.0,27050.0,26450.0,3564703100,131782,20,26300.0,27050.0
2023-07-23,27200.0,27200.0,27200.0,26450.0,381616000,14030,13,26450.0,27200.0
2023-07-24,27200.0,27200.0,27200.0,26500.0,848912000,31210,13,26450.0,27200.0
2023-07-25,27250.0,27250.0,27250.0,26500.0,511101000,18756,16,26500.0,27250.0
2023-07-26,27250.0,27250.0,27250.0,26550.0,826220000,30320,15,26500.0,27250.0
2023-07-29,27300.0,27300.0,27300.0,26600.0,1081980900,39633,16,26550.0,27300.0
2023-07-30,27900.0,27900.0,27900.0,26850.0,3916016100,140359,28,26600.0,27900.0
2023-07-31,27650.0,27650.0,27650.0,26900.0,938579250,33945,16,26850.0,27650.0
2023-08-01,27700.0,27700.0,27700.0,26950.0,1041658500,37605,13,26900.0,27700.0
2023-08-05,27750.0,27750.0,27750.0,26950.0,626067750,22561,17,26950.0,27750.0
2023-08-06,27750.0,27750.0,27750.0,27150.0,4689888750,169005,27,26950.0,27750.0
2023-08-07,27950.0,27950.0,27950.0,27200.0,739445200,26456,19,27150.0,27950.0
2023-08-08,28000.0,28000.0,28000.0,27200.0,295008000,10536,11,27200.0,28000.0
2023-08-09,28000.0,28000.0,28000.0,27250.0,654892000,23389,16,27200.0,28000.0
2023-08-12,28050.0,28050.0,28050.0,27300.0,1182644100,42162,14,27250.0,28050.0
2023-08-13,28100.0,28100.0,28100.0,28100.0,154072300,5483,9,27300.0,28100.0
2023-08-14,28900.0,28900.0,28900.0,28900.0,1210881100,41899,7,28100.0,28900.0
2023-08-15,29750.0,29750.0,28050.0,29350.0,223734907250,7620088,803,28900.0,29300.0
2023-08-16,28700.0,29650.0,28500.0,28700.0,16122524700,565439,125,29350.0,28500.0
2023-08-19,27850.0,27850.0,27850.0,28600.0,1899899150,68219,18,28700.0,27850.0
2023-08-20,27750.0,27750.0,27750.0,28600.0,55500000,2000,1,28600.0,27750.0
2023-08-21,27750.0,27750.0,27750.0,28600.0,160700250,5791,3,28600.0,27750.0
2023-08-22,27750.0,27750.0,27750.0,28600.0,155122500,5590,2,28600.0,27750.0
2023-08-23,27750.0,27750.0,27750.0,28600.0,374652750,13501,5,28600.0,27750.0
2023-08-26,27200.0,27200.0,27200.0,28050.0,7405907200,272276,31,28600.0,27200.0
2023-08-27,27250.0,27250.0,27250.0,28050.0,54500000,2000,1,28050.0,27250.0
2023-08-29,27250.0,27250.0,27250.0,28050.0,51775000,1900,1,28050.0,27250.0
2023-08-30,27250.0,27250.0,27250.0,28050.0,54500000,2000,1,28050.0,27250.0
2023-09-02,27250.0,27250.0,27250.0,28050.0,50603250,1857,1,28050.0,27250.0
2023-09-03,26650.0,26650.0,26650.0,28000.0,534545700,20058,7,28050.0,26650.0
2023-09-04,27200.0,27200.0,27200.0,28000.0,50809600,1868,1,28000.0,27200.0
2023-09-05,27200.0,27200.0,27200.0,28000.0,101048000,3715,2,28000.0,27200.0
2023-09-10,27200.0,27200.0,27200.0,28000.0,50048000,1840,1,28000.0,27200.0
2023-09-12,26600.0,26600.0,26600.0,28000.0,104006000,3910,3,28000.0,26600.0
2023-09-18,27200.0,27200.0,27200.0,28000.0,50292800,1849,1,28000.0,27200.0
2023-10-01,27200.0,27200.0,27200.0,27200.0,111112000,4085,2,28000.0,27200.0
2023-10-04,26400.0,26400.0,26400.0,26400.0,260937600,9884,3,27200.0,26400.0
2023-10-09,25650.0,25650.0,25650.0,25650.0,725997600,28304,2,26400.0,25650.0
2023-10-11,24900.0,24900.0,24900.0,24900.0,160007400,6426,4,25650.0,24900.0
2023-10-25,24200.0,24200.0,24200.0,24200.0,122694000,5070,2,24900.0,24200.0
2023-11-04,23000.0,23000.0,23000.0,23000.0,268479000,11673,4,24200.0,23000.0
2023-11-05,22350.0,22350.0,22350.0,22350.0,274301550,12273,2,23000.0,22350.0
2023-11-06,21700.0,21700.0,21700.0,21700.0,209101200,9636,4,22350.0,21700.0
2023-11-07,21050.0,21050.0,21050.0,21050.0,452890750,21515,9,21700.0,21050.0
2023-11-08,20450.0,20450.0,20450.0,20450.0,808674800,39544,12,21050.0,20450.0
2023-11-11,19850.0,19850.0,19850.0,19850.0,626386600,31556,7,20450.0,19850.0
2023-11-12,19300.0,19300.0,19300.0,19300.0,355004200,18394,6,19850.0,19300.0
2023-11-13,18750.0,19850.0,18750.0,19400.0,73479598100,3786775,472,19300.0,19850.0
2023-11-14,19850.0,19950.0,19450.0,19800.0,15638641800,784787,144,19400.0,19950.0
2023-11-15,20350.0,20350.0,20300.0,19900.0,4113269200,202136,63,19800.0,20350.0
2023-11-18,20490.0,20490.0,20190.0,20250.0,12772166760,624279,151,19900.0,20490.0
2023-11-19,20800.0,20800.0,19650.0,20200.0,3113573100,156253,49,20250.0,19650.0
2023-11-20,19600.0,19600.0,19600.0,20200.0,160112400,8169,3,20200.0,19600.0
2023-11-21,19600.0,19600.0,19600.0,20180.0,670182800,34193,10,20200.0,19600.0
2023-11-22,19580.0,19580.0,19580.0,20180.0,128268580,6551,2,20180.0,19580.0
2023-11-26,19600.0,19600.0,19600.0,20150.0,726611200,37072,8,20180.0,19600.0
2023-11-27,19150.0,19150.0,19150.0,20100.0,723850850,37799,11,20150.0,19150.0
2023-11-28,19500.0,19500.0,19500.0,20100.0,112807500,5785,2,20100.0,19500.0
2023-11-29,19500.0,19500.0,19500.0,20100.0,58500000,3000,1,20100.0,19500.0
2023-12-02,19500.0,19500.0,19500.0,20100.0,257770500,13219,2,20100.0,19500.0
2023-12-03,19500.0,19500.0,19500.0,20100.0,151866000,7788,3,20100.0,19500.0
2023-12-04,19500.0,19500.0,19500.0,20100.0,152841000,7838,4,20100.0,19500.0
2023-12-05,19100.0,19600.0,19100.0,19200.0,71740827100,3736234,599,20100.0,19450.0
2023-12-11,18630.0,19600.0,18630.0,19230.0,3200842450,165124,44,19200.0,19530.0
2023-12-12,19750.0,19800.0,18660.0,18970.0,12657617470,672436,196,19230.0,18660.0
2023-12-13,18410.0,18420.0,18410.0,18860.0,3728797060,202535,62,18970.0,18410.0
2023-12-16,18300.0,18500.0,18300.0,18660.0,6877373870,375727,107,18860.0,18300.0
2023-12-18,18110.0,18340.0,18110.0,18500.0,5861429130,323292,123,18660.0,18110.0
2023-12-19,18500.0,18500.0,17950.0,18290.0,7868613900,437299,100,18500.0,18180.0
2023-12-20,17790.0,18830.0,17790.0,18680.0,15549422560,827520,129,18290.0,18830.0
2023-12-23,19100.0,19240.0,19000.0,18950.0,10483560960,545935,122,18680.0,19240.0
2023-12-24,19510.0,19510.0,19400.0,19040.0,3522110450,180554,68,18950.0,19510.0
2023-12-25,19610.0,19610.0,18470.0,18830.0,16828205630,895603,176,19040.0,19190.0
2023-12-26,18300.0,19210.0,18270.0,18840.0,4942636250,262109,104,18830.0,19080.0
2023-12-27,19080.0,19400.0,18330.0,19120.0,13823387810,717728,137,18840.0,19400.0
2023-12-30,19690.0,19690.0,18960.0,19270.0,6047762200,308078,86,19120.0,19680.0
2023-12-31,18900.0,19840.0,18900.0,19390.0,4562399800,230101,100,19270.0,19840.0
2024-01-01,19970.0,19970.0,19600.0,19530.0,4923356150,246569,69,19390.0,19970.0
2024-01-02,20110.0,20110.0,19740.0,19720.0,7344658110,365899,89,19530.0,20110.0
2024-01-03,20310.0,20310.0,20250.0,19860.0,5154321000,253788,76,19720.0,20300.0
2024-01-06,20450.0,20450.0,19270.0,19900.0,8209729130,411190,131,19860.0,20290.0
2024-01-07,20290.0,20320.0,19310.0,19780.0,9142334270,465426,108,19900.0,19310.0
2024-01-08,19700.0,19800.0,19190.0,19660.0,6928117650,356358,80,19780.0,19500.0
2024-01-09,19780.0,19780.0,19080.0,19640.0,2644661530,135317,66,19660.0,19140.0
2024-01-10,20000.0,20000.0,19060.0,19560.0,3868565070,200848,65,19640.0,19300.0
2024-01-13,19970.0,19970.0,18980.0,19460.0,4137608120,216898,88,19560.0,18980.0
2024-01-14,18900.0,18900.0,18880.0,19320.0,4606545760,243971,67,19460.0,18880.0
2024-01-15,18750.0,18750.0,18750.0,19280.0,1259325000,67164,21,19320.0,18750.0
2024-01-16,18710.0,18710.0,18710.0,19260.0,827019420,44202,8,19280.0,18710.0
2024-01-17,18690.0,18750.0,18690.0,19150.0,3553647210,190120,55,19260.0,18690.0
2024-01-20,19360.0,19360.0,18580.0,19100.0,1845847760,99133,24,19150.0,18580.0
2024-01-21,18530.0,18550.0,18530.0,19050.0,1630771640,87998,40,19100.0,18530.0
2024-01-22,18480.0,18500.0,18480.0,19030.0,682903280,36952,18,19050.0,18480.0
2024-01-23,18460.0,18460.0,18460.0,19010.0,599931540,32499,4,19030.0,18460.0
2024-01-24,18440.0,18440.0,18440.0,19000.0,249050640,13506,7,19010.0,18440.0
2024-01-27,18430.0,18430.0,18430.0,18980.0,652735310,35417,10,19000.0,18430.0
2024-01-28,18420.0,18420.0,18420.0,18970.0,254748600,13830,6,18980.0,18420.0
2024-01-29,18410.0,18410.0,18410.0,18960.0,370666940,20134,7,18970.0,18410.0
2024-01-30,18960.0,18960.0,18020.0,18840.0,2423852320,134311,52,18960.0,18020.0
2024-01-31,18280.0,18280.0,18280.0,18820.0,666178040,36443,18,18840.0,18280.0
2024-02-03,18260.0,18260.0,18260.0,18800.0,761387220,41697,12,18820.0,18260.0
2024-02-04,18240.0,18240.0,18240.0,18800.0,51072000,2800,2,18800.0,18240.0
2024-02-06,18240.0,18240.0,18240.0,18790.0,251401920,13783,3,18800.0,18240.0
2024-02-07,17860.0,18240.0,17860.0,18520.0,5775876000,322707,70,18790.0,18210.0
2024-02-10,17970.0,17980.0,17970.0,18510.0,399150760,22208,7,18520.0,17970.0
2024-02-12,17960.0,17960.0,17960.0,18500.0,482154160,26846,2,18510.0,17960.0
2024-02-13,17950.0,17950.0,17950.0,18490.0,352412350,19633,8,18500.0,17950.0
2024-02-14,17940.0,19040.0,17940.0,18520.0,4013921850,215377,52,18490.0,18950.0
2024-02-17,19070.0,19070.0,18450.0,18620.0,6231392340,330360,94,18520.0,19060.0
2024-02-18,19160.0,19160.0,18650.0,18680.0,2514023190,131400,36,18620.0,19000.0
2024-02-19,19000.0,19240.0,18740.0,18830.0,5610155450,291759,40,18680.0,19240.0
2024-02-20,18730.0,19390.0,18730.0,18950.0,4813509520,248756,50,18830.0,19390.0
2024-02-21,19510.0,19510.0,19250.0,19100.0,5678104690,291138,73,18950.0,19510.0
2024-02-24,19670.0,19670.0,19400.0,19180.0,3013638380,153214,45,19100.0,19670.0
2024-02-26,19750.0,19750.0,19750.0,19240.0,2019872000,102272,38,19180.0,19750.0
2024-02-27,19810.0,19810.0,19810.0,19260.0,635841570,32097,14,19240.0,19810.0
2024-02-28,19830.0,19830.0,19830.0,19320.0,2214158310,111657,24,19260.0,19830.0
2024-03-02,19890.0,19890.0,19300.0,19420.0,4920625310,249087,55,19320.0,19890.0
2024-03-03,19430.0,20000.0,19120.0,19520.0,4883119540,246088,83,19420.0,20000.0
2024-03-04,20100.0,20100.0,19880.0,19620.0,3740026400,186130,47,19520.0,20100.0
2024-03-05,20200.0,20200.0,20200.0,19680.0,2165116800,107184,35,19620.0,20200.0
2024-03-06,20270.0,20270.0,20270.0,19730.0,1779706000,87800,17,19680.0,20270.0
2024-03-10,20320.0,20320.0,19140.0,19690.0,1809593010,93620,16,19730.0,19140.0
2024-03-16,19690.0,19690.0,19690.0,19690.0,659792210,33509,8,19690.0,19690.0
2024-03-17,20000.0,20280.0,19100.0,19660.0,5874012650,299868,57,19690.0,19320.0
2024-03-18,19800.0,20240.0,19120.0,19660.0,1119170060,57002,28,19660.0,19130.0
2024-03-24,19080.0,19550.0,19080.0,19600.0,2105587010,110052,48,19660.0,19090.0
2024-03-25,19030.0,19890.0,19020.0,19530.0,5659329620,292237,63,19600.0,19890.0
2024-03-26,20000.0,20100.0,19800.0,19610.0,3419492560,171072,52,19530.0,20100.0
2024-03-27,20100.0,20190.0,19750.0,19740.0,4781872260,237017,62,19610.0,20190.0
2024-03-30,19800.0,20330.0,19800.0,19820.0,2866464840,141348,40,19740.0,20330.0
2024-04-02,20410.0,20410.0,19850.0,20090.0,10804634100,531228,72,19820.0,20410.0
2024-04-03,20690.0,20690.0,20600.0,20210.0,4251453610,205506,53,20090.0,20690.0
2024-04-06,20800.0,20800.0,19650.0,20200.0,3253479400,161145,61,20210.0,20350.0
2024-04-07,20650.0,20800.0,20600.0,20300.0,3601770900,173306,44,20200.0,20800.0
2024-04-08,20900.0,20900.0,20850.0,20500.0,6395952900,306031,58,20300.0,20900.0
2024-04-09,20000.0,21100.0,20000.0,20600.0,3743911400,177492,41,20500.0,21100.0
2024-04-13,21200.0,21200.0,21200.0,20850.0,8428166000,397555,80,20600.0,21200.0
2024-04-14,20650.0,21050.0,20650.0,20850.0,4915929600,234725,61,20850.0,21050.0
2024-04-15,21050.0,21050.0,21050.0,20850.0,1066308800,50656,23,20850.0,21050.0
2024-04-28,21350.0,21350.0,21050.0,20800.0,1660883450,77847,25,20750.0,21350.0
2024-04-29,21400.0,21400.0,21300.0,21000.0,6317258800,295322,75,20800.0,21400.0
2024-04-30,21600.0,21600.0,21400.0,21050.0,2360332000,109325,38,21000.0,21600.0
2024-05-01,21650.0,21650.0,21500.0,21100.0,1943697200,89788,34,21050.0,21650.0
2024-05-05,21700.0,21700.0,21500.0,21200.0,2867367850,132236,53,21100.0,21700.0
2024-05-06,21800.0,21800.0,21800.0,21250.0,1644330400,75428,30,21200.0,21800.0
2024-05-07,21850.0,21850.0,21800.0,21350.0,3283567300,150308,36,21250.0,21850.0
2024-05-08,21950.0,21950.0,21850.0,21450.0,4290027450,195491,42,21350.0,21950.0
2024-05-11,22050.0,22050.0,22050.0,21500.0,2522211300,114386,28,21450.0,22050.0
2024-05-12,22100.0,22100.0,22100.0,21550.0,2253669600,101976,28,21500.0,22100.0
2024-05-13,22150.0,22150.0,22150.0,21650.0,3321148850,149939,26,21550.0,22150.0
2024-05-14,22250.0,22250.0,22250.0,21750.0,3106945500,139638,19,21650.0,22250.0
2024-05-15,22400.0,22400.0,22400.0,21850.0,2519574400,112481,28,21750.0,22400.0
2024-05-18,22500.0,22500.0,22500.0,21900.0,891945000,39642,10,21850.0,22500.0
2024-05-19,22550.0,22550.0,22550.0,21950.0,916837900,40658,16,21900.0,22550.0
2024-05-21,22350.0,22350.0,22350.0,22000.0,1352487900,60514,19,21950.0,22350.0
2024-05-25,22400.0,22400.0,22400.0,22050.0,1293532800,57747,12,22000.0,22400.0
2024-05-26,22450.0,22450.0,22350.0,22250.0,9256848100,412492,85,22050.0,22450.0
2024-05-27,22600.0,22650.0,21900.0,22400.0,7854043650,347075,88,22250.0,22650.0
2024-05-28,22800.0,22800.0,22700.0,22500.0,5397850600,236840,49,22400.0,22800.0
2024-05-29,22950.0,22950.0,22950.0,22600.0,3694927050,160999,22,22500.0,22950.0
2024-06-01,23050.0,23050.0,23050.0,22600.0,794740950,34479,13,22600.0,23050.0
2024-06-02,23050.0,23050.0,23050.0,22650.0,1750624450,75949,17,22600.0,23050.0
2024-06-05,23100.0,23100.0,23100.0,22700.0,1187455500,51405,12,22650.0,23100.0
2024-06-08,23150.0,23150.0,23150.0,22750.0,1833757800,79212,15,22700.0,23150.0
2024-06-09,23200.0,23200.0,23200.0,22800.0,2588168800,111559,20,22750.0,23200.0
2024-06-10,23250.0,23250.0,23200.0,22950.0,6630089250,285212,56,22800.0,23250.0
2024-06-11,23400.0,23400.0,22500.0,23000.0,2642306400,113196,43,22950.0,23400.0
2024-06-12,23450.0,23450.0,23450.0,23050.0,1685515650,71877,32,23000.0,23450.0
2024-06-15,22650.0,23500.0,22650.0,23100.0,2912522650,123981,40,23050.0,23500.0
2024-06-16,23550.0,23550.0,23050.0,23150.0,3357030650,142831,29,23100.0,23450.0
2024-06-18,23550.0,23600.0,22700.0,23150.0,4327443350,186128,33,23150.0,22700.0
2024-06-19,22700.0,22700.0,22700.0,23050.0,3421344000,150720,15,23150.0,22700.0
2024-06-22,22600.0,22600.0,22600.0,23050.0,48092800,2128,1,23050.0,22600.0
2024-06-23,22600.0,22600.0,22600.0,23050.0,150448200,6657,2,23050.0,22600.0
2024-06-24,22600.0,22600.0,22600.0,23050.0,51980000,2300,3,23050.0,22600.0
2024-06-29,21900.0,21900.0,21900.0,23000.0,431517600,19704,7,23050.0,21900.0
2024-07-01,22350.0,22350.0,22350.0,23000.0,55875000,2500,1,23000.0,22350.0
2024-07-02,22350.0,22350.0,22350.0,22700.0,9135517800,408748,17,23000.0,22350.0
2024-07-03,22050.0,22050.0,22050.0,22700.0,55125000,2500,1,22700.0,22050.0
2024-07-06,22050.0,22050.0,22050.0,22650.0,1005722550,45611,10,22700.0,22050.0
2024-07-10,21550.0,23750.0,21550.0,22650.0,24940289100,1101135,138,22650.0,23750.0
2024-07-13,23300.0,23300.0,23300.0,22700.0,1580788500,67845,23,22650.0,23300.0
2024-07-14,23350.0,23350.0,22200.0,22750.0,913209750,39154,16,22700.0,23350.0
2024-07-17,23400.0,23400.0,23400.0,22750.0,764875800,32687,15,22750.0,23400.0
2024-07-20,22100.0,23400.0,22100.0,22800.0,3754576600,164004,50,22750.0,23400.0
2024-07-21,23450.0,23450.0,23450.0,22850.0,1351915950,57651,26,22800.0,23450.0
2024-07-22,23500.0,23500.0,22800.0,22900.0,1850351300,79150,29,22850.0,23500.0
2024-07-23,23550.0,23550.0,22350.0,22900.0,633066150,27254,12,22900.0,22350.0
2024-07-24,22300.0,23300.0,22250.0,22800.0,3123660650,139554,38,22900.0,22250.0
2024-07-27,22200.0,23450.0,22150.0,22850.0,3995291750,172367,42,22800.0,23450.0
2024-07-29,23500.0,23500.0,22250.0,22850.0,840613550,36724,16,22850.0,22900.0
2024-07-30,22300.0,22350.0,22300.0,22850.0,406969000,18225,13,22850.0,22300.0
2024-07-31,22200.0,22200.0,22200.0,22850.0,373670400,16832,8,22850.0,22200.0
2024-08-03,22200.0,22200.0,22200.0,22850.0,246309000,11095,8,22850.0,22200.0
2024-08-05,22650.0,22650.0,22650.0,22850.0,503962500,22250,7,22850.0,22650.0
2024-08-14,22650.0,22650.0,22650.0,22850.0,528220650,23321,11,22850.0,22650.0
2024-08-17,22400.0,22400.0,22400.0,22800.0,1111734400,49631,15,22850.0,22400.0
2024-08-18,22350.0,22350.0,22350.0,22800.0,382542600,17116,5,22800.0,22350.0
2024-08-19,22350.0,22350.0,22350.0,22800.0,164741850,7371,4,22800.0,22350.0
2024-08-26,22350.0,22350.0,22350.0,22800.0,297255000,13300,7,22800.0,22350.0
2024-08-27,22350.0,22350.0,22350.0,22800.0,447000000,20000,8,22800.0,22350.0
2024-08-28,22350.0,22350.0,22350.0,22800.0,447000000,20000,5,22800.0,22350.0
2024-08-31,22350.0,22350.0,22350.0,22800.0,1068598200,47812,14,22800.0,22350.0
2024-09-01,21900.0,22600.0,21900.0,22750.0,673760100,30721,16,22800.0,22600.0
2024-09-03,23200.0,23200.0,22300.0,22750.0,793403350,35041,11,22750.0,22300.0
2024-09-07,22100.0,22250.0,22100.0,22750.0,583387200,26382,13,22750.0,22100.0
2024-09-08,22100.0,22100.0,22100.0,22750.0,322151700,14577,8,22750.0,22100.0
2024-09-09,22100.0,22100.0,22100.0,22750.0,742471600,33596,6,22750.0,22100.0
2024-09-10,22100.0,22100.0,22100.0,22750.0,76576500,3465,1,22750.0,22100.0
2024-09-14,22100.0,22100.0,22100.0,22750.0,102566100,4641,1,22750.0,22100.0
2024-09-15,21650.0,21700.0,21650.0,22650.0,1729408900,79866,30,22750.0,21650.0
2024-09-23,22000.0,22000.0,22000.0,22650.0,155078000,7049,6,22650.0,22000.0
2024-09-24,21550.0,21950.0,21550.0,22400.0,4127017350,191390,56,22650.0,21550.0
2024-09-25,21750.0,21800.0,21750.0,22350.0,1899689350,87336,24,22400.0,21750.0
2024-10-09,22150.0,22150.0,22150.0,22350.0,55375000,2500,1,22350.0,22150.0
2024-10-12,21700.0,21700.0,21700.0,22300.0,1620729600,74688,18,22350.0,21700.0
2024-10-13,21650.0,21650.0,21650.0,22300.0,213533950,9863,4,22300.0,21650.0
2024-10-14,21650.0,21650.0,21650.0,22300.0,108250000,5000,3,22300.0,21650.0
2024-10-19,21200.0,21200.0,21200.0,22300.0,53000000,2500,3,22300.0,21200.0
2024-10-26,21650.0,21700.0,21650.0,22200.0,2556350000,118000,10,22300.0,21650.0
2024-10-28,21550.0,21550.0,21550.0,22200.0,50103750,2325,2,22200.0,21550.0
2024-11-02,21550.0,21550.0,21550.0,22200.0,52603550,2441,1,22200.0,21550.0
2024-11-03,21100.0,21100.0,21100.0,22200.0,168420200,7982,5,22200.0,21100.0
2024-11-10,21550.0,21550.0,21550.0,22150.0,1362304800,63216,32,22200.0,21550.0
2024-11-11,21050.0,21950.0,21050.0,22100.0,1388773400,65669,29,22150.0,21050.0
2024-11-12,21450.0,21450.0,21450.0,22100.0,171385500,7990,3,22100.0,21450.0
2024-11-13,21450.0,21450.0,21450.0,22100.0,123809400,5772,1,22100.0,21450.0
2024-11-18,21450.0,21450.0,21450.0,22100.0,429000000,20000,8,22100.0,21450.0
2024-11-19,21000.0,21050.0,21000.0,22000.0,1930639100,91895,34,22100.0,21000.0
2024-11-23,21350.0,21350.0,21350.0,22000.0,47140800,2208,2,22000.0,21350.0
2024-11-24,21350.0,21700.0,21350.0,21850.0,4516921650,211172,54,22000.0,21400.0
2024-11-25,21500.0,22450.0,21450.0,21850.0,3154250800,144378,56,21850.0,21800.0
2024-11-26,22500.0,22500.0,21250.0,21800.0,1470393450,68572,22,21850.0,21400.0
2024-11-27,21350.0,21350.0,21150.0,21750.0,1015690750,47847,18,21800.0,21150.0
2024-11-30,22250.0,22250.0,21100.0,21750.0,1121995450,52468,19,21750.0,21150.0
2024-12-01,21100.0,22400.0,21100.0,21900.0,6635817850,298332,36,21750.0,22400.0
2024-12-02,22550.0,22550.0,22550.0,22000.0,2498585100,110802,26,21900.0,22550.0
2024-12-03,22500.0,22600.0,22050.0,22000.0,273410500,12220,10,22000.0,22050.0
2024-12-04,21450.0,22100.0,21450.0,22000.0,552394500,25569,16,22000.0,21550.0
2024-12-07,21550.0,22300.0,21450.0,22000.0,807151850,37218,14,22000.0,22300.0
2024-12-08,21400.0,21600.0,21400.0,22000.0,473342950,22003,9,22000.0,21550.0
2024-12-09,22300.0,22600.0,21350.0,22050.0,1975925300,88524,31,22000.0,22100.0
2024-12-10,21550.0,21800.0,21550.0,22050.0,428527150,19764,11,22050.0,21650.0
2024-12-11,21500.0,22000.0,21500.0,22050.0,3159874600,144232,16,22050.0,21900.0
2024-12-14,22200.0,22650.0,22200.0,22150.0,3682718000,163277,46,22050.0,22450.0
2024-12-15,22750.0,22800.0,21700.0,22350.0,7818859350,344690,74,22150.0,22800.0
2024-12-16,21900.0,23000.0,21900.0,22550.0,7373239600,321188,51,22350.0,23000.0
2024-12-17,22700.0,23200.0,21900.0,22550.0,1543864800,68952,26,22550.0,21900.0
2024-12-18,21900.0,21950.0,21900.0,22500.0,822105250,37536,18,22550.0,21900.0
2024-12-21,21850.0,22000.0,21850.0,22450.0,1354730950,61763,23,22500.0,21850.0
2024-12-22,21800.0,21800.0,21800.0,22400.0,1074151400,49273,20,22450.0,21800.0
2024-12-23,21800.0,22200.0,21750.0,22400.0,645579950,29654,26,22400.0,21750.0
2024-12-24,21750.0,21800.0,21750.0,22350.0,1278790750,58789,18,22400.0,21750.0
2024-12-25,21750.0,21750.0,21700.0,22300.0,1316154900,60647,19,22350.0,21700.0
2024-12-28,22700.0,22700.0,21650.0,22300.0,385909300,17595,10,22300.0,21650.0
2024-12-29,22800.0,22900.0,21650.0,22300.0,237092700,10683,10,22300.0,21650.0
2024-12-30,21650.0,21650.0,21650.0,22300.0,74281150,3431,5,22300.0,21650.0
2024-12-31,21650.0,21650.0,21650.0,22250.0,771367850,35629,11,22300.0,21650.0
2025-01-04,21650.0,22800.0,21600.0,22150.0,2662972950,122832,45,22250.0,21600.0
2025-01-05,21500.0,21950.0,21500.0,22150.0,841319500,38973,30,22150.0,21550.0
2025-01-06,21500.0,21600.0,21500.0,22100.0,1216786050,56554,26,22150.0,21550.0
2025-01-07,21450.0,22500.0,21450.0,22100.0,600460100,27827,12,22100.0,21700.0
2025-01-08,21450.0,21800.0,21450.0,21800.0,8597226000,400406,71,22100.0,21800.0
2025-01-11,22100.0,22450.0,22000.0,21950.0,6112983300,273797,77,21800.0,22300.0
2025-01-12,21300.0,21400.0,21300.0,21950.0,546933800,25567,23,21950.0,21400.0
2025-01-13,21300.0,22600.0,21300.0,21950.0,4924139350,223975,54,21950.0,22600.0
2025-01-15,21500.0,22600.0,21500.0,21950.0,1572398950,70964,32,21950.0,22600.0
2025-01-18,21300.0,21300.0,21300.0,21950.0,498505200,23404,6,21950.0,21300.0
2025-01-19,21400.0,21400.0,21300.0,21950.0,217966000,10222,5,21950.0,21300.0
2025-01-20,21300.0,21300.0,21300.0,21950.0,427256700,20059,10,21950.0,21300.0
2025-01-21,21300.0,21300.0,21300.0,21850.0,2878332900,135133,22,21950.0,21300.0
2025-01-22,21300.0,21300.0,21200.0,21800.0,763077700,35978,14,21850.0,21200.0
2025-01-25,21150.0,21150.0,21150.0,21750.0,2102225400,99396,21,21800.0,21150.0
2025-01-26,21150.0,22000.0,21150.0,21750.0,548963100,25315,7,21750.0,21700.0
2025-01-27,21100.0,21100.0,21100.0,21700.0,953551200,45192,11,21750.0,21100.0
2025-01-29,21050.0,21050.0,21050.0,21700.0,116406500,5530,2,21700.0,21050.0
2025-02-01,21050.0,21050.0,21050.0,21700.0,170105050,8081,5,21700.0,21050.0
2025-02-02,21050.0,21050.0,21050.0,21700.0,50309500,2390,1,21700.0,21050.0
2025-02-03,21050.0,21050.0,21050.0,21700.0,415084950,19719,7,21700.0,21050.0
2025-02-04,20650.0,20750.0,20650.0,21600.0,1886414200,91328,35,21700.0,20650.0
2025-02-05,21000.0,21000.0,21000.0,21600.0,169365000,8065,1,21600.0,21000.0
2025-02-09,21000.0,21000.0,21000.0,21600.0,550011000,26191,10,21600.0,21000.0
2025-02-11,21000.0,21000.0,21000.0,21600.0,105000000,5000,3,21600.0,21000.0
2025-02-16,21000.0,21000.0,21000.0,21600.0,50001000,2381,1,21600.0,21000.0
2025-02-23,21000.0,21000.0,21000.0,21600.0,210000000,10000,3,21600.0,21000.0
2025-02-25,21000.0,21000.0,21000.0,21600.0,743652000,35412,15,21600.0,21000.0
2025-03-02,20550.0,20550.0,20550.0,21600.0,213432300,10386,9,21600.0,20550.0
2025-03-04,21000.0,21000.0,21000.0,21600.0,50400000,2400,1,21600.0,21000.0
2025-03-16,21000.0,21000.0,21000.0,21600.0,4977000,237,1,21600.0,21000.0
2025-03-17,21000.0,21000.0,21000.0,21600.0,4977000,237,1,21600.0,21000.0
2025-03-18,20550.0,20550.0,20550.0,21600.0,9740700,474,2,21600.0,20550.0
2025-03-25,21000.0,21000.0,21000.0,21600.0,28035000,1335,2,21600.0,21000.0
2025-03-26,21000.0,21000.0,21000.0,21600.0,312963000,14903,6,21600.0,21000.0
2025-03-29,21000.0,21000.0,21000.0,21600.0,105000000,5000,2,21600.0,21000.0
2025-03-30,21000.0,21000.0,21000.0,21600.0,3969000,189,1,21600.0,21000.0
2025-04-05,21000.0,21600.0,21000.0,21600.0,1194401200,56330,13,21600.0,21400.0
2025-04-06,22100.0,22100.0,21000.0,21600.0,172040000,8074,4,21600.0,21000.0
2025-04-07,21000.0,21000.0,21000.0,21600.0,52500000,2500,2,21600.0,21000.0
2025-04-08,21000.0,21500.0,21000.0,21550.0,2137971000,101156,42,21600.0,21250.0
2025-04-09,20950.0,21000.0,20950.0,21500.0,1379633000,65723,9,21550.0,21000.0
2025-04-12,20900.0,20900.0,20900.0,21500.0,209585200,10028,6,21500.0,20900.0
2025-04-30,22000.0,22000.0,22000.0,21450.0,66000000,3000,1,21450.0,22000.0
2025-05-03,20850.0,20850.0,20850.0,21400.0,845133900,40534,15,21450.0,20850.0
2025-05-04,20800.0,20800.0,20800.0,21400.0,257192000,12365,8,21400.0,20800.0
2025-05-07,20800.0,20800.0,20800.0,21400.0,799344000,38430,10,21400.0,20800.0
2025-05-10,20350.0,20350.0,20350.0,21350.0,895115100,43986,23,21400.0,20350.0
2025-05-11,20750.0,20750.0,20750.0,21300.0,871500000,42000,6,21350.0,20750.0
2025-05-12,20700.0,20950.0,20700.0,21250.0,1708836150,82516,31,21300.0,20700.0
2025-05-13,20650.0,20650.0,20650.0,21250.0,764958600,37044,19,21250.0,20650.0
2025-05-14,20650.0,20650.0,20650.0,21250.0,51625000,2500,1,21250.0,20650.0
2025-05-17,20650.0,20650.0,20650.0,21250.0,103229350,4999,2,21250.0,20650.0
2025-05-18,20650.0,20700.0,20650.0,21200.0,2358564800,114192,28,21250.0,20650.0
2025-05-19,20600.0,20600.0,20600.0,21200.0,118450000,5750,3,21200.0,20600.0
2025-05-20,20600.0,20600.0,20600.0,21200.0,41200,2,2,21200.0,20600.0
2025-05-26,20150.0,20150.0,20150.0,21200.0,251875000,12500,6,21200.0,20150.0
2025-06-02,20600.0,20600.0,20600.0,21200.0,66599800,3233,3,21200.0,20600.0
2025-06-03,20150.0,20150.0,20150.0,21100.0,1735257550,86117,12,21200.0,20150.0
2025-06-07,20500.0,20500.0,20500.0,21100.0,102500000,5000,3,21100.0,20500.0
2025-07-02,20500.0,20500.0,20500.0,21100.0,205000000,10000,1,21100.0,20500.0
2025-07-08,20050.0,20050.0,20050.0,21100.0,100250000,5000,1,21100.0,20050.0
2025-07-14,20500.0,20500.0,20500.0,21100.0,50799000,2478,1,21100.0,20500.0
2025-07-19,20500.0,20500.0,20500.0,21100.0,99630000,4860,2,21100.0,20500.0
2025-09-13,20050.0,20050.0,20050.0,20050.0,172249550,8591,4,21100.0,20050.0
2025-09-14,19450.0,19450.0,19450.0,20050.0,109834150,5647,2,20050.0,19450.0
2025-09-17,19450.0,19450.0,19450.0,20050.0,50570000,2600,1,20050.0,19450.0
