date,open,high,low,adjClose,value,volume,count,yesterday,close
2013-10-20,550.0,550.0,550.0,550.0,164777250,299595,1,1000.0,550.0
2013-10-30,2150.0,2150.0,1001.0,1056.0,489370520,463532,8,550.0,1111.0
2013-11-03,1199.0,1304.0,1001.0,1234.0,557072700,451300,37,1056.0,1304.0
2013-11-06,1226.0,1400.0,1199.0,1225.0,4788509677,3907753,12,1234.0,1200.0
2013-11-09,1254.0,2150.0,1199.0,1420.0,947111184,666930,25,1225.0,1199.0
2013-11-16,1999.0,2001.0,1450.0,1804.0,712760152,395000,17,1420.0,1510.0
2013-11-18,2000.0,2000.0,2000.0,2000.0,20000,10,1,1804.0,2000.0
2013-11-23,1410.0,1700.0,1350.0,1420.0,1894734950,1334077,12,2000.0,1405.0
2013-11-24,2301.0,2301.0,1190.0,1853.0,1399520176,755092,56,1420.0,1700.0
2013-11-25,1990.0,2199.0,1700.0,1995.0,1096306150,549629,51,1853.0,1988.0
2014-03-05,2700.0,3000.0,1120.0,2195.0,6700323560,3053001,227,1995.0,2100.0
2014-03-08,2300.0,2500.0,1990.0,2173.0,1053530026,484889,44,2195.0,2110.0
2014-03-09,1800.0,2700.0,1750.0,2156.0,2932499154,1360173,86,2173.0,2490.0
2014-03-10,2200.0,2589.0,2100.0,2386.0,1422036808,596075,44,2156.0,2385.0
2014-03-11,2500.0,2500.0,2300.0,2465.0,1378493513,559302,46,2386.0,2490.0
2014-03-12,2311.0,2580.0,2300.0,2452.0,1312496500,535193,41,2465.0,2330.0
2014-03-15,2490.0,2490.0,2200.0,2370.0,534279747,225480,25,2452.0,2200.0
2014-03-16,2210.0,2380.0,2200.0,2262.0,828843435,366424,23,2370.0,2215.0
2014-03-17,2300.0,2300.0,2100.0,2269.0,1196863860,527589,18,2262.0,2250.0
2014-03-18,2250.0,2450.0,2250.0,2366.0,381413650,161186,12,2269.0,2450.0
2014-03-19,2350.0,2400.0,2270.0,2337.0,248252750,106214,31,2366.0,2350.0
2014-03-25,2350.0,2390.0,2229.0,2343.0,31827555,13585,5,2337.0,2390.0
2014-03-26,2350.0,2350.0,2300.0,2350.0,320750000,136500,9,2343.0,2350.0
2014-03-29,2350.0,2350.0,2222.0,2259.0,503542162,222933,19,2350.0,2222.0
2014-03-30,2224.0,2300.0,2181.0,2203.0,664893615,301864,16,2259.0,2200.0
2014-03-31,2200.0,2200.0,2185.0,2194.0,52309466,23837,7,2203.0,2200.0
2014-04-05,2200.0,2250.0,2170.0,2190.0,744758945,340112,33,2194.0,2172.0
2014-04-06,2173.0,2249.0,2051.0,2136.0,2151960605,1007562,38,2190.0,2053.0
2014-04-07,2130.0,2130.0,2002.0,2047.0,1536252786,750670,21,2136.0,2002.0
2014-04-08,2000.0,2002.0,1802.0,1954.0,493682054,252687,31,2047.0,1802.0
2014-04-09,1803.0,1803.0,1779.0,1795.0,557979870,310789,10,1954.0,1800.0
2014-04-12,1700.0,1800.0,1511.0,1676.0,1107755390,661091,33,1795.0,1511.0
2014-04-13,1750.0,1750.0,1480.0,1516.0,742028320,489559,17,1676.0,1480.0
2014-04-14,1501.0,1501.0,1399.0,1431.0,768726722,537296,35,1516.0,1500.0
2014-04-15,1659.0,1730.0,1500.0,1620.0,1055182591,651444,36,1431.0,1511.0
2014-04-16,1666.0,1850.0,1550.0,1730.0,827510224,478264,26,1620.0,1602.0
2014-04-19,1562.0,1700.0,1500.0,1569.0,511298256,325866,15,1730.0,1500.0
2014-04-20,1700.0,1800.0,1610.0,1713.0,780176600,455460,10,1569.0,1700.0
2014-04-21,1720.0,1800.0,1700.0,1756.0,166949850,95098,11,1713.0,1720.0
2014-04-22,1800.0,1899.0,1721.0,1789.0,553671800,309441,14,1756.0,1830.0
2014-04-23,1721.0,1899.0,1721.0,1774.0,366549591,206656,12,1789.0,1733.0
2014-04-26,1900.0,2000.0,1830.0,1932.0,1360212995,704027,19,1774.0,2000.0
2014-04-27,2000.0,2000.0,1835.0,1914.0,219081000,114481,10,1932.0,2000.0
2014-04-28,1840.0,2100.0,1800.0,1880.0,205630480,109387,13,1914.0,2000.0
2014-04-29,1900.0,2100.0,1750.0,1825.0,360417288,197440,17,1880.0,1750.0
2014-04-30,1800.0,1880.0,1750.0,1792.0,110991357,61937,9,1825.0,1750.0
2014-05-03,1800.0,1850.0,1799.0,1800.0,232168050,128953,9,1792.0,1850.0
2014-05-04,1800.0,1999.0,1800.0,1882.0,691106051,367265,27,1800.0,1996.0
2014-05-05,1950.0,1999.0,1822.0,1935.0,540196340,279210,20,1882.0,1995.0
2014-05-06,1888.0,2000.0,1802.0,1978.0,175119864,88528,13,1935.0,1992.0
2014-05-07,1800.0,1950.0,1760.0,1816.0,344755632,189822,15,1978.0,1760.0
2014-05-10,1940.0,1940.0,1700.0,1759.0,728717276,414216,30,1816.0,1800.0
2014-05-11,1700.0,1800.0,1650.0,1661.0,223298600,134417,11,1759.0,1800.0
2014-05-12,1700.0,1918.0,1552.0,1622.0,827961070,510420,22,1661.0,1750.0
2014-05-14,1630.0,1800.0,1630.0,1686.0,111830750,66333,8,1622.0,1750.0
2014-05-17,1620.0,1750.0,1553.0,1627.0,132655424,81514,10,1686.0,1600.0
2014-05-18,1600.0,1739.0,1600.0,1678.0,90698050,54060,8,1627.0,1725.0
2014-05-19,1740.0,1790.0,1640.0,1693.0,202434150,119554,27,1678.0,1700.0
2014-05-20,1621.0,1790.0,1572.0,1701.0,294499248,173083,28,1693.0,1600.0
2014-05-21,1700.0,1700.0,1613.0,1632.0,73418100,44993,4,1701.0,1613.0
2014-05-24,1600.0,1631.0,1600.0,1610.0,197599015,122749,16,1632.0,1631.0
2014-05-25,1631.0,1720.0,1631.0,1662.0,59677400,35900,11,1610.0,1635.0
2014-05-26,1635.0,1800.0,1611.0,1725.0,644777325,373695,27,1662.0,1800.0
2014-05-28,1750.0,1755.0,1662.0,1718.0,143129515,83312,14,1725.0,1662.0
2014-05-31,1700.0,1780.0,1670.0,1766.0,1445227242,818513,33,1718.0,1779.0
2014-06-01,1780.0,1909.0,1750.0,1834.0,699628619,381435,36,1766.0,1750.0
2014-06-02,1750.0,1885.0,1750.0,1836.0,776276630,422815,16,1834.0,1885.0
2014-06-03,1800.0,2100.0,1800.0,1968.0,2024568550,1028659,77,1836.0,2100.0
2014-06-07,2200.0,2400.0,2040.0,2262.0,2429062413,1074079,108,1968.0,2400.0
2014-06-08,2390.0,2450.0,2200.0,2298.0,1175489579,511601,64,2262.0,2380.0
2014-06-09,2360.0,2360.0,2160.0,2201.0,173620641,78888,10,2298.0,2200.0
2014-06-10,2160.0,2450.0,2100.0,2404.0,3975641596,1653442,81,2201.0,2429.0
2014-06-11,2429.0,2490.0,2300.0,2448.0,2982810150,1218390,56,2404.0,2490.0
2014-06-14,2431.0,2501.0,2430.0,2487.0,3026926185,1217019,70,2448.0,2499.0
2014-06-15,2499.0,2499.0,2270.0,2393.0,826435094,345326,27,2487.0,2270.0
2014-06-16,2330.0,2499.0,2330.0,2407.0,432411742,179650,14,2393.0,2499.0
2014-08-05,2400.0,2500.0,2300.0,2370.0,1574840148,664373,48,2407.0,2300.0
2014-08-06,2300.0,2370.0,2300.0,2304.0,95248170,41341,4,2370.0,2370.0
2014-08-09,2270.0,2290.0,2103.0,2182.0,1631461047,747531,27,2304.0,2172.0
2014-08-10,2170.0,2400.0,2170.0,2324.0,1413027413,608146,38,2182.0,2400.0
2014-08-11,2280.0,2800.0,2280.0,2526.0,2400939381,950307,80,2324.0,2790.0
2014-08-12,2700.0,3100.0,2700.0,2895.0,4630040170,1599582,94,2526.0,3000.0
2014-08-13,3020.0,3100.0,3000.0,3036.0,674821500,222265,7,2895.0,3100.0
2014-08-16,4200.0,4200.0,3070.0,3772.0,1742902671,462105,49,3036.0,3770.0
2014-08-17,4000.0,4000.0,3600.0,3916.0,1616752209,412833,59,3772.0,3950.0
2014-08-18,4010.0,4010.0,3150.0,3596.0,2605973191,724688,88,3916.0,3150.0
2014-08-19,3800.0,3800.0,3361.0,3500.0,777303367,222075,25,3596.0,3600.0
2014-08-20,3820.0,3820.0,3590.0,3764.0,2324359741,617567,69,3500.0,3808.0
2014-08-23,3900.0,3900.0,3700.0,3806.0,2463790152,647338,38,3764.0,3700.0
2014-08-24,3940.0,3950.0,3710.0,3813.0,743422916,194963,18,3806.0,3710.0
2014-08-25,3900.0,3900.0,3720.0,3831.0,641567047,167470,28,3813.0,3900.0
2014-08-26,3940.0,3950.0,3823.0,3897.0,1353792754,347362,29,3831.0,3823.0
2014-08-27,3910.0,3950.0,2501.0,3315.0,4861803982,1466450,115,3897.0,3010.0
2014-08-31,3500.0,3500.0,3031.0,3447.0,3330963483,966474,20,3315.0,3050.0
2014-09-01,3490.0,3491.0,3200.0,3459.0,571536440,165230,26,3447.0,3250.0
2014-09-02,3450.0,3463.0,3111.0,3352.0,993770000,296500,20,3459.0,3460.0
2014-09-03,3200.0,3210.0,3122.0,3193.0,45018800,14100,6,3352.0,3122.0
2014-09-06,3180.0,3200.0,3000.0,3027.0,2554325291,843918,43,3193.0,3001.0
2014-09-07,2950.0,3100.0,2800.0,2949.0,220912240,74904,20,3027.0,2800.0
2014-09-08,2811.0,2811.0,2701.0,2803.0,313106029,111719,11,2949.0,2750.0
2014-09-09,2800.0,2810.0,2550.0,2697.0,1174168353,435346,34,2803.0,2602.0
2014-09-10,2790.0,2998.0,2690.0,2865.0,826271172,288419,34,2697.0,2997.0
2014-09-13,2999.0,3100.0,2990.0,3014.0,864729932,286922,34,2865.0,3030.0
2014-09-14,3200.0,3300.0,3030.0,3256.0,654858300,201144,30,3014.0,3250.0
2014-09-15,3200.0,3300.0,3000.0,3061.0,1368205314,446968,20,3256.0,3000.0
2014-09-16,3030.0,3030.0,3000.0,3000.0,401743208,133905,9,3061.0,3001.0
2014-09-17,2940.0,3000.0,2832.0,2923.0,803623102,274906,29,3000.0,2835.0
2014-09-20,2923.0,2990.0,2835.0,2912.0,882018714,302938,10,2923.0,2900.0
2014-09-21,2900.0,3150.0,2900.0,3000.0,956176768,318722,29,2912.0,2930.0
2014-09-22,2971.0,3180.0,2971.0,3134.0,30366145,9690,5,3000.0,3170.0
2014-09-23,3198.0,3198.0,3020.0,3168.0,161747500,51050,7,3134.0,3023.0
2014-09-24,3190.0,3500.0,3150.0,3393.0,1733201485,510783,39,3168.0,3410.0
2014-09-27,3500.0,3500.0,3300.0,3482.0,771568867,221610,27,3393.0,3468.0
2014-09-28,3303.0,3400.0,3150.0,3305.0,571594700,172925,17,3482.0,3300.0
2014-09-29,3160.0,3200.0,3072.0,3103.0,31771200,10238,5,3305.0,3200.0
2014-09-30,3169.0,3300.0,3100.0,3201.0,540122018,168734,14,3103.0,3150.0
2014-10-01,3151.0,3200.0,3050.0,3141.0,567257410,180622,19,3201.0,3200.0
2014-10-04,3100.0,3100.0,2900.0,2990.0,703022242,235142,26,3141.0,3000.0
2014-10-06,3000.0,3080.0,2900.0,3025.0,615635164,203502,16,2990.0,2901.0
2014-10-07,2998.0,3050.0,2900.0,2998.0,510479830,170274,15,3025.0,3000.0
2014-10-08,2910.0,3011.0,2900.0,2947.0,315392770,107018,12,2998.0,2900.0
2014-10-11,2852.0,2999.0,2850.0,2927.0,843454850,288160,32,2947.0,2999.0
2014-10-12,2988.0,2988.0,2700.0,2780.0,950264888,341862,43,2927.0,2790.0
2014-10-14,2790.0,2929.0,2611.0,2850.0,627857370,220296,17,2780.0,2611.0
2014-10-15,2700.0,2700.0,2600.0,2653.0,1456023765,548724,39,2850.0,2700.0
2014-10-18,2800.0,2900.0,2788.0,2830.0,569126870,201104,24,2653.0,2886.0
2014-10-19,2884.0,2909.0,2700.0,2843.0,784547320,275933,23,2830.0,2700.0
2014-10-20,2700.0,2770.0,2550.0,2644.0,1623674973,614036,46,2843.0,2739.0
2014-10-21,2700.0,2760.0,2651.0,2671.0,276316571,103465,12,2644.0,2651.0
2014-10-22,2632.0,2810.0,2550.0,2595.0,1803758263,695006,37,2671.0,2600.0
2014-10-25,2600.0,2600.0,2500.0,2524.0,1098797944,435283,26,2595.0,2500.0
2014-10-26,2450.0,2530.0,2410.0,2478.0,1782151041,719331,24,2524.0,2411.0
2014-10-27,2500.0,2550.0,2480.0,2516.0,461416740,183386,22,2478.0,2480.0
2014-10-28,2499.0,2500.0,2414.0,2477.0,552794491,223199,13,2516.0,2414.0
2014-10-29,2490.0,2519.0,2400.0,2452.0,658531504,268566,12,2477.0,2490.0
2014-11-01,2450.0,2500.0,2400.0,2473.0,1182888250,478225,10,2452.0,2400.0
2014-11-02,2450.0,2469.0,2311.0,2394.0,893021340,372977,21,2473.0,2392.0
2014-11-05,2320.0,2350.0,2311.0,2312.0,475375440,205617,3,2394.0,2350.0
2014-11-08,2380.0,2960.0,2310.0,2631.0,6192708815,2354161,106,2312.0,2960.0
2014-11-09,3150.0,3350.0,2979.0,3132.0,4250879730,1357334,116,2631.0,3250.0
2014-11-10,3300.0,3400.0,3100.0,3300.0,4781651484,1448854,79,3132.0,3250.0
2014-11-11,3300.0,3330.0,3290.0,3300.0,3304408140,1001424,8,3300.0,3300.0
2014-11-12,3210.0,3250.0,3100.0,3171.0,1037998920,327358,30,3300.0,3100.0
2014-11-15,3010.0,3100.0,3000.0,3031.0,1294716000,427091,32,3171.0,3000.0
2014-11-16,3000.0,3000.0,2900.0,2947.0,831465334,282144,17,3031.0,2910.0
2014-11-17,2850.0,3300.0,2850.0,3098.0,2636205858,851024,75,2947.0,3249.0
2014-11-18,3230.0,3300.0,3050.0,3257.0,1610258304,494329,44,3098.0,3100.0
2014-11-19,3110.0,3110.0,3050.0,3057.0,498503350,163047,14,3257.0,3050.0
2014-11-22,3050.0,3150.0,2915.0,2957.0,701957150,237419,15,3057.0,2915.0
2014-11-23,3000.0,3010.0,3000.0,3002.0,372253000,124001,7,2957.0,3000.0
2014-11-24,3000.0,3000.0,2950.0,2962.0,966751300,326414,16,3002.0,2950.0
2014-11-25,2912.0,2952.0,2600.0,2772.0,1270082746,458133,32,2962.0,2700.0
2014-11-26,2701.0,2750.0,2602.0,2656.0,770457720,290130,13,2772.0,2615.0
2014-11-29,2630.0,2835.0,2630.0,2774.0,352455940,127052,19,2656.0,2700.0
2014-11-30,2700.0,2790.0,2501.0,2628.0,1315586249,500614,48,2774.0,2550.0
2014-12-01,2550.0,2680.0,2500.0,2571.0,1343796909,522707,55,2628.0,2630.0
2014-12-02,2630.0,2697.0,2551.0,2607.0,952768317,365532,25,2571.0,2695.0
2014-12-03,2700.0,2835.0,2660.0,2704.0,1747466604,646271,31,2607.0,2700.0
2014-12-06,2779.0,2779.0,2500.0,2578.0,2209264690,856815,32,2704.0,2500.0
2014-12-07,2560.0,2570.0,2560.0,2565.0,655348863,255498,18,2578.0,2570.0
2014-12-08,2700.0,2700.0,2610.0,2675.0,630989750,235915,15,2565.0,2610.0
2014-12-09,2700.0,2700.0,2570.0,2610.0,675865067,258962,33,2675.0,2649.0
2014-12-10,2610.0,2650.0,2550.0,2583.0,750307500,290530,20,2610.0,2649.0
2014-12-14,2560.0,2560.0,2450.0,2517.0,1214055900,482302,26,2583.0,2450.0
2014-12-15,2450.0,2460.0,2400.0,2414.0,540714000,223985,32,2517.0,2400.0
2014-12-16,2500.0,2629.0,2380.0,2507.0,360125208,143658,22,2414.0,2549.0
2014-12-17,2410.0,2413.0,2370.0,2407.0,107124000,44500,11,2507.0,2370.0
2014-12-20,2400.0,2529.0,2375.0,2447.0,101561264,41499,9,2407.0,2529.0
2014-12-22,2530.0,2650.0,2530.0,2589.0,681480800,263220,25,2447.0,2600.0
2014-12-24,2670.0,2690.0,2600.0,2640.0,488913020,185210,26,2589.0,2600.0
2014-12-27,2600.0,2600.0,2540.0,2565.0,457570810,178371,13,2640.0,2540.0
2014-12-28,2540.0,2600.0,2500.0,2518.0,843497812,335020,11,2565.0,2500.0
2014-12-29,2542.0,2600.0,2542.0,2594.0,399944994,154156,20,2518.0,2600.0
2014-12-30,2650.0,2680.0,2550.0,2625.0,667552510,254305,25,2594.0,2560.0
2014-12-31,2595.0,2595.0,2502.0,2544.0,526010909,206742,14,2625.0,2540.0
2015-01-03,2570.0,2570.0,2470.0,2496.0,304804285,122095,19,2544.0,2470.0
2015-01-04,2470.0,2550.0,2470.0,2503.0,180054825,71933,9,2496.0,2475.0
2015-01-05,2500.0,2500.0,2430.0,2468.0,323608650,131115,17,2503.0,2430.0
2015-01-06,2400.0,2450.0,2400.0,2400.0,150501000,62700,7,2468.0,2400.0
2015-01-07,2400.0,2400.0,2280.0,2309.0,754804864,326936,23,2400.0,2285.0
2015-01-10,2300.0,2350.0,2250.0,2320.0,648554215,279528,14,2309.0,2280.0
2015-01-11,2250.0,2250.0,2000.0,2092.0,1695493100,810301,50,2320.0,2040.0
2015-01-12,2000.0,2270.0,1963.0,2154.0,2064952470,958722,41,2092.0,2200.0
2015-01-13,2170.0,2250.0,2010.0,2142.0,747165200,348768,33,2154.0,2030.0
2015-01-14,2050.0,2150.0,2000.0,2028.0,619331975,305334,20,2142.0,2001.0
2015-01-17,2000.0,2170.0,2000.0,2109.0,677070300,320993,18,2028.0,2100.0
2015-01-18,2160.0,2185.0,2060.0,2075.0,445626310,214711,10,2109.0,2060.0
2015-01-19,2140.0,2187.0,2080.0,2142.0,253116530,118159,12,2075.0,2187.0
2015-01-20,2180.0,2238.0,2180.0,2202.0,218305604,99138,11,2142.0,2238.0
2015-01-21,2170.0,2180.0,2001.0,2099.0,640771550,305238,33,2202.0,2015.0
2015-01-24,2100.0,2230.0,2035.0,2054.0,475207380,231403,21,2099.0,2035.0
2015-01-25,2050.0,2100.0,2020.0,2084.0,2298015685,1102450,34,2054.0,2050.0
2015-01-26,2100.0,2100.0,2050.0,2055.0,783719155,381437,17,2084.0,2060.0
2015-01-27,2060.0,2200.0,2060.0,2163.0,1014913130,469243,29,2055.0,2200.0
2015-01-28,2185.0,2350.0,2165.0,2275.0,930165185,408848,28,2163.0,2251.0
2015-01-31,2222.0,2420.0,2200.0,2243.0,883487066,393823,24,2275.0,2420.0
2015-02-01,2420.0,2430.0,2271.0,2288.0,1489583670,650905,25,2243.0,2271.0
2015-02-02,2232.0,2320.0,2232.0,2281.0,203953093,89403,10,2288.0,2250.0
2015-02-03,2320.0,2390.0,2260.0,2317.0,268954327,116091,14,2281.0,2260.0
2015-02-04,2260.0,2420.0,2260.0,2391.0,452954646,189454,26,2317.0,2390.0
2015-02-07,2350.0,2350.0,2290.0,2317.0,57918142,25000,4,2391.0,2290.0
2015-02-08,2290.0,2350.0,2280.0,2300.0,454540525,197632,16,2317.0,2281.0
2015-02-09,2300.0,2300.0,2180.0,2252.0,649013600,288242,14,2300.0,2200.0
2015-02-10,2170.0,2248.0,2170.0,2217.0,144121672,65000,5,2252.0,2248.0
2015-02-14,2258.0,2258.0,2202.0,2228.0,15598000,7000,3,2217.0,2202.0
2015-02-15,2200.0,2260.0,2141.0,2184.0,314585940,144056,12,2228.0,2145.0
2015-02-16,2150.0,2260.0,2145.0,2230.0,197009346,88364,10,2184.0,2260.0
2015-02-17,2230.0,2250.0,2230.0,2244.0,220338760,98209,9,2230.0,2250.0
2015-02-18,2190.0,2190.0,2150.0,2169.0,300367000,138460,16,2244.0,2150.0
2015-02-21,2210.0,2240.0,2100.0,2189.0,518695850,236928,20,2169.0,2235.0
2015-02-22,2250.0,2250.0,2150.0,2239.0,463567000,207000,4,2189.0,2151.0
2015-02-23,2151.0,2151.0,2100.0,2131.0,135991510,63818,11,2239.0,2100.0
2015-02-24,2007.0,2118.0,2000.0,2034.0,618007512,303828,22,2131.0,2040.0
2015-02-25,2020.0,2023.0,2000.0,2017.0,109882434,54478,9,2034.0,2020.0
2015-02-28,2050.0,2105.0,2050.0,2085.0,295633900,141772,18,2017.0,2071.0
2015-03-01,2100.0,2142.0,2100.0,2108.0,67871000,32200,6,2085.0,2142.0
2015-03-02,2120.0,2189.0,2090.0,2100.0,85595700,40768,8,2108.0,2090.0
2015-03-03,2050.0,2050.0,2050.0,2050.0,633450,309,1,2100.0,2050.0
2015-03-04,2150.0,2169.0,2070.0,2115.0,181197090,85687,16,2050.0,2169.0
2015-03-07,2169.0,2169.0,2105.0,2125.0,137803608,64848,9,2115.0,2105.0
2015-03-08,2110.0,2110.0,2000.0,2039.0,1272278821,624050,30,2125.0,2031.0
2015-03-09,2020.0,2030.0,2002.0,2009.0,277291553,138048,15,2039.0,2002.0
2015-03-10,2108.0,2108.0,1950.0,1978.0,185748108,93899,16,2009.0,1950.0
2015-03-11,1950.0,1960.0,1900.0,1928.0,302176384,156752,21,1978.0,1900.0
2015-03-14,1910.0,2050.0,1900.0,1972.0,320188894,162349,23,1928.0,1960.0
2015-03-15,1950.0,2100.0,1950.0,2063.0,235288690,114075,14,1972.0,2030.0
2015-03-16,2030.0,2049.0,1910.0,1919.0,151574576,78978,16,2063.0,1910.0
2015-03-17,1901.0,2034.0,1900.0,1944.0,128087000,65900,8,1919.0,2030.0
2015-03-18,1910.0,2040.0,1910.0,2014.0,125914722,62531,8,1944.0,2040.0
2015-03-25,2048.0,2099.0,2048.0,2050.0,46255928,22561,2,2014.0,2099.0
2015-03-28,2078.0,2117.0,2078.0,2094.0,252044071,120368,8,2050.0,2117.0
2015-03-29,2109.0,2200.0,2008.0,2146.0,901855125,420332,30,2094.0,2160.0
2015-03-30,2070.0,2190.0,2000.0,2015.0,247794150,122997,10,2146.0,2002.0
2015-03-31,2070.0,2070.0,2002.0,2026.0,178256040,88004,11,2015.0,2010.0
2015-04-04,2180.0,2500.0,2070.0,2307.0,1692282710,733443,43,2026.0,2500.0
2015-04-05,2599.0,2800.0,2310.0,2630.0,2380875991,905299,105,2307.0,2450.0
2015-04-06,2450.0,2460.0,2202.0,2373.0,2058598900,867428,39,2630.0,2225.0
2015-04-07,2300.0,2390.0,2240.0,2286.0,328106450,143509,13,2373.0,2242.0
2015-04-08,2297.0,2500.0,2297.0,2383.0,838438675,351813,23,2286.0,2400.0
2015-04-11,2400.0,2400.0,2255.0,2319.0,813202930,350715,18,2383.0,2255.0
2015-04-12,2255.0,2280.0,2200.0,2237.0,793848105,354881,26,2319.0,2200.0
2015-04-13,2200.0,2230.0,2155.0,2175.0,415765170,191151,17,2237.0,2190.0
2015-04-14,2300.0,2300.0,2155.0,2196.0,61682800,28086,8,2175.0,2155.0
2015-04-15,2156.0,2250.0,2150.0,2181.0,316645640,145200,11,2196.0,2175.0
2015-04-18,2180.0,2180.0,2120.0,2150.0,1056614550,491546,16,2181.0,2123.0
2015-04-19,2179.0,2179.0,2120.0,2136.0,306035058,143270,13,2150.0,2155.0
2015-04-20,2110.0,2120.0,2040.0,2080.0,512024340,246126,15,2136.0,2050.0
2015-04-21,2032.0,2150.0,2032.0,2065.0,290556636,140684,14,2080.0,2070.0
2015-04-22,2100.0,2130.0,2100.0,2101.0,141972300,67563,10,2065.0,2100.0
2015-04-25,2100.0,2100.0,2050.0,2091.0,253969900,121469,14,2101.0,2070.0
2015-04-26,2031.0,2100.0,2030.0,2043.0,130119359,63689,6,2091.0,2100.0
2015-04-27,2149.0,2400.0,2100.0,2278.0,1531280304,672287,60,2043.0,2250.0
2015-04-28,2390.0,2390.0,2300.0,2365.0,208002884,87968,13,2278.0,2379.0
2015-04-29,2380.0,2550.0,2320.0,2480.0,1010530328,407420,44,2365.0,2500.0
2015-05-03,2570.0,2699.0,2500.0,2585.0,1015043614,392731,38,2480.0,2580.0
2015-05-04,2580.0,2700.0,2500.0,2518.0,372853160,148102,8,2585.0,2530.0
2015-05-05,2420.0,2530.0,2420.0,2482.0,115684500,46617,8,2518.0,2500.0
2015-05-06,2530.0,2750.0,2530.0,2639.0,1613526220,611438,49,2482.0,2650.0
2015-05-09,2600.0,2800.0,2600.0,2683.0,845544371,315115,23,2639.0,2601.0
2015-05-10,2600.0,2600.0,2500.0,2549.0,110440600,43321,5,2683.0,2500.0
2015-05-11,2500.0,2670.0,2499.0,2588.0,59043595,22811,5,2549.0,2500.0
2015-05-12,2450.0,2499.0,2311.0,2395.0,113493798,47391,12,2588.0,2450.0
2015-05-13,2450.0,2450.0,2151.0,2272.0,659477877,290254,20,2395.0,2251.0
2015-05-17,2390.0,2390.0,2150.0,2223.0,187933083,84532,5,2272.0,2200.0
2015-05-19,2280.0,2300.0,2280.0,2299.0,308329762,134138,14,2223.0,2300.0
2015-05-20,2300.0,2380.0,2300.0,2332.0,174925170,75010,9,2299.0,2370.0
2015-05-23,2350.0,2600.0,2350.0,2519.0,2211002288,877639,47,2332.0,2591.0
2015-05-24,2600.0,2660.0,2591.0,2599.0,494426777,190256,26,2519.0,2600.0
2015-05-25,2502.0,2502.0,2401.0,2423.0,315442990,130197,11,2599.0,2480.0
2015-05-26,2500.0,2500.0,2390.0,2417.0,287651397,119016,13,2423.0,2390.0
2015-05-27,2400.0,2500.0,2400.0,2400.0,174756620,72811,12,2417.0,2500.0
2015-05-30,2400.0,2500.0,2320.0,2446.0,381789900,156114,18,2400.0,2500.0
2015-05-31,2500.0,2680.0,2400.0,2590.0,481403702,185895,27,2446.0,2620.0
2015-06-01,2600.0,2750.0,2581.0,2692.0,890444725,330790,35,2590.0,2700.0
2015-06-02,2700.0,3000.0,2600.0,2877.0,2614306640,908552,77,2692.0,2921.0
2015-06-06,2990.0,3200.0,2990.0,3162.0,4941557043,1562599,70,2877.0,3100.0
2015-06-07,3158.0,3158.0,2900.0,3003.0,1113111968,370671,42,3162.0,2920.0
2015-06-08,2900.0,3050.0,2871.0,3009.0,1650466650,548518,41,3003.0,3000.0
2015-06-09,3000.0,3095.0,2960.0,3014.0,1016449560,337229,39,3009.0,2960.0
2015-06-10,3020.0,3039.0,2950.0,2988.0,822222708,275177,27,3014.0,2998.0
2015-06-13,2998.0,3100.0,2930.0,3025.0,1618619012,535033,66,2988.0,3100.0
2015-06-14,3100.0,3150.0,3050.0,3094.0,1267031672,409484,52,3025.0,3050.0
2015-06-15,3050.0,3050.0,2990.0,2997.0,600981000,200500,13,3094.0,3010.0
2015-06-16,3000.0,3059.0,2960.0,3001.0,330274171,110050,15,2997.0,3059.0
2015-06-17,3058.0,3150.0,3058.0,3122.0,1939501669,621322,61,3001.0,3100.0
2015-06-20,3100.0,3140.0,3030.0,3098.0,619117835,199833,18,3122.0,3099.0
2015-07-12,3099.0,3811.0,3099.0,3579.0,500207700,139781,17,3098.0,3811.0
2015-07-13,3800.0,4400.0,3800.0,4146.0,2533405820,611069,168,3579.0,4400.0
2015-07-14,4100.0,4200.0,3600.0,3848.0,1471210610,382350,63,4146.0,4000.0
2015-07-15,3900.0,4080.0,3650.0,3854.0,620166580,160924,20,3848.0,3700.0
2015-07-20,3652.0,3700.0,3500.0,3590.0,1279151750,356345,25,3854.0,3500.0
2015-07-21,3380.0,3590.0,3300.0,3408.0,2524615026,740788,57,3590.0,3550.0
2015-07-22,3600.0,3600.0,3240.0,3377.0,751349620,222493,32,3408.0,3300.0
2015-07-25,3480.0,3480.0,3201.0,3363.0,69369520,20628,4,3377.0,3201.0
2015-07-26,3399.0,3399.0,3300.0,3331.0,101265200,30401,8,3363.0,3350.0
2015-07-27,3300.0,3390.0,3130.0,3264.0,618657140,189524,22,3331.0,3290.0
2015-07-28,3210.0,3400.0,3200.0,3329.0,803967131,241525,26,3264.0,3370.0
2015-07-29,3340.0,3460.0,3280.0,3415.0,442575430,129595,22,3329.0,3460.0
2015-08-01,3400.0,3550.0,3400.0,3478.0,3504732010,1007635,44,3415.0,3460.0
2015-08-02,3500.0,3690.0,3465.0,3561.0,1209789370,339752,28,3478.0,3465.0
2015-08-03,3350.0,3538.0,3320.0,3385.0,258307620,76307,9,3561.0,3450.0
2015-08-04,3410.0,3500.0,3410.0,3424.0,294645480,86063,16,3385.0,3410.0
2015-08-05,3362.0,3430.0,3360.0,3408.0,402565010,118115,16,3424.0,3360.0
2015-08-08,3410.0,3410.0,3150.0,3278.0,1190930738,363322,31,3408.0,3150.0
2015-08-09,3300.0,3330.0,3022.0,3122.0,1290940000,413500,34,3278.0,3027.0
2015-08-10,3200.0,3200.0,3100.0,3128.0,562088380,179689,11,3122.0,3101.0
2015-08-12,3100.0,3100.0,3023.0,3061.0,229933173,75106,9,3128.0,3060.0
2015-08-15,3060.0,3160.0,3010.0,3063.0,439786754,143566,22,3061.0,3040.0
2015-08-16,3090.0,3200.0,3040.0,3148.0,683151630,217025,22,3063.0,3170.0
2015-08-17,3190.0,3280.0,3190.0,3232.0,836880250,258914,26,3148.0,3280.0
2015-08-18,3280.0,3350.0,3251.0,3323.0,448622280,135010,20,3232.0,3320.0
2015-08-19,3320.0,3320.0,3216.0,3244.0,406002267,125138,21,3323.0,3225.0
2015-08-22,3300.0,3300.0,3130.0,3172.0,186423470,58780,15,3244.0,3160.0
2015-08-23,3200.0,3500.0,3135.0,3374.0,2097218830,621640,63,3172.0,3430.0
2015-08-24,3430.0,3679.0,3430.0,3571.0,1068740626,299308,36,3374.0,3600.0
2015-08-25,3610.0,3679.0,3400.0,3477.0,1301271350,374233,28,3571.0,3400.0
2015-08-26,3300.0,3401.0,3201.0,3297.0,356909650,108246,21,3477.0,3300.0
2015-08-29,3399.0,3470.0,3399.0,3446.0,496633850,144124,12,3297.0,3470.0
2015-08-30,3460.0,3460.0,3459.0,3460.0,141846000,41000,3,3446.0,3460.0
2015-08-31,3420.0,3489.0,3320.0,3373.0,224658417,66606,10,3460.0,3321.0
2015-09-01,3389.0,3389.0,3380.0,3382.0,143064000,42300,3,3373.0,3380.0
2015-09-02,3382.0,3382.0,3382.0,3382.0,5796748,1714,1,3382.0,3382.0
2015-09-05,3400.0,3470.0,3360.0,3417.0,290319510,84961,11,3382.0,3360.0
2015-09-06,3360.0,3450.0,3310.0,3347.0,317696590,94929,14,3417.0,3310.0
2015-09-07,3310.0,3320.0,3200.0,3231.0,221450340,68534,17,3347.0,3300.0
2015-09-08,3201.0,3350.0,3200.0,3287.0,490344190,149192,13,3231.0,3290.0
2015-09-09,3170.0,3400.0,3170.0,3356.0,808678378,240985,18,3287.0,3400.0
2015-09-12,3420.0,3420.0,3223.0,3278.0,260199940,79386,12,3356.0,3223.0
2015-09-13,3223.0,3223.0,3155.0,3205.0,280095700,87400,12,3278.0,3162.0
2015-09-14,3162.0,3180.0,3131.0,3161.0,318618068,100788,12,3205.0,3131.0
2015-09-15,3131.0,3131.0,3100.0,3113.0,148125448,47590,16,3161.0,3100.0
2015-09-16,3100.0,3250.0,3100.0,3155.0,129691512,41102,8,3113.0,3120.0
2015-09-19,3102.0,3127.0,3102.0,3123.0,42067380,13470,5,3155.0,3123.0
2015-09-20,3150.0,3150.0,3009.0,3046.0,258369160,84822,21,3123.0,3010.0
2015-09-21,3000.0,3010.0,3000.0,3005.0,58232200,19376,8,3046.0,3000.0
2015-09-22,3000.0,3070.0,2940.0,3011.0,464803710,154370,21,3005.0,3000.0
2015-09-23,3070.0,3099.0,3000.0,3051.0,84498950,27698,12,3011.0,3099.0
2015-09-26,3050.0,3050.0,3031.0,3045.0,101402300,33300,5,3051.0,3050.0
2015-09-27,3031.0,3110.0,3000.0,3031.0,620231950,204650,26,3045.0,3000.0
2015-09-28,3010.0,3099.0,2970.0,3001.0,216735057,72217,15,3031.0,2971.0
2015-09-29,3000.0,3070.0,2970.0,2984.0,228369893,76543,15,3001.0,2990.0
2015-09-30,2975.0,2989.0,2950.0,2963.0,79624375,26875,6,2984.0,2989.0
2015-10-03,2950.0,2950.0,2823.0,2867.0,469820598,163866,21,2963.0,2823.0
2015-10-04,2823.0,2889.0,2822.0,2833.0,189216682,66784,6,2867.0,2822.0
2015-10-05,2840.0,2998.0,2800.0,2826.0,730730646,258529,16,2833.0,2998.0
2015-10-06,2890.0,2890.0,2890.0,2890.0,17340000,6000,3,2826.0,2890.0
2015-10-07,2979.0,3036.0,2979.0,3018.0,975842000,323382,21,2890.0,3000.0
2015-10-10,3097.0,3099.0,3010.0,3023.0,774981122,256376,19,3018.0,3022.0
2015-10-12,3050.0,3050.0,2911.0,2982.0,189822724,63662,13,3023.0,3000.0
2015-10-13,3000.0,3060.0,3000.0,3037.0,265441606,87400,8,2982.0,3060.0
2015-10-14,3060.0,3100.0,3060.0,3083.0,357963206,116094,18,3037.0,3100.0
2015-10-17,3099.0,3400.0,3099.0,3263.0,2116635647,648666,54,3083.0,3350.0
2015-10-18,3349.0,3400.0,3175.0,3267.0,902666769,276276,22,3263.0,3175.0
2015-10-19,3280.0,3340.0,3180.0,3285.0,792373850,241229,28,3267.0,3250.0
2015-10-20,3300.0,3300.0,3250.0,3267.0,49000000,15000,2,3285.0,3250.0
2015-10-21,3185.0,3250.0,3150.0,3200.0,410457710,128271,17,3267.0,3150.0
2015-10-25,3110.0,3110.0,3000.0,3036.0,736522040,242564,21,3200.0,3000.0
2015-10-26,2931.0,3040.0,2860.0,2947.0,199982660,67867,18,3036.0,2890.0
2015-10-27,2950.0,2998.0,2930.0,2949.0,193342010,65563,12,2947.0,2998.0
2015-10-28,2934.0,2934.0,2934.0,2934.0,29340000,10000,1,2949.0,2934.0
2015-10-31,3049.0,3050.0,3049.0,3049.0,152460000,50000,3,2934.0,3050.0
2015-11-01,2966.0,3030.0,2945.0,2987.0,119496021,40006,9,3049.0,2952.0
2015-11-02,3000.0,3000.0,2980.0,2998.0,236860000,79000,3,2987.0,2980.0
2015-11-03,2980.0,3100.0,2980.0,3060.0,344033300,112420,17,2998.0,3100.0
2015-11-04,3070.0,3200.0,3070.0,3171.0,169813166,53554,9,3060.0,3169.0
2015-11-07,3100.0,3100.0,3000.0,3079.0,249408800,81000,10,3171.0,3000.0
2015-11-08,3000.0,3000.0,2950.0,2955.0,363945045,123177,18,3079.0,2951.0
2015-11-09,2992.0,2992.0,2950.0,2957.0,235875941,79776,13,2955.0,2950.0
2015-11-10,2950.0,2980.0,2890.0,2921.0,730371410,250041,34,2957.0,2890.0
2015-11-11,2900.0,2939.0,2850.0,2864.0,397110800,138633,26,2921.0,2850.0
2015-11-14,2889.0,2900.0,2889.0,2892.0,141893000,49070,5,2864.0,2900.0
2015-11-15,2920.0,2920.0,2821.0,2855.0,400002000,140100,16,2892.0,2821.0
2015-11-16,2900.0,2900.0,2820.0,2840.0,403196700,141990,15,2855.0,2820.0
2015-11-17,2820.0,2821.0,2800.0,2805.0,350633518,125000,17,2840.0,2800.0
2015-11-18,2811.0,2811.0,2800.0,2802.0,306702400,109458,9,2805.0,2800.0
2015-11-21,2800.0,2801.0,2800.0,2800.0,112010000,40000,2,2802.0,2801.0
2015-11-22,2801.0,2850.0,2791.0,2801.0,289291172,103290,13,2800.0,2801.0
2015-11-23,2801.0,3000.0,2801.0,2944.0,885298670,300710,31,2801.0,2950.0
2015-11-24,2950.0,2950.0,2850.0,2881.0,209679500,72776,8,2944.0,2850.0
2015-11-25,2890.0,2890.0,2801.0,2808.0,497784918,177271,13,2881.0,2801.0
2015-11-28,2802.0,2808.0,2670.0,2733.0,1729722370,632941,39,2808.0,2729.0
2015-11-29,2750.0,2750.0,2711.0,2717.0,68318597,25147,3,2733.0,2711.0
2015-11-30,2790.0,2870.0,2725.0,2788.0,414051500,148500,14,2717.0,2725.0
2015-12-01,2730.0,2730.0,2725.0,2729.0,98243000,36000,6,2788.0,2726.0
2015-12-05,2790.0,2900.0,2790.0,2871.0,389505582,135691,18,2729.0,2850.0
2015-12-06,2830.0,2895.0,2810.0,2841.0,305198700,107415,9,2871.0,2810.0
2015-12-07,2828.0,2828.0,2828.0,2828.0,9951732,3519,1,2841.0,2828.0
2015-12-13,2800.0,2800.0,2701.0,2738.0,206077464,75263,5,2828.0,2702.0
2015-12-14,2750.0,2750.0,2651.0,2698.0,232023899,85989,9,2738.0,2700.0
2015-12-15,2750.0,2850.0,2750.0,2802.0,88564100,31610,5,2698.0,2800.0
2015-12-16,2849.0,2860.0,2701.0,2805.0,784414550,279660,24,2802.0,2701.0
2015-12-19,2801.0,2801.0,2690.0,2708.0,157287080,58080,9,2805.0,2694.0
2015-12-20,2671.0,2750.0,2671.0,2715.0,245742120,90516,12,2708.0,2699.0
2015-12-21,2699.0,2700.0,2614.0,2664.0,524049147,196733,9,2715.0,2614.0
2015-12-22,2680.0,2720.0,2612.0,2691.0,252990000,94000,7,2664.0,2720.0
2015-12-23,2623.0,2849.0,2623.0,2794.0,593258910,212334,19,2691.0,2810.0
2015-12-26,2850.0,2938.0,2840.0,2863.0,313547840,109501,11,2794.0,2840.0
2015-12-27,2840.0,2900.0,2703.0,2833.0,168052958,59322,11,2863.0,2714.0
2015-12-28,2800.0,2830.0,2800.0,2809.0,100545840,35789,6,2833.0,2800.0
2015-12-30,2821.0,2835.0,2800.0,2803.0,123252993,43976,4,2809.0,2801.0
2016-01-02,2800.0,2800.0,2730.0,2761.0,52450000,19000,5,2803.0,2760.0
2016-01-03,2760.0,2869.0,2701.0,2752.0,577366326,209827,21,2761.0,2701.0
2016-01-04,2780.0,2950.0,2780.0,2846.0,1622902772,570178,23,2752.0,2950.0
2016-01-05,2940.0,3100.0,2900.0,2985.0,551494125,184772,23,2846.0,2960.0
2016-01-06,3050.0,3190.0,3040.0,3094.0,948368198,306549,32,2985.0,3063.0
2016-01-09,3063.0,3150.0,3060.0,3110.0,407293680,130970,14,3094.0,3064.0
2016-01-10,3048.0,3048.0,2850.0,2886.0,649101440,224886,26,3110.0,2850.0
2016-01-11,2850.0,3050.0,2850.0,2978.0,810261865,272053,32,2886.0,3040.0
2016-01-12,3060.0,3410.0,3040.0,3216.0,4430909265,1377741,106,2978.0,3350.0
2016-01-13,3394.0,3394.0,3220.0,3288.0,616430551,187504,25,3216.0,3300.0
2016-01-16,3350.0,3600.0,3300.0,3433.0,2844918594,828700,111,3288.0,3397.0
2016-01-17,3480.0,3480.0,3224.0,3313.0,799982916,241466,37,3433.0,3289.0
2016-01-18,3230.0,3329.0,3210.0,3244.0,546575180,168466,15,3313.0,3210.0
2016-01-19,3300.0,3329.0,3200.0,3268.0,467396110,143021,22,3244.0,3200.0
2016-01-20,3200.0,3200.0,3000.0,3082.0,1859701750,603453,53,3268.0,3100.0
2016-01-23,3200.0,3200.0,3000.0,3074.0,2158342700,702152,35,3082.0,3000.0
2016-01-24,3000.0,3196.0,2980.0,3015.0,1791551222,594151,44,3074.0,3100.0
2016-01-25,3100.0,3190.0,3040.0,3108.0,847713360,272748,27,3015.0,3050.0
2016-01-26,3081.0,3099.0,3000.0,3030.0,2156907198,711816,46,3108.0,3011.0
2016-01-27,3011.0,3020.0,2900.0,2970.0,1489130715,501462,44,3030.0,2900.0
2016-01-30,2901.0,3139.0,2900.0,2996.0,1687912516,563304,37,2970.0,3060.0
2016-01-31,3000.0,3000.0,2960.0,2969.0,771668324,259878,17,2996.0,2960.0
2016-02-01,2960.0,3108.0,2960.0,3029.0,423706078,139871,26,2969.0,2980.0
2016-02-02,3049.0,3098.0,2960.0,3005.0,1286231210,427976,28,3029.0,3000.0
2016-02-03,3000.0,3058.0,2950.0,3013.0,857496952,284644,23,3005.0,3058.0
2016-02-06,3079.0,3500.0,3010.0,3300.0,4167306754,1262816,112,3013.0,3380.0
2016-02-07,3499.0,3950.0,3420.0,3744.0,7484969199,1999125,175,3300.0,3741.0
2016-02-08,3900.0,4200.0,3900.0,4097.0,3178764126,775825,78,3744.0,4180.0
2016-02-09,4139.0,4494.0,3800.0,4147.0,7450678420,1796526,140,4097.0,3800.0
2016-02-10,3830.0,4000.0,3730.0,3883.0,1990251987,512581,57,4147.0,3820.0
2016-02-13,3820.0,3990.0,3701.0,3847.0,998467945,259559,33,3883.0,3800.0
2016-02-14,3800.0,3950.0,3760.0,3828.0,1368303349,357466,34,3847.0,3765.0
2016-02-15,3847.0,4299.0,3847.0,4117.0,7260705613,1763457,110,3828.0,3970.0
2016-02-16,4050.0,4050.0,3871.0,3959.0,2524947510,637714,56,4117.0,3900.0
2016-02-17,3870.0,4000.0,3851.0,3911.0,2356824304,602676,36,3959.0,3851.0
2016-02-20,3920.0,4299.0,3920.0,4082.0,5435454559,1331700,77,3911.0,4000.0
2016-02-21,4002.0,4140.0,3985.0,4023.0,2705283146,672386,49,4082.0,4020.0
2016-02-22,4090.0,4090.0,3980.0,4016.0,1449765920,361000,33,4023.0,4050.0
2016-02-23,4049.0,4150.0,4030.0,4075.0,2310220822,566915,35,4016.0,4040.0
2016-02-24,4030.0,4030.0,3901.0,3959.0,1564384667,395105,43,4075.0,3914.0
2016-02-27,3980.0,3980.0,3900.0,3917.0,1657500288,423127,33,3959.0,3900.0
2016-02-28,3901.0,3950.0,3800.0,3840.0,1706404288,444332,37,3917.0,3820.0
2016-02-29,3830.0,3870.0,3800.0,3806.0,1569401927,412339,34,3840.0,3800.0
2016-03-01,3860.0,4040.0,3801.0,3977.0,2934819440,737995,59,3806.0,4040.0
2016-03-02,4100.0,4300.0,4000.0,4246.0,3655897653,860986,71,3977.0,4300.0
2016-03-05,4300.0,4600.0,4210.0,4468.0,6347177278,1420738,92,4246.0,4600.0
2016-03-06,4599.0,5000.0,4500.0,4762.0,8365091392,1756706,98,4468.0,4653.0
2016-03-07,4789.0,4799.0,4311.0,4531.0,4262364750,940771,68,4762.0,4311.0
2016-03-08,4300.0,4380.0,4100.0,4225.0,1953585550,462375,34,4531.0,4300.0
2016-03-09,4215.0,4500.0,4215.0,4367.0,2861526314,655207,69,4225.0,4250.0
2016-03-12,4210.0,4300.0,4000.0,4088.0,2162229423,528894,67,4367.0,4099.0
2016-03-14,4099.0,4195.0,3950.0,4044.0,1013114008,250531,34,4088.0,3950.0
2016-03-15,4130.0,4395.0,4050.0,4295.0,1532275780,356719,40,4044.0,4390.0
2016-03-16,4395.0,4490.0,4250.0,4380.0,2162558265,493713,48,4295.0,4250.0
2016-03-26,4390.0,4600.0,4390.0,4515.0,3118824977,690752,40,4380.0,4505.0
2016-03-27,4600.0,4750.0,4550.0,4663.0,2771249810,594299,31,4515.0,4610.0
2016-03-28,4700.0,4739.0,4500.0,4551.0,2222970800,488504,34,4663.0,4500.0
2016-03-29,4555.0,4700.0,4450.0,4575.0,1261970959,275825,26,4551.0,4501.0
2016-03-30,4501.0,4502.0,4500.0,4501.0,415242651,92255,12,4575.0,4500.0
2016-04-02,4500.0,4500.0,4400.0,4419.0,308774500,69881,12,4501.0,4400.0
2016-04-03,4490.0,4500.0,4388.0,4447.0,1122660830,252477,27,4419.0,4390.0
2016-04-04,4390.0,4500.0,4390.0,4453.0,1553904660,348981,26,4447.0,4490.0
2016-04-05,4490.0,5000.0,4412.0,4767.0,9463175602,1985153,100,4453.0,4940.0
2016-04-06,4950.0,5100.0,4820.0,4969.0,4297617662,864870,69,4767.0,4930.0
2016-04-09,4900.0,4970.0,4650.0,4802.0,2339661613,487231,47,4969.0,4703.0
2016-04-10,4870.0,5150.0,4850.0,5040.0,6000754986,1190586,82,4802.0,5000.0
2016-04-11,5039.0,5400.0,5000.0,5238.0,7297674979,1393339,90,5040.0,5398.0
2016-04-12,5398.0,5455.0,5100.0,5284.0,5129830197,970860,73,5238.0,5111.0
2016-04-13,5110.0,5250.0,5000.0,5079.0,3661454169,720836,71,5284.0,5250.0
2016-04-16,5247.0,5430.0,4852.0,5026.0,6378402236,1269059,91,5079.0,4999.0
2016-04-17,4910.0,5166.0,4670.0,4918.0,7575427319,1540385,95,5026.0,4950.0
2016-04-18,5000.0,5199.0,4800.0,5007.0,2411925980,481741,62,4918.0,4840.0
2016-04-19,5000.0,5050.0,4840.0,4966.0,1619111760,326061,21,5007.0,5040.0
2016-04-20,5049.0,5100.0,4931.0,5026.0,1957759627,389489,33,4966.0,5079.0
2016-04-23,5000.0,5049.0,4935.0,4957.0,943965917,190440,21,5026.0,4952.0
2016-04-24,5049.0,5080.0,4930.0,4991.0,3278429966,656880,41,4957.0,4930.0
2016-04-25,4950.0,4950.0,4850.0,4888.0,1379040912,282112,28,4991.0,4850.0
2016-04-26,4850.0,4930.0,4801.0,4854.0,1220750240,251498,23,4888.0,4801.0
2016-04-27,4800.0,4820.0,4500.0,4690.0,4148372124,884513,73,4854.0,4502.0
2016-04-30,4502.0,4790.0,4450.0,4527.0,2061494700,455405,29,4690.0,4450.0
2016-05-01,4500.0,4740.0,4500.0,4625.0,498089820,107695,19,4527.0,4699.0
2016-05-02,4698.0,4879.0,4632.0,4778.0,3062972942,641090,58,4625.0,4850.0
2016-05-03,4890.0,4950.0,4775.0,4910.0,2335821772,475683,26,4778.0,4937.0
2016-05-04,4900.0,4940.0,4775.0,4860.0,2879859391,592608,45,4910.0,4800.0
2016-05-07,4850.0,5000.0,4800.0,4961.0,3063420220,617445,46,4860.0,4930.0
2016-05-08,4883.0,4883.0,4710.0,4774.0,1261198866,264170,27,4961.0,4716.0
2016-05-09,4716.0,4850.0,4700.0,4706.0,2034063600,432189,34,4774.0,4700.0
2016-05-10,4730.0,4731.0,4550.0,4653.0,1714397180,368461,40,4706.0,4550.0
2016-05-11,4698.0,4698.0,4500.0,4524.0,3837826450,848371,44,4653.0,4600.0
2016-05-14,4700.0,4900.0,4610.0,4841.0,1037925249,214392,33,4524.0,4779.0
2016-05-15,4890.0,4950.0,4750.0,4888.0,2441260835,499395,61,4841.0,4880.0
2016-05-16,4880.0,4880.0,4760.0,4801.0,131357610,27362,8,4888.0,4760.0
2016-05-17,4720.0,4802.0,4703.0,4755.0,1361620870,286368,17,4801.0,4800.0
2016-05-18,4800.0,4895.0,4703.0,4807.0,825035677,171649,34,4755.0,4705.0
2016-05-21,4703.0,4705.0,4501.0,4602.0,2527503220,549275,49,4807.0,4700.0
2016-05-23,4620.0,4890.0,4560.0,4693.0,718153710,153021,15,4602.0,4890.0
2016-05-24,4800.0,4800.0,4551.0,4781.0,1449562887,303214,21,4693.0,4552.0
2016-05-25,4554.0,4700.0,4554.0,4597.0,601225674,130780,16,4781.0,4562.0
2016-05-28,4590.0,4590.0,4564.0,4567.0,393734080,86212,14,4597.0,4566.0
2016-05-29,4566.0,4680.0,4566.0,4622.0,1157061490,250318,19,4567.0,4630.0
2016-05-30,4630.0,4630.0,4570.0,4600.0,609349830,132462,16,4622.0,4570.0
2016-05-31,4590.0,4592.0,4560.0,4577.0,1303781255,284878,21,4600.0,4560.0
2016-06-01,4599.0,4620.0,4550.0,4570.0,1419158135,310541,24,4577.0,4550.0
2016-06-05,4600.0,4630.0,4512.0,4552.0,4478075335,983822,28,4570.0,4512.0
2016-06-06,4590.0,4590.0,4500.0,4505.0,1463700399,324887,27,4552.0,4500.0
2016-06-07,4500.0,4520.0,4450.0,4466.0,2627753820,588376,36,4505.0,4450.0
2016-06-08,4451.0,4485.0,4450.0,4453.0,347843085,78122,15,4466.0,4460.0
2016-06-11,4455.0,4488.0,4400.0,4416.0,461206700,104438,15,4453.0,4450.0
2016-06-12,4380.0,4480.0,4380.0,4433.0,368005840,83011,14,4416.0,4470.0
2016-06-13,4441.0,4449.0,4300.0,4408.0,374785381,85018,18,4433.0,4300.0
2016-06-14,4450.0,4450.0,4250.0,4267.0,58333881,13670,5,4408.0,4256.0
2016-06-15,4390.0,4470.0,4320.0,4384.0,298812640,68166,15,4267.0,4470.0
2016-06-18,4469.0,4600.0,4411.0,4520.0,2369112265,524133,26,4384.0,4421.0
2016-06-19,4450.0,4450.0,4290.0,4351.0,867819300,199474,16,4520.0,4300.0
2016-06-20,4350.0,4450.0,4250.0,4293.0,389394250,90709,8,4351.0,4450.0
2016-06-21,4350.0,4500.0,4350.0,4476.0,496884150,110999,20,4293.0,4500.0
2016-06-22,4570.0,4690.0,4570.0,4610.0,1513218490,328221,30,4476.0,4600.0
2016-06-25,4600.0,4690.0,4510.0,4578.0,287367400,62769,8,4610.0,4510.0
2016-06-26,4522.0,4600.0,4522.0,4529.0,364112956,80400,9,4578.0,4531.0
2016-06-28,4530.0,4530.0,4500.0,4517.0,314495200,69628,10,4529.0,4500.0
2016-06-29,4550.0,4750.0,4550.0,4668.0,881993660,188958,22,4517.0,4750.0
2016-07-02,4850.0,4900.0,4720.0,4844.0,3703533270,764485,42,4668.0,4900.0
2016-07-03,4899.0,4900.0,4751.0,4840.0,2333800170,482213,26,4844.0,4762.0
2016-07-04,4750.0,4840.0,4621.0,4737.0,722949215,152616,18,4840.0,4621.0
2016-07-05,4790.0,4790.0,4600.0,4607.0,360540295,78257,12,4737.0,4600.0
2016-07-12,4680.0,4800.0,4650.0,4748.0,345308550,72728,7,4607.0,4650.0
2016-07-13,4650.0,4798.0,4650.0,4673.0,266236160,56972,13,4748.0,4798.0
2016-07-16,4650.0,4797.0,4600.0,4634.0,1581496073,341307,34,4673.0,4680.0
2016-07-27,4634.0,4650.0,4634.0,4639.0,205508640,44301,6,4634.0,4650.0
2016-07-31,4651.0,4749.0,4651.0,4691.0,385645054,82214,15,4639.0,4700.0
2016-08-01,4660.0,4661.0,4600.0,4628.0,763367575,164945,21,4691.0,4601.0
2016-08-02,4700.0,4880.0,4660.0,4757.0,1400978660,294504,27,4628.0,4800.0
2016-08-03,4800.0,4900.0,4790.0,4822.0,2448425345,507716,16,4757.0,4900.0
2016-08-06,4900.0,5000.0,4820.0,4886.0,1773594685,362986,38,4822.0,4850.0
2016-08-07,4821.0,4899.0,4760.0,4831.0,1498260462,310150,28,4886.0,4800.0
2016-08-08,4900.0,5100.0,4780.0,4966.0,6128841056,1234127,65,4831.0,5100.0
2016-08-09,5100.0,5500.0,5100.0,5363.0,4262035330,794766,67,4966.0,5450.0
2016-08-10,5499.0,5650.0,5150.0,5443.0,6705742122,1232016,98,5363.0,5300.0
2016-08-13,5300.0,5390.0,4980.0,5108.0,3152401119,617124,43,5443.0,5000.0
2016-08-14,5080.0,5080.0,4957.0,4995.0,1833842404,367099,19,5108.0,5000.0
2016-08-15,5000.0,5080.0,4957.0,5024.0,2131738742,424332,30,4995.0,5080.0
2016-08-16,5100.0,5380.0,5100.0,5267.0,2619677768,497390,33,5024.0,5380.0
2016-08-17,5270.0,5400.0,5211.0,5332.0,1611571991,302222,40,5267.0,5400.0
2016-08-20,5301.0,5478.0,5167.0,5375.0,2655196106,493958,36,5332.0,5301.0
2016-08-21,5390.0,5390.0,5203.0,5246.0,879196827,167604,14,5375.0,5203.0
2016-08-22,5100.0,5127.0,5030.0,5085.0,934621384,183789,13,5246.0,5030.0
2016-08-23,5031.0,5031.0,4950.0,4989.0,428784712,85954,21,5085.0,5000.0
2016-08-24,4972.0,5089.0,4951.0,4975.0,480159548,96512,22,4989.0,5089.0
2016-08-27,5090.0,5100.0,5000.0,5039.0,719832868,142864,22,4975.0,5011.0
2016-08-28,5095.0,5100.0,4980.0,5015.0,1021184903,203622,36,5039.0,5100.0
2016-08-29,5000.0,5180.0,4980.0,5007.0,277072540,55341,19,5015.0,5180.0
2016-08-30,5000.0,5080.0,4980.0,5002.0,326592700,65292,21,5007.0,5000.0
2016-08-31,5060.0,5177.0,5000.0,5007.0,732923484,146392,20,5002.0,5000.0
2016-09-03,4992.0,5000.0,4912.0,4982.0,864352999,173482,19,5007.0,4990.0
2016-09-04,4912.0,4970.0,4800.0,4825.0,384345000,79650,13,4982.0,4970.0
2016-09-05,4900.0,4975.0,4803.0,4949.0,707824610,143026,18,4825.0,4970.0
2016-09-06,4830.0,4960.0,4820.0,4833.0,138839000,28725,9,4949.0,4960.0
2016-09-07,4900.0,4950.0,4750.0,4808.0,895953310,186328,33,4833.0,4950.0
2016-09-10,4751.0,4940.0,4741.0,4855.0,1443862810,297418,14,4808.0,4900.0
2016-09-11,4741.0,4900.0,4500.0,4657.0,1214199440,260745,34,4855.0,4900.0
2016-09-13,4800.0,4800.0,4360.0,4452.0,2204396300,495100,43,4657.0,4750.0
2016-09-14,4750.0,4750.0,4410.0,4450.0,151756090,34100,15,4452.0,4700.0
2016-09-17,4600.0,4800.0,4475.0,4666.0,1929746190,413611,38,4450.0,4800.0
2016-09-18,4790.0,4790.0,4478.0,4624.0,703293872,152112,14,4666.0,4690.0
2016-09-19,4700.0,4700.0,4700.0,4700.0,940000,200,2,4624.0,4700.0
2016-09-21,4650.0,4750.0,4650.0,4701.0,688063667,146380,15,4700.0,4750.0
2016-09-24,4650.0,4850.0,4601.0,4777.0,781890924,163681,31,4701.0,4800.0
2016-09-25,4940.0,4950.0,4888.0,4925.0,766877650,155697,9,4777.0,4888.0
2016-09-26,4700.0,4869.0,4500.0,4580.0,1444140590,315347,26,4925.0,4849.0
2016-09-27,4501.0,4502.0,4360.0,4432.0,966850000,218150,24,4580.0,4360.0
2016-09-28,4325.0,4390.0,4325.0,4378.0,1108143054,253134,11,4432.0,4381.0
2016-10-01,4400.0,4400.0,4251.0,4296.0,719636642,167503,17,4378.0,4267.0
2016-10-02,4261.0,4400.0,4250.0,4317.0,1037401147,240279,19,4296.0,4250.0
2016-10-03,4261.0,4262.0,4250.0,4258.0,156122940,36669,13,4317.0,4260.0
2016-10-04,4260.0,4450.0,4210.0,4281.0,144724750,33810,11,4258.0,4350.0
2016-10-05,4300.0,4300.0,4220.0,4235.0,186868548,44122,11,4281.0,4300.0
2016-10-08,4225.0,4300.0,4100.0,4165.0,1229887846,295318,30,4235.0,4140.0
2016-10-09,4050.0,4200.0,4000.0,4018.0,794432900,197702,33,4165.0,4010.0
2016-10-10,4085.0,4085.0,3950.0,4002.0,800530752,200048,23,4018.0,4000.0
2016-10-15,4001.0,4001.0,3870.0,3943.0,764369450,193831,18,4002.0,3910.0
2016-10-16,4000.0,4000.0,3810.0,3893.0,1559049505,400470,44,3943.0,4000.0
2016-10-17,4000.0,4076.0,4000.0,4060.0,330859500,81500,18,3893.0,4076.0
2016-10-18,4076.0,4125.0,4001.0,4061.0,478765410,117891,20,4060.0,4090.0
2016-10-19,4110.0,4279.0,4110.0,4156.0,845461647,203408,21,4061.0,4200.0
2016-10-22,4254.0,4299.0,4170.0,4240.0,742926416,175202,18,4156.0,4212.0
2016-10-23,4207.0,4257.0,4100.0,4161.0,2267642049,544925,18,4240.0,4200.0
2016-10-24,4248.0,4248.0,4003.0,4047.0,174909594,43222,13,4161.0,4164.0
2016-10-25,4003.0,4003.0,3881.0,3954.0,230239701,58231,19,4047.0,4000.0
2016-10-26,4050.0,4050.0,4000.0,4018.0,405412000,100891,11,3954.0,4000.0
2016-10-29,4000.0,4000.0,3860.0,3904.0,1096251578,280798,33,4018.0,3860.0
2016-10-30,3900.0,3960.0,3813.0,3864.0,455801777,117967,25,3904.0,3888.0
2016-10-31,3900.0,3950.0,3820.0,3876.0,901808875,232684,23,3864.0,3821.0
2016-11-01,3950.0,3950.0,3812.0,3826.0,209128763,54657,13,3876.0,3899.0
2016-11-02,3816.0,3900.0,3780.0,3815.0,363014016,95152,19,3826.0,3899.0
2016-11-05,3700.0,3899.0,3700.0,3722.0,787560760,211610,16,3815.0,3890.0
2016-11-06,3600.0,3700.0,3570.0,3641.0,2131531700,585454,36,3722.0,3601.0
2016-11-07,3602.0,3799.0,3601.0,3697.0,730264636,197531,22,3641.0,3799.0
2016-11-08,3790.0,3790.0,3790.0,3790.0,37900000,10000,1,3697.0,3790.0
2016-11-09,3850.0,3870.0,3680.0,3752.0,476963950,127120,14,3790.0,3686.0
2016-11-12,3730.0,3730.0,3600.0,3641.0,758956900,208426,22,3752.0,3600.0
2016-11-13,3600.0,3650.0,3600.0,3626.0,227150400,62644,9,3641.0,3623.0
2016-11-14,3650.0,3650.0,3630.0,3641.0,412693900,113346,12,3626.0,3650.0
2016-11-15,3630.0,3660.0,3630.0,3641.0,259696854,71318,11,3641.0,3660.0
2016-11-16,3699.0,3720.0,3650.0,3697.0,175217300,47400,8,3641.0,3650.0
2016-11-19,3700.0,3727.0,3600.0,3631.0,546099480,150381,18,3697.0,3608.0
2016-11-21,3631.0,3631.0,3580.0,3598.0,284593000,79100,4,3631.0,3595.0
2016-11-22,3580.0,3670.0,3575.0,3614.0,263128250,72800,10,3598.0,3600.0
2016-11-23,3600.0,3699.0,3511.0,3577.0,955701550,267193,23,3614.0,3511.0
2016-11-26,3520.0,3520.0,3500.0,3506.0,380700000,108600,11,3577.0,3500.0
2016-11-27,3400.0,3550.0,3263.0,3332.0,1677775061,503586,28,3506.0,3315.0
2016-11-29,3460.0,3460.0,3281.0,3318.0,1109889618,334537,17,3332.0,3350.0
2016-12-03,3459.0,3459.0,3280.0,3304.0,241325960,73042,11,3318.0,3348.0
2016-12-04,3280.0,3300.0,3262.0,3273.0,234613844,71671,13,3304.0,3300.0
2016-12-31,3300.0,3301.0,3300.0,3300.0,19418707,5884,4,3273.0,3300.0
2017-01-01,3280.0,3300.0,3200.0,3261.0,37681560,11554,6,3300.0,3200.0
2017-01-02,3200.0,3369.0,3121.0,3288.0,98281670,29892,7,3261.0,3300.0
2017-01-03,3280.0,3290.0,3280.0,3289.0,242459250,73725,3,3288.0,3290.0
2017-01-04,3389.0,3389.0,3250.0,3305.0,592822507,179364,10,3289.0,3250.0
2017-01-07,3364.0,3365.0,3250.0,3300.0,316845885,96000,13,3305.0,3302.0
2017-01-08,3290.0,3600.0,3290.0,3543.0,128149440,36166,6,3300.0,3600.0
2017-01-09,3600.0,3650.0,3590.0,3611.0,952800420,263848,26,3543.0,3610.0
2017-01-14,3590.0,4050.0,3590.0,3794.0,1683964380,443794,37,3611.0,3950.0
2017-01-15,4040.0,4400.0,4040.0,4205.0,1773178150,421691,43,3794.0,4300.0
2017-01-16,4200.0,4289.0,4000.0,4076.0,1547171118,379560,22,4205.0,4280.0
2017-01-17,4120.0,4200.0,3950.0,4037.0,283691580,70269,13,4076.0,4000.0
2017-01-18,3953.0,4048.0,3940.0,3957.0,219607500,55498,15,4037.0,3940.0
2017-01-21,3821.0,3900.0,3800.0,3813.0,215230000,56450,7,3957.0,3800.0
2017-01-22,3813.0,3891.0,3704.0,3806.0,339180690,89123,11,3813.0,3800.0
2017-01-23,3715.0,4252.0,3713.0,3897.0,1057884350,271476,27,3806.0,4250.0
2017-01-24,4100.0,4100.0,4100.0,4100.0,23927600,5836,2,3897.0,4100.0
2017-01-25,4170.0,4170.0,3801.0,3856.0,316083829,81979,23,4100.0,4000.0
2017-01-28,3801.0,3801.0,3713.0,3756.0,240408400,64000,9,3856.0,3800.0
2017-01-29,3800.0,3800.0,3800.0,3800.0,58675800,15441,2,3756.0,3800.0
2017-01-30,3950.0,3950.0,3800.0,3811.0,353521370,92758,12,3800.0,3800.0
2017-01-31,3801.0,3802.0,3789.0,3794.0,373804100,98529,8,3811.0,3789.0
2017-02-01,3732.0,3735.0,3732.0,3733.0,141107400,37800,7,3794.0,3732.0
2017-02-04,3732.0,3750.0,3711.0,3740.0,330544458,88378,11,3733.0,3711.0
2017-02-05,3622.0,3622.0,3500.0,3550.0,422223700,118951,14,3740.0,3600.0
2017-02-06,3550.0,3699.0,3504.0,3615.0,79489105,21987,15,3550.0,3690.0
2017-02-07,3504.0,3700.0,3504.0,3518.0,3835040,1090,2,3615.0,3700.0
2017-02-08,3557.0,3665.0,3500.0,3527.0,167544986,47500,9,3518.0,3665.0
2017-02-11,3470.0,3684.0,3470.0,3482.0,88795387,25500,8,3527.0,3684.0
2017-02-12,3684.0,3684.0,3470.0,3517.0,148917620,42339,7,3482.0,3500.0
2017-02-13,3450.0,3500.0,3411.0,3437.0,326839300,95100,12,3517.0,3411.0
2017-02-14,3411.0,3411.0,3411.0,3411.0,10233000,3000,1,3437.0,3411.0
2017-02-15,3415.0,3600.0,3415.0,3561.0,242364830,68062,16,3411.0,3600.0
2017-02-18,3506.0,3680.0,3505.0,3665.0,298966215,81570,8,3561.0,3680.0
2017-02-19,3700.0,3700.0,3511.0,3683.0,244440600,66378,7,3665.0,3511.0
2017-02-20,3670.0,3670.0,3670.0,3670.0,8954800,2440,1,3683.0,3670.0
2017-02-21,3550.0,3619.0,3502.0,3523.0,642082474,182253,29,3670.0,3506.0
2017-02-22,3450.0,3460.0,3350.0,3395.0,1135497100,334500,16,3523.0,3380.0
2017-02-25,3380.0,3385.0,3351.0,3375.0,256830250,76088,11,3395.0,3354.0
2017-02-26,3355.0,3356.0,3352.0,3355.0,189532500,56500,6,3375.0,3352.0
2017-02-27,3355.0,3456.0,3340.0,3364.0,456676820,135750,11,3355.0,3370.0
2017-02-28,3333.0,3334.0,3300.0,3310.0,181907530,54965,10,3364.0,3300.0
2017-03-01,3470.0,3470.0,3470.0,3470.0,95425000,27500,1,3310.0,3470.0
2017-03-04,3618.0,3669.0,3479.0,3559.0,488711128,137310,18,3470.0,3600.0
2017-03-05,3352.0,3540.0,3320.0,3373.0,283991240,84201,12,3559.0,3540.0
2017-03-06,3310.0,3440.0,3301.0,3392.0,81321575,23975,7,3373.0,3430.0
2017-03-07,3430.0,3489.0,3351.0,3440.0,165370530,48070,9,3392.0,3489.0
2017-03-13,3321.0,3777.0,3321.0,3676.0,905411786,246290,60,3440.0,3610.0
2017-03-14,3875.0,3875.0,3663.0,3738.0,1094075899,292660,42,3676.0,3663.0
2017-03-15,3850.0,3850.0,3676.0,3806.0,1010240186,265415,76,3738.0,3800.0
2017-03-18,3807.0,4186.0,3751.0,4014.0,1406858553,350507,58,3806.0,4120.0
2017-03-25,4002.0,4415.0,4000.0,4358.0,3040442213,697677,124,4014.0,4415.0
2017-03-26,4770.0,4772.0,4440.0,4691.0,3794161170,808752,175,4358.0,4655.0
2017-03-27,4747.0,4900.0,4305.0,4698.0,3540152114,753466,260,4691.0,4650.0
2017-03-28,4740.0,4788.0,4420.0,4554.0,3462801287,760317,171,4698.0,4455.0
2017-03-29,4490.0,4490.0,4200.0,4293.0,1480036483,344773,99,4554.0,4241.0
2017-04-03,4200.0,4605.0,4200.0,4531.0,956004135,210978,94,4293.0,4351.0
2017-04-04,4499.0,4500.0,4100.0,4245.0,2288135902,539039,137,4531.0,4330.0
2017-04-05,4001.0,4350.0,4001.0,4051.0,1053346464,260012,78,4245.0,4070.0
2017-04-08,4002.0,4456.0,4002.0,4342.0,2028370495,467177,140,4051.0,4456.0
2017-04-09,4776.0,4776.0,4710.0,4775.0,5279150618,1105663,161,4342.0,4776.0
2017-04-10,5252.0,5252.0,5252.0,5252.0,5338915348,1016549,72,4775.0,5252.0
2017-04-12,5777.0,5777.0,5700.0,5770.0,13656097895,2366729,228,5252.0,5777.0
2017-04-15,6347.0,6347.0,6347.0,6347.0,981055790,154570,22,5770.0,6347.0
2017-04-16,6981.0,6981.0,6350.0,6927.0,78987373776,11402298,1311,6347.0,6981.0
2017-04-17,6900.0,6900.0,6235.0,6273.0,17130759170,2730867,396,6927.0,6235.0
2017-04-18,5690.0,6799.0,5690.0,6269.0,25366412836,4046693,722,6273.0,6100.0
2017-04-19,6548.0,6579.0,6100.0,6320.0,17501907396,2769102,621,6269.0,6220.0
2017-04-22,6444.0,6950.0,6002.0,6576.0,21996723335,3345044,641,6320.0,6289.0
2017-04-23,6200.0,6497.0,5919.0,5973.0,12613335318,2111889,380,6576.0,5919.0
2017-04-24,5688.0,5705.0,5376.0,5408.0,4339222629,802323,210,5973.0,5376.0
2017-04-26,5050.0,5376.0,4868.0,4950.0,9927605914,2005433,444,5408.0,4870.0
2017-04-29,4910.0,5300.0,4910.0,5188.0,6445345533,1242432,319,4950.0,5150.0
2017-04-30,5266.0,5299.0,4900.0,5058.0,4129679619,816439,230,5188.0,4900.0
2017-05-01,5169.0,5300.0,5050.0,5224.0,6412169952,1227359,229,5058.0,5070.0
2017-05-02,5100.0,5200.0,5000.0,5065.0,2665368510,526271,125,5224.0,5010.0
2017-05-03,5010.0,5159.0,4884.0,4990.0,6172255778,1237000,223,5065.0,5130.0
2017-05-06,5200.0,5489.0,5180.0,5325.0,7389788473,1387775,272,4990.0,5200.0
2017-05-07,5299.0,5350.0,4882.0,5020.0,4529492140,902296,178,5325.0,5001.0
2017-05-08,5190.0,5278.0,4999.0,5034.0,3328338172,661157,150,5020.0,5050.0
2017-05-09,5031.0,5197.0,4925.0,5000.0,3028049144,605646,129,5034.0,5030.0
2017-05-10,5192.0,5500.0,5189.0,5379.0,9199310665,1710156,314,5000.0,5272.0
2017-05-13,5451.0,5451.0,5188.0,5275.0,1609564413,305127,96,5379.0,5330.0
2017-05-14,5330.0,5333.0,5020.0,5083.0,1419499261,279248,89,5275.0,5100.0
2017-05-15,5030.0,5188.0,4880.0,5000.0,2542506430,508519,116,5083.0,5000.0
2017-05-16,4900.0,5200.0,4900.0,5008.0,1981945566,395782,93,5000.0,5200.0
2017-05-17,5199.0,5360.0,5070.0,5240.0,2219638429,423570,107,5008.0,5302.0
2017-05-20,5450.0,5700.0,5250.0,5376.0,1674071601,311385,95,5240.0,5444.0
2017-05-21,5255.0,5490.0,5255.0,5344.0,1581659389,295972,95,5376.0,5310.0
2017-05-22,5490.0,5699.0,5271.0,5488.0,6779071975,1235174,256,5344.0,5310.0
2017-05-23,5410.0,5499.0,5359.0,5411.0,998861981,184592,69,5488.0,5371.0
2017-05-24,5498.0,5849.0,5475.0,5658.0,9135603666,1614643,319,5411.0,5700.0
2017-05-27,5699.0,6223.0,5699.0,6059.0,15506218780,2559320,366,5658.0,6223.0
2017-05-28,6286.0,6470.0,5550.0,6024.0,10620438363,1763026,431,6059.0,5550.0
2017-05-29,5550.0,5845.0,5422.0,5541.0,4643267732,837926,244,6024.0,5422.0
2017-05-30,5537.0,5749.0,5499.0,5563.0,1773000515,318689,193,5541.0,5500.0
2017-05-31,5501.0,5799.0,5501.0,5710.0,2479853583,434315,188,5563.0,5650.0
2017-06-03,5871.0,5871.0,5350.0,5502.0,1736654657,315638,112,5710.0,5401.0
2017-06-06,5681.0,5698.0,5330.0,5555.0,2408504760,433545,140,5502.0,5550.0
2017-06-07,5610.0,5738.0,5200.0,5410.0,2854019441,527532,168,5555.0,5380.0
2017-06-10,5500.0,5650.0,5231.0,5418.0,1028470970,189810,119,5410.0,5300.0
2017-06-11,5555.0,5649.0,5201.0,5311.0,2811039586,529255,161,5418.0,5255.0
2017-06-12,5120.0,5132.0,4791.0,4972.0,4157596227,836158,171,5311.0,4950.0
2017-06-13,5150.0,5150.0,4990.0,5052.0,1345259476,266277,76,4972.0,5010.0
2017-06-14,5150.0,5230.0,4991.0,5065.0,786723717,155333,74,5052.0,4991.0
2017-06-17,5000.0,5100.0,4800.0,4843.0,840922300,173646,62,5065.0,4900.0
2017-06-18,4843.0,5094.0,4600.0,4727.0,2166184951,458269,157,4843.0,4705.0
2017-06-19,4739.0,4899.0,4623.0,4717.0,570918634,121039,32,4727.0,4700.0
2017-06-20,4800.0,4800.0,4600.0,4684.0,827087429,176570,61,4717.0,4600.0
2017-06-21,5030.0,5030.0,4463.0,4564.0,694004929,152050,76,4684.0,4745.0
2017-06-24,4700.0,4700.0,4500.0,4518.0,337829355,74778,38,4564.0,4510.0
2017-06-25,4780.0,4790.0,4550.0,4746.0,498746918,105095,55,4518.0,4753.0
2017-06-28,4850.0,4850.0,4600.0,4649.0,271628556,58431,20,4746.0,4600.0
2017-07-01,4749.0,4749.0,4450.0,4535.0,1651201865,364081,101,4649.0,4495.0
2017-07-02,4403.0,4647.0,4401.0,4579.0,1440141153,314521,94,4535.0,4600.0
2017-07-18,4750.0,4750.0,4750.0,4661.0,204297500,43010,9,4579.0,4750.0
2017-07-19,4800.0,4908.0,4570.0,4640.0,1906684108,410883,131,4661.0,4571.0
2017-07-22,4581.0,4660.0,4500.0,4573.0,1789617357,391333,129,4640.0,4511.0
2017-07-24,5030.0,5030.0,4810.0,5020.0,4269828086,850632,120,4573.0,4840.0
2017-07-25,4998.0,4998.0,4668.0,4795.0,1463536688,305221,85,5020.0,4731.0
2017-07-26,4700.0,4701.0,4522.0,4598.0,2620127913,569873,156,4795.0,4601.0
2017-07-29,4768.0,4769.0,4531.0,4676.0,1617690972,345982,70,4598.0,4601.0
2017-07-30,4677.0,4699.0,4569.0,4638.0,1244173543,268278,95,4676.0,4569.0
2017-07-31,4540.0,4689.0,4490.0,4573.0,2594170409,567303,125,4638.0,4600.0
2017-08-01,4620.0,4939.0,4620.0,4831.0,3752662601,776723,272,4573.0,4939.0
2017-08-02,4990.0,4995.0,4753.0,4895.0,1833989776,374683,106,4831.0,4779.0
2017-08-06,4860.0,5190.0,4766.0,5037.0,2470709469,490500,234,4895.0,5070.0
2017-08-07,5140.0,5140.0,4834.0,4941.0,2482190487,502318,99,5037.0,4834.0
2017-08-08,4880.0,5000.0,4771.0,4808.0,1102393811,229276,59,4941.0,4775.0
2017-08-09,4815.0,4884.0,4735.0,4775.0,1368066754,286484,84,4808.0,4747.0
2017-08-12,4897.0,4897.0,4670.0,4754.0,1242654946,261393,60,4775.0,4670.0
2017-08-13,4900.0,4999.0,4631.0,4682.0,707179314,151028,45,4754.0,4631.0
2017-08-14,4631.0,4631.0,4214.0,4410.0,2096745439,475437,142,4682.0,4370.0
2017-08-15,4549.0,4595.0,4342.0,4391.0,384809558,87643,32,4410.0,4350.0
2017-08-16,4303.0,4520.0,4300.0,4479.0,611980471,136621,51,4391.0,4450.0
2017-08-19,4592.0,4592.0,4412.0,4438.0,2679626184,603803,97,4479.0,4440.0
2017-08-20,4410.0,4869.0,4380.0,4764.0,4356722333,914464,213,4438.0,4850.0
2017-08-21,4869.0,5000.0,4651.0,4813.0,1604325679,333348,80,4764.0,4651.0
2017-08-22,4900.0,4900.0,4670.0,4779.0,765193221,160116,40,4813.0,4801.0
2017-08-23,4801.0,5000.0,4603.0,4889.0,3548713482,725916,187,4779.0,4941.0
2017-08-26,4970.0,4970.0,4750.0,4828.0,2226173563,461070,153,4889.0,4800.0
2017-08-27,4800.0,4888.0,4767.0,4818.0,420436602,87262,75,4828.0,4790.0
2017-08-28,4848.0,4888.0,4721.0,4769.0,510046048,106959,63,4818.0,4721.0
2017-08-29,4875.0,4995.0,4723.0,4794.0,1384108483,288730,89,4769.0,4746.0
2017-08-30,4935.0,4935.0,4609.0,4660.0,1555616397,333837,87,4794.0,4609.0
2017-09-02,4483.0,4698.0,4483.0,4512.0,1150099492,254870,96,4660.0,4510.0
2017-09-03,4760.0,4760.0,4501.0,4668.0,1040873435,222972,75,4512.0,4650.0
2017-09-04,4751.0,4899.0,4581.0,4726.0,489562799,103580,36,4668.0,4631.0
2017-09-05,4829.0,4829.0,4500.0,4578.0,1174664004,256606,83,4726.0,4500.0
2017-09-06,4667.0,4667.0,4444.0,4482.0,1066612923,237966,88,4578.0,4444.0
2017-09-10,4610.0,4610.0,4310.0,4373.0,1059625176,242285,113,4482.0,4351.0
2017-09-11,4534.0,4534.0,4300.0,4318.0,386366366,89485,44,4373.0,4350.0
2017-09-12,4500.0,4500.0,4301.0,4418.0,785112171,177718,101,4318.0,4400.0
2017-09-13,4499.0,4500.0,4250.0,4305.0,2688883988,624614,171,4418.0,4250.0
2017-09-16,4270.0,4457.0,4270.0,4337.0,281179507,64830,43,4305.0,4300.0
2017-09-17,4300.0,4450.0,4283.0,4396.0,952810805,216743,80,4337.0,4350.0
2017-09-18,4470.0,4470.0,4304.0,4344.0,1201558982,276589,47,4396.0,4304.0
2017-09-19,4400.0,4400.0,4288.0,4303.0,923113179,214540,63,4344.0,4301.0
2017-09-20,4390.0,4390.0,4299.0,4315.0,1022394467,236943,51,4303.0,4301.0
2017-09-23,4317.0,4360.0,4261.0,4296.0,637554924,148405,53,4315.0,4261.0
2017-09-24,4257.0,4477.0,4257.0,4345.0,429722239,98893,59,4296.0,4399.0
2017-09-25,4301.0,4770.0,4300.0,4533.0,1644338539,362750,121,4345.0,4600.0
2017-09-26,4699.0,4747.0,4299.0,4510.0,2680901166,594467,145,4533.0,4390.0
2017-09-27,4506.0,4554.0,4417.0,4513.0,522389872,115762,42,4510.0,4417.0
2017-10-02,4519.0,4520.0,4376.0,4432.0,481809436,108716,40,4513.0,4440.0
2017-10-03,4382.0,4382.0,4200.0,4266.0,2805324868,657598,126,4432.0,4200.0
2017-10-04,4200.0,4420.0,4160.0,4279.0,3802893513,888805,131,4266.0,4318.0
2017-10-07,4300.0,4300.0,4060.0,4166.0,1445309399,346919,120,4279.0,4060.0
2017-10-08,4216.0,4216.0,3782.0,3925.0,1639656810,417783,91,4166.0,3892.0
2017-10-09,3986.0,4099.0,3851.0,3963.0,708998461,178900,71,3925.0,3900.0
2017-10-10,3602.0,3996.0,3600.0,3889.0,979601047,251880,88,3963.0,3897.0
2017-10-11,3980.0,3990.0,3800.0,3864.0,1845725606,477632,98,3889.0,3800.0
2017-10-14,3709.0,3935.0,3709.0,3851.0,688227815,178720,117,3864.0,3849.0
2017-10-15,3919.0,4236.0,3919.0,4110.0,2448153034,595656,170,3851.0,4077.0
2017-10-16,4100.0,4190.0,4003.0,4137.0,787886422,190434,105,4110.0,4140.0
2017-10-17,4100.0,4196.0,3920.0,4022.0,850784742,211557,71,4137.0,3920.0
2017-10-18,4000.0,4000.0,3900.0,3928.0,446708720,113738,81,4022.0,3960.0
2017-10-21,3940.0,4000.0,3835.0,3906.0,5104697683,1306834,192,3928.0,3901.0
2017-10-22,3980.0,3995.0,3880.0,3936.0,865678954,219959,88,3906.0,3880.0
2017-10-23,3880.0,3910.0,3761.0,3817.0,1071176227,280613,89,3936.0,3789.0
2017-10-24,3790.0,3820.0,3728.0,3757.0,1201286280,319744,93,3817.0,3758.0
2017-10-25,3899.0,4000.0,3750.0,3897.0,945543119,242614,110,3757.0,3971.0
2017-10-28,3999.0,4075.0,3900.0,4012.0,455719149,113575,54,3897.0,3994.0
2017-10-29,4050.0,4050.0,3850.0,3897.0,559669720,143606,68,4012.0,3863.0
2017-10-30,3989.0,4180.0,3989.0,4108.0,2624965273,638959,279,3897.0,4050.0
2017-10-31,4100.0,4518.0,4100.0,4380.0,5701946444,1301842,378,4108.0,4518.0
2017-11-01,4789.0,4818.0,4549.0,4777.0,16776301077,3511803,734,4380.0,4818.0
2017-11-04,4990.0,5177.0,4830.0,4971.0,8975597662,1805452,590,4777.0,4871.0
2017-11-05,4988.0,4988.0,4620.0,4775.0,3311330159,693540,337,4971.0,4770.0
2017-11-06,4835.0,5152.0,4660.0,4941.0,4559110228,922727,319,4775.0,4970.0
2017-11-07,5080.0,5149.0,4612.0,4810.0,5508912063,1145367,446,4941.0,4725.0
2017-11-08,4620.0,4995.0,4620.0,4854.0,4890637343,1007643,299,4810.0,4811.0
2017-11-11,4950.0,4950.0,4751.0,4791.0,938735017,195938,112,4854.0,4799.0
2017-11-12,4791.0,4791.0,4550.0,4624.0,2738993745,592290,223,4791.0,4555.0
2017-11-13,4552.0,4850.0,4503.0,4759.0,3169410250,665937,223,4624.0,4700.0
2017-11-14,4700.0,4944.0,4613.0,4870.0,2128543726,437080,193,4759.0,4800.0
2017-11-15,4945.0,4945.0,4700.0,4741.0,2150497760,453592,165,4870.0,4700.0
2017-11-18,4654.0,4840.0,4600.0,4677.0,1326485380,283593,104,4741.0,4650.0
2017-11-20,4820.0,4820.0,4522.0,4589.0,1397695326,304544,102,4677.0,4535.0
2017-11-21,4598.0,4730.0,4530.0,4565.0,2477936832,542822,147,4589.0,4535.0
2017-11-22,4610.0,4654.0,4475.0,4511.0,2008476380,445256,143,4565.0,4500.0
2017-11-25,4600.0,4600.0,4456.0,4500.0,2291553952,509198,117,4511.0,4456.0
2017-11-26,4421.0,4561.0,4311.0,4403.0,2517826137,571795,178,4500.0,4410.0
2017-11-28,4535.0,4535.0,4401.0,4444.0,531379369,119571,64,4403.0,4407.0
2017-11-29,4444.0,4465.0,4370.0,4382.0,1380422876,315042,125,4444.0,4415.0
2017-12-02,4499.0,4499.0,4382.0,4443.0,670794030,150981,55,4382.0,4392.0
2017-12-03,4425.0,4490.0,4377.0,4451.0,1575341988,353962,116,4443.0,4444.0
2017-12-04,4402.0,4449.0,4388.0,4414.0,1428826731,323684,78,4451.0,4404.0
2017-12-05,4385.0,4408.0,4362.0,4395.0,1288500202,293177,97,4414.0,4408.0
2017-12-09,4414.0,4650.0,4391.0,4518.0,2265114929,501316,219,4395.0,4536.0
2017-12-10,4580.0,4580.0,4390.0,4433.0,810519685,182854,85,4518.0,4400.0
2017-12-11,4363.0,4510.0,4350.0,4380.0,2128838688,486046,108,4433.0,4353.0
2017-12-12,4350.0,4499.0,4270.0,4331.0,2758111128,636879,176,4380.0,4310.0
2017-12-13,4331.0,4341.0,4251.0,4307.0,740099463,171842,68,4331.0,4284.0
2017-12-16,4440.0,4440.0,4203.0,4234.0,1529633204,361261,134,4307.0,4210.0
2017-12-17,4200.0,4298.0,4200.0,4255.0,1057862381,248597,112,4234.0,4280.0
2017-12-18,4250.0,4320.0,3992.0,4030.0,11545859356,2864883,559,4255.0,4020.0
2017-12-19,4050.0,4433.0,4050.0,4364.0,12925898528,2961979,611,4030.0,4433.0
2017-12-20,4495.0,4690.0,4364.0,4480.0,3545440491,791457,289,4364.0,4401.0
2017-12-23,4381.0,4650.0,4380.0,4470.0,2488918787,556750,244,4480.0,4400.0
2017-12-24,4498.0,4498.0,4250.0,4362.0,1461461892,335009,174,4470.0,4291.0
2017-12-25,4310.0,4435.0,4200.0,4230.0,1651087088,390331,126,4362.0,4200.0
2017-12-26,4260.0,4400.0,4197.0,4279.0,1170707183,273591,104,4230.0,4300.0
2017-12-27,4200.0,4393.0,4200.0,4307.0,1526450989,354391,103,4279.0,4339.0
2017-12-30,4389.0,4389.0,4050.0,4126.0,1868947689,453019,120,4307.0,4100.0
2017-12-31,4055.0,4175.0,3714.0,3821.0,6886151286,1802239,363,4126.0,3799.0
2018-01-01,3930.0,4098.0,3930.0,4001.0,2243204459,560619,175,3821.0,3970.0
2018-01-02,3980.0,4010.0,3762.0,3911.0,1411220804,360803,126,4001.0,3901.0
2018-01-03,3880.0,3928.0,3782.0,3832.0,1720640602,449052,136,3911.0,3890.0
2018-01-06,3897.0,4060.0,3811.0,4001.0,1370913932,342667,97,3832.0,4000.0
2018-01-07,4003.0,4099.0,3962.0,4041.0,1024264604,253453,80,4001.0,3980.0
2018-01-08,4046.0,4210.0,3985.0,4136.0,2700880317,653096,199,4041.0,4180.0
2018-01-09,4175.0,4289.0,4061.0,4168.0,1564052518,375250,127,4136.0,4132.0
2018-01-10,4060.0,4150.0,4040.0,4072.0,653498279,160471,62,4168.0,4042.0
2018-01-13,4044.0,4197.0,4020.0,4063.0,600541004,147820,75,4072.0,4046.0
2018-01-14,4149.0,4368.0,4149.0,4236.0,4349546189,1026749,365,4063.0,4259.0
2018-01-15,4296.0,4410.0,4100.0,4244.0,3159600542,744446,201,4236.0,4143.0
2018-01-16,4140.0,4148.0,4050.0,4100.0,1715980463,418500,141,4244.0,4130.0
2018-01-17,4123.0,4510.0,4123.0,4442.0,21849976646,4918754,919,4100.0,4510.0
2018-01-20,4886.0,4886.0,4700.0,4863.0,27367345982,5628127,1091,4442.0,4886.0
2018-01-21,4902.0,5337.0,4530.0,5128.0,25724978974,5016778,1367,4863.0,5220.0
2018-01-22,5290.0,5534.0,5100.0,5333.0,20680251775,3877452,1156,5128.0,5100.0
2018-01-23,5180.0,5670.0,4843.0,5225.0,29476009380,5641020,1334,5333.0,5400.0
2018-01-24,5539.0,5747.0,5371.0,5630.0,28916201755,5136462,1292,5225.0,5440.0
2018-01-27,5448.0,5544.0,5100.0,5287.0,12795390738,2420319,624,5630.0,5150.0
2018-01-28,5200.0,5240.0,4860.0,5014.0,11076839352,2209220,652,5287.0,5000.0
2018-01-29,5140.0,5339.0,5050.0,5238.0,6612554598,1262510,391,5014.0,5190.0
2018-01-30,5325.0,5615.0,5060.0,5320.0,8621149710,1620453,565,5238.0,5215.0
2018-01-31,5201.0,5399.0,5150.0,5229.0,3984167407,761943,209,5320.0,5221.0
2018-02-03,5370.0,5370.0,5034.0,5090.0,4500786415,884156,338,5229.0,5034.0
2018-02-04,5090.0,5090.0,4891.0,4939.0,6858734054,1388587,469,5090.0,4900.0
2018-02-05,4900.0,4994.0,4810.0,4874.0,4681974033,960576,364,4939.0,4849.0
2018-02-06,4899.0,4899.0,4800.0,4821.0,2796099997,579957,218,4874.0,4822.0
2018-02-07,4954.0,5195.0,4759.0,5040.0,5794523485,1149611,433,4821.0,5120.0
2018-02-10,5151.0,5151.0,4820.0,4977.0,3091062329,621087,266,5040.0,4901.0
2018-02-12,4810.0,5050.0,4802.0,4962.0,3003981877,605447,193,4977.0,4904.0
2018-02-13,5000.0,5025.0,4822.0,4859.0,2595503640,534174,211,4962.0,4863.0
2018-02-14,4928.0,4965.0,4831.0,4877.0,2268966824,465266,159,4859.0,4850.0
2018-02-17,4830.0,4840.0,4700.0,4758.0,3730244280,783978,323,4877.0,4700.0
2018-02-18,4720.0,4799.0,4660.0,4713.0,2075148770,440301,171,4758.0,4694.0
2018-02-19,4755.0,4979.0,4601.0,4848.0,3321280201,685035,261,4713.0,4873.0
2018-02-21,4950.0,4950.0,4702.0,4804.0,1139576339,237195,109,4848.0,4734.0
2018-02-24,4654.0,4880.0,4650.0,4692.0,1627927020,346956,104,4804.0,4702.0
2018-02-25,4692.0,4799.0,4521.0,4622.0,3011358424,651505,135,4692.0,4521.0
2018-02-26,4523.0,4725.0,4490.0,4548.0,3690976587,811600,198,4622.0,4655.0
2018-02-27,4690.0,5002.0,4602.0,4884.0,8376284851,1714941,463,4548.0,5002.0
2018-02-28,5080.0,5300.0,4907.0,5081.0,6263802129,1232723,414,4884.0,5080.0
2018-03-03,5120.0,5200.0,4902.0,4977.0,3019795245,606756,215,5081.0,4902.0
2018-03-04,4910.0,5036.0,4850.0,4898.0,3431834973,700684,142,4977.0,4858.0
2018-03-05,4811.0,4900.0,4801.0,4843.0,2247317942,464022,128,4898.0,4837.0
2018-03-06,4875.0,5050.0,4860.0,4939.0,1981962614,401281,110,4843.0,4925.0
2018-03-07,4940.0,5099.0,4867.0,5034.0,3431597361,681723,333,4939.0,5070.0
2018-03-10,5050.0,5185.0,4900.0,5090.0,2901688227,570079,228,5034.0,4956.0
2018-03-11,5031.0,5031.0,4700.0,4814.0,2500991645,519539,190,5090.0,4701.0
2018-03-12,4700.0,4848.0,4595.0,4638.0,1929216428,415940,174,4814.0,4600.0
2018-03-13,4600.0,4744.0,4531.0,4608.0,1487704106,322871,130,4638.0,4605.0
2018-03-14,4603.0,4890.0,4603.0,4726.0,1227349471,259706,112,4608.0,4650.0
2018-03-17,4848.0,4880.0,4670.0,4774.0,1713320196,358888,148,4726.0,4671.0
2018-03-18,4800.0,4870.0,4590.0,4645.0,3100366922,667466,191,4774.0,4600.0
2018-03-19,4645.0,4645.0,4550.0,4585.0,2065390002,450491,190,4645.0,4590.0
2018-03-25,4636.0,4699.0,4585.0,4643.0,770229650,165891,65,4585.0,4585.0
2018-03-26,4650.0,4650.0,4531.0,4543.0,907873633,199851,96,4643.0,4540.0
2018-03-27,4570.0,4594.0,4492.0,4521.0,687178858,151998,88,4543.0,4594.0
2018-03-28,4621.0,4621.0,4488.0,4515.0,1231440197,272767,71,4521.0,4517.0
2018-04-03,4594.0,4628.0,4451.0,4562.0,908328443,199116,83,4515.0,4538.0
2018-04-04,4501.0,4600.0,4461.0,4552.0,1368889135,300698,76,4562.0,4599.0
2018-04-07,4601.0,4999.0,4601.0,4803.0,7277344254,1515314,390,4552.0,4830.0
2018-04-08,4900.0,4950.0,4500.0,4609.0,3538022640,767625,222,4803.0,4502.0
2018-04-09,4514.0,4648.0,4250.0,4386.0,4788079157,1091625,303,4609.0,4254.0
2018-04-10,4386.0,4541.0,4345.0,4381.0,1709735982,390226,145,4386.0,4345.0
2018-04-11,4344.0,4499.0,4100.0,4230.0,3464275284,818950,183,4381.0,4200.0
2018-04-15,4278.0,4470.0,4278.0,4396.0,1065657472,242427,117,4230.0,4365.0
2018-04-16,4304.0,4393.0,4201.0,4244.0,1951375458,459808,120,4396.0,4220.0
2018-04-17,4230.0,4377.0,4200.0,4307.0,1674682481,388806,118,4244.0,4260.0
2018-04-18,4369.0,4369.0,4237.0,4251.0,1021784386,240357,91,4307.0,4237.0
2018-04-21,4222.0,4490.0,4221.0,4424.0,2728991716,616844,261,4251.0,4451.0
2018-04-22,4457.0,4580.0,4370.0,4455.0,3371154759,756678,150,4424.0,4380.0
2018-04-23,4489.0,4489.0,4331.0,4354.0,2439519821,560355,91,4455.0,4345.0
2018-04-24,4260.0,4480.0,4260.0,4412.0,1404032674,318202,110,4354.0,4479.0
2018-04-25,4499.0,4499.0,4250.0,4294.0,1700058254,395948,119,4412.0,4250.0
2018-04-28,4254.0,4399.0,4200.0,4250.0,1987612239,467676,124,4294.0,4200.0
2018-04-29,4118.0,4300.0,4118.0,4185.0,285168908,68142,41,4250.0,4200.0
2018-04-30,4250.0,4300.0,4164.0,4216.0,1210954115,287218,78,4185.0,4171.0
2018-05-01,4162.0,4250.0,4130.0,4158.0,609689866,146614,109,4216.0,4139.0
2018-05-05,4132.0,4132.0,3984.0,4026.0,2072413432,514726,181,4158.0,3999.0
2018-05-06,4085.0,4420.0,3880.0,4249.0,8311644528,1955912,664,4026.0,4250.0
2018-05-07,4406.0,4589.0,4253.0,4462.0,4863854979,1090088,348,4249.0,4415.0
2018-05-08,4520.0,4609.0,4320.0,4500.0,4021644047,893665,277,4462.0,4401.0
2018-05-09,4060.0,4301.0,4060.0,4158.0,3623487226,871551,225,4500.0,4150.0
2018-05-12,4220.0,4300.0,4111.0,4227.0,2787471601,659383,206,4158.0,4160.0
2018-05-13,4230.0,4500.0,4230.0,4376.0,3038669759,694344,212,4227.0,4302.0
2018-05-14,4441.0,4553.0,4328.0,4461.0,1962876176,440008,178,4376.0,4484.0
2018-05-15,4500.0,4728.0,4488.0,4567.0,3072123226,672641,223,4461.0,4518.0
2018-05-16,4496.0,4670.0,4360.0,4439.0,3490333405,786219,205,4567.0,4362.0
2018-05-19,4355.0,4538.0,4324.0,4453.0,2650835949,595296,229,4439.0,4399.0
2018-05-20,4460.0,4500.0,4362.0,4393.0,1603383064,365016,154,4453.0,4363.0
2018-05-21,4390.0,4440.0,4266.0,4323.0,2657536321,614783,177,4393.0,4271.0
2018-05-22,4270.0,4410.0,4246.0,4302.0,1895722619,440651,151,4323.0,4333.0
2018-05-23,4247.0,4400.0,4211.0,4297.0,2749166668,639726,210,4302.0,4255.0
2018-05-26,4256.0,4726.0,4255.0,4575.0,11065579818,2418949,569,4297.0,4726.0
2018-05-27,5032.0,5032.0,5032.0,5032.0,3622843752,719961,121,4575.0,5032.0
2018-05-28,5379.0,5463.0,5080.0,5257.0,39525317353,7518340,1814,5032.0,5121.0
2018-06-09,5410.0,5410.0,4732.0,4764.0,2503156481,525451,194,5257.0,4732.0
2018-06-10,4403.0,5185.0,4403.0,4871.0,6362061379,1306214,488,4764.0,4983.0
2018-06-11,4903.0,5148.0,4780.0,4929.0,3012830933,611269,247,4871.0,4792.0
2018-06-12,4930.0,4930.0,4760.0,4817.0,2334571017,484693,190,4929.0,4800.0
2018-06-13,4922.0,5110.0,4772.0,4966.0,4086146956,822841,286,4817.0,4813.0
2018-06-17,5100.0,5462.0,5010.0,5391.0,14201109464,2634235,648,4966.0,5444.0
2018-06-18,5500.0,5799.0,5210.0,5423.0,5585982228,1030119,412,5391.0,5212.0
2018-06-19,5221.0,5300.0,5062.0,5160.0,5293330923,1025791,301,5423.0,5082.0
2018-06-20,5064.0,5324.0,5064.0,5199.0,3933425206,756640,244,5160.0,5100.0
2018-06-23,5081.0,5180.0,4980.0,5017.0,3389101871,675509,240,5199.0,5011.0
2018-06-24,5022.0,5448.0,5022.0,5264.0,12276797905,2332030,481,5017.0,5211.0
2018-06-25,5299.0,5399.0,5100.0,5172.0,7659699434,1480918,332,5264.0,5145.0
2018-06-26,5145.0,5170.0,4960.0,5003.0,7131977050,1425507,328,5172.0,4974.0
2018-06-27,5050.0,5095.0,4723.0,4920.0,2558014430,519944,190,5003.0,4810.0
2018-06-30,4752.0,5090.0,4650.0,4916.0,2231012375,453782,133,4920.0,4825.0
2018-07-01,4930.0,4930.0,4505.0,4675.0,2613480096,559025,200,4916.0,4700.0
2018-07-02,4686.0,4950.0,4686.0,4832.0,3136067324,649076,133,4675.0,4801.0
2018-07-03,4944.0,4944.0,4750.0,4786.0,1708455950,356972,147,4832.0,4750.0
2018-07-04,4745.0,4750.0,4600.0,4673.0,2151571601,460395,177,4786.0,4750.0
2018-07-07,4819.0,4820.0,4570.0,4650.0,5671217480,1219662,267,4673.0,4700.0
2018-07-08,4682.0,4786.0,4480.0,4557.0,4136465495,907777,211,4650.0,4500.0
2018-07-10,4490.0,4500.0,4380.0,4414.0,1811101206,410304,168,4557.0,4399.0
2018-07-11,4400.0,4500.0,4300.0,4363.0,3038204564,696384,270,4414.0,4375.0
2018-07-14,4470.0,4799.0,4470.0,4765.0,4799724055,1007383,279,4363.0,4799.0
2018-07-15,4940.0,5044.0,4501.0,4754.0,8022230353,1687571,435,4765.0,4614.0
2018-07-16,4739.0,4739.0,4444.0,4544.0,2076391145,456988,180,4754.0,4444.0
2018-07-17,4501.0,4690.0,4470.0,4557.0,1260238502,276525,138,4544.0,4550.0
2018-07-18,4630.0,4650.0,4411.0,4492.0,4096307249,912183,216,4557.0,4499.0
2018-07-21,4500.0,4699.0,4500.0,4632.0,1950675379,421157,182,4492.0,4630.0
2018-07-22,4678.0,4678.0,4511.0,4543.0,2092091649,460548,147,4632.0,4537.0
2018-07-23,4538.0,4543.0,4415.0,4463.0,2092193089,468821,149,4543.0,4424.0
2018-07-24,4430.0,4528.0,4335.0,4397.0,2277480744,517905,204,4463.0,4399.0
2018-07-25,4474.0,4500.0,4343.0,4423.0,1744291407,394381,128,4397.0,4480.0
2018-07-28,4545.0,4655.0,4434.0,4519.0,1957951936,433247,190,4423.0,4445.0
2018-07-29,4540.0,4540.0,4335.0,4417.0,2421267276,548143,150,4519.0,4460.0
2018-07-30,4469.0,4469.0,4323.0,4355.0,3696913906,848936,280,4417.0,4366.0
2018-07-31,4443.0,4720.0,4390.0,4571.0,6288766824,1375755,372,4355.0,4600.0
2018-08-01,4754.0,4777.0,4530.0,4657.0,6329215372,1358951,456,4571.0,4532.0
2018-08-04,4523.0,4566.0,4400.0,4439.0,2483255618,559433,160,4657.0,4410.0
2018-08-05,4499.0,4700.0,4370.0,4567.0,3896692809,853184,251,4439.0,4500.0
2018-08-06,4639.0,4644.0,4300.0,4396.0,6781016998,1542608,349,4567.0,4370.0
2018-08-07,4400.0,4400.0,4250.0,4307.0,8097720980,1879982,430,4396.0,4308.0
2018-08-08,4300.0,4534.0,4270.0,4355.0,4249713776,975804,289,4307.0,4325.0
2018-08-11,4331.0,4450.0,4331.0,4390.0,2588387583,589657,219,4355.0,4400.0
2018-08-12,4400.0,4596.0,4367.0,4465.0,3548649090,794856,258,4390.0,4536.0
2018-08-13,4470.0,4651.0,4446.0,4587.0,4665215932,1017081,366,4465.0,4540.0
2018-08-14,4455.0,4520.0,4440.0,4451.0,1687005461,379055,108,4587.0,4441.0
2018-08-15,4433.0,4490.0,4386.0,4412.0,3157489944,715592,166,4451.0,4386.0
2018-08-18,4451.0,4853.0,4450.0,4747.0,12564876590,2646840,594,4412.0,4853.0
2018-08-19,5000.0,5190.0,4899.0,5087.0,11428448036,2246636,660,4747.0,5069.0
2018-08-20,5180.0,5180.0,4812.0,4924.0,10249581205,2081757,490,5087.0,4820.0
2018-08-21,5050.0,5180.0,4701.0,5007.0,6432572329,1284648,418,4924.0,5000.0
2018-08-25,5050.0,5139.0,4900.0,4986.0,5431754360,1089388,314,5007.0,4900.0
2018-08-26,4927.0,5450.0,4860.0,5138.0,14989071465,2917136,688,4986.0,5389.0
2018-08-27,5401.0,5590.0,5056.0,5232.0,19002873481,3632095,686,5138.0,5190.0
2018-08-28,5180.0,5333.0,5000.0,5152.0,15735983639,3054203,530,5232.0,5111.0
2018-08-29,5100.0,5450.0,5100.0,5366.0,11864480724,2210922,526,5152.0,5360.0
2018-09-01,5399.0,5546.0,5300.0,5394.0,6420088614,1190224,347,5366.0,5330.0
2018-09-02,5389.0,5390.0,5071.0,5208.0,8381206838,1609384,347,5394.0,5100.0
2018-09-03,5059.0,5308.0,4980.0,5181.0,10328812421,1993640,451,5208.0,5200.0
2018-09-04,5301.0,5699.0,5300.0,5650.0,19124535261,3384743,591,5181.0,5699.0
2018-09-05,6215.0,6215.0,6123.0,6212.0,37207755108,5989344,833,5650.0,6215.0
2018-09-08,6796.0,6833.0,6240.0,6706.0,15660587143,2335264,509,6212.0,6833.0
2018-09-09,6998.0,7376.0,6710.0,7127.0,49135323285,6894030,1455,6706.0,7179.0
2018-09-10,7339.0,7339.0,7202.0,7270.0,647666597,89093,19,7127.0,7202.0
2018-09-11,7300.0,7300.0,6778.0,7043.0,10434266257,1481610,416,7270.0,6960.0
2018-09-12,6970.0,7747.0,6970.0,7680.0,29307508265,3816243,757,7043.0,7747.0
2018-09-15,8298.0,8298.0,7250.0,7848.0,32739674813,4171548,920,7680.0,7290.0
2018-09-16,7400.0,7480.0,7064.0,7159.0,32907431777,4596509,941,7848.0,7271.0
2018-09-17,7500.0,7869.0,7300.0,7567.0,26089224419,3447778,720,7159.0,7300.0
2018-09-18,7351.0,7470.0,7154.0,7248.0,20862651604,2878229,731,7567.0,7224.0
2018-09-22,7485.0,7950.0,7256.0,7637.0,19566360721,2561977,760,7248.0,7799.0
2018-09-23,8026.0,8300.0,7600.0,7906.0,16943133192,2143148,682,7637.0,7600.0
2018-09-24,7900.0,7900.0,7351.0,7564.0,18649910690,2465728,746,7906.0,7402.0
2018-09-25,7564.0,8300.0,7563.0,8055.0,25891284488,3214441,810,7564.0,8290.0
2018-09-26,8751.0,8860.0,8751.0,8858.0,39197600954,4425183,450,8055.0,8860.0
2018-09-29,9743.0,9743.0,9400.0,9728.0,30208049399,3105315,619,8858.0,9743.0
2018-09-30,10000.0,10548.0,9756.0,10016.0,33176839873,3312254,1207,9728.0,10000.0
2018-10-01,10050.0,10060.0,9015.0,9455.0,42724838106,4518545,1296,10016.0,9300.0
2018-10-02,9000.0,9010.0,8510.0,8652.0,7740575608,894649,218,9455.0,8510.0
2018-10-03,7787.0,8370.0,7787.0,7871.0,33796932479,4294109,969,8652.0,7787.0
2018-10-06,8100.0,8500.0,7084.0,7514.0,24110146707,3208717,783,7871.0,7084.0
2018-10-07,6900.0,7343.0,6763.0,6838.0,17151028811,2508024,517,7514.0,6763.0
2018-10-08,6160.0,6689.0,6155.0,6180.0,17632210885,2853056,550,6838.0,6155.0
2018-10-09,6100.0,6798.0,6100.0,6599.0,25464733430,3859004,779,6180.0,6550.0
2018-10-10,7258.0,7258.0,7000.0,7241.0,30486741188,4210121,627,6599.0,7258.0
2018-10-13,7899.0,7899.0,6517.0,6852.0,31841606268,4646886,906,7241.0,6517.0
2018-10-14,6680.0,6700.0,6170.0,6424.0,10731950605,1670690,389,6852.0,6400.0
2018-10-15,6520.0,7066.0,6520.0,7021.0,7906943372,1126121,285,6424.0,7066.0
2018-10-16,7600.0,7723.0,7000.0,7492.0,19219432509,2565329,725,7021.0,7305.0
2018-10-17,6755.0,7320.0,6750.0,7084.0,14871904970,2099331,573,7492.0,7200.0
2018-10-20,7200.0,7697.0,7200.0,7424.0,12932464663,1741945,536,7084.0,7390.0
2018-10-21,7598.0,7660.0,7060.0,7225.0,14858791296,2056660,536,7424.0,7067.0
2018-10-22,7150.0,7150.0,6503.0,6600.0,15211421787,2304902,604,7225.0,6503.0
2018-10-23,6763.0,6763.0,6100.0,6194.0,10659174857,1720913,359,6600.0,6219.0
2018-10-24,6230.0,6550.0,5923.0,6111.0,9634903684,1576623,385,6194.0,5957.0
2018-10-27,5985.0,6095.0,5855.0,5979.0,6787239123,1135207,260,6111.0,5902.0
2018-10-28,6000.0,6448.0,6000.0,6259.0,5040330665,805330,263,5979.0,6383.0
2018-10-29,6450.0,6748.0,6360.0,6542.0,6520977394,996843,303,6259.0,6540.0
2018-10-31,6590.0,6590.0,6110.0,6303.0,3171377583,503183,244,6542.0,6201.0
2018-11-03,6202.0,6290.0,5800.0,6007.0,5480122712,912343,249,6303.0,6050.0
2018-11-04,6090.0,6292.0,5911.0,6103.0,3792924677,621526,224,6007.0,6001.0
2018-11-05,6099.0,6500.0,5991.0,6271.0,5937373736,946857,268,6103.0,6210.0
2018-11-06,6214.0,6450.0,6213.0,6334.0,4078365838,643923,288,6271.0,6282.0
2018-11-10,6389.0,6415.0,6000.0,6140.0,3863810679,629265,246,6334.0,6000.0
2018-11-11,6159.0,6196.0,5800.0,5920.0,4429893284,748349,279,6140.0,5882.0
2018-11-12,5850.0,6311.0,5800.0,6142.0,5599505706,911659,395,5920.0,6276.0
2018-11-13,6199.0,6310.0,5999.0,6072.0,5930089131,976598,330,6142.0,6024.0
2018-11-14,6100.0,6100.0,5970.0,6045.0,4626579633,765368,243,6072.0,6080.0
2018-11-17,6011.0,6274.0,5852.0,5994.0,4743466328,791352,312,6045.0,5971.0
2018-11-18,6000.0,6045.0,5611.0,5769.0,6170854136,1069632,340,5994.0,5720.0
2018-11-19,5720.0,6149.0,5720.0,5974.0,7377996843,1234943,396,5769.0,6000.0
2018-11-20,6149.0,6149.0,5851.0,5997.0,4028416341,671706,230,5974.0,5922.0
2018-11-21,5922.0,6096.0,5750.0,5938.0,8717549312,1468164,476,5997.0,5930.0
2018-11-24,6050.0,6531.0,6050.0,6383.0,19307670458,3024786,808,5938.0,6531.0
2018-11-26,6649.0,6950.0,6533.0,6695.0,20779340522,3103529,986,6383.0,6655.0
2018-11-27,7020.0,7020.0,6411.0,6623.0,11674405624,1762613,720,6695.0,6572.0
2018-11-28,6650.0,6650.0,5961.0,6406.0,8769816979,1368930,519,6623.0,6411.0
2018-12-01,6398.0,6398.0,5806.0,5948.0,6056318388,1018148,464,6406.0,6000.0
2018-12-02,6055.0,6299.0,6000.0,6158.0,5089899415,826601,284,5948.0,6179.0
2018-12-03,6286.0,6476.0,6100.0,6223.0,7308210827,1174460,415,6158.0,6201.0
2018-12-04,6276.0,6440.0,6208.0,6296.0,9336806789,1482957,405,6223.0,6289.0
2018-12-05,6300.0,6800.0,6280.0,6596.0,40759182495,6178912,1112,6296.0,6690.0
2018-12-08,7230.0,7255.0,6950.0,7169.0,20871030656,2911405,1088,6596.0,7255.0
2018-12-09,7885.0,7885.0,7401.0,7726.0,42062001385,5444544,1254,7169.0,7562.0
2018-12-10,7469.0,7469.0,6954.0,7138.0,38411372909,5381490,1119,7726.0,6954.0
2018-12-12,6500.0,7540.0,6425.0,6862.0,97864544367,14262351,3055,7138.0,7470.0
2018-12-15,7548.0,7548.0,7200.0,7425.0,89199872346,12013156,3098,6862.0,7250.0
2018-12-16,6756.0,7215.0,6756.0,7011.0,97051207193,13843634,3356,7425.0,6930.0
2019-02-02,6310.0,6310.0,6310.0,6310.0,470751240,74604,21,7011.0,6310.0
2019-02-03,5679.0,5679.0,5679.0,5679.0,906215067,159573,91,6310.0,5679.0
2019-02-04,5112.0,6210.0,5112.0,5582.0,92953999567,16652926,4383,5679.0,6000.0
2019-02-05,6100.0,6140.0,5835.0,6116.0,26408745307,4318121,901,5582.0,6140.0
2019-02-06,6390.0,6679.0,6051.0,6351.0,41673470642,6561852,1994,6116.0,6100.0
2019-02-10,6140.0,6179.0,5716.0,5868.0,24737616459,4215847,1481,6351.0,5830.0
2019-02-12,5752.0,5752.0,5403.0,5586.0,13109450876,2346911,930,5868.0,5605.0
2019-02-13,5698.0,5941.0,5461.0,5759.0,14620471389,2538851,891,5586.0,5802.0
2019-02-16,5900.0,6139.0,5659.0,5834.0,12950646551,2219847,692,5759.0,5682.0
2019-02-17,5500.0,5790.0,5410.0,5512.0,10521540945,1908689,756,5834.0,5470.0
2019-02-18,5300.0,5831.0,5200.0,5557.0,13921093665,2505051,785,5512.0,5423.0
2019-02-19,5471.0,5500.0,5304.0,5377.0,8973667684,1668868,592,5557.0,5304.0
2019-02-20,5400.0,5486.0,5204.0,5324.0,21346722251,4009763,1091,5377.0,5260.0
2019-02-23,5324.0,5350.0,5060.0,5181.0,17016336041,3284191,1088,5324.0,5110.0
2019-02-24,5130.0,5580.0,5130.0,5377.0,35818900594,6661455,1655,5181.0,5415.0
2019-02-25,5400.0,5666.0,5340.0,5456.0,13554062389,2484212,807,5377.0,5350.0
2019-02-26,5200.0,5450.0,5100.0,5206.0,15531779600,2983329,861,5456.0,5230.0
2019-02-27,5250.0,5390.0,5050.0,5252.0,11834516673,2253266,683,5206.0,5301.0
2019-03-02,5305.0,5420.0,5200.0,5322.0,10357038468,1946089,506,5252.0,5290.0
2019-03-03,5291.0,5380.0,5150.0,5214.0,10231906601,1962389,615,5322.0,5210.0
2019-03-04,5211.0,5250.0,5150.0,5189.0,11712067106,2257164,692,5214.0,5175.0
2019-03-05,5298.0,5298.0,5050.0,5121.0,11498458724,2245279,654,5189.0,5080.0
2019-03-06,5100.0,5500.0,5000.0,5282.0,21930246287,4152129,1404,5121.0,5466.0
2019-03-09,5460.0,5810.0,5350.0,5665.0,52592608183,9284466,2406,5282.0,5810.0
2019-03-10,6001.0,6189.0,5700.0,5947.0,44924904607,7554516,2201,5665.0,5780.0
2019-03-11,5750.0,5769.0,5410.0,5566.0,32735017879,5881695,1471,5947.0,5500.0
2019-03-12,5452.0,5649.0,5399.0,5470.0,9763876421,1785133,619,5566.0,5499.0
2019-03-13,5410.0,5750.0,5410.0,5567.0,11614018761,2086181,807,5470.0,5484.0
2019-03-16,5591.0,5591.0,5350.0,5400.0,7531428395,1394654,653,5567.0,5350.0
2019-03-17,5468.0,5560.0,5240.0,5398.0,8885038244,1645917,673,5400.0,5299.0
2019-03-18,5591.0,5591.0,5300.0,5346.0,7130646598,1333936,553,5398.0,5300.0
2019-03-19,5418.0,5554.0,5300.0,5382.0,3561874790,661858,256,5346.0,5500.0
2019-03-25,5593.0,5749.0,5450.0,5626.0,8739290589,1553315,672,5382.0,5612.0
2019-03-26,5698.0,5895.0,5630.0,5762.0,9180540317,1593330,603,5626.0,5750.0
2019-03-27,5800.0,5800.0,5500.0,5566.0,9990715999,1794838,757,5762.0,5590.0
2019-03-30,5550.0,5949.0,5505.0,5755.0,12253420023,2129171,756,5566.0,5785.0
2019-03-31,5891.0,6122.0,5766.0,5937.0,18861153196,3176723,1036,5755.0,5866.0
2019-04-06,5869.0,6170.0,5775.0,5981.0,20286725595,3391974,1017,5937.0,6078.0
2019-04-07,6200.0,6410.0,6150.0,6249.0,23155590606,3705501,1274,5981.0,6202.0
2019-04-08,6204.0,6700.0,6070.0,6448.0,19056206342,2955384,1081,6249.0,6450.0
2019-04-09,6469.0,6740.0,6305.0,6459.0,14512478219,2246803,677,6448.0,6308.0
2019-04-10,6400.0,6541.0,6205.0,6383.0,19911336872,3119666,964,6459.0,6320.0
2019-04-13,6383.0,6542.0,6222.0,6365.0,15859111746,2491454,784,6383.0,6290.0
2019-04-14,6410.0,6410.0,6120.0,6234.0,18536027489,2973280,940,6365.0,6230.0
2019-04-15,6234.0,6550.0,6205.0,6386.0,35335451750,5533171,1724,6234.0,6315.0
2019-04-16,6430.0,6430.0,6175.0,6258.0,12703920412,2030029,795,6386.0,6175.0
2019-04-17,6179.0,6200.0,5850.0,6050.0,18374162987,3037199,1018,6258.0,6060.0
2019-04-20,6260.0,6655.0,6150.0,6492.0,28740913098,4426975,1297,6050.0,6655.0
2019-04-22,6900.0,6900.0,6305.0,6611.0,23106168550,3494992,1055,6492.0,6455.0
2019-04-23,6250.0,7190.0,6250.0,6953.0,36864005686,5301909,1744,6611.0,6969.0
2019-04-24,7000.0,7356.0,6900.0,7105.0,29209814860,4111137,1192,6953.0,7000.0
2019-04-27,6950.0,7100.0,6700.0,6805.0,21848849522,3210535,1162,7105.0,6800.0
2019-04-28,6806.0,7099.0,6780.0,6862.0,17534521405,2555128,807,6805.0,6810.0
2019-04-29,6987.0,7070.0,6861.0,6957.0,19331972402,2778709,971,6862.0,6862.0
2019-04-30,6900.0,7080.0,6262.0,6672.0,28632783181,4291429,1286,6957.0,6699.0
2019-05-01,6605.0,6950.0,6602.0,6820.0,9759563041,1431060,475,6672.0,6770.0
2019-05-04,6930.0,7499.0,6666.0,7253.0,54168783095,7468045,2068,6820.0,7492.0
2019-05-05,7551.0,7886.0,7170.0,7547.0,47977339676,6357234,1731,7253.0,7480.0
2019-05-06,7600.0,7600.0,6800.0,7092.0,25450101452,3588359,1089,7547.0,7070.0
2019-05-07,7100.0,7100.0,6383.0,6531.0,24836071256,3802658,937,7092.0,6532.0
2019-05-08,6532.0,7150.0,6370.0,6827.0,15836053526,2319592,635,6531.0,6900.0
2019-05-11,7044.0,7299.0,6700.0,7106.0,22816191088,3210771,1036,6827.0,6905.0
2019-05-12,6901.0,6950.0,6396.0,6462.0,25234242825,3904862,908,7106.0,6424.0
2019-05-13,6501.0,6879.0,6500.0,6677.0,15964418898,2390946,673,6462.0,6750.0
2019-05-14,7344.0,8078.0,7344.0,7975.0,46165113267,5788627,1012,6677.0,8078.0
2019-05-15,8494.0,8494.0,7580.0,8040.0,71692099343,8916470,2090,7975.0,7830.0
2019-05-18,7655.0,8299.0,7655.0,7896.0,28064052410,3554390,1023,8040.0,7745.0
2019-05-19,7760.0,7800.0,7513.0,7635.0,21552865052,2822869,815,7896.0,7606.0
2019-05-20,7606.0,7606.0,7115.0,7243.0,17577997959,2426848,621,7635.0,7200.0
2019-05-21,7200.0,7651.0,7200.0,7499.0,14672692165,1956505,536,7243.0,7460.0
2019-05-22,7650.0,7882.0,7230.0,7558.0,20239137271,2678008,783,7499.0,7470.0
2019-05-25,7558.0,7619.0,7334.0,7461.0,17975096489,2409271,530,7558.0,7619.0
2019-05-26,7750.0,8000.0,7590.0,7823.0,20475866765,2617279,690,7461.0,8000.0
2019-05-28,8480.0,8480.0,8053.0,8266.0,32957260877,3987256,1214,7823.0,8199.0
2019-05-29,8266.0,8387.0,7800.0,7972.0,25718651525,3226070,1052,8266.0,7899.0
2019-06-01,7998.0,7998.0,7460.0,7724.0,12697724140,1643900,595,7972.0,7650.0
2019-09-03,7493.0,7493.0,7493.0,7493.0,4171428030,556710,47,7724.0,7493.0
2019-09-04,7269.0,7269.0,7269.0,7269.0,2643313698,363642,80,7493.0,7269.0
2019-09-16,7124.0,7124.0,7124.0,7124.0,29685708,4167,5,7269.0,7124.0
2019-09-17,7053.0,7053.0,7053.0,7053.0,5957196549,844633,79,7124.0,7053.0
2019-09-18,7053.0,7053.0,7053.0,7053.0,840400215,119155,23,7053.0,7053.0
2019-09-21,7053.0,7053.0,7053.0,7053.0,44984034,6378,5,7053.0,7053.0
2019-09-22,7053.0,7053.0,7053.0,7053.0,459157353,65101,14,7053.0,7053.0
2019-09-23,7053.0,7053.0,6912.0,6997.0,1393076805,199108,58,7053.0,6912.0
2019-09-24,6843.0,6843.0,6843.0,6843.0,693627009,101363,41,6997.0,6843.0
2019-09-25,6775.0,6775.0,6775.0,6775.0,1621941775,239401,45,6843.0,6775.0
2019-09-28,6708.0,6708.0,6708.0,6708.0,804403236,119917,27,6775.0,6708.0
2019-09-29,6641.0,6641.0,6641.0,6641.0,134161482,20202,22,6708.0,6641.0
2019-09-30,6575.0,6575.0,6575.0,6575.0,309952075,47141,53,6641.0,6575.0
2019-10-01,6510.0,6510.0,6510.0,6510.0,446319090,68559,122,6575.0,6510.0
2019-10-02,6445.0,6445.0,6445.0,6445.0,109010730,16914,13,6510.0,6445.0
2019-10-05,6381.0,6381.0,6381.0,6381.0,514716984,80664,44,6445.0,6381.0
2019-10-06,6318.0,6318.0,6318.0,6318.0,187398198,29661,16,6381.0,6318.0
2019-10-07,6255.0,6255.0,6255.0,6255.0,53367660,8532,17,6318.0,6255.0
2019-10-08,6193.0,6193.0,6193.0,6193.0,42818402,6914,11,6255.0,6193.0
2019-10-09,6132.0,6132.0,6132.0,6132.0,91280952,14886,14,6193.0,6132.0
2019-10-12,6071.0,6071.0,6071.0,6071.0,116314289,19159,19,6132.0,6071.0
2019-10-13,6011.0,6011.0,6011.0,6011.0,1084678939,180449,73,6071.0,6011.0
2019-10-14,5951.0,5951.0,5951.0,5951.0,369194089,62039,10,6011.0,5951.0
2019-10-15,5892.0,5892.0,5892.0,5892.0,80643804,13687,12,5951.0,5892.0
2019-10-16,5834.0,5834.0,5834.0,5834.0,26212162,4493,7,5892.0,5834.0
2019-10-20,5718.0,5718.0,5718.0,5718.0,99350250,17375,5,5834.0,5718.0
2019-10-21,5661.0,5661.0,5661.0,5661.0,197246223,34843,12,5718.0,5661.0
2019-10-22,5605.0,5605.0,5605.0,5605.0,94074320,16784,15,5661.0,5605.0
2019-10-23,5549.0,5549.0,5549.0,5549.0,6825824900,1230100,166,5605.0,5549.0
2019-10-26,5439.0,5439.0,5439.0,5439.0,175304409,32231,19,5549.0,5439.0
2019-10-28,5385.0,5385.0,5385.0,5385.0,908142555,168643,70,5439.0,5385.0
2019-10-30,5332.0,5332.0,5332.0,5332.0,1073896792,201406,78,5385.0,5332.0
2019-11-02,5279.0,5279.0,5279.0,5279.0,157213899,29781,38,5332.0,5279.0
2019-11-03,5174.0,5384.0,5174.0,5262.0,34658002276,6586685,953,5279.0,5384.0
2019-11-04,5314.0,5314.0,5314.0,5314.0,8305112436,1562874,187,5262.0,5314.0
2019-11-05,5349.0,5367.0,5261.0,5335.0,30735104257,5760881,1186,5314.0,5360.0
2019-11-09,5388.0,5388.0,5283.0,5376.0,10115754330,1881608,259,5335.0,5388.0
2019-11-10,5429.0,5429.0,5429.0,5429.0,4419249432,814008,105,5376.0,5429.0
2019-11-11,5483.0,5483.0,5483.0,5483.0,815716876,148772,40,5429.0,5483.0
2019-11-12,5592.0,5592.0,5592.0,5592.0,3316850064,593142,69,5483.0,5592.0
2019-11-13,5647.0,5647.0,5647.0,5647.0,1223027260,216580,54,5592.0,5647.0
2019-11-16,5703.0,5703.0,5591.0,5700.0,21973457499,3854824,396,5647.0,5703.0
2019-11-17,5750.0,5750.0,5643.0,5663.0,10958919508,1935268,373,5700.0,5689.0
2019-11-18,5611.0,5719.0,5611.0,5715.0,7455408090,1304463,268,5663.0,5719.0
2019-11-19,5770.0,5770.0,5658.0,5689.0,4460515997,784065,281,5715.0,5658.0
2019-11-20,5633.0,5660.0,5633.0,5636.0,6956729871,1234247,259,5689.0,5633.0
2019-11-23,5692.0,5692.0,5580.0,5606.0,2346828685,418627,137,5636.0,5580.0
2019-11-24,5494.0,5494.0,5494.0,5494.0,2469569482,449503,122,5606.0,5494.0
2019-11-25,5440.0,5548.0,5440.0,5501.0,7761080300,1410873,356,5494.0,5548.0
2019-11-26,5556.0,5556.0,5556.0,5556.0,4025166432,724472,182,5501.0,5556.0
2019-11-27,5611.0,5611.0,5501.0,5591.0,7729684468,1382417,357,5556.0,5611.0
2019-11-30,5646.0,5646.0,5536.0,5582.0,8607953928,1541979,470,5591.0,5570.0
2019-12-01,5570.0,5570.0,5527.0,5529.0,3429093154,620246,201,5582.0,5527.0
2019-12-02,5474.0,5501.0,5474.0,5475.0,12974945175,2370063,429,5529.0,5474.0
2019-12-03,5421.0,5500.0,5421.0,5434.0,5836536926,1074105,379,5475.0,5421.0
2019-12-04,5434.0,5434.0,5326.0,5351.0,9368956109,1750973,545,5434.0,5370.0
2019-12-07,5404.0,5404.0,5404.0,5404.0,2891761460,535115,115,5351.0,5404.0
2019-12-08,5458.0,5458.0,5458.0,5458.0,3146504252,576494,140,5404.0,5458.0
2019-12-09,5512.0,5512.0,5512.0,5512.0,2823951936,512328,152,5458.0,5512.0
2019-12-10,5622.0,5622.0,5622.0,5622.0,3108409422,552901,140,5512.0,5622.0
2019-12-11,5678.0,5678.0,5678.0,5678.0,3018458868,531606,79,5622.0,5678.0
2019-12-14,5734.0,5734.0,5700.0,5733.0,5864844490,1023010,284,5678.0,5734.0
2019-12-15,5790.0,5790.0,5790.0,5790.0,4780600350,825665,178,5733.0,5790.0
2019-12-16,5905.0,5905.0,5905.0,5905.0,971053630,164446,40,5790.0,5905.0
2019-12-17,5964.0,5964.0,5964.0,5964.0,737806440,123710,36,5905.0,5964.0
2019-12-18,6023.0,6023.0,6023.0,6023.0,1454307557,241459,31,5964.0,6023.0
2019-12-21,6083.0,6083.0,6083.0,6083.0,1942964947,319409,47,6023.0,6083.0
2019-12-22,6204.0,6204.0,6204.0,6204.0,1791436020,288755,48,6083.0,6204.0
2019-12-23,6266.0,6266.0,6266.0,6266.0,8337251364,1330554,165,6204.0,6266.0
2019-12-24,6328.0,6328.0,6328.0,6328.0,700813344,110748,27,6266.0,6328.0
2019-12-25,6391.0,6391.0,6391.0,6391.0,2098913047,328417,57,6328.0,6391.0
2019-12-28,6518.0,6518.0,6328.0,6513.0,18791582927,2885257,307,6391.0,6518.0
2019-12-29,6578.0,6578.0,6578.0,6578.0,838833138,127521,40,6513.0,6578.0
2019-12-30,6643.0,6643.0,6643.0,6643.0,480468261,72327,30,6578.0,6643.0
2019-12-31,6709.0,6709.0,6709.0,6709.0,2925331979,436031,67,6643.0,6709.0
2020-01-01,6843.0,6843.0,6843.0,6843.0,330859050,48350,32,6709.0,6843.0
2020-01-04,6840.0,6911.0,6775.0,6856.0,18651923964,2720576,370,6843.0,6911.0
2020-01-05,6924.0,6924.0,6924.0,6924.0,3261709452,471073,70,6856.0,6924.0
2020-01-07,6993.0,6993.0,6855.0,6944.0,24690327419,3555867,646,6924.0,6855.0
2020-01-08,6875.0,7013.0,6875.0,6918.0,13316121285,1924879,316,6944.0,7013.0
2020-01-11,6987.0,6987.0,6987.0,6987.0,731538900,104700,14,6918.0,6987.0
2020-01-12,7056.0,7056.0,7056.0,7056.0,378603792,53657,30,6987.0,7056.0
2020-01-13,7197.0,7197.0,7197.0,7197.0,936941445,130185,25,7056.0,7197.0
2020-01-14,7268.0,7268.0,7268.0,7268.0,707052844,97283,29,7197.0,7268.0
2020-01-15,7340.0,7340.0,7340.0,7340.0,935505020,127453,31,7268.0,7340.0
2020-01-18,7413.0,7413.0,7413.0,7413.0,1188756093,160361,42,7340.0,7413.0
2020-01-19,7561.0,7561.0,7561.0,7561.0,325795929,43089,16,7413.0,7561.0
2020-01-20,7636.0,7636.0,7636.0,7636.0,360220664,47174,24,7561.0,7636.0
2020-01-21,7712.0,7712.0,7712.0,7712.0,717077184,92982,33,7636.0,7712.0
2020-01-22,7789.0,7789.0,7789.0,7789.0,950078853,121977,37,7712.0,7789.0
2020-01-25,7944.0,7944.0,7944.0,7944.0,2510367552,316008,37,7789.0,7944.0
2020-01-26,8023.0,8023.0,8023.0,8023.0,3854586166,480442,68,7944.0,8023.0
2020-01-27,8103.0,8103.0,8103.0,8103.0,1158761412,143004,44,8023.0,8103.0
2020-01-28,8184.0,8184.0,8184.0,8184.0,13281396216,1622849,167,8103.0,8184.0
2020-02-01,8347.0,8347.0,8347.0,8347.0,1743220868,208844,57,8184.0,8347.0
2020-02-02,8430.0,8430.0,8430.0,8430.0,4457067450,528715,45,8347.0,8430.0
2020-02-03,8514.0,8514.0,8514.0,8514.0,822188466,96569,43,8430.0,8514.0
2020-02-04,8599.0,8599.0,8599.0,8599.0,1166523142,135658,44,8514.0,8599.0
2020-02-05,8770.0,8770.0,8770.0,8770.0,971663380,110794,39,8599.0,8770.0
2020-02-08,8857.0,8857.0,8857.0,8857.0,3149735197,355621,39,8770.0,8857.0
2020-02-09,8945.0,8945.0,8945.0,8945.0,1084974830,121294,27,8857.0,8945.0
2020-02-10,9034.0,9034.0,9034.0,9034.0,2108833722,233433,69,8945.0,9034.0
2020-02-15,9124.0,9124.0,9124.0,9124.0,1004871740,110135,34,9034.0,9124.0
2020-02-16,9215.0,9215.0,9215.0,9215.0,476111405,51667,23,9124.0,9215.0
2020-02-17,9307.0,9307.0,9307.0,9307.0,1250665353,134379,38,9215.0,9307.0
2020-02-18,9493.0,9493.0,9493.0,9493.0,557277072,58704,24,9307.0,9493.0
2020-02-19,9587.0,9587.0,9587.0,9587.0,2160919387,225401,41,9493.0,9587.0
2020-02-22,9682.0,9682.0,9682.0,9682.0,900629322,93021,29,9587.0,9682.0
2020-02-23,9778.0,9778.0,9778.0,9778.0,1776955940,181730,36,9682.0,9778.0
2020-02-24,9973.0,9973.0,9973.0,9973.0,678024378,67986,24,9778.0,9973.0
2020-02-25,10072.0,10072.0,10072.0,10072.0,1190288816,118178,26,9973.0,10072.0
2020-02-26,10172.0,10172.0,10172.0,10172.0,785258056,77198,18,10072.0,10172.0
2020-02-29,10273.0,10273.0,10273.0,10273.0,7006761288,682056,90,10172.0,10273.0
2020-03-01,10478.0,10478.0,10478.0,10478.0,4849166010,462795,46,10273.0,10478.0
2020-03-02,10582.0,10582.0,10582.0,10573.0,4756492598,449489,42,10478.0,10582.0
2020-03-03,10678.0,10678.0,10678.0,10678.0,11163176286,1045437,158,10573.0,10678.0
2020-03-04,10784.0,10784.0,10784.0,10784.0,12047237760,1117140,113,10678.0,10784.0
2020-03-07,10999.0,10999.0,10999.0,10925.0,3343630006,303994,89,10784.0,10999.0
2020-03-09,10816.0,10816.0,10816.0,10816.0,7411339520,685220,321,10925.0,10816.0
2020-03-10,10708.0,10924.0,10708.0,10760.0,37409811590,3476638,735,10816.0,10708.0
2020-03-11,10867.0,10867.0,10653.0,10718.0,22760868892,2123576,712,10760.0,10801.0
2020-03-14,10611.0,10700.0,10611.0,10660.0,3003186807,282719,127,10718.0,10611.0
2020-03-15,10554.0,10554.0,10554.0,10564.0,4443708930,421045,81,10660.0,10554.0
2020-03-16,10459.0,10459.0,10459.0,10459.0,8078709403,772417,196,10564.0,10459.0
2020-03-17,10250.0,10250.0,10250.0,10250.0,5433637750,530111,81,10459.0,10250.0
2020-03-18,10148.0,10352.0,10148.0,10219.0,25442242668,2489588,599,10250.0,10352.0
2020-03-24,10321.0,10321.0,10117.0,10162.0,12199039278,1200481,296,10219.0,10117.0
2020-03-25,10061.0,10263.0,10061.0,10213.0,15077804705,1476349,469,10162.0,10230.0
2020-03-28,10315.0,10315.0,10315.0,10315.0,5707495800,553320,129,10213.0,10315.0
2020-03-29,10418.0,10418.0,10418.0,10362.0,2310212336,221752,76,10315.0,10418.0
2020-03-30,10465.0,10465.0,10465.0,10451.0,4443271560,424584,88,10362.0,10465.0
2020-04-04,10660.0,10660.0,10660.0,10594.0,3496426700,327995,68,10451.0,10660.0
2020-04-05,10699.0,10699.0,10699.0,10696.0,4993394484,466716,85,10594.0,10699.0
2020-04-06,10802.0,10802.0,10590.0,10717.0,13460747298,1256058,347,10696.0,10802.0
2020-04-07,10824.0,10824.0,10610.0,10798.0,9867370048,913788,270,10717.0,10824.0
2020-04-08,10905.0,10905.0,10691.0,10808.0,19371273254,1792255,344,10798.0,10779.0
2020-04-11,10916.0,10916.0,10700.0,10730.0,29897365386,2786447,381,10808.0,10700.0
2020-04-12,10651.0,10837.0,10651.0,10822.0,14818633729,1369362,245,10730.0,10837.0
2020-04-13,10930.0,10930.0,10917.0,10930.0,16376410290,1498313,158,10822.0,10930.0
2020-04-14,11039.0,11039.0,10821.0,11013.0,9696132116,880455,218,10930.0,11039.0
2020-04-15,11233.0,11233.0,11233.0,11232.0,5181670570,461290,125,11013.0,11233.0
2020-04-18,11344.0,11344.0,11344.0,11344.0,5833980976,514279,79,11232.0,11344.0
2020-04-19,11457.0,11457.0,11235.0,11449.0,12441202620,1086665,178,11344.0,11440.0
2020-04-20,11563.0,11563.0,11563.0,11563.0,13871460446,1199642,187,11449.0,11563.0
2020-04-21,11678.0,11678.0,11678.0,11642.0,3563810294,305173,55,11563.0,11678.0
2020-04-22,11758.0,11758.0,11758.0,11698.0,2538399346,215887,52,11642.0,11758.0
2020-04-25,11931.0,11931.0,11931.0,11931.0,5448613287,456677,58,11698.0,11931.0
2020-04-26,12050.0,12050.0,12050.0,12033.0,4405214900,365578,62,11931.0,12050.0
2020-04-27,12153.0,12153.0,12153.0,12153.0,11314637448,931016,57,12033.0,12153.0
2020-04-28,12274.0,12274.0,12274.0,12274.0,10885921066,886909,90,12153.0,12274.0
2020-04-29,12519.0,12519.0,12519.0,12479.0,4480174530,357870,49,12274.0,12519.0
2020-05-02,12603.0,12603.0,12603.0,12603.0,10472475453,830951,96,12479.0,12603.0
2020-05-03,12729.0,12729.0,12729.0,12729.0,16480681815,1294735,115,12603.0,12729.0
2020-05-04,12856.0,12856.0,12856.0,12856.0,14412604480,1121080,112,12729.0,12856.0
2020-05-05,13113.0,13113.0,13113.0,13020.0,3356337915,255955,57,12856.0,13113.0
2020-05-06,13150.0,13150.0,13150.0,13039.0,757347950,57593,22,13020.0,13150.0
2020-05-09,13169.0,13169.0,13169.0,13061.0,838694103,63687,29,13039.0,13169.0
2020-05-10,13191.0,13191.0,13191.0,13099.0,1485623184,112624,31,13061.0,13191.0
2020-05-12,13229.0,13361.0,13229.0,13325.0,4985932813,374021,40,13099.0,13361.0
2020-05-13,13458.0,13458.0,13458.0,13369.0,1724588868,128146,38,13325.0,13458.0
2020-05-16,13502.0,13502.0,13502.0,13502.0,10618823426,786463,47,13369.0,13502.0
2020-05-17,13637.0,13637.0,13637.0,13545.0,1641758430,120390,22,13502.0,13637.0
2020-05-18,13815.0,13815.0,13815.0,13815.0,9645481035,698189,29,13545.0,13815.0
2020-05-19,13953.0,13953.0,13953.0,13953.0,7329203934,525278,29,13815.0,13953.0
2020-05-20,14092.0,14092.0,14092.0,13971.0,684518900,48575,36,13953.0,14092.0
2020-05-23,14110.0,14110.0,14110.0,13981.0,346019530,24523,16,13971.0,14110.0
2020-05-26,14260.0,14260.0,14260.0,14001.0,360179080,25258,24,13981.0,14260.0
2020-05-27,14141.0,14141.0,14141.0,14004.0,96526466,6826,16,14001.0,14141.0
2020-05-30,14144.0,14144.0,14144.0,14039.0,1264869632,89428,15,14004.0,14144.0
2020-05-31,14179.0,14179.0,14179.0,14048.0,331207261,23359,23,14039.0,14179.0
2020-06-01,14328.0,14328.0,14328.0,14120.0,1314808920,91765,16,14048.0,14328.0
2020-06-02,14261.0,14261.0,14261.0,14126.0,229773232,16112,15,14120.0,14261.0
2020-06-06,14267.0,14267.0,14267.0,14166.0,1441594748,101044,21,14126.0,14267.0
2020-06-07,14307.0,14307.0,14307.0,14185.0,685004853,47879,25,14166.0,14307.0
2020-06-08,14468.0,14468.0,14468.0,14286.0,1824342460,126095,25,14185.0,14468.0
2020-06-10,14428.0,14428.0,14428.0,14286.0,7228428,501,2,14286.0,14428.0
2020-06-13,14428.0,14428.0,14428.0,14301.0,537558424,37258,21,14286.0,14428.0
2020-06-14,14444.0,14444.0,14444.0,14318.0,586989716,40639,20,14301.0,14444.0
2020-06-15,14461.0,14461.0,14461.0,14328.0,366326052,25332,14,14318.0,14461.0
2020-06-16,14471.0,14471.0,14471.0,14351.0,826308571,57101,13,14328.0,14471.0
2020-06-20,14494.0,14494.0,14494.0,14372.0,750484826,51779,19,14351.0,14494.0
2020-06-21,14659.0,14659.0,14659.0,14389.0,307384571,20969,12,14372.0,14659.0
2020-06-22,14532.0,14532.0,14532.0,14404.0,527685984,36312,18,14389.0,14532.0
2020-06-23,14548.0,14548.0,14548.0,14418.0,487576220,33515,26,14404.0,14548.0
2020-06-24,14562.0,14562.0,14562.0,14429.0,387989928,26644,17,14418.0,14562.0
2020-06-27,14717.0,14717.0,14717.0,14549.0,2119498189,144017,26,14429.0,14717.0
2020-06-28,14694.0,14694.0,14694.0,14628.0,2782235430,189345,27,14549.0,14694.0
2020-06-29,14774.0,14774.0,14774.0,14654.0,900091176,60924,19,14628.0,14774.0
2020-06-30,14800.0,14800.0,14800.0,14674.0,709600800,47946,35,14654.0,14800.0
2020-07-01,14967.0,14967.0,14967.0,14745.0,1253980161,83783,35,14674.0,14967.0
2020-07-04,14892.0,14892.0,14892.0,14780.0,1193802288,80164,26,14745.0,14892.0
2020-07-05,14927.0,14927.0,14927.0,14808.0,947297274,63462,22,14780.0,14927.0
2020-07-06,14956.0,14956.0,14956.0,14886.0,2668015796,178391,32,14808.0,14956.0
2020-07-07,15183.0,15183.0,15183.0,14975.0,1543245669,101643,25,14886.0,15183.0
2020-07-08,15124.0,15124.0,15124.0,15057.0,2831984124,187251,32,14975.0,15124.0
2020-07-11,15207.0,15207.0,15207.0,15072.0,518604321,34103,14,15057.0,15207.0
2020-07-12,15222.0,15222.0,15222.0,15085.0,448166124,29442,25,15072.0,15222.0
2020-07-13,15386.0,15386.0,15386.0,15276.0,3250030938,211233,25,15105.0,15386.0
2020-07-14,15428.0,15428.0,15428.0,15309.0,1119347684,72553,26,15276.0,15428.0
2020-07-15,15462.0,15462.0,15462.0,15366.0,1904176224,123152,22,15309.0,15462.0
2020-07-18,15519.0,15519.0,15519.0,15413.0,1554662382,100178,28,15366.0,15519.0
2020-07-19,15721.0,15721.0,15721.0,15458.0,751778220,47820,31,15413.0,15721.0
2020-07-20,15612.0,15612.0,15612.0,15482.0,792340224,50752,25,15458.0,15612.0
2020-07-21,15636.0,15636.0,15636.0,15505.0,757220208,48428,30,15482.0,15636.0
2020-07-22,15660.0,15660.0,15660.0,15548.0,1425874320,91052,23,15505.0,15660.0
2020-07-25,15858.0,15858.0,15858.0,15603.0,903636414,56983,20,15548.0,15858.0
2020-07-26,15759.0,15759.0,15759.0,15759.0,16436841867,1043013,127,15603.0,15759.0
2020-07-27,15916.0,15916.0,15916.0,15886.0,4150431236,260771,20,15759.0,15916.0
2020-07-28,16044.0,16044.0,16044.0,15973.0,2845595928,177362,18,15886.0,16044.0
2020-07-29,16292.0,16292.0,16292.0,16174.0,3302420984,202702,24,15973.0,16292.0
2020-08-01,16335.0,16335.0,16335.0,16288.0,3562271460,218076,24,16174.0,16335.0
2020-08-02,16450.0,16450.0,16450.0,16377.0,2785198850,169313,21,16288.0,16450.0
2020-08-04,16540.0,16540.0,16540.0,16424.0,1465195900,88585,36,16377.0,16540.0
2020-08-05,16588.0,16588.0,16588.0,16471.0,1483597544,89438,19,16424.0,16588.0
2020-08-09,16635.0,16635.0,16635.0,16507.0,1122546435,67481,19,16471.0,16635.0
2020-08-10,16837.0,16837.0,16837.0,16615.0,1672772787,99351,23,16507.0,16837.0
2020-08-11,16781.0,16781.0,16781.0,16633.0,560753896,33416,13,16615.0,16781.0
2020-08-12,16799.0,16799.0,16799.0,16656.0,716460551,42649,22,16633.0,16799.0
2020-08-15,16822.0,16822.0,16822.0,16784.0,3900719004,231882,27,16656.0,16822.0
2020-08-16,17119.0,17119.0,17119.0,16814.0,463137426,27054,21,16784.0,17119.0
2020-08-17,16982.0,16982.0,16982.0,16830.0,496434806,29233,18,16814.0,16982.0
2020-08-18,16998.0,16998.0,16998.0,16998.0,7050090480,414760,31,16830.0,16998.0
2020-08-19,17167.0,17167.0,17167.0,17027.0,894417867,52101,18,16998.0,17167.0
2020-08-22,17367.0,17367.0,17367.0,17367.0,5374426554,309462,16,17027.0,17367.0
2020-08-23,17540.0,17540.0,17540.0,17540.0,34801482340,1984121,86,17367.0,17540.0
2020-08-24,17715.0,17715.0,17660.0,17713.0,50122352949,2829695,268,17540.0,17715.0
2020-08-25,17700.0,17890.0,17536.0,17772.0,50200706184,2824695,548,17713.0,17890.0
2020-08-26,18127.0,18127.0,18010.0,18127.0,26793149573,1478099,233,17772.0,18127.0
2020-08-31,18308.0,18308.0,18251.0,18308.0,44553549737,2433560,249,18127.0,18308.0
2020-09-01,18491.0,18491.0,18491.0,18390.0,2289463165,123815,41,18308.0,18491.0
2020-09-02,18573.0,18573.0,18573.0,18573.0,12318226509,663233,33,18390.0,18573.0
2020-09-05,18944.0,18944.0,18944.0,18944.0,10782924800,569200,45,18573.0,18944.0
2020-09-06,19133.0,19133.0,19133.0,19133.0,24884838992,1300624,100,18944.0,19133.0
2020-09-07,19324.0,19324.0,19324.0,19190.0,1556026452,80523,10,19133.0,19324.0
2020-09-08,19381.0,19381.0,19381.0,19381.0,6287177019,324399,23,19190.0,19381.0
2020-09-09,19768.0,19768.0,19768.0,19768.0,15923815880,805535,37,19381.0,19768.0
2020-09-12,19965.0,19965.0,19965.0,19801.0,855200775,42835,20,19768.0,19965.0
2020-09-13,19999.0,19999.0,19999.0,19895.0,2399939997,120003,22,19801.0,19999.0
2020-09-14,20093.0,20093.0,20093.0,19953.0,1483586748,73836,20,19895.0,20093.0
2020-09-15,20352.0,20352.0,20352.0,20352.0,7180938624,352837,28,19953.0,20352.0
2020-09-16,20555.0,20555.0,20555.0,20417.0,1662262295,80869,33,20352.0,20555.0
2020-09-19,20621.0,20621.0,20621.0,20471.0,1331807285,64585,24,20417.0,20621.0
2020-09-20,20675.0,20675.0,20675.0,20555.0,2081000775,100653,69,20471.0,20675.0
2020-09-21,20966.0,20966.0,20966.0,20966.0,53676796778,2560183,436,20555.0,20966.0
2020-09-22,21175.0,21175.0,20757.0,20904.0,30077260317,1438800,536,20966.0,20757.0
2020-09-23,20695.0,20695.0,20695.0,20695.0,18404477400,889320,256,20904.0,20695.0
2020-09-26,20489.0,20489.0,20489.0,20489.0,5357996434,261506,36,20695.0,20489.0
2020-09-27,20080.0,20080.0,20080.0,20351.0,1635576240,81453,11,20489.0,20080.0
2020-09-28,20148.0,20148.0,20148.0,20338.0,316243008,15696,6,20351.0,20148.0
2020-09-29,20135.0,20135.0,20135.0,20310.0,670072665,33279,13,20338.0,20135.0
2020-09-30,20107.0,20107.0,20107.0,20242.0,1622192546,80678,23,20310.0,20107.0
2020-10-03,19838.0,20040.0,19838.0,19841.0,39527711538,1992241,297,20242.0,19838.0
2020-10-04,19643.0,19643.0,19643.0,19643.0,8449888239,430173,96,19841.0,19643.0
2020-10-05,19447.0,19447.0,19447.0,19638.0,118373889,6087,11,19643.0,19447.0
2020-10-07,19442.0,19447.0,19442.0,19442.0,26908287184,1384027,130,19638.0,19447.0
2020-10-10,19248.0,19248.0,19248.0,19359.0,2123477856,110322,25,19442.0,19248.0
2020-10-11,19166.0,19166.0,19166.0,19166.0,22311006438,1164093,161,19359.0,19166.0
2020-10-12,18975.0,18975.0,18975.0,19145.0,525474675,27693,14,19166.0,18975.0
2020-10-13,18763.0,18763.0,18763.0,19125.0,250016975,13325,6,19145.0,18763.0
2020-10-14,18934.0,18934.0,18934.0,19040.0,2167034168,114452,23,19125.0,18934.0
2020-10-18,18850.0,18850.0,18850.0,19030.0,269668100,14306,7,19040.0,18850.0
2020-10-19,18840.0,18840.0,18840.0,19024.0,166771680,8852,3,19030.0,18840.0
2020-10-20,18644.0,18644.0,18644.0,19001.0,290846400,15600,3,19024.0,18644.0
2020-10-21,18811.0,18811.0,18811.0,18992.0,246066691,13081,9,19001.0,18811.0
2020-10-24,18803.0,18803.0,18803.0,18986.0,161724603,8601,4,18992.0,18803.0
2020-11-17,18797.0,18797.0,18797.0,18935.0,1348308810,71730,16,18986.0,18797.0
2020-11-18,18746.0,18746.0,18746.0,18866.0,1796522910,95835,13,18935.0,18746.0
2020-11-21,18678.0,18678.0,18678.0,18821.0,1176022914,62963,13,18866.0,18678.0
2020-11-22,18633.0,18633.0,18633.0,18810.0,293469750,15750,10,18821.0,18633.0
2020-11-23,18434.0,18434.0,18434.0,18800.0,127802922,6933,9,18810.0,18434.0
2020-11-24,18612.0,18612.0,18612.0,18797.0,69329700,3725,5,18800.0,18612.0
2020-11-25,18610.0,18610.0,18610.0,18610.0,7292793750,391875,24,18797.0,18610.0
2020-11-28,18424.0,18424.0,18424.0,18603.0,175691264,9536,10,18610.0,18424.0
2020-11-29,18231.0,18231.0,18231.0,18535.0,894722787,49077,23,18603.0,18231.0
2020-11-30,18350.0,18350.0,18350.0,18512.0,617789450,33667,15,18535.0,18350.0
2020-12-01,18327.0,18327.0,18327.0,18327.0,15158829837,827131,74,18512.0,18327.0
2020-12-02,18144.0,18144.0,18144.0,18304.0,604068192,33293,16,18327.0,18144.0
2020-12-05,17938.0,17938.0,17938.0,18269.0,474531852,26454,14,18304.0,17938.0
2020-12-06,18087.0,18087.0,18087.0,18138.0,3557749074,196702,11,18269.0,18087.0
2020-12-07,17957.0,17957.0,17957.0,18127.0,293130068,16324,13,18138.0,17957.0
2020-12-08,17946.0,17946.0,17946.0,18105.0,593976708,33098,12,18127.0,17946.0
2020-12-09,17743.0,18467.0,17743.0,18075.0,81348649496,4500544,1053,18105.0,18465.0
2020-12-12,18255.0,18255.0,17895.0,18236.0,16504125432,905047,288,18075.0,18255.0
2020-12-13,18054.0,18299.0,18054.0,18055.0,16849700549,933254,265,18236.0,18054.0
2020-12-14,17875.0,18235.0,17875.0,17969.0,3805862400,212113,125,18055.0,17875.0
2020-12-15,17790.0,17790.0,17790.0,17955.0,373323150,20985,10,17969.0,17790.0
2020-12-16,17596.0,18314.0,17596.0,17702.0,6636201873,374879,154,17955.0,17999.0
2020-12-19,17879.0,17879.0,17525.0,17769.0,14276982374,803482,269,17702.0,17879.0
2020-12-20,17946.0,17946.0,17592.0,17634.0,5167656825,293045,127,17769.0,17592.0
2020-12-21,17458.0,17458.0,17458.0,17592.0,1163645532,66654,41,17634.0,17458.0
2020-12-22,17417.0,17767.0,17417.0,17509.0,10857484796,620097,176,17592.0,17767.0
2020-12-23,17684.0,17684.0,17334.0,17481.0,10388805413,594297,198,17509.0,17590.0
2020-12-26,17650.0,17655.0,17307.0,17562.0,11962263597,681130,160,17481.0,17655.0
2020-12-27,17737.0,17737.0,17737.0,17737.0,8670484132,488836,63,17562.0,17737.0
2020-12-28,17914.0,17914.0,17900.0,17914.0,7711863788,430499,130,17737.0,17900.0
2020-12-29,18093.0,18093.0,17735.0,18011.0,8178394826,454081,195,17914.0,18093.0
2020-12-30,18191.0,18191.0,18000.0,18187.0,8212902839,451575,163,18011.0,18191.0
2021-01-02,18368.0,18368.0,18006.0,18284.0,34831905300,1905007,341,18187.0,18360.0
2021-01-03,18466.0,18466.0,18105.0,18464.0,13420923826,726853,158,18284.0,18466.0
2021-01-04,18648.0,18648.0,18647.0,18645.0,5050213764,270818,62,18464.0,18648.0
2021-01-05,18831.0,18831.0,18831.0,18831.0,11089462914,588894,93,18645.0,18831.0
2021-01-06,19019.0,19019.0,19019.0,19019.0,10857966119,570901,36,18831.0,19019.0
2021-01-09,19399.0,19399.0,19399.0,19399.0,16480633839,849561,129,19019.0,19399.0
2021-01-10,19592.0,19592.0,19206.0,19454.0,22210188673,1141675,355,19399.0,19206.0
2021-01-11,19260.0,19639.0,19260.0,19272.0,18331950357,951229,196,19454.0,19260.0
2021-01-12,19260.0,19260.0,19080.0,19172.0,2740676760,143570,52,19272.0,19080.0
2021-01-13,18981.0,18981.0,18981.0,19156.0,413045541,21761,18,19172.0,18981.0
2021-01-16,18965.0,18965.0,18965.0,19052.0,2697221265,142221,18,19156.0,18965.0
2021-01-18,18671.0,18671.0,18671.0,18976.0,970892000,52000,7,19052.0,18671.0
2021-01-19,18787.0,18787.0,18787.0,18948.0,719072425,38275,11,18976.0,18787.0
2021-01-20,18759.0,18759.0,18759.0,18759.0,7453550988,397332,83,18948.0,18759.0
2021-01-23,18572.0,18572.0,18572.0,18572.0,13593441104,731932,90,18759.0,18572.0
2021-01-24,18943.0,18943.0,18201.0,18494.0,9873455200,533862,199,18572.0,18255.0
2021-01-25,18494.0,18678.0,18310.0,18512.0,57543331101,3108353,475,18494.0,18678.0
2021-01-26,18690.0,18697.0,18520.0,18690.0,44330080610,2371835,414,18512.0,18697.0
2021-01-27,18876.0,18876.0,18504.0,18565.0,5829920158,314022,154,18690.0,18504.0
2021-01-30,18380.0,18380.0,18380.0,18494.0,1898598860,103297,43,18565.0,18380.0
2021-01-31,18310.0,18310.0,18310.0,18480.0,377240930,20603,20,18494.0,18310.0
2021-02-01,18111.0,18111.0,18111.0,18330.0,1984078161,109551,32,18480.0,18111.0
2021-02-02,18147.0,18147.0,18147.0,18294.0,959940006,52898,22,18330.0,18147.0
2021-03-09,18842.0,18842.0,18842.0,18842.0,5179288960,274880,52,18294.0,18842.0
2021-03-15,19407.0,19407.0,19407.0,19392.0,20048556606,1033058,30,18842.0,19407.0
2021-03-16,19973.0,19973.0,19973.0,19973.0,22253856681,1114197,36,19392.0,19973.0
2021-03-17,20572.0,20572.0,20572.0,19981.0,292060684,14197,14,19973.0,20572.0
2021-03-27,20580.0,20580.0,20580.0,20316.0,11515971180,559571,19,19981.0,20580.0
2021-03-28,21331.0,21331.0,21331.0,21224.0,19093506086,895106,41,20316.0,21331.0
2021-03-30,21860.0,21860.0,21860.0,21583.0,12341150440,564554,23,21224.0,21860.0
2021-03-31,22230.0,22230.0,22230.0,22230.0,194828743980,8764226,374,21583.0,22230.0
2021-04-03,22896.0,22896.0,22250.0,22879.0,140334105100,6133826,835,22230.0,22896.0
2021-04-04,22510.0,24022.0,22510.0,23512.0,27354946602,1163439,307,22879.0,24022.0
2021-04-05,24217.0,24217.0,24217.0,23588.0,2350889492,97076,26,23512.0,24217.0
2021-04-06,24295.0,24295.0,24295.0,23749.0,4974765675,204765,26,23588.0,24295.0
2021-04-07,24461.0,24461.0,24461.0,23776.0,825901204,33764,17,23749.0,24461.0
2021-04-10,24964.0,24964.0,24964.0,24102.0,5764811700,230925,32,23776.0,24964.0
2021-04-11,24825.0,24825.0,24825.0,24176.0,2125367550,85614,24,24102.0,24825.0
2021-04-12,24901.0,24901.0,24901.0,24240.0,1857490095,74595,30,24176.0,24901.0
2021-04-13,24967.0,24967.0,24967.0,24382.0,4108244949,164547,16,24240.0,24967.0
2021-04-14,25601.0,25601.0,25601.0,24589.0,3660430980,142980,30,24382.0,25601.0
2021-04-17,25326.0,25326.0,25326.0,24742.0,4286805390,169265,23,24589.0,25326.0
2021-04-18,25484.0,25484.0,25484.0,24832.0,2516264676,98739,20,24742.0,25484.0
2021-04-19,25576.0,25576.0,25576.0,24954.0,3424217184,133884,20,24832.0,25576.0
2021-04-20,26201.0,26201.0,26201.0,26201.0,67170141248,2563648,155,24954.0,26201.0
2021-04-21,26987.0,26987.0,26987.0,26252.0,1436841854,53242,19,26201.0,26987.0
2021-04-24,27039.0,27039.0,27039.0,26340.0,2300883705,85095,22,26252.0,27039.0
2021-04-25,27130.0,27130.0,27130.0,26565.0,5892473220,217194,31,26340.0,27130.0
2021-04-26,27893.0,27893.0,27893.0,27300.0,11767526733,421881,58,26565.0,27893.0
2021-04-27,28119.0,28119.0,28119.0,27451.0,3940512303,140137,16,27300.0,28119.0
2021-04-28,28274.0,28274.0,28274.0,27792.0,8921380042,315533,27,27451.0,28274.0
2021-05-01,28625.0,28625.0,28625.0,28061.0,6652621750,232406,23,27792.0,28625.0
2021-05-02,29464.0,29464.0,29464.0,28814.0,11373280784,386006,42,28061.0,29464.0
2021-05-03,29678.0,29678.0,29678.0,29019.0,5058407354,170443,21,28814.0,29678.0
2021-05-05,29889.0,29889.0,29889.0,29572.0,13678073181,457629,50,29019.0,29889.0
2021-05-12,28981.0,28981.0,28981.0,29097.0,15743725383,543243,125,29572.0,28981.0
2021-05-15,28225.0,28225.0,28225.0,28665.0,4808862600,170376,57,29097.0,28225.0
2021-05-16,27806.0,27806.0,27806.0,28626.0,437138126,15721,16,28665.0,27806.0
2021-05-17,27768.0,27768.0,27768.0,28405.0,2461299984,88638,24,28626.0,27768.0
2021-05-18,26985.0,26985.0,26985.0,28102.0,1979430705,73353,33,28405.0,26985.0
2021-05-19,27259.0,27259.0,27259.0,28084.0,195883174,7186,3,28102.0,27259.0
2021-05-22,27242.0,27242.0,27242.0,28068.0,188487398,6919,6,28084.0,27242.0
2021-05-23,27226.0,27226.0,27226.0,28037.0,360172754,13229,6,28068.0,27226.0
2021-05-24,26636.0,26636.0,26636.0,27971.0,446339452,16757,14,28037.0,26636.0
2021-05-25,27132.0,27132.0,27132.0,27966.0,58116744,2142,4,27971.0,27132.0
2021-05-26,27128.0,27128.0,27128.0,27963.0,37138232,1369,6,27966.0,27128.0
2021-05-29,27125.0,27125.0,27125.0,27715.0,2869174000,105776,20,27963.0,27125.0
2021-05-30,26330.0,27711.0,26330.0,26458.0,97520935980,3685847,710,27715.0,26330.0
2021-05-31,25665.0,25665.0,25665.0,25892.0,6556226910,255454,56,26458.0,25665.0
2021-06-01,25116.0,25116.0,25116.0,25116.0,10385415768,413498,23,25892.0,25116.0
2021-06-02,24363.0,25869.0,24363.0,25222.0,83608944929,3314936,827,25116.0,25869.0
2021-06-20,24479.0,25978.0,24466.0,25699.0,32297244979,1256766,255,25222.0,24466.0
2021-06-21,24929.0,24929.0,24929.0,25423.0,3541588243,142067,78,25699.0,24929.0
2021-06-22,24661.0,25175.0,24661.0,24683.0,35142326062,1423729,351,25423.0,24661.0
2021-06-23,23943.0,23943.0,23943.0,24174.0,6532464462,272834,51,24683.0,23943.0
2021-06-26,23200.0,25382.0,23200.0,24843.0,52951899550,2131423,722,24174.0,25382.0
2021-06-27,25010.0,25588.0,24098.0,24630.0,43363094892,1760556,567,24843.0,24120.0
2021-06-28,24700.0,24790.0,23892.0,23922.0,35793924572,1496268,274,24630.0,23892.0
2021-06-29,23500.0,24628.0,23205.0,23644.0,29656961356,1254312,366,23922.0,24300.0
2021-06-30,24300.0,24353.0,24050.0,24351.0,25978085253,1066819,198,23644.0,24353.0
2021-07-03,24100.0,25081.0,24100.0,25077.0,25632857515,1022160,249,24351.0,25081.0
2021-07-04,25820.0,25829.0,25181.0,25342.0,4613713188,179638,93,25077.0,25829.0
2021-07-05,26609.0,26609.0,26609.0,26514.0,10109903287,379943,31,25342.0,26609.0
2021-07-06,27309.0,27309.0,27309.0,26947.0,6115167825,223925,47,26514.0,27309.0
2021-07-07,27755.0,27755.0,26948.0,27629.0,38521823585,1394252,438,26947.0,27755.0
2021-07-10,28390.0,28390.0,26801.0,27033.0,25686720208,950216,438,27629.0,26810.0
2021-07-11,26400.0,27843.0,26250.0,27202.0,17005380577,625146,304,27033.0,27770.0
2021-07-12,28018.0,28018.0,27250.0,27969.0,10125511818,362026,227,27202.0,28018.0
2021-07-13,28808.0,28808.0,27130.0,28663.0,14297199307,498807,195,27969.0,28808.0
2021-07-14,29522.0,29522.0,28200.0,29478.0,14915568716,505986,167,28663.0,29522.0
2021-07-17,30362.0,30362.0,30360.0,30343.0,10077230892,331903,159,29478.0,30362.0
2021-07-18,31860.0,31860.0,31258.0,31798.0,11141893850,350401,148,30343.0,31860.0
2021-07-19,30859.0,32751.0,30845.0,31852.0,73316407566,2301809,804,31798.0,32000.0
2021-07-26,32699.0,32699.0,30897.0,31067.0,14610463243,470286,266,31852.0,30897.0
2021-07-27,30135.0,30135.0,30135.0,30947.0,1214651445,40307,24,31067.0,30135.0
2021-07-28,30019.0,30019.0,30019.0,30860.0,886431051,29529,23,30947.0,30019.0
2021-07-31,29317.0,32403.0,29317.0,30141.0,21213639357,703805,356,30860.0,29900.0
2021-08-01,31000.0,31045.0,29238.0,30376.0,24166050160,795551,352,30141.0,30817.0
2021-08-02,31287.0,31287.0,29465.0,30077.0,20759581012,690208,323,30376.0,29466.0
2021-08-03,29175.0,30000.0,29175.0,29392.0,7422845455,254174,142,30077.0,29175.0
2021-08-04,28511.0,29800.0,28511.0,28925.0,5228433325,183040,127,29392.0,28511.0
2021-08-07,28058.0,29792.0,28058.0,28699.0,26277771760,915623,376,28925.0,29792.0
2021-08-08,29559.0,29559.0,29058.0,29539.0,24961997713,845047,326,28699.0,29559.0
2021-08-09,30290.0,30425.0,28653.0,29881.0,23935853486,801041,389,29539.0,29510.0
2021-08-10,29844.0,30400.0,28985.0,29085.0,24444397330,840461,404,29881.0,28985.0
2021-08-11,28410.0,29440.0,28213.0,28301.0,12353009383,436492,319,29085.0,28213.0
2021-08-14,27500.0,28301.0,27452.0,27746.0,6680892346,242992,86,28301.0,27452.0
2021-08-15,26914.0,26914.0,26914.0,27514.0,2654097196,98614,46,27746.0,26914.0
2021-08-24,28339.0,28339.0,27531.0,27902.0,4953898863,174920,79,27514.0,28338.0
2021-08-25,28739.0,28739.0,27065.0,27272.0,38483426261,1411112,549,27902.0,27065.0
2021-08-28,27886.0,28090.0,27006.0,27948.0,21060427647,753560,438,27272.0,27860.0
2021-08-29,27456.0,28710.0,27120.0,28343.0,12396948184,437388,306,27948.0,28150.0
2021-08-30,28738.0,28738.0,27493.0,27598.0,13196901490,478178,167,28343.0,27887.0
2021-08-31,27650.0,28425.0,26771.0,27077.0,21443043838,791932,453,27598.0,26771.0
2021-09-01,26988.0,27400.0,26265.0,26513.0,16674919503,628925,344,27077.0,26900.0
2021-09-04,25750.0,27300.0,25718.0,26854.0,18946785281,705542,296,26513.0,27000.0
2021-09-05,26900.0,27659.0,26110.0,27256.0,28710924535,1053378,462,26854.0,27659.0
2021-09-06,27500.0,28038.0,26513.0,27174.0,8847443075,325745,252,27256.0,27000.0
2021-09-07,27500.0,27700.0,26520.0,27085.0,15480762223,571554,230,27174.0,27090.0
2021-09-08,26310.0,27897.0,26310.0,27758.0,23168957367,834684,289,27085.0,27897.0
2021-09-11,28580.0,28590.0,27252.0,28461.0,20642965876,725312,235,27758.0,28590.0
2021-09-12,28700.0,29314.0,28300.0,29097.0,21381619899,734837,517,28461.0,29314.0
2021-09-13,29100.0,29969.0,28225.0,29406.0,24611284416,836939,500,29097.0,29967.0
2021-09-14,30288.0,30288.0,29420.0,30261.0,10798847526,356764,177,29406.0,30288.0
2021-09-18,30280.0,31168.0,30261.0,31058.0,10822276966,348452,195,30261.0,31168.0
2021-09-19,31989.0,31989.0,30127.0,30580.0,27816193963,909634,498,31058.0,30127.0
2021-09-20,29663.0,30500.0,29663.0,29676.0,12840320694,432684,199,30580.0,29663.0
2021-09-21,28786.0,29300.0,28786.0,29044.0,6915684143,240072,80,29676.0,28786.0
2021-09-22,28200.0,29915.0,28173.0,29523.0,25180007032,852895,398,29044.0,29915.0
2021-09-25,29915.0,30408.0,29002.0,29536.0,10200926212,345372,183,29523.0,29023.0
2021-09-26,28682.0,30250.0,28650.0,28910.0,21073779150,728938,373,29536.0,28650.0
2021-09-28,28112.0,28900.0,28043.0,28570.0,3995726645,142202,110,28910.0,28043.0
2021-09-29,27713.0,28695.0,27713.0,27751.0,13563873442,488767,204,28570.0,27713.0
2021-10-02,27725.0,28583.0,26940.0,28138.0,6230669112,219499,92,27751.0,28583.0
2021-10-03,28982.0,28982.0,28982.0,28595.0,5648997548,194914,42,28138.0,28982.0
2021-10-04,29452.0,29452.0,29452.0,28917.0,3982411084,135217,24,28595.0,29452.0
2021-10-06,30362.0,30362.0,29510.0,30355.0,20713676846,682388,128,28917.0,30362.0
2021-10-09,31265.0,31265.0,30315.0,31126.0,30588799060,982734,375,30355.0,31265.0
2021-10-10,32000.0,32050.0,30193.0,31339.0,24837886737,792564,373,31126.0,31760.0
2021-10-11,31634.0,32279.0,31600.0,32211.0,28655880620,889632,452,31339.0,32279.0
2021-10-12,32999.0,33177.0,31245.0,31684.0,13114467889,413920,248,32211.0,31245.0
2021-10-13,30734.0,30734.0,30734.0,31508.0,1878738686,61129,32,31684.0,30734.0
2021-10-16,30563.0,32136.0,30563.0,31033.0,17096621962,550916,370,31508.0,30563.0
2021-10-17,30563.0,31400.0,30103.0,30756.0,3360008721,111106,92,31033.0,30103.0
2021-10-18,29834.0,31000.0,29834.0,30609.0,18140268916,592648,259,30756.0,30595.0
2021-10-19,30795.0,30795.0,29691.0,29789.0,9318548591,312942,170,30609.0,29691.0
2021-10-20,28898.0,29000.0,28896.0,29503.0,2939311940,101719,66,29789.0,28896.0
2021-10-23,28631.0,29503.0,28618.0,29336.0,1888522794,65926,44,29503.0,28618.0
2021-10-25,28456.0,28456.0,28456.0,29093.0,2667436984,93739,19,29336.0,28456.0
2021-10-26,27639.0,27639.0,27639.0,27639.0,14442704172,522548,151,29093.0,27639.0
2021-10-27,26811.0,27630.0,26810.0,26813.0,9733081895,362993,107,27639.0,26810.0
2021-10-30,26009.0,26009.0,26009.0,26750.0,757278044,29116,11,26813.0,26009.0
2021-10-31,25948.0,25948.0,25948.0,26717.0,403906568,15566,11,26750.0,25948.0
2021-11-01,25382.0,26400.0,25382.0,25387.0,26011902063,1024600,201,26717.0,25382.0
2021-11-02,24626.0,26148.0,24626.0,25812.0,31385396755,1215920,413,25387.0,25750.0
2021-11-03,26290.0,26290.0,25038.0,25333.0,15267120638,602652,283,25812.0,25038.0
2021-11-06,24620.0,26050.0,24574.0,25349.0,21716804962,856703,432,25333.0,26040.0
2021-11-07,26099.0,26099.0,24589.0,24801.0,23680506246,954837,271,25349.0,24600.0
2021-11-08,24600.0,25545.0,24057.0,25164.0,38908634505,1546224,298,24801.0,25545.0
2021-11-09,25918.0,25918.0,25900.0,25816.0,8852597722,341569,53,25164.0,25918.0
2021-11-10,26590.0,26590.0,26590.0,26483.0,9041025440,340016,33,25816.0,26590.0
2021-11-13,27800.0,27807.0,26590.0,27540.0,80345549877,2917380,683,26483.0,27807.0
2021-11-14,28350.0,28366.0,27560.0,28351.0,24723348385,872057,289,27540.0,28366.0
2021-11-15,28881.0,29201.0,28881.0,29084.0,9518644666,325986,95,28351.0,29201.0
2021-11-16,29956.0,29956.0,28600.0,29884.0,27938135010,934882,397,29084.0,29955.0
2021-11-17,29910.0,30365.0,28988.0,29314.0,31160029156,1062961,386,29884.0,29314.0
2021-11-20,29470.0,30120.0,28435.0,28951.0,15880490755,548524,255,29314.0,28581.0
2021-11-21,28700.0,29800.0,28700.0,29297.0,6013614452,203639,126,28951.0,29729.0
2021-11-22,29000.0,30150.0,29000.0,29456.0,6843016969,231723,129,29297.0,29480.0
2021-11-23,29530.0,30339.0,29530.0,30232.0,17061721490,564367,215,29456.0,30221.0
2021-11-24,30120.0,31138.0,30120.0,30954.0,9908148049,319594,205,30232.0,30740.0
2021-11-27,30033.0,30689.0,30026.0,30045.0,13047669826,434268,124,30954.0,30026.0
2021-11-28,29144.0,30946.0,29144.0,29689.0,10567368700,355939,134,30045.0,29170.0
2021-11-29,29170.0,29268.0,28799.0,28814.0,11282098416,391551,67,29689.0,28799.0
2021-11-30,27950.0,28739.0,27950.0,27970.0,10418026423,372478,127,28814.0,27950.0
2021-12-01,27132.0,27132.0,27131.0,27356.0,6416013342,236482,16,27970.0,27131.0
2021-12-04,26000.0,27390.0,25989.0,26103.0,12184378635,466775,115,27356.0,25989.0
2021-12-05,25320.0,26886.0,25320.0,26294.0,22102505244,840584,400,26103.0,26630.0
2021-12-06,26360.0,26360.0,25506.0,25558.0,16086407144,629398,271,26294.0,25510.0
2021-12-07,24810.0,26324.0,24810.0,25866.0,8954135145,345946,177,25558.0,26300.0
2021-12-08,26640.0,26640.0,25751.0,25985.0,3212010052,122493,89,25866.0,26020.0
2021-12-11,25206.0,26000.0,25206.0,25246.0,14464473064,572935,96,25985.0,25206.0
2021-12-12,24489.0,25000.0,24489.0,24506.0,10543840936,430248,112,25246.0,24489.0
2021-12-13,23771.0,24900.0,23771.0,23970.0,8008726604,335227,138,24506.0,23771.0
2021-12-14,23100.0,23500.0,22772.0,22849.0,13763869019,602396,172,23970.0,22772.0
2021-12-15,23170.0,23170.0,22164.0,22191.0,15646701795,705100,193,22849.0,22164.0
2021-12-18,21550.0,22540.0,21526.0,21600.0,11731581671,543134,254,22191.0,21700.0
2021-12-19,22003.0,22248.0,21360.0,21961.0,8085997876,366816,165,21600.0,22189.0
2021-12-20,22193.0,22619.0,21320.0,22258.0,6608280896,294816,142,21961.0,22400.0
2021-12-21,22800.0,22925.0,22203.0,22667.0,6714849172,293394,113,22258.0,22925.0
2021-12-26,23347.0,23347.0,23346.0,23135.0,7086485361,303529,61,22667.0,23347.0
2021-12-27,23670.0,23829.0,23135.0,23769.0,9920547856,416713,228,23135.0,23829.0
2021-12-28,24481.0,24482.0,23064.0,24078.0,6376558790,262530,143,23769.0,24430.0
2021-12-29,24800.0,24800.0,23356.0,23848.0,6160618790,260072,162,24078.0,23357.0
2022-01-01,23134.0,23680.0,23133.0,23413.0,5963132328,257701,89,23848.0,23133.0
2022-01-02,22711.0,22711.0,22711.0,23276.0,1855556833,81703,38,23413.0,22711.0
2022-01-03,22578.0,22578.0,22578.0,23123.0,2077853340,92030,24,23276.0,22578.0
2022-01-04,21967.0,21967.0,21967.0,22854.0,2144440507,97621,48,23123.0,21967.0
2022-01-05,22169.0,22169.0,22169.0,22830.0,329143143,14847,15,22854.0,22169.0
2022-01-08,22150.0,22150.0,22150.0,22800.0,507102100,22894,15,22830.0,22150.0
2022-01-09,22150.0,22150.0,22150.0,22800.0,226217950,10213,6,22800.0,22150.0
2022-01-10,21700.0,21700.0,21700.0,22700.0,904195600,41668,43,22800.0,21700.0
2022-01-11,22050.0,22050.0,22050.0,22700.0,340121250,15425,14,22700.0,22050.0
2022-01-12,22050.0,22050.0,22050.0,22700.0,72676800,3296,6,22700.0,22050.0
2022-01-15,22050.0,22050.0,22050.0,22650.0,582120000,26400,5,22700.0,22050.0
2022-01-16,21550.0,22750.0,21550.0,21600.0,9228977150,427660,143,22650.0,21600.0
2022-01-17,21100.0,22000.0,21000.0,21000.0,9452526750,449630,213,21600.0,21000.0
2022-01-18,20400.0,20400.0,20400.0,20950.0,1003720800,49202,20,21000.0,20400.0
2022-01-19,20350.0,21000.0,20350.0,20400.0,10277277150,503887,185,20950.0,20750.0
2022-01-22,20950.0,20950.0,19800.0,20100.0,5145609550,259659,135,20400.0,19800.0
2022-01-23,19500.0,19500.0,19500.0,20050.0,779025000,39950,19,20100.0,19500.0
2022-01-24,19450.0,19450.0,19450.0,20000.0,1182151550,60779,24,20050.0,19450.0
2022-01-25,19000.0,19000.0,19000.0,19950.0,272650000,14350,11,20000.0,19000.0
2022-01-26,19400.0,19400.0,19400.0,19900.0,905708400,46686,18,19950.0,19400.0
2022-01-29,19310.0,20240.0,19310.0,19360.0,10647480290,549897,217,19900.0,19310.0
2022-01-30,19680.0,19680.0,18780.0,19110.0,5690005230,300508,166,19360.0,18780.0
2022-01-31,18610.0,19450.0,18540.0,19050.0,2612909390,138315,123,19110.0,19290.0
2022-02-01,18660.0,19530.0,18660.0,19070.0,1757665230,91624,49,19050.0,19000.0
2022-02-02,18600.0,19480.0,18500.0,18930.0,3150739540,168869,97,19070.0,19000.0
2022-02-05,18390.0,19480.0,18370.0,18910.0,3904764520,206941,132,18930.0,18380.0
2022-02-06,18350.0,18350.0,18350.0,18880.0,565712150,30829,18,18910.0,18350.0
2022-02-07,18320.0,18320.0,18320.0,18860.0,354821760,19368,10,18880.0,18320.0
2022-02-08,18300.0,18400.0,18300.0,18570.0,4990395950,272689,63,18860.0,18300.0
2022-02-09,17650.0,19200.0,17650.0,17850.0,16901643410,946790,298,18570.0,19150.0
2022-02-12,18380.0,18380.0,18210.0,18200.0,6779921270,368977,138,17850.0,18380.0
2022-02-13,18740.0,18740.0,18730.0,18580.0,7383144880,393987,53,18200.0,18740.0
2022-02-14,19130.0,19130.0,18590.0,18980.0,8008335200,418930,129,18580.0,19130.0
2022-02-16,19920.0,19920.0,19900.0,19920.0,12855106960,645338,126,18980.0,19920.0
2022-02-19,20510.0,20510.0,19800.0,20450.0,13366010240,653446,245,19920.0,20510.0
2022-02-20,20580.0,20580.0,19840.0,19890.0,11428049680,574658,165,20450.0,19850.0
2022-02-21,19990.0,19990.0,19300.0,19480.0,8256226080,425522,215,19890.0,19300.0
2022-02-22,18970.0,19250.0,18900.0,18930.0,9265133700,489754,131,19480.0,18900.0
2022-02-23,18400.0,19200.0,18370.0,18700.0,5740395100,309317,101,18930.0,18510.0
2022-02-26,18300.0,18890.0,18140.0,18660.0,1067502490,58163,47,18700.0,18300.0
2022-02-27,18300.0,18400.0,18110.0,18590.0,1431118460,78716,55,18660.0,18140.0
2022-02-28,18100.0,18820.0,18040.0,18530.0,2461273340,134026,87,18590.0,18240.0
2022-03-02,19070.0,19070.0,18580.0,18710.0,4655150220,246105,116,18530.0,18900.0
2022-03-05,19080.0,19270.0,18150.0,18420.0,8630245260,469427,141,18710.0,18600.0
2022-03-06,18150.0,18940.0,18090.0,18510.0,4676548230,251295,102,18420.0,18750.0
2022-03-07,18300.0,18980.0,18300.0,18530.0,5494904940,296171,103,18510.0,18600.0
2022-03-08,18400.0,18810.0,17980.0,18170.0,7980550400,441050,115,18530.0,17990.0
2022-03-09,18000.0,18460.0,18000.0,18190.0,4990024200,274010,113,18170.0,18070.0
2022-03-12,17780.0,18190.0,17770.0,18120.0,4112276990,228336,96,18190.0,18070.0
2022-03-13,17670.0,18050.0,17600.0,17980.0,4645830030,260638,103,18120.0,17600.0
2022-03-14,17470.0,18090.0,17470.0,17920.0,4102776330,229994,97,17980.0,17830.0
2022-03-15,18000.0,18100.0,17460.0,17900.0,2466812160,138237,66,17920.0,18030.0
2022-03-16,17570.0,18200.0,17570.0,17940.0,2404072940,133098,78,17900.0,17940.0
2022-03-19,18390.0,18390.0,17940.0,17990.0,3277617200,181125,89,17940.0,18190.0
2022-03-26,18010.0,18360.0,17890.0,18000.0,965794470,53317,38,17990.0,17890.0
2022-03-27,17810.0,18390.0,17650.0,18020.0,6783514450,376319,92,18000.0,18020.0
2022-03-29,18010.0,18560.0,18010.0,18330.0,5945528190,320462,158,18020.0,18560.0
2022-03-30,18870.0,18870.0,18770.0,18670.0,6565437390,347965,172,18330.0,18870.0
2022-04-03,19230.0,19230.0,19190.0,19000.0,6045208670,314367,115,18670.0,19230.0
2022-04-04,19950.0,19950.0,19000.0,19390.0,9200399100,473112,184,19000.0,19150.0
2022-04-05,19800.0,19800.0,18810.0,18860.0,11627011680,616598,263,19390.0,19100.0
2022-04-06,19390.0,19390.0,18310.0,18880.0,2199492960,116000,81,18860.0,18640.0
2022-04-09,18640.0,19440.0,18320.0,19220.0,18757865010,975972,272,18880.0,19440.0
2022-04-10,19750.0,19790.0,19750.0,19580.0,6721763000,339722,89,19220.0,19790.0
2022-04-11,19800.0,20190.0,19060.0,20140.0,13188624990,654720,186,19610.0,20190.0
2022-04-12,20740.0,20740.0,19540.0,19820.0,7091228220,360532,115,20140.0,19540.0
2022-04-13,19250.0,20050.0,19230.0,19630.0,5209120720,267886,64,19820.0,19550.0
2022-04-16,19550.0,20210.0,19420.0,19750.0,4429757430,222597,102,19630.0,19420.0
2022-04-17,19980.0,19980.0,19310.0,19630.0,6664677740,340481,118,19750.0,19560.0
2022-04-18,20040.0,20210.0,19290.0,19690.0,6587663700,334084,122,19630.0,19480.0
2022-04-19,20150.0,20150.0,19210.0,19610.0,3537159550,181829,100,19690.0,19360.0
2022-04-20,0.0,20190.0,19250.0,20130.0,35947283570,1785793,337,19610.0,20190.0
2022-04-24,20700.0,20700.0,20550.0,20700.0,101718024500,4914035,412,20130.0,20700.0
2022-04-25,21300.0,21300.0,21300.0,21150.0,7735691400,363178,42,20700.0,21300.0
2022-04-26,21750.0,21750.0,21750.0,21550.0,6834915750,314249,35,21150.0,21750.0
2022-04-27,22150.0,22150.0,21900.0,22150.0,20845841300,941466,311,21550.0,22150.0
2022-04-30,22800.0,22800.0,22150.0,22750.0,45676438450,2008145,457,22150.0,22800.0
2022-05-01,23400.0,23400.0,23150.0,23400.0,21096705250,901624,191,22750.0,23400.0
2022-05-02,24100.0,24100.0,24050.0,24100.0,11241215600,466441,129,23400.0,24100.0
2022-05-07,24800.0,24800.0,23400.0,24150.0,56585596450,2343361,768,24100.0,24100.0
2022-05-08,24850.0,24850.0,24450.0,24850.0,29244879250,1177655,232,24150.0,24850.0
2022-05-09,25550.0,25550.0,25000.0,25500.0,30421895800,1192245,366,24850.0,25550.0
2022-05-10,25650.0,25650.0,24750.0,24800.0,27304718950,1100041,468,25500.0,24750.0
2022-05-11,24100.0,25500.0,24100.0,25050.0,32174216100,1284814,489,24800.0,25300.0
2022-05-14,25700.0,25700.0,24300.0,24350.0,28896287450,1186058,387,25050.0,24300.0
2022-05-15,23850.0,24700.0,23650.0,23750.0,46029662650,1938141,327,24350.0,23700.0
2022-05-16,23100.0,24450.0,23100.0,24250.0,14789421600,610098,216,23750.0,24300.0
2022-05-17,24850.0,24850.0,23550.0,23950.0,9788548800,408861,175,24250.0,23550.0
2022-05-18,23250.0,23850.0,23250.0,23400.0,8170907500,350105,143,23950.0,23800.0
2022-05-21,23900.0,23900.0,23100.0,23500.0,7103736200,301298,128,23400.0,23100.0
2022-05-22,23800.0,24200.0,23800.0,24200.0,13464830400,556863,154,23500.0,24200.0
2022-05-23,24900.0,24900.0,23650.0,24800.0,43210580900,1741116,431,24200.0,24800.0
2022-05-24,24950.0,25500.0,24250.0,25350.0,22620850800,892379,212,24800.0,25500.0
2022-05-25,26100.0,26100.0,26100.0,25700.0,5006971800,191838,55,25350.0,26100.0
2022-05-28,26450.0,26450.0,26450.0,26000.0,4354146100,164618,28,25700.0,26450.0
2022-05-29,26750.0,26750.0,26050.0,26750.0,92054083700,3443350,632,26000.0,26750.0
2022-05-30,27450.0,27450.0,25950.0,26000.0,17439518350,670137,235,26750.0,25950.0
2022-05-31,25250.0,26650.0,25250.0,25600.0,46845697100,1828251,521,26000.0,25250.0
2022-06-01,25300.0,26350.0,25300.0,26300.0,17943139650,682532,274,25600.0,25900.0
2022-06-06,27050.0,27050.0,26350.0,27050.0,28800010250,1065191,217,26300.0,27050.0
2022-06-07,27400.0,27850.0,27050.0,27700.0,19646633300,708987,158,27050.0,27850.0
2022-06-08,28500.0,28500.0,28050.0,28450.0,59492952800,2089569,539,27700.0,28450.0
2022-06-20,27400.0,27400.0,26500.0,27200.0,7318837100,267196,54,26650.0,27400.0
2022-06-21,28000.0,28000.0,26400.0,27300.0,35170110000,1288560,443,27200.0,27050.0
2022-06-22,26650.0,27000.0,26500.0,26500.0,41235930550,1555541,179,27300.0,26500.0
2022-06-25,26100.0,27250.0,25750.0,25900.0,8886666200,343677,83,26500.0,25750.0
2022-06-26,25150.0,25550.0,25150.0,25150.0,10359778200,411914,75,25900.0,25150.0
2022-06-27,24400.0,25700.0,24400.0,24400.0,22684527450,928905,228,25150.0,24400.0
2022-06-28,24100.0,24100.0,23700.0,23700.0,14936934500,629944,99,24400.0,23700.0
2022-06-29,23000.0,24250.0,23000.0,23200.0,83410657850,3597413,699,23700.0,23750.0
2022-07-02,23800.0,23850.0,23400.0,23800.0,28870495200,1212899,383,23200.0,23700.0
2022-07-03,24050.0,24050.0,23100.0,23200.0,22146969900,954496,410,23800.0,23150.0
2022-07-04,23400.0,23700.0,22550.0,22850.0,15492661700,678404,228,23200.0,22750.0
2022-07-05,22250.0,23500.0,22250.0,22950.0,5739855850,249678,135,22850.0,22850.0
2022-07-06,23500.0,23500.0,22300.0,22350.0,24349007500,1089500,214,22950.0,22300.0
2022-07-09,21800.0,22800.0,21700.0,21950.0,16372517000,745986,187,22350.0,21700.0
2022-07-11,22300.0,22300.0,21300.0,21350.0,15208693450,712865,130,21950.0,21300.0
2022-07-12,20850.0,21500.0,20750.0,20800.0,15605162100,751115,185,21350.0,20750.0
2022-07-13,20800.0,21300.0,20400.0,20750.0,6598952700,318359,118,20800.0,20950.0
2022-07-16,20350.0,21200.0,20300.0,20750.0,2490458250,120496,99,20750.0,20600.0
2022-07-17,20350.0,21000.0,20150.0,20200.0,11774206750,582619,158,20750.0,20250.0
2022-07-19,20500.0,20500.0,19600.0,20000.0,4121413900,209295,102,20200.0,19600.0
2022-07-20,20000.0,20600.0,19400.0,20250.0,9305556700,458695,284,20000.0,20600.0
2022-07-23,20850.0,20850.0,20650.0,20850.0,45005927800,2158568,260,20250.0,20850.0
2022-07-24,21000.0,21350.0,20250.0,20750.0,4269534300,206556,138,20850.0,20250.0
2022-07-25,20150.0,20150.0,20150.0,20300.0,7157320300,355202,57,20750.0,20150.0
2022-07-26,19700.0,20200.0,19700.0,19800.0,11982230250,604666,155,20300.0,19850.0
2022-07-27,20100.0,20350.0,19550.0,19900.0,8843108500,444355,133,19800.0,19600.0
2022-07-30,19400.0,20000.0,19310.0,19670.0,4338118020,223806,88,19900.0,19310.0
2022-07-31,20000.0,20000.0,19080.0,19540.0,2191175660,114748,68,19670.0,19590.0
2022-08-01,20000.0,20000.0,19090.0,19530.0,1473771400,75557,56,19540.0,19090.0
2022-08-02,19630.0,19790.0,18950.0,19230.0,5328376620,280430,100,19530.0,19000.0
2022-08-03,18760.0,19760.0,18750.0,19200.0,2136460880,111957,78,19230.0,19540.0
2022-08-06,19770.0,19770.0,18820.0,19390.0,11435786860,589673,186,19200.0,18820.0
2022-08-09,18830.0,19390.0,18810.0,18880.0,9881013830,523362,155,19390.0,18810.0
2022-08-10,19120.0,19440.0,18800.0,19210.0,6568404680,338707,134,18880.0,19440.0
2022-08-13,19350.0,19780.0,19300.0,19740.0,13692305990,693523,126,19210.0,19780.0
2022-08-14,20330.0,20330.0,19690.0,20280.0,11925485550,587964,146,19740.0,20330.0
2022-08-15,20870.0,20880.0,20870.0,20640.0,6471513160,309944,66,20280.0,20880.0
2022-08-16,21250.0,21250.0,21250.0,20950.0,5672857500,266958,33,20640.0,21250.0
2022-08-17,21570.0,21570.0,21570.0,21490.0,9721102890,450677,25,20950.0,21570.0
2022-08-20,22100.0,22100.0,22100.0,21850.0,6312069400,285614,45,21490.0,22100.0
2022-08-21,22500.0,22500.0,21600.0,22400.0,48200853000,2150574,418,21850.0,22250.0
2022-08-22,22050.0,22450.0,21750.0,21800.0,23696119400,1086655,270,22400.0,21750.0
2022-08-23,22000.0,22450.0,21950.0,22300.0,9947648100,445948,192,21800.0,22050.0
2022-08-24,21700.0,22750.0,21650.0,21850.0,13780030500,630208,218,22300.0,22000.0
2022-08-27,22350.0,22350.0,21350.0,21750.0,5716156300,264205,82,21850.0,21400.0
2022-08-28,21100.0,21450.0,21100.0,21350.0,6366291050,301399,88,21750.0,21100.0
2022-08-29,21500.0,21500.0,20800.0,21250.0,3128012800,148692,76,21350.0,21000.0
2022-08-30,21500.0,21850.0,21200.0,21550.0,6750489850,311186,152,21250.0,21550.0
2022-08-31,21000.0,21800.0,21000.0,21500.0,2005947000,93717,45,21550.0,21350.0
2022-09-03,21350.0,21350.0,20900.0,20950.0,9163619600,437727,155,21500.0,20900.0
2022-09-04,20350.0,20500.0,20350.0,20350.0,10003626900,491266,135,20950.0,20350.0
2022-09-05,19800.0,20950.0,19800.0,20550.0,7525484900,365571,192,20350.0,20000.0
2022-09-06,20000.0,21100.0,20000.0,20800.0,8126493300,390153,167,20550.0,20800.0
2022-09-07,21350.0,21400.0,20950.0,21350.0,14822326900,694694,231,20800.0,21400.0
2022-09-10,21550.0,21950.0,20850.0,21850.0,17723344200,811392,245,21350.0,21950.0
2022-09-11,21950.0,22500.0,21800.0,22200.0,10774052250,484885,204,21850.0,22200.0
2022-09-12,22600.0,22600.0,21550.0,21750.0,10066155350,462686,139,22200.0,21550.0
2022-09-13,21200.0,22250.0,21100.0,21200.0,18851847200,888287,230,21750.0,21100.0
2022-09-14,21150.0,21600.0,20750.0,21250.0,4942275250,232562,80,21200.0,21000.0
2022-09-18,21400.0,21400.0,20650.0,20950.0,6100632550,294274,115,21250.0,20650.0
2022-09-19,20550.0,21000.0,20350.0,20500.0,8310132800,406705,134,20950.0,20350.0
2022-09-20,19900.0,20300.0,19900.0,20200.0,4548456000,228404,109,20500.0,19900.0
2022-09-21,19650.0,20750.0,19650.0,20000.0,4268208100,215465,73,20200.0,20150.0
2022-09-24,20550.0,20550.0,19400.0,19890.0,1811513750,93267,74,20000.0,19400.0
2022-09-26,19950.0,20300.0,19320.0,19870.0,963425360,48979,42,19890.0,19450.0
2022-09-28,20400.0,20400.0,19280.0,19830.0,3590605890,181674,87,19870.0,20090.0
2022-10-01,19310.0,20080.0,19240.0,19560.0,5289884910,273635,105,19830.0,19240.0
2022-10-02,19000.0,19540.0,18980.0,19360.0,3362745110,177048,71,19560.0,19390.0
2022-10-03,19380.0,19940.0,18780.0,19050.0,17625548520,925059,257,19360.0,18780.0
2022-10-04,19400.0,19400.0,18480.0,18860.0,4135643540,222165,81,19050.0,18480.0
2022-10-08,18330.0,19410.0,18300.0,18840.0,3216456680,171007,102,18860.0,18300.0
2022-10-09,18900.0,18900.0,18280.0,18630.0,3702478560,202374,34,18840.0,18280.0
2022-10-10,18600.0,19100.0,18080.0,18430.0,5880536830,321302,207,18630.0,18290.0
2022-10-11,18950.0,18980.0,18150.0,18490.0,2443635590,130995,245,18430.0,18190.0
2022-10-12,18500.0,19040.0,18210.0,18640.0,4846193950,257871,115,18490.0,19040.0
2022-10-15,18650.0,19190.0,18650.0,19010.0,7080892950,369322,258,18640.0,19190.0
2022-10-16,19580.0,19580.0,19130.0,19560.0,13334061690,681595,336,19010.0,19580.0
2022-10-17,20130.0,20140.0,20060.0,20140.0,15315181960,760617,267,19560.0,20140.0
2022-10-18,20550.0,20740.0,20400.0,20710.0,19224172720,928134,344,20140.0,20620.0
2022-10-19,21100.0,21100.0,20090.0,20130.0,11537557630,573110,202,20710.0,20090.0
2022-10-22,20300.0,20700.0,19600.0,20350.0,30580458200,1503549,354,20130.0,20550.0
2022-10-23,20100.0,20950.0,20100.0,20800.0,18680837850,897286,388,20350.0,20950.0
2022-10-24,21100.0,21400.0,20750.0,21200.0,10317743850,486244,233,20800.0,21050.0
2022-10-25,21750.0,21750.0,20600.0,20750.0,8679182600,419757,155,21200.0,20600.0
2022-10-26,20200.0,20800.0,20150.0,20400.0,6127194950,303745,71,20750.0,20150.0
2022-10-29,20150.0,20150.0,19800.0,19950.0,7594996900,383520,88,20400.0,19800.0
2022-10-30,19400.0,20450.0,19400.0,19600.0,42830360900,2187866,739,19950.0,19900.0
2022-10-31,20000.0,20150.0,19600.0,20050.0,14345939500,715422,252,19600.0,20150.0
2022-11-01,20400.0,20650.0,19450.0,20050.0,20947349150,1045642,434,20050.0,20400.0
2022-11-02,19750.0,20300.0,19500.0,19800.0,9313785600,470791,193,20050.0,20100.0
2022-11-05,19500.0,20390.0,19500.0,19990.0,8921868910,445838,166,19800.0,20390.0
2022-11-06,20390.0,20580.0,20040.0,20410.0,10858116630,532113,222,19990.0,20580.0
2022-11-07,20580.0,21020.0,20580.0,20980.0,15244296040,726521,212,20410.0,21020.0
2022-11-08,21590.0,21600.0,20500.0,21420.0,11010332570,514048,264,20980.0,21230.0
2022-11-09,21240.0,21600.0,20780.0,21180.0,7438448050,352809,169,21420.0,21300.0
2022-11-12,21750.0,21800.0,20700.0,21200.0,6278257050,295938,93,21180.0,20850.0
2022-11-13,20650.0,21700.0,20600.0,20750.0,18916600100,911255,300,21200.0,20600.0
2022-11-14,20500.0,21200.0,20150.0,20200.0,47151648600,2336344,337,20750.0,20150.0
2022-11-15,19650.0,20700.0,19650.0,20300.0,4128768450,201739,98,20200.0,20650.0
2022-11-16,20650.0,20750.0,19950.0,20400.0,11049631350,542031,161,20300.0,20400.0
2022-11-19,20000.0,20000.0,19800.0,19850.0,9396755750,473808,119,20400.0,19800.0
2022-11-20,19400.0,20000.0,19400.0,19650.0,12500411300,636938,211,19850.0,19750.0
2022-11-21,19950.0,20200.0,19450.0,20000.0,12097923500,604944,200,19650.0,20200.0
2022-11-22,20250.0,20250.0,19400.0,19450.0,19277848900,990913,244,20000.0,19500.0
2022-11-23,19500.0,19950.0,19300.0,19600.0,7079443700,359620,142,19450.0,19300.0
2022-11-26,19350.0,20180.0,19350.0,20160.0,23116505630,1146742,218,19600.0,20180.0
2022-11-27,20760.0,20760.0,20760.0,20610.0,7921766880,381588,70,20160.0,20760.0
2022-11-28,21220.0,21220.0,21200.0,21220.0,18508441020,872222,115,20610.0,21220.0
2022-11-29,21800.0,21850.0,21220.0,21790.0,13161936280,603917,210,21220.0,21850.0
2022-11-30,22440.0,22440.0,22440.0,22320.0,9316325040,415166,123,21790.0,22440.0
2022-12-03,22900.0,22950.0,21700.0,22450.0,18739820500,834636,309,22320.0,21850.0
2022-12-04,21900.0,22800.0,21800.0,21950.0,18825537350,857584,265,22450.0,21800.0
2022-12-05,21550.0,22600.0,21550.0,22400.0,29136288500,1299775,236,21950.0,22600.0
2022-12-06,23000.0,23050.0,22800.0,23050.0,15001275550,650972,111,22400.0,23050.0
2022-12-07,23700.0,23700.0,22550.0,23650.0,47518783500,2010919,286,23050.0,23700.0
2022-12-10,23900.0,24350.0,23200.0,24150.0,24869552350,1028743,298,23650.0,24200.0
2022-12-11,24300.0,24850.0,23950.0,24600.0,30516516650,1240733,275,24150.0,24850.0
2022-12-12,25100.0,25300.0,23900.0,24600.0,10185531100,414420,134,24600.0,24300.0
2022-12-13,23950.0,25100.0,23900.0,24000.0,27182938100,1132605,326,24600.0,23900.0
2022-12-14,24450.0,24450.0,23300.0,23350.0,33008328650,1414372,317,24000.0,23300.0
2022-12-17,23400.0,24050.0,22950.0,23950.0,40212034050,1679709,268,23350.0,24050.0
2022-12-18,24550.0,24650.0,23900.0,24250.0,13839276300,571000,164,23950.0,24250.0
2022-12-19,23700.0,24700.0,23550.0,23700.0,18665423500,787967,189,24250.0,23550.0
2022-12-20,23700.0,24250.0,23000.0,23200.0,10369680550,446831,157,23700.0,23100.0
2022-12-21,22850.0,23800.0,22800.0,23200.0,10169219900,438178,192,23200.0,23300.0
2022-12-24,23250.0,23850.0,23200.0,23800.0,15345211550,644899,179,23200.0,23850.0
2022-12-25,23850.0,24450.0,23650.0,24050.0,30831391400,1281560,194,23800.0,24350.0
2022-12-26,24100.0,24350.0,23350.0,23850.0,19248769100,807017,164,24050.0,23700.0
2022-12-28,24400.0,24550.0,23950.0,24500.0,39713858550,1621005,243,23850.0,24200.0
2022-12-31,23850.0,24200.0,23800.0,23850.0,13173446950,552683,157,24500.0,23800.0
2023-01-01,23450.0,24250.0,23150.0,23550.0,26657841700,1133127,231,23850.0,23900.0
2023-01-02,23450.0,24250.0,23450.0,24200.0,23159669650,956041,156,23550.0,24250.0
2023-01-03,24900.0,24900.0,24900.0,24900.0,14681836800,589632,66,24200.0,24900.0
2023-01-04,25600.0,25600.0,25300.0,25600.0,43651235100,1705420,215,24900.0,25600.0
2023-01-07,26350.0,26350.0,26350.0,26200.0,8253900350,313241,37,25600.0,26350.0
2023-01-08,26950.0,26950.0,26950.0,26850.0,9042075350,335513,43,26200.0,26950.0
2023-01-09,27650.0,27650.0,27650.0,27400.0,7395490200,267468,42,26850.0,27650.0
2023-01-10,28200.0,28200.0,28200.0,27600.0,2698317000,95685,27,27400.0,28200.0
2023-01-11,28400.0,28400.0,28400.0,27900.0,3896849200,137213,34,27600.0,28400.0
2023-01-14,28700.0,28700.0,28700.0,28300.0,4925666200,171626,30,27900.0,28700.0
2023-01-16,29100.0,29100.0,29100.0,28550.0,2934473100,100841,27,28300.0,29100.0
2023-01-17,29400.0,29400.0,29400.0,28850.0,3816884400,129826,29,28550.0,29400.0
2023-01-18,29700.0,29700.0,29700.0,28950.0,1034629200,34836,19,28850.0,29700.0
2023-01-21,29800.0,29800.0,29800.0,29800.0,11225928200,376709,45,28950.0,29800.0
2023-01-22,30650.0,30650.0,29100.0,30500.0,111591502550,3656021,724,29800.0,30650.0
2023-01-23,31300.0,31400.0,30200.0,31000.0,52073799500,1679154,549,30500.0,31400.0
2023-01-24,31750.0,31750.0,30100.0,30150.0,26275218500,871040,165,31000.0,30100.0
2023-01-25,29250.0,29250.0,29250.0,29250.0,11951579250,408601,77,30150.0,29250.0
2023-01-28,28400.0,28400.0,28400.0,28800.0,10132637200,356783,47,29250.0,28400.0
2023-02-20,29650.0,29650.0,28050.0,29200.0,34545643250,1182810,266,28800.0,28100.0
2023-02-21,28350.0,30050.0,28350.0,28600.0,53989689850,1888537,369,29200.0,28350.0
2023-02-22,28000.0,28350.0,27750.0,27900.0,16519551700,594479,117,28600.0,27750.0
2023-02-25,27300.0,28700.0,27300.0,28550.0,50531348750,1770255,316,27900.0,28650.0
2023-02-26,29350.0,29400.0,27700.0,28050.0,58141143600,2073323,257,28550.0,27700.0
2023-02-27,27350.0,28850.0,27250.0,28100.0,45024398000,1603039,339,28050.0,28200.0
2023-02-28,28850.0,28850.0,27350.0,28300.0,35842440850,1265588,181,28100.0,28250.0
2023-03-01,28250.0,28850.0,27550.0,28100.0,12725909050,455038,100,28300.0,27700.0
2023-03-04,27550.0,27600.0,27300.0,27350.0,29492205700,1079244,136,28100.0,27300.0
2023-03-05,27450.0,28100.0,26550.0,27250.0,14282418900,524941,105,27350.0,27000.0
2023-03-06,26500.0,27200.0,26450.0,26950.0,12196680750,455016,120,27250.0,26600.0
2023-03-07,26250.0,27750.0,26250.0,27650.0,27860774150,1008493,174,26950.0,27750.0
2023-03-11,28400.0,28450.0,28000.0,28450.0,38727176150,1362246,181,27650.0,28450.0
2023-03-12,28900.0,28900.0,27600.0,28400.0,7134802900,252685,70,28450.0,27700.0
2023-03-13,27800.0,28600.0,27650.0,28350.0,6043712500,214372,67,28400.0,28050.0
2023-03-14,27500.0,27950.0,27500.0,27550.0,21363328500,775411,174,28350.0,27800.0
2023-03-15,28350.0,28350.0,27600.0,27800.0,8236497650,292188,92,27550.0,27800.0
2023-03-18,28250.0,28600.0,27800.0,28500.0,32519139700,1140672,150,27800.0,28600.0
2023-03-27,29350.0,29350.0,28950.0,29300.0,35750100700,1220287,186,28500.0,29350.0
2023-03-28,30100.0,30150.0,29650.0,30150.0,21005572500,697111,76,29300.0,30150.0
2023-03-29,31050.0,31050.0,31050.0,30950.0,19147479300,616666,71,30150.0,31050.0
2023-04-03,31850.0,31850.0,31750.0,31850.0,20898441200,656182,75,30950.0,31850.0
2023-04-04,32800.0,32800.0,32200.0,32750.0,48174804200,1470489,212,31850.0,32700.0
2023-04-05,32800.0,33700.0,32050.0,33350.0,27630541850,828941,165,32750.0,33700.0
2023-04-08,34100.0,34350.0,34100.0,34350.0,25358724300,738478,96,33350.0,34350.0
2023-04-09,34950.0,35350.0,34500.0,35300.0,46937269400,1329543,190,34350.0,35350.0
2023-04-10,36350.0,36350.0,34350.0,36200.0,67402331000,1861389,232,35300.0,36000.0
2023-04-11,37250.0,37250.0,36650.0,37200.0,36065455150,969314,160,36200.0,37250.0
2023-04-15,38300.0,38300.0,37500.0,38250.0,34542674700,902854,173,37200.0,38300.0
2023-04-16,39250.0,39250.0,37150.0,37450.0,131225301750,3503235,553,38250.0,38800.0
2023-04-17,38400.0,38550.0,37500.0,38500.0,59461801650,1545183,335,37450.0,38550.0
2023-04-18,39300.0,39650.0,38650.0,39550.0,29428006200,744497,232,38500.0,39650.0
2023-04-19,40650.0,40700.0,38950.0,40250.0,30086218150,747208,229,39550.0,39900.0
2023-04-24,41300.0,41450.0,39700.0,40850.0,93344845350,2285905,246,40250.0,41450.0
2023-04-25,42050.0,42050.0,42050.0,42000.0,20184000000,480000,42,40850.0,42050.0
2023-04-26,43250.0,43250.0,43250.0,43250.0,26388252250,610133,46,42000.0,43250.0
2023-04-29,44500.0,44500.0,42100.0,43700.0,127523381500,2916521,527,43250.0,44350.0
2023-04-30,43700.0,44850.0,43100.0,43650.0,43176301800,988706,217,43700.0,44850.0
2023-05-01,44950.0,44950.0,43550.0,44800.0,42065573300,938543,225,43650.0,44950.0
2023-05-02,46100.0,46100.0,44100.0,46050.0,29363057850,637900,173,44800.0,46100.0
2023-05-03,46200.0,47400.0,45750.0,46950.0,32768446700,698310,216,46050.0,45750.0
2023-05-06,48250.0,48300.0,45550.0,46000.0,59093767400,1284336,315,46950.0,45550.0
2023-05-07,44650.0,44650.0,44650.0,45450.0,8094107350,181279,58,46000.0,44650.0
2023-05-08,44100.0,44100.0,44100.0,45050.0,5682990600,128866,29,45450.0,44100.0
2023-05-09,43700.0,43700.0,43700.0,43700.0,21137733700,483701,44,45050.0,43700.0
2023-05-10,42400.0,44100.0,42400.0,42450.0,32652849150,769602,121,43700.0,42400.0
2023-05-13,41200.0,41200.0,41200.0,42050.0,6106046000,148205,35,42450.0,41200.0
2023-05-14,40800.0,42900.0,40800.0,40850.0,53920458450,1320666,260,42050.0,40800.0
2023-05-15,40000.0,41300.0,39650.0,39750.0,39751962800,1000432,206,40850.0,40300.0
2023-05-17,40000.0,40800.0,39800.0,40200.0,19914849250,495619,113,39750.0,40150.0
2023-05-20,41150.0,41400.0,39300.0,40300.0,12205713450,302378,120,40200.0,39950.0
2023-05-21,39250.0,41500.0,39250.0,40600.0,10232443500,249955,105,40300.0,40500.0
2023-05-22,41800.0,41800.0,41750.0,41350.0,13127057200,314054,70,40600.0,41800.0
2023-05-23,41100.0,42550.0,40150.0,40800.0,23083361950,565773,215,41350.0,40150.0
2023-05-24,40000.0,40400.0,39600.0,39650.0,20771201300,523920,159,40800.0,39600.0
2023-05-27,38500.0,38700.0,38500.0,38900.0,12995219800,337282,73,39650.0,38500.0
2023-05-28,37750.0,37750.0,37750.0,38250.0,10628399250,281547,56,38900.0,37750.0
2023-05-29,37150.0,38950.0,37150.0,37250.0,32760293950,879165,175,38250.0,38500.0
2023-05-30,38350.0,38350.0,37900.0,38350.0,22776724000,594153,145,37250.0,38000.0
2023-05-31,37200.0,38750.0,37200.0,38200.0,4611435800,121931,61,38350.0,38250.0
2023-06-03,37350.0,38800.0,37250.0,37850.0,10569233850,281236,77,38200.0,37850.0
2023-06-06,37850.0,38950.0,37850.0,38050.0,4952680100,128114,84,37850.0,38600.0
2023-06-07,38950.0,39100.0,37100.0,38250.0,10939281050,284849,77,38050.0,38000.0
2023-06-10,39350.0,39350.0,38650.0,39350.0,34085397850,866248,152,38250.0,39350.0
2023-06-11,40500.0,40500.0,39350.0,40400.0,40268800250,996744,215,39350.0,40500.0
2023-06-12,41600.0,41600.0,39200.0,41050.0,46054787350,1122218,285,40400.0,41600.0
2023-06-13,42000.0,42250.0,41250.0,41350.0,9923728350,237823,127,41050.0,41850.0
2023-06-14,42400.0,42550.0,41850.0,42400.0,44648531000,1052802,242,41350.0,42400.0
2023-06-28,41300.0,41300.0,40900.0,40550.0,8129082900,197036,61,40100.0,41250.0
2023-07-01,41750.0,41750.0,41250.0,41750.0,34328051900,822312,190,40550.0,41750.0
2023-07-02,43000.0,43000.0,42950.0,43000.0,24336126400,565964,170,41750.0,43000.0
2023-07-03,44250.0,44250.0,44250.0,44250.0,31096068000,702736,148,43000.0,44250.0
2023-07-04,45500.0,45550.0,44000.0,44850.0,37470484300,835024,306,44250.0,44100.0
2023-07-05,45500.0,46150.0,43550.0,45000.0,63191715500,1404706,381,44850.0,45050.0
2023-07-08,46350.0,46350.0,45950.0,46300.0,22583123350,487641,175,45000.0,46100.0
2023-07-09,46500.0,47650.0,45050.0,46500.0,22202429200,477378,249,46300.0,46500.0
2023-07-10,45900.0,47200.0,45150.0,45800.0,24677628450,538582,211,46500.0,46000.0
2023-07-11,46950.0,46950.0,44450.0,45550.0,61524420600,1350637,236,45800.0,46100.0
2023-07-12,46500.0,46900.0,44800.0,46100.0,20772517900,450808,218,45550.0,46050.0
2023-07-15,47400.0,47450.0,45800.0,47300.0,78162784650,1653075,307,46100.0,47450.0
2023-07-16,48500.0,48700.0,47900.0,48650.0,60523498450,1244313,348,47300.0,48700.0
2023-07-17,49800.0,50100.0,47200.0,48300.0,25805738100,534399,192,48650.0,47200.0
2023-07-18,48000.0,49500.0,46900.0,47600.0,42427567800,891033,378,48300.0,47200.0
2023-07-19,48650.0,48900.0,46200.0,47250.0,24427725600,517259,243,47600.0,47650.0
2023-07-22,46400.0,48350.0,46100.0,47400.0,14456345700,304820,182,47250.0,47000.0
2023-07-23,46450.0,48150.0,46000.0,46450.0,20025819600,431211,133,47400.0,46000.0
2023-07-24,45100.0,46350.0,45100.0,45250.0,22833361150,504530,189,46450.0,45100.0
2023-07-25,46050.0,46050.0,44050.0,45050.0,11227702350,249910,144,45250.0,45000.0
2023-07-26,45900.0,46350.0,44800.0,45950.0,18645464350,405256,180,45050.0,46200.0
2023-07-29,47250.0,47300.0,45050.0,46100.0,18078993850,392155,134,45950.0,46150.0
2023-07-30,46200.0,46850.0,44750.0,45200.0,14153727200,315612,123,46100.0,44750.0
2023-07-31,44100.0,44950.0,43850.0,43900.0,37814329200,861615,161,45200.0,43850.0
2023-08-01,44000.0,45000.0,43200.0,44050.0,16103147950,365241,120,43900.0,43600.0
2023-08-05,45300.0,45300.0,44000.0,44650.0,16953898150,378942,182,44050.0,44500.0
2023-08-06,45750.0,45950.0,43350.0,45000.0,27140303900,603437,218,44650.0,45900.0
2023-08-07,46350.0,46350.0,45300.0,46250.0,23221328350,502258,163,45000.0,46350.0
2023-08-08,47000.0,47000.0,44900.0,45600.0,18558594700,407593,151,46250.0,44950.0
2023-08-09,46700.0,46800.0,45100.0,45850.0,7628031500,164804,96,45600.0,46400.0
2023-08-12,47000.0,47000.0,44500.0,45550.0,7840434750,174070,113,45850.0,45400.0
2023-08-13,46700.0,46700.0,44200.0,44700.0,18198885750,407458,165,45550.0,44200.0
2023-08-14,43750.0,45500.0,43750.0,44700.0,12549445750,280862,121,44700.0,44900.0
2023-08-15,43650.0,45350.0,43500.0,44650.0,8202279250,184214,89,44700.0,45300.0
2023-08-16,44500.0,45900.0,43350.0,43400.0,21817110950,502832,146,44650.0,43350.0
2023-08-19,42300.0,43300.0,42100.0,42700.0,13795924750,325234,88,43400.0,42100.0
2023-08-20,41450.0,41450.0,41450.0,42250.0,7122270600,171828,50,42700.0,41450.0
2023-08-21,41300.0,43450.0,41000.0,41900.0,22340763600,532918,128,42250.0,41400.0
2023-08-22,41100.0,41650.0,40650.0,41250.0,11187346550,274313,111,41900.0,40650.0
2023-08-23,40050.0,42400.0,40050.0,41250.0,4347667400,105307,65,41250.0,41800.0
2023-08-26,42400.0,42450.0,41800.0,41600.0,6953067400,164420,85,41250.0,42400.0
2023-08-27,42800.0,42800.0,40550.0,41400.0,14512968550,351357,142,41600.0,41300.0
2023-08-28,40600.0,42350.0,40200.0,41300.0,8200609650,199363,89,41400.0,41150.0
2023-08-29,42000.0,42000.0,40500.0,41300.0,4701969600,113933,54,41300.0,41650.0
2023-08-30,42250.0,42500.0,41300.0,42450.0,23027220450,542483,120,41300.0,42500.0
2023-09-02,43700.0,43700.0,42950.0,43450.0,44708291050,1029303,193,42450.0,43700.0
2023-09-03,44500.0,44750.0,43500.0,44700.0,38864199750,869697,179,43450.0,44750.0
2023-09-04,45900.0,45950.0,44250.0,45200.0,15199045400,334502,146,44700.0,45250.0
2023-09-05,46500.0,46500.0,45300.0,45550.0,12019911300,262089,97,45200.0,46000.0
2023-09-11,45450.0,46000.0,45000.0,45550.0,6224142350,136586,86,45550.0,45750.0
2023-09-12,45000.0,46750.0,44250.0,45200.0,21712811150,480420,157,45550.0,45500.0
2023-09-13,45900.0,46150.0,43900.0,45000.0,7070099500,158434,67,45200.0,44150.0
2023-09-17,44000.0,45450.0,43750.0,44550.0,16520653550,371377,138,45000.0,44750.0
2023-09-18,43400.0,44900.0,43250.0,44350.0,5676158650,129211,76,44550.0,43400.0
2023-09-19,44950.0,44950.0,43050.0,43400.0,16052458900,371682,148,44350.0,43050.0
2023-09-20,43000.0,44000.0,42200.0,43200.0,7241929500,168717,70,43400.0,42600.0
2023-09-23,44250.0,44250.0,41950.0,43350.0,15006727200,345524,132,43200.0,43900.0
2023-09-25,44600.0,44650.0,43700.0,44300.0,17589603200,395691,124,43350.0,44600.0
2023-09-26,44500.0,45500.0,44450.0,44700.0,8691931500,191906,92,44300.0,45250.0
2023-09-27,45900.0,45950.0,44850.0,45550.0,25832922200,567029,104,44700.0,45000.0
2023-09-30,45750.0,45750.0,44200.0,44500.0,18935322500,425960,139,45550.0,44900.0
2023-10-01,43400.0,45500.0,43200.0,44300.0,11103468800,251596,85,44500.0,45350.0
2023-10-02,45000.0,45400.0,43100.0,44350.0,9216229600,207529,61,44300.0,43850.0
2023-10-04,45150.0,45150.0,43250.0,44200.0,5502185450,125377,60,44350.0,44900.0
2023-10-07,44950.0,45350.0,43100.0,44000.0,9698857400,221564,74,44200.0,44400.0
2023-10-08,43000.0,45300.0,42700.0,44100.0,15326298200,347426,140,44000.0,44650.0
2023-10-09,45300.0,45300.0,44700.0,44300.0,5723736450,127496,66,44100.0,44850.0
2023-10-10,44300.0,45600.0,44300.0,45550.0,31731275800,696908,147,44300.0,45600.0
2023-10-11,46850.0,46900.0,45800.0,46700.0,21647910350,463460,167,45550.0,46900.0
2023-10-14,46900.0,48100.0,46900.0,47850.0,24125992500,504438,191,46700.0,48000.0
2023-10-15,48100.0,49200.0,48000.0,48450.0,14584034100,299493,126,47850.0,48900.0
2023-10-16,48850.0,49600.0,48600.0,48650.0,5155504450,104651,82,48450.0,49500.0
2023-10-17,49400.0,49900.0,47300.0,48700.0,10228740900,209606,135,48650.0,49350.0
2023-10-18,49800.0,49800.0,47550.0,48800.0,6669080750,135867,108,48700.0,49000.0
2023-10-21,49650.0,50200.0,48100.0,49150.0,13287380450,269388,177,48800.0,49650.0
2023-10-22,50100.0,50500.0,48000.0,48850.0,12966244150,266262,116,49150.0,48100.0
2023-10-23,50250.0,50250.0,49000.0,49600.0,18063259000,363417,142,48850.0,49950.0
2023-10-24,48600.0,49900.0,48150.0,48750.0,12861578800,266324,90,49600.0,48150.0
2023-10-25,50000.0,50150.0,48800.0,49400.0,12689964050,254707,108,48750.0,49750.0
2023-10-28,49400.0,50000.0,47950.0,48850.0,24199922800,495461,129,49400.0,47950.0
2023-10-29,49600.0,49650.0,47400.0,47800.0,17019139500,357193,82,48850.0,47400.0
2023-10-30,46400.0,46400.0,46400.0,47200.0,7753300800,167097,42,47800.0,46400.0
2023-10-31,45800.0,45800.0,45800.0,46550.0,8874620200,193769,36,47200.0,45800.0
2023-11-01,45200.0,45200.0,45200.0,45800.0,9866346400,218282,47,46550.0,45200.0
2023-11-04,45700.0,46950.0,44450.0,44800.0,44052257500,983403,271,45800.0,45500.0
2023-11-05,45950.0,46000.0,44500.0,45250.0,16818963050,371133,170,44800.0,45050.0
2023-11-06,44750.0,46550.0,44100.0,45250.0,11786642600,260344,115,45250.0,45750.0
2023-11-07,46050.0,46600.0,45000.0,45650.0,9292386750,201669,101,45250.0,45600.0
2023-11-15,46850.0,46850.0,45600.0,45900.0,10769790600,233641,44,45650.0,46350.0
2023-11-18,46000.0,47000.0,44550.0,45150.0,26758649900,592464,257,45900.0,46750.0
2023-11-19,46300.0,46500.0,45650.0,45550.0,7127514550,154054,96,45150.0,46150.0
2023-11-20,45500.0,46650.0,44500.0,45600.0,15136793550,331883,101,45550.0,44500.0
2023-11-21,44750.0,45800.0,44500.0,45300.0,8858934000,197010,88,45600.0,44650.0
2023-11-22,45900.0,46400.0,44800.0,45550.0,14536463450,318373,196,45300.0,44800.0
2023-11-25,45000.0,45250.0,44200.0,44300.0,29697412850,670057,205,45550.0,44700.0
2023-11-26,44750.0,45500.0,44200.0,44450.0,6604668800,147772,84,44300.0,45000.0
2023-11-27,44350.0,44900.0,43800.0,44450.0,1324011800,29797,20,44450.0,44850.0
2023-11-28,43350.0,45050.0,43350.0,44500.0,2689132950,60178,52,44450.0,44850.0
2023-11-29,45600.0,45600.0,43900.0,44500.0,8685191700,194983,70,44500.0,44000.0
2023-12-02,44000.0,44950.0,43900.0,44450.0,5801448400,131045,60,44500.0,44900.0
2023-12-03,43850.0,45000.0,43300.0,44500.0,8961115750,201344,84,44450.0,45000.0
2023-12-04,43750.0,45400.0,43200.0,44450.0,3962936050,89669,52,44500.0,43200.0
2023-12-05,44000.0,44900.0,43150.0,43300.0,24967656450,576720,140,44450.0,43150.0
2023-12-06,43000.0,43200.0,42050.0,42150.0,22617458900,536662,185,43300.0,42050.0
2023-12-09,40900.0,41200.0,40900.0,40900.0,21584068200,527687,85,42150.0,40900.0
2023-12-10,41300.0,41450.0,40000.0,40750.0,8611871400,212292,86,40900.0,40000.0
2023-12-11,39800.0,40600.0,39550.0,40000.0,14304232450,359962,149,40750.0,39550.0
2023-12-12,39000.0,39850.0,38800.0,38950.0,17623243050,452880,198,40000.0,39400.0
2023-12-13,39650.0,40050.0,38800.0,39100.0,10815986000,275866,86,38950.0,39100.0
2023-12-16,40050.0,40200.0,39600.0,39400.0,6950068250,173836,107,39100.0,39900.0
2023-12-18,40000.0,40400.0,38750.0,39350.0,6171646550,157242,72,39400.0,39600.0
2023-12-19,39450.0,39850.0,38200.0,38550.0,16600058150,432210,119,39350.0,38200.0
2023-12-20,39050.0,39050.0,37400.0,37750.0,18567758900,492414,136,38550.0,37400.0
2023-12-23,36800.0,38600.0,36800.0,37600.0,15563200850,414231,184,37750.0,36950.0
2023-12-24,37750.0,38150.0,36500.0,36950.0,24290513700,657274,155,37600.0,37400.0
2023-12-25,37000.0,37500.0,36200.0,36900.0,4063911300,110757,58,36950.0,36600.0
2023-12-26,36200.0,36600.0,35800.0,36050.0,17092013500,475750,122,36900.0,36600.0
2023-12-27,36650.0,36650.0,35550.0,36000.0,6153766050,171419,88,36050.0,35800.0
2023-12-30,36800.0,37050.0,36150.0,36800.0,16799327650,454605,122,36000.0,37050.0
2023-12-31,37900.0,37900.0,37200.0,37900.0,21515443950,567997,182,36800.0,37900.0
2024-01-01,38450.0,39000.0,38000.0,38900.0,23493244550,604042,268,37900.0,38950.0
2024-01-02,39500.0,39500.0,37750.0,38250.0,12830953950,339211,125,38900.0,37850.0
2024-01-03,37250.0,37350.0,37150.0,37400.0,15938335550,428872,138,38250.0,37150.0
2024-01-06,37100.0,37100.0,36300.0,36650.0,13500192800,371523,103,37400.0,36400.0
2024-01-07,36300.0,37650.0,35650.0,36250.0,17051277800,471346,142,36650.0,35950.0
2024-01-08,35700.0,36500.0,35700.0,36150.0,6259087900,174416,86,36250.0,36200.0
2024-01-09,36550.0,36550.0,35750.0,36150.0,3224102900,89499,55,36150.0,35850.0
2024-01-10,35850.0,37150.0,35800.0,36400.0,10015336900,273270,119,36150.0,36800.0
2024-01-13,37050.0,37050.0,35950.0,36350.0,5179614700,142793,98,36400.0,35950.0
2024-01-14,35950.0,37000.0,35950.0,36400.0,11580958200,317782,88,36350.0,37000.0
2024-01-15,36700.0,37450.0,36700.0,37200.0,16948528250,453830,148,36400.0,37200.0
2024-01-16,36800.0,37000.0,36150.0,37000.0,4541737650,124725,60,37200.0,36500.0
2024-01-17,36150.0,37100.0,36100.0,36750.0,8010140400,220292,91,37000.0,36150.0
2024-01-20,35950.0,36950.0,35650.0,36550.0,5087384650,141076,66,36750.0,36200.0
2024-01-21,35600.0,35600.0,35500.0,35900.0,12217140200,344119,59,36550.0,35500.0
2024-01-22,36550.0,36550.0,34850.0,35550.0,6898385650,197551,57,35900.0,34850.0
2024-01-23,34500.0,34500.0,34500.0,35400.0,2410480500,69869,24,35550.0,34500.0
2024-01-24,34350.0,34350.0,34350.0,35150.0,4154976000,120960,55,35400.0,34350.0
2024-01-27,34100.0,34400.0,34100.0,34600.0,10452688900,306434,90,35150.0,34100.0
2024-01-28,33600.0,33900.0,33600.0,34200.0,8009388400,238143,104,34600.0,33600.0
2024-01-29,33200.0,33250.0,33200.0,33250.0,18035661800,543224,110,34200.0,33200.0
2024-01-30,33200.0,33200.0,32300.0,32750.0,10589852150,327359,74,33250.0,32400.0
2024-01-31,32500.0,33700.0,32100.0,33000.0,6994401150,209091,90,32750.0,33650.0
2024-02-03,33750.0,33950.0,33050.0,33150.0,5331503750,158907,42,33000.0,33250.0
2024-02-04,33750.0,34050.0,32200.0,33000.0,4680681200,143792,47,33150.0,32300.0
2024-02-05,32150.0,33250.0,32150.0,32950.0,6293353400,191970,40,33000.0,32500.0
2024-02-06,33250.0,33800.0,32700.0,33100.0,6801872050,203620,63,32950.0,32750.0
2024-02-07,32500.0,34050.0,32150.0,32950.0,11080343350,337890,114,33100.0,33450.0
2024-02-10,32800.0,33100.0,32800.0,32950.0,3126070800,94772,25,32950.0,32800.0
2024-02-12,32150.0,33000.0,32150.0,32900.0,3237447700,99091,41,32950.0,32900.0
2024-02-13,33350.0,33400.0,32450.0,32900.0,2445778100,74093,34,32900.0,32450.0
2024-02-14,32300.0,33850.0,32300.0,33400.0,11431893700,338202,131,32900.0,33850.0
2024-02-17,34400.0,34400.0,34350.0,34150.0,15543106000,451840,130,33400.0,34400.0
2024-02-18,35150.0,35150.0,34950.0,34350.0,3924030200,111668,63,34150.0,35150.0
2024-02-19,35350.0,35350.0,35350.0,34750.0,8837500000,250000,68,34350.0,35350.0
2024-02-20,35750.0,35750.0,33750.0,35500.0,19068576300,535686,155,34750.0,33750.0
2024-02-21,34650.0,35350.0,34450.0,34600.0,18083497100,524613,130,35500.0,34450.0
2024-02-24,34550.0,34550.0,33600.0,34000.0,11347769250,337599,82,34600.0,33600.0
2024-02-26,35000.0,35000.0,34500.0,35000.0,28075195750,802340,266,34000.0,35000.0
2024-02-27,35950.0,35950.0,34100.0,35000.0,7016648050,200194,80,35000.0,34150.0
2024-02-28,34150.0,34900.0,33950.0,34300.0,14374856900,422666,67,35000.0,33950.0
2024-03-02,33500.0,33700.0,33300.0,33300.0,20924262200,628284,98,34300.0,33300.0
2024-03-03,32350.0,34200.0,32350.0,32700.0,19798681700,605417,177,33300.0,32900.0
2024-03-04,33250.0,33650.0,32900.0,33300.0,13859549900,413301,144,32700.0,33650.0
2024-03-05,34150.0,34250.0,34150.0,33600.0,5807843600,169584,82,33300.0,34250.0
2024-03-06,34600.0,34600.0,33600.0,34500.0,32347527000,936995,100,33600.0,34600.0
2024-03-10,35200.0,35200.0,33500.0,34350.0,4954089800,146435,43,34500.0,33500.0
2024-03-11,33350.0,33350.0,33350.0,33650.0,13352406200,400372,102,34350.0,33350.0
2024-03-12,32650.0,33350.0,32650.0,32650.0,68508967400,2098171,267,33650.0,32650.0
2024-04-20,6590.0,6590.0,6220.0,6470.0,34842384510,5382983,231,6400.0,6220.0
2024-04-21,6280.0,6280.0,6280.0,6430.0,3854067400,613705,37,6470.0,6280.0
2024-04-22,6240.0,6380.0,6240.0,6240.0,36651347810,5871840,239,6430.0,6240.0
2024-04-23,6180.0,6290.0,6060.0,6070.0,34599397010,5699334,350,6240.0,6060.0
2024-04-24,6080.0,6250.0,6010.0,6140.0,8724893660,1402860,132,6070.0,6250.0
2024-04-27,6220.0,6320.0,6220.0,6260.0,13327228780,2109179,175,6140.0,6320.0
2024-04-28,6430.0,6440.0,6200.0,6300.0,10583196330,1667422,167,6260.0,6200.0
2024-04-29,6180.0,6300.0,6120.0,6260.0,5492390270,894842,92,6300.0,6130.0
2024-04-30,6080.0,6110.0,6080.0,6170.0,10354991000,1702670,111,6260.0,6080.0
2024-05-01,6030.0,6100.0,5990.0,6110.0,7653159230,1272989,83,6170.0,5990.0
2024-05-05,5960.0,6080.0,5930.0,5930.0,24995795010,4212732,182,6110.0,5930.0
2024-05-06,5800.0,6000.0,5800.0,5930.0,2970249590,502974,49,5930.0,5820.0
2024-05-07,5770.0,5930.0,5760.0,5880.0,6022008440,1041529,112,5930.0,5760.0
2024-05-08,5720.0,5840.0,5710.0,5820.0,7566743840,1319928,116,5880.0,5730.0
2024-05-11,5830.0,5840.0,5650.0,5780.0,4920694210,868020,76,5820.0,5660.0
2024-05-12,5650.0,5760.0,5610.0,5720.0,7827104090,1391587,107,5780.0,5610.0
2024-05-13,5550.0,5760.0,5550.0,5690.0,2942145550,529849,36,5720.0,5550.0
2024-05-14,5520.0,5640.0,5520.0,5640.0,6286134840,1136273,83,5690.0,5520.0
2024-05-15,5480.0,5550.0,5480.0,5620.0,2650005960,482407,50,5640.0,5540.0
2024-05-18,5540.0,5540.0,5460.0,5620.0,462672000,84420,15,5620.0,5470.0
2024-05-19,5460.0,5490.0,5460.0,5590.0,3231217740,591653,47,5620.0,5460.0
2024-05-21,5480.0,5530.0,5480.0,5580.0,1569638400,286330,26,5590.0,5480.0
2024-05-25,5470.0,5470.0,5470.0,5580.0,324371000,59300,5,5580.0,5470.0
2024-05-26,5470.0,5470.0,5470.0,5580.0,51691500,9450,1,5580.0,5470.0
2024-05-28,5470.0,5470.0,5470.0,5550.0,6077886570,1111131,26,5580.0,5470.0
2024-05-29,5440.0,5570.0,5440.0,5480.0,13386607350,2458411,115,5550.0,5500.0
2024-06-01,5390.0,5400.0,5380.0,5450.0,6142897800,1141479,45,5480.0,5380.0
2024-06-02,5520.0,5520.0,5350.0,5450.0,1007247530,186998,15,5450.0,5350.0
2024-06-05,5350.0,5450.0,5350.0,5440.0,2739280850,511841,41,5450.0,5350.0
2024-06-08,5340.0,5340.0,5340.0,5430.0,1791751560,335534,14,5440.0,5340.0
2024-06-09,5330.0,5330.0,5330.0,5430.0,294018790,55163,3,5430.0,5330.0
2024-06-10,5330.0,5490.0,5330.0,5420.0,3071001790,569948,46,5430.0,5330.0
2024-06-11,5330.0,5330.0,5320.0,5390.0,6288871450,1181943,32,5420.0,5320.0
2024-06-12,5320.0,5320.0,5290.0,5390.0,464134190,87569,6,5390.0,5290.0
2024-06-15,5290.0,5290.0,5290.0,5390.0,650236220,122918,6,5390.0,5290.0
2024-06-16,5290.0,5290.0,5290.0,5390.0,101054870,19103,2,5390.0,5290.0
2024-06-18,5290.0,5290.0,5290.0,5390.0,515404700,97430,4,5390.0,5290.0
2024-06-22,5290.0,5290.0,5290.0,5390.0,52900000,10000,1,5390.0,5290.0
2024-06-23,5290.0,5290.0,5290.0,5390.0,774715210,146449,10,5390.0,5290.0
2024-06-24,5290.0,5290.0,5290.0,5340.0,8853788360,1673684,45,5390.0,5290.0
2024-06-26,5240.0,5240.0,5240.0,5330.0,2150160640,410336,26,5340.0,5240.0
2024-06-29,5180.0,5180.0,5180.0,5320.0,726344780,140221,12,5330.0,5180.0
2024-07-01,5170.0,5170.0,5170.0,5320.0,181156800,35040,3,5320.0,5170.0
2024-07-02,5170.0,5170.0,5170.0,5320.0,278425180,53854,3,5320.0,5170.0
2024-07-03,5060.0,5100.0,5060.0,5210.0,8320907700,1644080,94,5320.0,5060.0
2024-07-06,5100.0,5360.0,5100.0,5340.0,20765482630,3885781,141,5210.0,5360.0
2024-07-07,5240.0,5340.0,5180.0,5320.0,2881964950,552602,55,5340.0,5320.0
2024-07-08,5200.0,5270.0,5170.0,5250.0,9473496730,1829842,112,5320.0,5180.0
2024-07-09,5120.0,5240.0,5100.0,5140.0,15105627900,2954699,96,5250.0,5190.0
2024-07-23,4675.0,4676.0,4675.0,4542.0,261848676,56001,12,4540.0,4675.0
2024-07-24,4425.0,4626.0,4425.0,4540.0,1429297091,316254,60,4542.0,4510.0
2024-07-27,4510.0,4510.0,4404.0,4476.0,9395185417,2131676,76,4540.0,4404.0
2024-07-29,4404.0,4579.0,4342.0,4470.0,1280257292,291440,30,4476.0,4342.0
2024-07-30,4336.0,4336.0,4336.0,4464.0,794910208,183328,14,4470.0,4336.0
2024-07-31,4331.0,4331.0,4331.0,4464.0,4331,1,1,4464.0,4331.0
2024-08-06,4420.0,4420.0,4420.0,4464.0,53040000,12000,1,4464.0,4420.0
2024-08-11,4420.0,4420.0,4420.0,4464.0,53040000,12000,1,4464.0,4420.0
2024-08-12,4420.0,4420.0,4420.0,4464.0,139490780,31559,1,4464.0,4420.0
2024-08-13,4420.0,4420.0,4420.0,4464.0,103870000,23500,2,4464.0,4420.0
2024-08-14,4420.0,4420.0,4420.0,4463.0,292383000,66150,5,4464.0,4420.0
2024-08-17,4374.0,4374.0,4374.0,4463.0,104976000,24000,2,4463.0,4374.0
2024-08-18,4374.0,4374.0,4374.0,4461.0,333500004,76246,5,4463.0,4374.0
2024-08-19,4372.0,4372.0,4372.0,4460.0,249553760,57080,4,4461.0,4372.0
2024-08-20,4371.0,4371.0,4371.0,4460.0,52452000,12000,1,4460.0,4371.0
2024-08-21,4371.0,4371.0,4371.0,4459.0,174840000,40000,3,4460.0,4371.0
2024-08-27,4370.0,4370.0,4370.0,4453.0,1218124390,278747,12,4459.0,4370.0
2024-08-28,4364.0,4364.0,4364.0,4445.0,1817584180,416495,17,4453.0,4364.0
2024-08-31,4357.0,4464.0,4357.0,4363.0,20158539633,4620759,135,4445.0,4420.0
2024-09-01,4415.0,4450.0,4370.0,4378.0,4442773323,1002869,87,4363.0,4380.0
2024-09-03,4291.0,4430.0,4291.0,4367.0,2677201982,623317,42,4378.0,4390.0
2024-09-07,4241.0,4270.0,4236.0,4331.0,5602400795,1320269,66,4367.0,4236.0
2024-09-08,4202.0,4330.0,4202.0,4314.0,2850419431,676191,58,4331.0,4202.0
2024-09-09,4190.0,4350.0,4185.0,4295.0,4430277973,1046826,82,4314.0,4185.0
2024-09-10,4185.0,4185.0,4167.0,4284.0,1639676851,393217,15,4295.0,4171.0
2024-09-11,4392.0,4392.0,4180.0,4289.0,3244328233,752343,57,4284.0,4180.0
2024-09-14,4162.0,4238.0,4161.0,4284.0,961649689,229925,30,4289.0,4161.0
2024-09-15,4160.0,4230.0,4156.0,4251.0,6130250504,1466968,54,4284.0,4156.0
2024-09-16,4124.0,4366.0,4124.0,4254.0,5568472510,1306970,64,4251.0,4186.0
2024-09-17,4300.0,4303.0,4127.0,4243.0,6818351742,1614766,66,4254.0,4270.0
2024-09-18,4123.0,4340.0,4123.0,4251.0,4157042453,970947,89,4243.0,4300.0
2024-09-22,4300.0,4378.0,4300.0,4290.0,8113928254,1865289,114,4251.0,4378.0
2024-09-23,4418.0,4418.0,4418.0,4325.0,5718372030,1294335,49,4290.0,4418.0
2024-09-24,4454.0,4454.0,4454.0,4337.0,1875383424,421056,19,4325.0,4454.0
2024-09-25,4467.0,4467.0,4467.0,4392.0,8883983001,1988803,69,4337.0,4467.0
2024-09-28,4349.0,4349.0,4349.0,4391.0,640625096,147304,8,4392.0,4349.0
2024-09-29,4348.0,4434.0,4348.0,4390.0,3006709150,685451,37,4391.0,4434.0
2024-09-30,4433.0,4433.0,4368.0,4393.0,2902760068,657962,54,4390.0,4370.0
2024-10-01,4350.0,4350.0,4350.0,4390.0,1511516250,347475,24,4393.0,4350.0
2024-10-02,4347.0,4360.0,4347.0,4384.0,2602395607,598595,26,4390.0,4347.0
2024-10-05,4397.0,4397.0,4341.0,4382.0,1535122164,352672,23,4384.0,4341.0
2024-10-06,4340.0,4340.0,4339.0,4378.0,1881182331,433529,14,4382.0,4339.0
2024-10-07,4399.0,4399.0,4335.0,4374.0,1970091832,454052,41,4378.0,4335.0
2024-10-08,4331.0,4331.0,4331.0,4372.0,1069488478,246938,7,4374.0,4331.0
2024-10-09,4331.0,4386.0,4329.0,4369.0,1556026576,359249,19,4372.0,4329.0
2024-10-12,4369.0,4369.0,4238.0,4361.0,1229573649,289351,25,4369.0,4238.0
2024-10-13,4231.0,4491.0,4231.0,4348.0,4108700374,955557,62,4361.0,4231.0
2024-10-14,4218.0,4218.0,4218.0,4333.0,2288640402,542589,33,4348.0,4218.0
2024-10-15,4204.0,4204.0,4204.0,4332.0,100450376,23894,4,4333.0,4204.0
2024-10-16,4203.0,4203.0,4203.0,4328.0,551383164,131188,10,4332.0,4203.0
2024-10-21,4112.0,4113.0,4112.0,4286.0,3715259936,903511,33,4328.0,4112.0
2024-10-23,4158.0,4158.0,4158.0,4271.0,2232122508,536826,26,4286.0,4158.0
2024-10-26,4143.0,4200.0,4143.0,4254.0,3085626185,741491,33,4271.0,4165.0
2024-10-27,4127.0,4333.0,4127.0,4252.0,2236417936,527820,59,4254.0,4210.0
2024-10-28,4125.0,4186.0,4125.0,4224.0,4359630529,1056491,77,4252.0,4125.0
2024-10-29,4098.0,4099.0,4098.0,4217.0,1045899664,255219,27,4224.0,4098.0
2024-10-30,4091.0,4150.0,4091.0,4197.0,3182641081,777001,41,4217.0,4091.0
2024-11-02,4072.0,4072.0,4072.0,4193.0,638713560,156855,14,4197.0,4072.0
2024-11-03,4068.0,4068.0,4068.0,4191.0,325440000,80000,3,4193.0,4068.0
2024-11-04,4066.0,4066.0,4066.0,4190.0,81320000,20000,1,4191.0,4066.0
2024-11-05,4066.0,4066.0,4065.0,4188.0,298809485,73501,4,4190.0,4065.0
2024-11-06,4063.0,4066.0,4063.0,4175.0,1948162464,479440,24,4188.0,4066.0
2024-11-09,4290.0,4290.0,4050.0,4170.0,2712511019,655028,45,4175.0,4177.0
2024-11-10,4177.0,4295.0,4177.0,4211.0,6894061546,1606640,78,4170.0,4199.0
2024-11-11,4337.0,4337.0,4150.0,4213.0,3410961308,808170,51,4211.0,4150.0
2024-11-12,4089.0,4110.0,4087.0,4195.0,2854731188,698020,55,4213.0,4090.0
2024-11-13,4071.0,4230.0,4071.0,4182.0,2873148711,700093,48,4195.0,4090.0
2024-11-16,4307.0,4307.0,4271.0,4288.0,17579551660,4082318,138,4182.0,4307.0
2024-11-17,4333.0,4416.0,4307.0,4361.0,16714643757,3816861,186,4288.0,4416.0
2024-11-18,4491.0,4491.0,4491.0,4383.0,3614257998,804778,44,4361.0,4491.0
2024-11-19,4514.0,4514.0,4491.0,4440.0,9439619944,2091764,112,4383.0,4514.0
2024-11-20,4570.0,4573.0,4550.0,4502.0,10438693892,2283938,118,4440.0,4573.0
2024-11-23,4637.0,4637.0,4610.0,4600.0,15245646505,3289751,117,4502.0,4637.0
2024-11-24,4670.0,4738.0,4653.0,4618.0,2889877120,610460,31,4600.0,4738.0
2024-11-25,4756.0,4756.0,4755.0,4669.0,7760513904,1631734,74,4618.0,4756.0
2024-11-26,4809.0,4809.0,4529.0,4618.0,21112931607,4572003,226,4669.0,4529.0
2024-11-27,4483.0,4611.0,4480.0,4553.0,10018501525,2232370,103,4618.0,4480.0
2024-11-30,4417.0,4689.0,4417.0,4575.0,13765122325,3002319,124,4553.0,4600.0
2024-12-01,4710.0,4710.0,4492.0,4566.0,6160293691,1355424,52,4575.0,4600.0
2024-12-02,4560.0,4702.0,4560.0,4673.0,19763207723,4225476,161,4566.0,4702.0
2024-12-03,4812.0,4813.0,4700.0,4710.0,6293650061,1311896,75,4673.0,4800.0
2024-12-04,4840.0,4840.0,4650.0,4721.0,4854060599,1020516,70,4710.0,4750.0
2024-12-07,4840.0,4840.0,4580.0,4654.0,10226623239,2226502,75,4721.0,4580.0
2024-12-08,4515.0,4515.0,4515.0,4609.0,6154026270,1363018,30,4654.0,4515.0
2024-12-09,4473.0,4747.0,4473.0,4679.0,46489101771,9934940,298,4609.0,4747.0
2024-12-10,4633.0,4810.0,4539.0,4651.0,8804095728,1906748,103,4679.0,4630.0
2024-12-11,4739.0,4739.0,4512.0,4566.0,21689934324,4750820,196,4651.0,4598.0
2024-12-14,4430.0,4702.0,4430.0,4666.0,17155710499,3660998,204,4566.0,4702.0
2024-12-15,4787.0,4787.0,4527.0,4601.0,13581409325,2971323,139,4666.0,4527.0
2024-12-16,4466.0,4585.0,4463.0,4538.0,11492598845,2557806,91,4601.0,4463.0
2024-12-17,4403.0,4403.0,4402.0,4512.0,3618190318,821938,28,4538.0,4402.0
2024-12-18,4377.0,4377.0,4377.0,4476.0,5084314446,1161598,51,4512.0,4377.0
2024-12-21,4342.0,4545.0,4342.0,4354.0,27568898187,6332549,245,4476.0,4342.0
2024-12-22,4465.0,4465.0,4224.0,4300.0,12206867971,2859304,138,4354.0,4224.0
2024-12-23,4173.0,4274.0,4171.0,4200.0,15279807201,3657362,206,4300.0,4274.0
2024-12-24,4126.0,4324.0,4120.0,4203.0,5434308190,1290928,79,4200.0,4208.0
2024-12-25,4150.0,4170.0,4078.0,4164.0,6526934163,1594753,92,4203.0,4120.0
2024-12-28,4199.0,4288.0,4199.0,4207.0,7587119030,1772425,99,4164.0,4230.0
2024-12-29,4200.0,4238.0,4151.0,4201.0,6022400930,1438765,83,4207.0,4151.0
2024-12-30,4150.0,4180.0,4075.0,4149.0,8379096244,2053545,123,4201.0,4075.0
2024-12-31,4075.0,4146.0,4025.0,4094.0,8937775419,2218128,112,4149.0,4025.0
2025-01-01,3975.0,4026.0,3972.0,4041.0,8975718510,2254526,186,4094.0,4026.0
2025-01-04,3940.0,4156.0,3940.0,4074.0,8818725705,2142303,142,4041.0,4046.0
2025-01-05,4080.0,4189.0,4023.0,4096.0,17294224028,4217924,161,4074.0,4100.0
2025-01-06,4100.0,4210.0,4100.0,4124.0,16125410138,3902959,135,4096.0,4169.0
2025-01-07,4200.0,4247.0,4200.0,4161.0,6493468348,1530198,55,4124.0,4247.0
2025-01-08,4285.0,4285.0,4285.0,4189.0,4845298030,1130758,43,4161.0,4285.0
2025-01-11,4314.0,4314.0,4314.0,4224.0,5750285904,1332936,60,4189.0,4314.0
2025-01-12,4325.0,4350.0,4285.0,4342.0,43868516292,10104408,413,4224.0,4350.0
2025-01-13,4240.0,4300.0,4212.0,4224.0,20065473441,4750949,207,4342.0,4213.0
2025-01-15,4290.0,4291.0,4098.0,4160.0,12468007123,3024598,183,4224.0,4098.0
2025-01-18,4064.0,4205.0,4041.0,4144.0,6646314449,1616665,114,4160.0,4045.0
2025-01-19,4136.0,4164.0,4058.0,4126.0,8432749316,2055377,67,4144.0,4151.0
2025-01-20,4058.0,4080.0,4003.0,4056.0,12587786205,3132099,134,4126.0,4003.0
2025-01-21,3938.0,4000.0,3935.0,4013.0,6971656650,1769331,118,4056.0,3936.0
2025-01-22,3985.0,4109.0,3893.0,3982.0,12544619545,3162665,147,4013.0,3894.0
2025-01-25,3907.0,3979.0,3863.0,3929.0,11582650661,2976112,124,3982.0,3880.0
2025-01-26,3864.0,3869.0,3815.0,3908.0,4815911182,1252211,64,3929.0,3830.0
2025-01-27,3820.0,3892.0,3791.0,3872.0,7338649056,1924019,87,3908.0,3841.0
2025-01-29,3894.0,3946.0,3832.0,3873.0,2192642297,565558,49,3872.0,3852.0
2025-02-01,3802.0,3889.0,3758.0,3864.0,4367694539,1140038,83,3873.0,3887.0
2025-02-02,3760.0,3979.0,3760.0,3898.0,6197630207,1559052,76,3864.0,3979.0
2025-02-03,4014.0,4014.0,4001.0,3983.0,15253909706,3800547,109,3898.0,4014.0
2025-02-04,4000.0,4102.0,4000.0,4026.0,8279501607,2023458,54,3983.0,4102.0
2025-02-05,4145.0,4146.0,4010.0,4064.0,8399052327,2036985,75,4026.0,4100.0
2025-02-09,4113.0,4185.0,3943.0,4075.0,8622563833,2108964,100,4064.0,3943.0
2025-02-11,3953.0,4100.0,3953.0,4063.0,4112878717,1023553,59,4075.0,3953.0
2025-02-15,4120.0,4120.0,3942.0,4058.0,5450245961,1346985,51,4063.0,3942.0
2025-02-16,3937.0,3937.0,3937.0,4055.0,493361218,125314,4,4058.0,3937.0
2025-02-17,3934.0,4176.0,3934.0,4078.0,15099947008,3696278,100,4055.0,4170.0
2025-02-18,4197.0,4197.0,4020.0,4082.0,2925357805,712844,43,4078.0,4020.0
2025-02-19,4177.0,4177.0,3970.0,4082.0,3040581868,744837,50,4082.0,4000.0
2025-02-22,4145.0,4180.0,3960.0,4071.0,5025504368,1244329,44,4082.0,3960.0
2025-02-23,4000.0,4000.0,3949.0,4061.0,1717841608,434392,26,4071.0,3949.0
2025-02-24,4115.0,4180.0,4040.0,4078.0,4300247765,1037871,78,4061.0,4040.0
2025-02-25,4095.0,4200.0,4010.0,4086.0,5067682895,1232796,72,4078.0,4020.0
2025-02-26,3967.0,3967.0,3964.0,4076.0,1565019175,394744,44,4086.0,3964.0
2025-03-01,4088.0,4088.0,3954.0,4053.0,3922382538,989897,43,4076.0,3954.0
2025-03-02,4136.0,4136.0,3932.0,4040.0,2457959320,622784,29,4053.0,3932.0
2025-03-03,4140.0,4140.0,3919.0,4039.0,210279624,52752,5,4040.0,3919.0
2025-03-04,3919.0,3919.0,3918.0,4030.0,1400600095,357459,19,4039.0,3918.0
2025-03-05,3918.0,3918.0,3910.0,4029.0,164332360,41996,3,4030.0,3910.0
2025-03-08,3909.0,3909.0,3909.0,4029.0,54385917,13913,2,4029.0,3909.0
2025-03-09,3909.0,3909.0,3909.0,4029.0,50035200,12800,2,4029.0,3909.0
2025-03-10,3909.0,3909.0,3909.0,4020.0,1453049571,371719,15,4029.0,3909.0
2025-03-11,3900.0,3900.0,3900.0,4017.0,504624900,129391,2,4020.0,3900.0
2025-03-12,3897.0,3897.0,3897.0,4016.0,233430300,59900,4,4017.0,3897.0
2025-03-15,3816.0,4078.0,3816.0,3880.0,24474544529,6308409,193,4016.0,3818.0
2025-03-16,3947.0,3947.0,3764.0,3866.0,2432574055,644979,42,3880.0,3764.0
2025-03-17,3751.0,3970.0,3751.0,3867.0,11501584554,2973977,98,3866.0,3885.0
2025-03-18,3752.0,3820.0,3751.0,3859.0,1368807704,364543,16,3867.0,3751.0
2025-03-25,3970.0,3970.0,3744.0,3833.0,8951733787,2354009,76,3859.0,3865.0
2025-03-26,3721.0,3843.0,3719.0,3788.0,10275468153,2741372,83,3833.0,3719.0
2025-03-29,3675.0,3740.0,3675.0,3778.0,1785425475,485777,28,3788.0,3675.0
2025-03-30,3665.0,3666.0,3665.0,3763.0,2613990478,713220,43,3778.0,3665.0
2025-04-05,3665.0,3753.0,3651.0,3727.0,8047507870,2189422,62,3763.0,3651.0
2025-04-06,3616.0,3750.0,3616.0,3688.0,12332910989,3364712,71,3727.0,3616.0
2025-04-07,3579.0,3766.0,3578.0,3682.0,5763699613,1571350,39,3688.0,3578.0
2025-04-08,3792.0,3792.0,3582.0,3667.0,5642727586,1553709,78,3682.0,3650.0
2025-04-09,3561.0,3590.0,3557.0,3653.0,2515583824,706060,36,3667.0,3557.0
2025-04-12,3544.0,3652.0,3544.0,3646.0,1404796076,394604,22,3653.0,3637.0
2025-04-13,3740.0,3740.0,3592.0,3644.0,3312982034,911289,43,3646.0,3631.0
2025-04-14,3605.0,3630.0,3535.0,3599.0,9264415222,2610705,117,3644.0,3536.0
2025-04-15,3690.0,3690.0,3492.0,3544.0,10609180658,3030792,139,3599.0,3492.0
2025-04-16,3615.0,3616.0,3480.0,3546.0,2162658357,606761,48,3544.0,3550.0
2025-04-19,3639.0,3640.0,3472.0,3571.0,13452676317,3753631,145,3546.0,3485.0
2025-04-20,3580.0,3602.0,3542.0,3575.0,10533707950,2944110,113,3571.0,3590.0
2025-04-21,3654.0,3654.0,3522.0,3587.0,7209010811,1997471,94,3575.0,3522.0
2025-04-22,3488.0,3600.0,3485.0,3553.0,8016825372,2288692,88,3587.0,3510.0
2025-04-23,3476.0,3659.0,3460.0,3542.0,4439958725,1267281,58,3553.0,3551.0
2025-04-26,3634.0,3635.0,3500.0,3534.0,5749213944,1635236,59,3542.0,3548.0
2025-04-27,3634.0,3634.0,3517.0,3539.0,2111542602,589029,29,3534.0,3520.0
2025-04-28,3636.0,3645.0,3570.0,3581.0,8577046271,2355802,136,3539.0,3645.0
2025-04-29,3648.0,3688.0,3600.0,3596.0,3945346247,1078793,49,3581.0,3650.0
2025-04-30,3699.0,3703.0,3600.0,3610.0,4829657269,1321129,74,3596.0,3668.0
2025-05-03,3520.0,3699.0,3502.0,3557.0,10449050735,2975420,102,3610.0,3589.0
2025-05-04,3453.0,3663.0,3453.0,3620.0,12832734412,3509054,126,3557.0,3663.0
2025-05-05,3694.0,3728.0,3694.0,3692.0,14164882042,3802091,109,3620.0,3728.0
2025-05-06,3802.0,3802.0,3802.0,3752.0,11584078076,3046838,91,3692.0,3802.0
2025-05-07,3864.0,3864.0,3864.0,3798.0,8810785536,2280224,78,3752.0,3864.0
2025-05-10,3687.0,3859.0,3687.0,3780.0,4825795626,1295841,43,3798.0,3687.0
2025-05-11,3843.0,3843.0,3667.0,3763.0,3330058101,904143,38,3780.0,3754.0
2025-05-12,3867.0,3875.0,3866.0,3799.0,6618238880,1708499,52,3763.0,3875.0
2025-05-13,3717.0,3880.0,3717.0,3798.0,2061378152,543848,32,3799.0,3770.0
2025-05-14,3703.0,3911.0,3687.0,3834.0,11572267615,2996959,128,3798.0,3911.0
2025-05-17,3949.0,3949.0,3842.0,3863.0,5300940634,1343830,76,3834.0,3851.0
2025-05-18,3770.0,3972.0,3760.0,3863.0,2690483338,696459,32,3863.0,3825.0
2025-05-19,3800.0,3975.0,3780.0,3870.0,2864779290,732215,35,3863.0,3950.0
2025-05-20,3764.0,3805.0,3754.0,3860.0,2100715581,555961,37,3870.0,3754.0
2025-05-21,3770.0,3771.0,3745.0,3842.0,3241864184,864357,17,3860.0,3745.0
2025-05-24,3751.0,3840.0,3727.0,3824.0,3374854387,903452,51,3842.0,3727.0
2025-05-25,3711.0,3711.0,3710.0,3820.0,594361290,160199,12,3824.0,3710.0
2025-05-28,3934.0,3934.0,3934.0,3833.0,2360400000,600000,28,3820.0,3934.0
2025-05-31,3920.0,3947.0,3840.0,3907.0,14255387354,3618009,162,3833.0,3947.0
2025-06-01,3910.0,4024.0,3790.0,3915.0,5047456927,1280635,112,3907.0,4012.0
2025-06-02,4030.0,4032.0,3890.0,3918.0,1289502677,325903,25,3915.0,3917.0
2025-06-03,4006.0,4006.0,3813.0,3920.0,781875960,197060,30,3918.0,3946.0
2025-06-07,3804.0,3805.0,3803.0,3913.0,1153989496,303394,5,3920.0,3803.0
2025-06-08,3796.0,4000.0,3796.0,3901.0,3735077260,969685,59,3913.0,3797.0
2025-06-09,3788.0,3900.0,3784.0,3892.0,1667678610,439091,24,3901.0,3784.0
2025-06-10,3776.0,3889.0,3776.0,3882.0,2146742928,564961,26,3892.0,3776.0
2025-06-11,3770.0,3770.0,3766.0,3877.0,808861224,214764,10,3882.0,3766.0
2025-06-28,3761.0,3761.0,3761.0,3877.0,56415000,15000,1,3877.0,3761.0
2025-07-02,3761.0,3761.0,3761.0,3874.0,543434412,144492,2,3877.0,3761.0
2025-07-07,3681.0,3761.0,3681.0,3820.0,5394273483,1464243,45,3874.0,3681.0
2025-07-12,3706.0,3706.0,3706.0,3820.0,50031000,13500,2,3820.0,3706.0
2025-07-13,3706.0,3706.0,3706.0,3820.0,3706,1,1,3820.0,3706.0
2025-07-14,3706.0,3706.0,3706.0,3814.0,1014484146,273741,6,3820.0,3706.0
2025-07-22,3700.0,3700.0,3700.0,3814.0,74000,20,1,3814.0,3700.0
2025-07-23,3624.0,3624.0,3624.0,3807.0,707133000,195125,4,3814.0,3624.0
2025-07-26,3693.0,3693.0,3693.0,3807.0,50003220,13540,1,3807.0,3693.0
2025-07-27,3693.0,3693.0,3693.0,3807.0,110790,30,1,3807.0,3693.0
2025-07-28,3693.0,3693.0,3693.0,3807.0,73860000,20000,2,3807.0,3693.0
2025-09-08,3693.0,3693.0,3693.0,3804.0,548007963,148391,1,3807.0,3693.0
2025-09-13,3690.0,3690.0,3690.0,3804.0,55423800,15020,2,3804.0,3690.0
2025-09-15,3690.0,3690.0,3690.0,3804.0,15047820,4078,2,3804.0,3690.0
2025-09-16,3614.0,3614.0,3614.0,3614.0,100006608,27672,2,3804.0,3614.0
2025-09-17,3506.0,3506.0,3506.0,3613.0,114902138,32773,2,3614.0,3506.0
2025-10-01,3505.0,3505.0,3505.0,3613.0,70100000,20000,1,3613.0,3505.0
2025-10-04,3505.0,3505.0,3505.0,3612.0,122675000,35000,4,3613.0,3505.0
2025-10-05,3504.0,3504.0,3504.0,3610.0,350400000,100000,3,3612.0,3504.0
2025-10-06,3502.0,3502.0,3502.0,3610.0,50078600,14300,1,3610.0,3502.0
2025-10-07,3502.0,3502.0,3502.0,3564.0,8289538674,2367087,29,3610.0,3502.0
