date,open,high,low,adjClose,value,volume,count,yesterday,close
2018-11-19,5333.0,5333.0,5333.0,4359.0,78619086,14742,5,4298.0,5333.0
2018-11-21,6500.0,6500.0,6500.0,6500.0,4308102500,662785,165,4359.0,6500.0
2018-11-24,6600.0,6600.0,6388.0,6591.0,754263800,114443,29,6500.0,6388.0
2018-11-26,5500.0,5500.0,5500.0,5500.0,1261337000,229334,38,6591.0,5500.0
2018-11-28,5500.0,5500.0,5500.0,5500.0,950691500,172853,36,5500.0,5500.0
2018-12-01,5500.0,5500.0,5500.0,5500.0,308000000,56000,18,5500.0,5500.0
2018-12-03,5500.0,5500.0,5500.0,5500.0,269604500,49019,16,5500.0,5500.0
2018-12-05,5500.0,5795.0,5500.0,5529.0,768473060,139000,53,5500.0,5795.0
2018-12-08,5529.0,5529.0,5529.0,5529.0,273132600,49400,20,5529.0,5529.0
2018-12-22,5529.0,5529.0,5300.0,5509.0,105502108,19152,8,5529.0,5300.0
2018-12-24,4660.0,5100.0,4660.0,4674.0,645502700,138095,20,5509.0,5100.0
2018-12-31,5000.0,5098.0,5000.0,5008.0,263948164,52705,29,4674.0,5098.0
2019-01-02,5008.0,5008.0,5000.0,5005.0,491674896,98242,26,5008.0,5000.0
2019-01-05,5050.0,5050.0,5050.0,5050.0,373700000,74000,13,5005.0,5050.0
2019-01-07,4800.0,4800.0,4800.0,4800.0,87840000,18300,1,5050.0,4800.0
2019-01-09,4800.0,4800.0,4630.0,4747.0,63906190,13463,12,4800.0,4630.0
2019-01-12,4888.0,4888.0,4888.0,4888.0,332384000,68000,14,4747.0,4888.0
2019-01-14,4701.0,4701.0,4701.0,4701.0,366254910,77910,40,4888.0,4701.0
2019-01-16,4701.0,4712.0,4701.0,4701.0,208641380,44380,7,4701.0,4712.0
2019-01-19,4701.0,4701.0,4701.0,4701.0,141067608,30008,3,4701.0,4701.0
2019-01-21,4701.0,4988.0,4701.0,4976.0,264537459,53159,9,4701.0,4988.0
2019-01-23,4976.0,4976.0,4976.0,4976.0,29846048,5998,5,4976.0,4976.0
2019-01-26,5800.0,5800.0,5300.0,5796.0,419097300,72306,33,4976.0,5300.0
2019-01-30,5795.0,5795.0,5795.0,5795.0,432451875,74625,9,5796.0,5795.0
2019-02-02,5800.0,5800.0,5800.0,5800.0,843360600,145407,50,5795.0,5800.0
2019-02-04,5800.0,5800.0,5800.0,5800.0,812626400,140108,19,5800.0,5800.0
2019-02-06,5800.0,5800.0,5800.0,5800.0,609000000,105000,13,5800.0,5800.0
2019-02-16,5800.0,5800.0,5800.0,5800.0,215760000,37200,8,5800.0,5800.0
2019-02-18,5800.0,5800.0,5800.0,5800.0,574345000,99025,23,5800.0,5800.0
2019-02-20,5800.0,5800.0,5800.0,5800.0,60476600,10427,3,5800.0,5800.0
2019-02-23,5800.0,5800.0,4701.0,5005.0,95088750,19000,13,5800.0,4701.0
2019-02-25,5005.0,5300.0,5005.0,5184.0,440782135,85027,11,5005.0,5300.0
2019-02-27,5799.0,5799.0,5799.0,5799.0,4928999226,849974,126,5184.0,5799.0
2019-03-02,5969.0,6450.0,5969.0,6124.0,1364792605,222856,32,5799.0,6450.0
2019-03-04,7151.0,7500.0,7151.0,7177.0,41044564622,5719227,547,6124.0,7500.0
2019-03-06,8400.0,8400.0,7780.0,8329.0,13166864940,1580823,235,7177.0,7780.0
2019-03-11,7131.0,7131.0,7000.0,7123.0,8665587955,1216545,238,8329.0,7000.0
2019-03-13,7299.0,7299.0,6732.0,7205.0,572927193,79517,22,7123.0,6732.0
2019-03-16,6610.0,7000.0,6610.0,6691.0,2120123500,316873,64,7205.0,7000.0
2019-03-18,6751.0,6751.0,6751.0,6751.0,337550000,50000,9,6691.0,6751.0
2019-03-25,6751.0,7201.0,6751.0,6791.0,2731160586,402186,69,6751.0,7201.0
2019-03-27,7000.0,7000.0,7000.0,7000.0,4235049000,605007,80,6791.0,7000.0
2019-03-30,7000.0,7060.0,7000.0,7036.0,2572499820,365610,62,7000.0,7060.0
2019-04-06,7100.0,7100.0,7100.0,7100.0,819467800,115418,17,7036.0,7100.0
2019-04-08,7476.0,7998.0,7476.0,7565.0,3651324858,482658,110,7100.0,7998.0
2019-04-10,8101.0,9511.0,8101.0,8826.0,2064761481,233931,44,7565.0,9511.0
2019-04-13,10450.0,10450.0,9550.0,10154.0,5608024600,552298,129,8826.0,9550.0
2019-04-15,9000.0,9004.0,9000.0,9000.0,3738174000,415342,120,10154.0,9004.0
2019-04-17,8990.0,8990.0,8990.0,8990.0,1188145370,132163,32,9000.0,8990.0
2019-04-20,8990.0,9210.0,8990.0,9053.0,2409233870,266119,86,8990.0,9210.0
2019-04-22,9200.0,9200.0,9200.0,9200.0,248961200,27061,9,9053.0,9200.0
2019-04-24,8950.0,8950.0,8950.0,8950.0,581750000,65000,7,9200.0,8950.0
2019-04-27,8900.0,8950.0,8900.0,8905.0,5389853800,605292,111,8950.0,8950.0
2019-04-29,10100.0,10100.0,10100.0,10100.0,6679645100,661351,149,8905.0,10100.0
2019-05-01,10100.0,10500.0,10100.0,10331.0,1872742200,181278,64,10100.0,10500.0
2019-05-04,10510.0,10510.0,10510.0,10510.0,8652462600,823260,114,10331.0,10510.0
2019-05-06,11499.0,11499.0,10500.0,10797.0,1371695208,127042,30,10510.0,10500.0
2019-05-08,10499.0,10499.0,10498.0,10499.0,2566505022,244461,57,10797.0,10498.0
2019-05-11,10999.0,10999.0,10400.0,10902.0,1551084812,142278,62,10499.0,10400.0
2019-05-13,10999.0,11485.0,10999.0,11154.0,5411821827,485175,89,10902.0,11485.0
2019-05-15,12201.0,12201.0,11100.0,11990.0,3133547139,261339,63,11154.0,11100.0
2019-05-18,11990.0,11990.0,10500.0,11327.0,1700301450,150105,39,11990.0,10500.0
2019-05-20,8011.0,9000.0,8011.0,8500.0,2539196384,298720,51,11327.0,9000.0
2019-05-22,9000.0,9000.0,8900.0,8974.0,4157815900,463303,138,8500.0,8900.0
2019-05-25,9000.0,9000.0,9000.0,9000.0,3670623000,407847,51,8974.0,9000.0
2019-05-29,9900.0,9900.0,9000.0,9512.0,941291100,98959,20,9000.0,9000.0
2019-06-01,8800.0,8800.0,8800.0,8800.0,545529600,61992,11,9512.0,8800.0
2019-06-03,8500.0,8500.0,7970.0,8217.0,2101873070,255811,41,8800.0,7970.0
2019-06-08,7787.0,7800.0,7787.0,7791.0,3682319940,472667,95,8217.0,7800.0
2019-06-10,8250.0,8250.0,7797.0,8125.0,3405160596,419076,76,7791.0,7797.0
2019-06-12,8010.0,8010.0,8010.0,8010.0,109704960,13696,4,8125.0,8010.0
2019-06-15,7899.0,8487.0,7899.0,7942.0,665518806,83802,35,8010.0,8487.0
2019-06-17,8000.0,8000.0,7888.0,7997.0,1995277104,249492,62,7942.0,7888.0
2019-06-19,7997.0,7997.0,7997.0,7997.0,1538055013,192329,24,7997.0,7997.0
2019-06-22,7997.0,7997.0,7900.0,7994.0,857102764,107212,27,7997.0,7900.0
2019-06-24,8699.0,8699.0,8400.0,8691.0,799912263,92037,49,7994.0,8400.0
2019-06-26,8385.0,8385.0,8300.0,8379.0,4802958785,573182,132,8691.0,8300.0
2019-07-01,8602.0,8998.0,8602.0,8860.0,5591358784,631084,108,8379.0,8998.0
2019-07-03,9554.0,10200.0,9554.0,9608.0,5062938878,526957,106,8860.0,10200.0
2019-07-06,11990.0,13000.0,11990.0,12172.0,5792226930,475872,199,9608.0,13000.0
2019-07-08,16450.0,16450.0,15999.0,16355.0,11707307912,715830,250,12172.0,15999.0
2019-07-10,15900.0,15900.0,15000.0,15853.0,8840419800,557644,118,16355.0,15000.0
2019-08-07,17740.0,17740.0,17630.0,17655.0,2963330030,167845,47,15853.0,17630.0
2019-08-10,16940.0,16940.0,13011.0,15610.0,920437626,58966,25,17655.0,13011.0
2019-08-14,14770.0,14770.0,14770.0,14770.0,10623204340,719242,226,15610.0,14770.0
2019-08-17,14770.0,14770.0,14500.0,14732.0,1386621340,94120,49,14770.0,14500.0
2019-08-19,16000.0,16000.0,15000.0,15544.0,928206000,59715,34,14732.0,15000.0
2019-08-21,14999.0,14999.0,13950.0,14104.0,871092655,61760,19,15544.0,13950.0
2019-09-25,13822.0,13822.0,13822.0,13822.0,703525978,50899,5,14104.0,13822.0
2019-09-28,13546.0,14098.0,13546.0,13572.0,15865573006,1169036,203,13822.0,13546.0
2019-09-29,13301.0,13843.0,13301.0,13409.0,33416021727,2492092,266,13572.0,13843.0
2019-09-30,13677.0,13677.0,13677.0,13677.0,1161697026,84938,24,13409.0,13677.0
2019-10-01,13950.0,13950.0,13600.0,13949.0,8737790909,626397,123,13677.0,13949.0
2019-10-02,14227.0,14227.0,13700.0,14187.0,7626161972,537532,94,13949.0,14227.0
2019-10-05,14470.0,14470.0,14470.0,14470.0,1098070420,75886,29,14187.0,14470.0
2019-10-06,14759.0,14759.0,14759.0,14759.0,726910268,49252,21,14470.0,14759.0
2019-10-07,15054.0,15054.0,15054.0,15054.0,1007172816,66904,21,14759.0,15054.0
2019-10-08,15355.0,15355.0,14753.0,15222.0,5180442121,340318,131,15054.0,14900.0
2019-10-09,15520.0,15526.0,15005.0,15463.0,2653555087,171605,88,15222.0,15526.0
2019-10-12,15772.0,15772.0,15200.0,15730.0,2542445494,161630,60,15463.0,15772.0
2019-10-13,16044.0,16044.0,16000.0,16043.0,3614640384,225311,87,15730.0,16044.0
2019-10-14,16360.0,16360.0,15723.0,15813.0,3900847234,246689,134,16043.0,16167.0
2019-10-15,15813.0,15999.0,15497.0,15617.0,269092511,17231,12,15813.0,15497.0
2019-10-16,15305.0,15890.0,15305.0,15306.0,2854748066,186511,51,15617.0,15305.0
2019-10-20,15600.0,15600.0,15000.0,15083.0,108900000,7220,7,15306.0,15000.0
2019-10-21,15220.0,15220.0,14480.0,14485.0,2318352420,160049,58,15083.0,14480.0
2019-10-22,14774.0,14774.0,14196.0,14512.0,1833373889,126332,75,14485.0,14196.0
2019-10-23,14222.0,14650.0,14222.0,14229.0,1931609588,135749,47,14512.0,14222.0
2019-10-26,14512.0,14512.0,13945.0,13988.0,241762480,17284,21,14229.0,13945.0
2019-10-28,13429.0,14389.0,13429.0,13435.0,1971513092,146748,64,13988.0,13429.0
2019-10-30,13167.0,13689.0,13167.0,13218.0,3473382976,262779,193,13435.0,13167.0
2019-11-02,13480.0,13480.0,12954.0,12969.0,2102745185,162134,106,13218.0,12954.0
2019-11-03,13224.0,13228.0,12710.0,12997.0,1763882916,135716,92,12969.0,13228.0
2019-11-04,13256.0,13256.0,13256.0,13256.0,1006448544,75924,11,12997.0,13256.0
2019-11-05,13521.0,13521.0,13520.0,13521.0,2551949540,188740,64,13256.0,13521.0
2019-11-09,14061.0,14061.0,13700.0,14061.0,1945209002,138344,60,13521.0,14061.0
2019-11-10,14341.0,14342.0,13799.0,14298.0,2015839314,140989,103,14061.0,14278.0
2019-11-11,14580.0,14580.0,14013.0,14073.0,1540142213,109436,72,14298.0,14350.0
2019-11-12,14350.0,14354.0,13792.0,14078.0,3639055491,258492,113,14073.0,14354.0
2019-11-13,14359.0,14359.0,14100.0,14356.0,1072118293,74681,39,14078.0,14359.0
2019-11-16,14643.0,14643.0,14100.0,14536.0,816492983,56171,52,14356.0,14600.0
2019-11-17,14600.0,14600.0,14246.0,14314.0,74248002,5187,7,14536.0,14246.0
2019-11-18,14028.0,14599.0,14028.0,14043.0,2350666896,167396,59,14314.0,14029.0
2019-11-19,14252.0,14323.0,14002.0,14312.0,1802211407,125924,69,14043.0,14323.0
2019-11-20,14598.0,14598.0,14598.0,14598.0,481558824,32988,14,14312.0,14598.0
2019-11-23,14889.0,14889.0,14889.0,14889.0,2660217630,178670,59,14598.0,14889.0
2019-11-24,15186.0,15186.0,15184.0,15186.0,2926290642,192697,72,14889.0,15186.0
2019-11-25,15489.0,15489.0,15489.0,15489.0,2091541626,135034,55,15186.0,15489.0
2019-11-26,15798.0,15798.0,15450.0,15783.0,737023206,46697,35,15489.0,15798.0
2019-11-27,16414.0,16414.0,16100.0,16411.0,2149940698,131007,48,15783.0,16414.0
2019-11-30,16739.0,16739.0,16083.0,16187.0,4777824747,295166,138,16411.0,16210.0
2019-12-01,16510.0,16510.0,15864.0,16149.0,2069941186,128177,87,16187.0,16420.0
2019-12-02,16468.0,16471.0,16001.0,16446.0,3384219800,205774,57,16149.0,16471.0
2019-12-03,16774.0,16774.0,16770.0,16774.0,4170639988,248644,56,16446.0,16774.0
2019-12-04,17109.0,17109.0,17109.0,17109.0,607865661,35529,5,16774.0,17109.0
2019-12-07,17793.0,17793.0,17793.0,17793.0,2891522637,162509,26,17109.0,17793.0
2019-12-08,18148.0,18148.0,18148.0,18148.0,100267700,5525,4,17793.0,18148.0
2019-12-09,18510.0,18510.0,18148.0,18510.0,5147423818,278090,80,18148.0,18510.0
2019-12-10,18880.0,18880.0,18880.0,18880.0,396026880,20976,11,18510.0,18880.0
2019-12-11,19635.0,19635.0,19635.0,19635.0,275047080,14008,12,18880.0,19635.0
2019-12-14,20027.0,20027.0,20027.0,20027.0,691512283,34529,9,19635.0,20027.0
2019-12-15,20427.0,20427.0,19636.0,20410.0,21132627466,1035407,232,20027.0,20427.0
2019-12-16,20818.0,20818.0,20818.0,20818.0,1536014494,73783,12,20410.0,20818.0
2019-12-17,21650.0,21650.0,21650.0,21650.0,160924450,7433,4,20818.0,21650.0
2019-12-18,22083.0,22083.0,22083.0,22083.0,283258641,12827,5,21650.0,22083.0
2019-12-22,22524.0,22524.0,22524.0,22524.0,146766384,6516,6,22083.0,22524.0
2019-12-23,23424.0,23424.0,23424.0,23424.0,18466778880,788370,101,22524.0,23424.0
2019-12-24,23892.0,23892.0,23892.0,23892.0,152168148,6369,8,23424.0,23892.0
2019-12-28,24369.0,24369.0,24369.0,24369.0,929287446,38134,8,23892.0,24369.0
2019-12-29,25343.0,25343.0,25343.0,25343.0,651061670,25690,6,24369.0,25343.0
2019-12-30,25849.0,25849.0,25849.0,25849.0,788911480,30520,9,25343.0,25849.0
2019-12-31,26365.0,26365.0,25333.0,26365.0,18050257121,684632,123,25849.0,26365.0
2020-01-01,26892.0,26892.0,25850.0,26890.0,31783079274,1181970,290,26365.0,26892.0
2020-01-04,25815.0,27960.0,25815.0,26244.0,36898297403,1405976,403,26890.0,26500.0
2020-01-05,26768.0,26768.0,26500.0,26767.0,13890871056,518961,116,26244.0,26768.0
2020-01-07,27302.0,27302.0,26232.0,27083.0,36123875770,1333816,328,26767.0,26232.0
2020-01-08,26542.0,26542.0,26542.0,26542.0,330315190,12445,27,27083.0,26542.0
2020-01-11,27072.0,27072.0,26013.0,27071.0,62723756926,2317010,245,26542.0,27072.0
2020-01-12,27612.0,27612.0,27612.0,27612.0,41105017980,1488665,138,27071.0,27612.0
2020-01-13,28164.0,28164.0,28164.0,28164.0,5679214272,201648,23,27612.0,28164.0
2020-01-14,29290.0,29290.0,28800.0,29288.0,20421878015,697272,161,28164.0,29290.0
2020-01-15,29860.0,29860.0,28750.0,29504.0,23547682956,798111,458,29288.0,29800.0
2020-01-28,29999.0,30598.0,29999.0,30542.0,44774630120,1466010,224,29504.0,30598.0
2020-02-01,31152.0,31152.0,31152.0,31152.0,23201386560,744780,294,30542.0,31152.0
2020-02-02,31775.0,31775.0,31775.0,31775.0,7392898600,232664,28,31152.0,31775.0
2020-02-03,32410.0,32410.0,32399.0,32410.0,37278110817,1150208,222,31775.0,32410.0
2020-02-04,33706.0,33706.0,33650.0,33706.0,41772963297,1239335,195,32410.0,33706.0
2020-02-05,34380.0,34380.0,34380.0,34380.0,3544990560,103112,29,33706.0,34380.0
2020-02-08,35067.0,35067.0,35067.0,35067.0,7394718558,210874,67,34380.0,35067.0
2020-02-09,35768.0,35768.0,35768.0,35768.0,3794233672,106079,21,35067.0,35768.0
2020-02-10,37198.0,37198.0,37197.0,37198.0,37383393832,1004984,181,35768.0,37198.0
2020-02-12,37941.0,37941.0,37198.0,37934.0,44074924415,1161891,228,37198.0,37941.0
2020-02-15,38692.0,38692.0,38692.0,38692.0,2115949404,54687,14,37934.0,38692.0
2020-02-16,39465.0,39465.0,39465.0,39465.0,2028816720,51408,13,38692.0,39465.0
2020-02-17,41043.0,41043.0,41043.0,41043.0,617081505,15035,13,39465.0,41043.0
2020-02-18,41863.0,41863.0,41863.0,41863.0,429891147,10269,14,41043.0,41863.0
2020-02-19,42700.0,42700.0,42700.0,42700.0,1832726700,42921,23,41863.0,42700.0
2020-02-22,43554.0,43554.0,43554.0,43554.0,4890112458,112277,36,42700.0,43554.0
2020-02-23,45296.0,45296.0,45296.0,45296.0,9748016272,215207,51,43554.0,45296.0
2020-02-24,46201.0,46201.0,46201.0,46201.0,10191155183,220583,37,45296.0,46201.0
2020-02-25,47125.0,47125.0,47125.0,47125.0,6235721375,132323,16,46201.0,47125.0
2020-02-26,48067.0,48067.0,48067.0,48067.0,6579555161,136883,23,47125.0,48067.0
2020-02-29,48067.0,49989.0,48067.0,49846.0,68466735996,1373576,362,48067.0,49989.0
2020-03-01,50842.0,50842.0,48850.0,50717.0,29090047376,573580,293,49846.0,50842.0
2020-03-02,51731.0,51731.0,51000.0,51715.0,32865724715,635511,215,50717.0,51731.0
2020-03-03,52749.0,52749.0,52749.0,52739.0,10865608263,205987,34,51715.0,52749.0
2020-03-04,54848.0,54848.0,54848.0,54848.0,11936515392,217629,46,52739.0,54848.0
2020-03-07,55944.0,55944.0,55944.0,55944.0,16291787904,291216,142,54848.0,55944.0
2020-03-09,57062.0,57062.0,54826.0,57003.0,25113435443,440566,366,55944.0,57062.0
2020-03-10,58143.0,58143.0,55900.0,58135.0,26420923008,454473,200,57003.0,58143.0
2020-03-11,60460.0,60460.0,60460.0,60460.0,18740060680,309958,134,58135.0,60460.0
2020-03-14,61669.0,61669.0,59251.0,59595.0,64033402875,1074481,658,60460.0,59251.0
2020-03-15,58404.0,60500.0,58404.0,59084.0,24408989441,413120,234,59595.0,58404.0
2020-03-16,57903.0,60250.0,57903.0,59090.0,64817002806,1096927,434,59084.0,60219.0
2020-04-12,71999.0,73438.0,70560.0,71635.0,70082792549,978331,652,59090.0,70560.0
2020-04-13,73067.0,73067.0,70203.0,72140.0,36843140513,510720,324,71635.0,73067.0
2020-04-14,73582.0,73582.0,73582.0,73582.0,12470162286,169473,162,72140.0,73582.0
2020-04-15,75053.0,75053.0,75053.0,75053.0,12761561802,170034,160,73582.0,75053.0
2020-04-18,78055.0,78055.0,76556.0,78055.0,26993223165,345825,177,75053.0,78055.0
2020-04-19,79616.0,79616.0,78801.0,79601.0,37167379369,466923,308,78055.0,79616.0
2020-04-20,81193.0,81193.0,81193.0,81193.0,16507673602,203314,120,79601.0,81193.0
2020-04-21,82816.0,82816.0,82816.0,82816.0,26114948992,315337,101,81193.0,82816.0
2020-04-22,84472.0,84472.0,84149.0,84472.0,21001835519,248626,112,82816.0,84472.0
2020-04-25,87850.0,87850.0,87850.0,87850.0,19416958400,221024,123,84472.0,87850.0
2020-04-26,89607.0,89607.0,89607.0,89607.0,14121883986,157598,90,87850.0,89607.0
2020-04-27,91399.0,91399.0,87815.0,91332.0,62360842714,682796,461,89607.0,90800.0
2020-04-28,91399.0,93156.0,89506.0,91222.0,114898573979,1259542,936,91332.0,91100.0
2020-04-29,93017.0,93017.0,89398.0,90492.0,77693037612,858560,1439,91222.0,89402.0
2020-05-02,91900.0,92301.0,90157.0,92053.0,137845809863,1497464,2215,90492.0,92301.0
2020-05-03,93800.0,93800.0,90212.0,91498.0,131892068741,1441474,2705,92053.0,90212.0
2020-05-04,89669.0,89669.0,89669.0,89669.0,21013661143,234347,335,91498.0,89669.0
2020-05-05,87876.0,87876.0,87876.0,89098.0,3090598920,35170,86,89669.0,87876.0
2020-05-06,87317.0,87317.0,87317.0,87317.0,34929943412,400036,310,89098.0,87317.0
2020-05-09,83825.0,88500.0,83825.0,85096.0,177133466781,2081582,2255,87317.0,87200.0
2020-05-10,86797.0,86797.0,83395.0,86492.0,54118941204,625707,890,85096.0,85800.0
2020-05-11,86490.0,86490.0,84763.0,84773.0,17833161896,210364,245,86492.0,84763.0
2020-05-12,83078.0,83078.0,83078.0,84394.0,2128707594,25623,57,84773.0,83078.0
2020-05-13,82707.0,82707.0,82707.0,83199.0,6710018910,81130,97,84394.0,82707.0
2020-05-16,79872.0,79872.0,79872.0,82305.0,2580185088,32304,64,83199.0,79872.0
2020-05-17,80659.0,80659.0,80659.0,81821.0,2851698945,35355,46,82305.0,80659.0
2020-05-18,80185.0,80185.0,80185.0,80185.0,13161084790,164134,118,81821.0,80185.0
2020-05-19,78582.0,80186.0,78582.0,78638.0,59805831595,760525,788,80185.0,78582.0
2020-05-20,75494.0,81783.0,75493.0,77956.0,49954932947,640806,839,78638.0,81783.0
2020-05-23,79515.0,79515.0,79515.0,78786.0,5429920320,68288,93,77956.0,79515.0
2020-05-26,80361.0,80361.0,77211.0,79829.0,34401728252,430941,381,78786.0,77211.0
2020-05-27,78233.0,81425.0,78233.0,79416.0,21411342172,269609,453,79829.0,80000.0
2020-05-30,81004.0,81004.0,79416.0,80562.0,23926728560,296999,496,79416.0,80940.0
2020-05-31,80948.0,81000.0,78951.0,79238.0,21517354254,271554,287,80562.0,78951.0
2020-06-01,77660.0,79200.0,77654.0,77740.0,9618295879,123766,243,79238.0,77654.0
2020-06-02,76200.0,79244.0,76200.0,77739.0,52076023390,669880,889,77740.0,79180.0
2020-06-06,79280.0,79293.0,76206.0,79133.0,94173454676,1190060,1255,77739.0,79293.0
2020-06-07,81510.0,83140.0,81510.0,82437.0,18463349200,223968,188,79133.0,83140.0
2020-06-08,84085.0,84085.0,82000.0,84010.0,76158328522,906540,1197,82437.0,84003.0
2020-06-09,85690.0,85690.0,83000.0,85128.0,37606150948,441760,751,84010.0,84700.0
2020-06-14,85000.0,86000.0,83426.0,84279.0,36449451376,432483,669,85128.0,84106.0
2020-06-15,85964.0,85964.0,85000.0,85954.0,106665835251,1240965,1260,84279.0,85964.0
2020-06-16,87673.0,87673.0,87500.0,87670.0,115517372074,1317634,1018,85954.0,87673.0
2020-06-20,89423.0,89423.0,86050.0,87971.0,75389624793,856981,1178,87670.0,89210.0
2020-06-21,89000.0,89000.0,86212.0,86539.0,70500776750,814667,1258,87971.0,86212.0
2020-06-22,87000.0,88250.0,84809.0,86334.0,78505280019,909322,1493,86539.0,88198.0
2020-06-23,88060.0,88060.0,88060.0,88060.0,20991742800,238380,492,86334.0,88060.0
2020-06-24,86299.0,89821.0,86299.0,88247.0,48159230386,545733,744,88060.0,88500.0
2020-06-27,90011.0,90011.0,88500.0,89979.0,41567073948,461962,608,88247.0,90011.0
2020-06-28,91000.0,91700.0,88180.0,88630.0,39020965361,440269,495,89979.0,88180.0
2020-06-29,86858.0,86858.0,86858.0,86858.0,13786796624,158728,154,88630.0,86858.0
2020-06-30,85121.0,88595.0,85121.0,86675.0,131908425375,1521876,1711,86858.0,88221.0
2020-07-01,88240.0,88240.0,84942.0,85883.0,83804886675,975801,1012,86675.0,84942.0
2020-07-04,84168.0,85492.0,84166.0,84233.0,18400425915,218448,368,85883.0,84166.0
2020-07-05,82549.0,85917.0,82549.0,83998.0,70006859785,833433,1000,84233.0,85020.0
2020-07-06,82320.0,85675.0,82320.0,84662.0,59548209066,703363,1033,83998.0,85590.0
2020-07-07,84500.0,84500.0,82969.0,83151.0,53792306819,646924,747,84662.0,82969.0
2020-07-08,81488.0,84814.0,81488.0,84121.0,87987775724,1045963,846,83151.0,84000.0
2020-07-11,82439.0,84000.0,82439.0,82576.0,24836149553,300767,428,84121.0,83940.0
2020-07-12,84000.0,84227.0,81006.0,84162.0,46018455698,546783,615,82576.0,84227.0
2020-07-13,85845.0,85845.0,84000.0,85793.0,14901869501,173695,330,84490.0,85845.0
2020-07-14,87508.0,87508.0,87508.0,87048.0,7613196000,87000,184,85793.0,87508.0
2020-07-15,90529.0,90529.0,90500.0,90529.0,211768958018,2339242,1081,87048.0,90529.0
2020-07-18,92339.0,92339.0,92339.0,92339.0,120509689781,1305079,216,90529.0,92339.0
2020-07-19,94185.0,94185.0,94185.0,94185.0,56677048155,601763,154,92339.0,94185.0
2020-07-20,96068.0,96068.0,96068.0,96068.0,14550747484,151463,126,94185.0,96068.0
2020-07-21,99910.0,99910.0,99910.0,99910.0,19396827130,194143,148,96068.0,99910.0
2020-07-22,101908.0,101908.0,101908.0,101908.0,32737537368,321246,229,99910.0,101908.0
2020-07-25,103946.0,103946.0,99870.0,102228.0,205114980906,2006441,1918,101908.0,103590.0
2020-07-26,103585.0,103890.0,100184.0,100419.0,40193772075,400260,471,102228.0,100184.0
2020-07-27,98411.0,98411.0,98411.0,98535.0,9058437317,92047,103,100419.0,98411.0
2020-08-02,97000.0,97000.0,97000.0,97571.0,6184817000,63761,32,98535.0,97000.0
2020-08-04,95620.0,95620.0,95620.0,97150.0,2095321060,21913,48,97571.0,95620.0
2020-08-05,95207.0,95207.0,95207.0,96586.0,2805750290,29470,39,97150.0,95207.0
2020-08-09,94655.0,98517.0,94655.0,95890.0,226896457232,2366222,1550,96586.0,98517.0
2020-08-10,97807.0,97807.0,93973.0,96008.0,88562706409,922450,799,95890.0,94937.0
2020-08-11,94088.0,97928.0,94088.0,97701.0,111473938673,1140965,562,96008.0,97928.0
2020-08-12,99650.0,99653.0,95747.0,96883.0,63293990149,653304,368,97701.0,95747.0
2020-08-15,94946.0,94946.0,94946.0,96291.0,2993457488,31528,49,96883.0,94946.0
2020-08-16,94366.0,94366.0,94366.0,96164.0,640178944,6784,23,96291.0,94366.0
2020-08-17,92318.0,92320.0,92318.0,92318.0,15768010018,170801,160,96164.0,92318.0
2020-08-18,90500.0,93000.0,90472.0,90529.0,35905507253,396619,141,92318.0,90472.0
2020-08-19,88719.0,88719.0,88719.0,90057.0,2387694447,26913,26,90529.0,88719.0
2020-08-22,88256.0,88258.0,88256.0,88256.0,66289169966,751101,213,90057.0,88256.0
2020-08-23,84726.0,88000.0,84726.0,84727.0,36243373393,427766,140,88256.0,84726.0
2020-08-24,83033.0,83033.0,83033.0,84107.0,3377118176,40672,14,84727.0,83033.0
2020-08-25,82425.0,82425.0,82425.0,83684.0,2302542375,27935,41,84107.0,82425.0
2020-08-26,82011.0,82012.0,82011.0,82011.0,24391137605,297413,222,83684.0,82012.0
2020-08-31,80371.0,80371.0,80371.0,81224.0,4703230549,58519,67,82011.0,80371.0
2020-09-01,79600.0,79600.0,79600.0,81152.0,429919600,5401,6,81224.0,79600.0
2020-09-02,79529.0,79529.0,79529.0,81148.0,23858700,300,3,81152.0,79529.0
2020-09-05,77903.0,77903.0,77903.0,80994.0,456823192,5864,12,81148.0,77903.0
2020-09-06,79375.0,79375.0,79375.0,80973.0,124777500,1572,9,80994.0,79375.0
2020-09-07,79354.0,79354.0,79354.0,80949.0,145852652,1838,5,80973.0,79354.0
2020-09-08,79331.0,79331.0,79331.0,80851.0,593475211,7481,14,80949.0,79331.0
2020-09-13,79234.0,79234.0,79234.0,80850.0,5467146,69,1,80851.0,79234.0
2020-09-14,79233.0,81398.0,79233.0,79258.0,126826912189,1600177,345,80850.0,79233.0
2020-09-15,77673.0,80843.0,77673.0,78539.0,82445670877,1049736,512,79258.0,77675.0
2020-09-16,77000.0,78510.0,76969.0,76981.0,65514437311,851045,270,78539.0,78420.0
2020-09-19,75442.0,76981.0,75442.0,75449.0,35106591620,465301,178,76981.0,75442.0
2020-09-20,73941.0,76957.0,73941.0,74546.0,69633684039,934103,301,75449.0,76957.0
2020-09-21,76036.0,76036.0,76036.0,75637.0,7230719456,95096,134,74546.0,76036.0
2020-09-22,77149.0,77149.0,77149.0,76445.0,5354294898,69402,53,75637.0,77149.0
2021-01-16,77633.0,77633.0,74589.0,76539.0,7637539643,99609,97,76111.0,74589.0
2021-01-19,75009.0,75009.0,75009.0,75922.0,3973001703,52967,19,76539.0,75009.0
2021-01-20,72886.0,72886.0,72886.0,74205.0,5415940002,74307,34,75922.0,72886.0
2021-01-23,72721.0,72721.0,72721.0,74008.0,1303887530,17930,17,74205.0,72721.0
2021-01-24,72528.0,72528.0,72528.0,73976.0,209170752,2884,9,74008.0,72528.0
2021-01-25,72497.0,72497.0,72497.0,73966.0,66697240,920,11,73976.0,72497.0
2021-01-26,71008.0,71008.0,71008.0,73884.0,265285888,3736,10,73966.0,71008.0
2021-01-30,72407.0,72407.0,72407.0,73766.0,785905578,10854,14,73884.0,72407.0
2021-01-31,72291.0,75241.0,72291.0,73208.0,123561579709,1687815,1509,73766.0,72291.0
2021-02-01,70280.0,76136.0,70280.0,74850.0,156345629252,2088780,1766,73208.0,74836.0
2021-02-02,76347.0,76347.0,73353.0,74601.0,96310934583,1291011,1013,74850.0,73990.0
2021-02-03,73110.0,76093.0,73109.0,74840.0,62111183315,829918,577,74601.0,76093.0
2021-02-06,76336.0,76336.0,73345.0,76062.0,42123376238,553806,612,74840.0,76336.0
2021-02-07,77583.0,77583.0,76501.0,77569.0,40840775396,526506,361,76062.0,77583.0
2021-02-08,80671.0,80671.0,76203.0,80573.0,213095628489,2644763,1644,77569.0,80671.0
2021-02-09,82184.0,82184.0,78962.0,79302.0,77210447013,973628,1016,80573.0,78962.0
2021-02-13,77716.0,77716.0,77716.0,77995.0,8076169004,103919,83,79302.0,77716.0
2021-02-14,76436.0,78300.0,76436.0,76584.0,44418735215,579999,327,77995.0,78300.0
2021-02-15,78110.0,78110.0,75053.0,75701.0,31622231492,417724,496,76584.0,75053.0
2021-02-16,74187.0,76000.0,74187.0,74533.0,19281763698,258702,195,75701.0,74187.0
2021-02-17,73043.0,74187.0,73043.0,74051.0,2983957385,40851,55,74533.0,73043.0
2021-02-20,71089.0,71089.0,71089.0,71566.0,8052819742,113278,66,74051.0,71089.0
2021-02-21,70135.0,70135.0,70135.0,71524.0,279417840,3984,11,71566.0,70135.0
2021-02-22,70094.0,70094.0,70094.0,71518.0,42617152,608,7,71524.0,70094.0
2021-02-23,70088.0,70088.0,70088.0,71490.0,186013552,2654,6,71518.0,70088.0
2021-02-24,68631.0,68631.0,68631.0,70804.0,2225360175,32425,37,71490.0,68631.0
2021-02-27,69388.0,69388.0,69388.0,70772.0,221555884,3193,3,70804.0,69388.0
2021-03-02,67942.0,69357.0,67942.0,68123.0,110151020493,1616932,220,70772.0,67959.0
2021-03-03,66761.0,69485.0,66761.0,69027.0,14194686294,205641,220,68123.0,69485.0
2021-03-06,70407.0,70407.0,70407.0,70135.0,8192347299,116357,90,69027.0,70407.0
2021-03-07,71537.0,71537.0,71537.0,70640.0,3735519066,52218,55,70135.0,71537.0
2021-03-08,73465.0,73465.0,72000.0,73418.0,59286109311,807515,156,70640.0,73465.0
2021-03-09,74886.0,74886.0,71950.0,74840.0,80474636221,1075290,317,73418.0,74886.0
2021-03-10,76336.0,76336.0,73350.0,75833.0,32188899036,424473,516,74840.0,76336.0
2021-03-13,77340.0,77349.0,74317.0,76080.0,12170641180,159971,252,75833.0,74317.0
2021-03-14,74559.0,75990.0,74559.0,74632.0,26134348636,350176,217,76080.0,74559.0
2021-03-15,73140.0,75840.0,73140.0,73892.0,6423069406,87371,123,74632.0,73140.0
2021-03-16,72415.0,73500.0,72415.0,72801.0,7072220755,97657,62,73892.0,72415.0
2021-03-17,71345.0,73840.0,71345.0,71493.0,37325365226,522084,301,72801.0,73840.0
2021-03-27,72922.0,72922.0,70064.0,71737.0,5680419816,78977,184,71493.0,70200.0
2021-03-28,70304.0,71800.0,70303.0,70433.0,20076975453,285050,204,71737.0,70303.0
2021-03-30,69290.0,71841.0,69026.0,71234.0,9905147413,139041,168,70433.0,71841.0
2021-03-31,70100.0,72658.0,70002.0,72499.0,10666139991,147122,148,71234.0,72658.0
2021-04-03,71250.0,73948.0,71250.0,73872.0,14234079848,192686,198,72499.0,73948.0
2021-04-04,75330.0,75330.0,72395.0,73273.0,6542995893,89690,164,73872.0,74000.0
2021-04-05,73273.0,74738.0,72500.0,74222.0,16677318078,224695,255,73273.0,74738.0
2021-04-06,72738.0,75706.0,72738.0,75545.0,11499877541,152225,203,74222.0,75706.0
2021-04-07,74210.0,76990.0,74035.0,74296.0,8880110602,119828,167,75545.0,74998.0
2021-04-10,72811.0,72811.0,72811.0,74283.0,85334492,1172,8,74296.0,72811.0
2021-04-11,72798.0,72798.0,72798.0,74282.0,5095860,70,1,74283.0,72798.0
2021-04-12,72797.0,72797.0,72797.0,74265.0,112180177,1541,2,74282.0,72797.0
2021-04-13,71295.0,71295.0,71295.0,73507.0,2447628645,34331,31,74265.0,71295.0
2021-04-14,72037.0,72037.0,72037.0,73506.0,7203700,100,1,73507.0,72037.0
2021-04-19,70566.0,70566.0,70566.0,73502.0,14395464,204,2,73506.0,70566.0
2021-04-20,72032.0,72032.0,72032.0,73501.0,5474432,76,1,73502.0,72032.0
2021-04-21,72031.0,72031.0,72031.0,73500.0,5042170,70,1,73501.0,72031.0
2021-04-25,70560.0,70560.0,70560.0,73487.0,42336000,600,2,73500.0,70560.0
2021-04-26,72018.0,72018.0,72018.0,73470.0,115588890,1605,2,73487.0,72018.0
2021-05-01,70532.0,70532.0,70532.0,73453.0,54521236,773,4,73470.0,70532.0
2021-05-05,71984.0,71984.0,71984.0,73451.0,10077760,140,1,73453.0,71984.0
2021-05-09,71982.0,71982.0,71982.0,73448.0,19435140,270,1,73451.0,71982.0
2021-05-11,71980.0,71980.0,71980.0,71980.0,105055457820,1459509,34,73448.0,71980.0
2021-05-12,70541.0,70541.0,70541.0,71979.0,5643280,80,1,71980.0,70541.0
2021-05-15,70540.0,70540.0,70540.0,71975.0,15307180,217,2,71979.0,70540.0
2021-05-16,69096.0,69096.0,69096.0,71850.0,209015400,3025,2,71975.0,69096.0
2021-05-22,68976.0,68976.0,68976.0,71807.0,72424800,1050,3,71850.0,68976.0
2021-05-25,70371.0,70371.0,70371.0,71806.0,5066712,72,1,71807.0,70371.0
2021-05-26,70370.0,70370.0,70370.0,71801.0,17944350,255,2,71806.0,70370.0
2021-05-29,68929.0,68929.0,68929.0,71737.0,107598169,1561,6,71801.0,68929.0
2021-05-30,70303.0,70303.0,70303.0,71729.0,27980594,398,4,71737.0,70303.0
2021-05-31,70295.0,70295.0,70295.0,71728.0,5061240,72,1,71729.0,70295.0
2021-06-01,70294.0,70294.0,70294.0,71725.0,9138220,130,1,71728.0,70294.0
2021-06-02,68856.0,68856.0,68856.0,71597.0,213729024,3104,6,71725.0,68856.0
2021-06-09,70166.0,70166.0,70166.0,71530.0,229583152,3272,4,71597.0,70166.0
2021-06-14,70100.0,70100.0,70100.0,71522.0,28040000,400,1,71530.0,70100.0
2021-06-21,70092.0,70092.0,70092.0,71519.0,9953064,142,1,71522.0,70092.0
2021-06-22,68659.0,68659.0,68659.0,71507.0,20597700,300,1,71519.0,68659.0
2021-06-26,70077.0,70077.0,70077.0,71501.0,20322330,290,2,71507.0,70077.0
2021-06-28,68641.0,68641.0,68641.0,71443.0,97058374,1414,4,71501.0,68641.0
2021-07-04,68586.0,68586.0,68586.0,71402.0,68586000,1000,1,71443.0,68586.0
2021-07-06,69974.0,69974.0,69974.0,71400.0,5387998,77,1,71402.0,69974.0
2021-07-07,69972.0,69972.0,69972.0,71392.0,26869248,384,2,71400.0,69972.0
2021-07-10,68537.0,68537.0,68537.0,71380.0,19875730,290,1,71392.0,68537.0
2021-08-01,69953.0,69953.0,69953.0,71377.0,9933326,142,1,71380.0,69953.0
2021-08-02,68522.0,68522.0,68522.0,71364.0,21241820,310,3,71377.0,68522.0
2021-08-07,69937.0,69937.0,69937.0,71360.0,12378849,177,2,71364.0,69937.0
2021-08-08,68506.0,68506.0,68506.0,71275.0,143383058,2093,4,71360.0,68506.0
2021-08-10,69850.0,69850.0,69850.0,71264.0,37858700,542,4,71275.0,69850.0
2021-08-11,69839.0,69839.0,69839.0,71261.0,11453596,164,2,71264.0,69839.0
2021-08-14,68411.0,68411.0,68411.0,69110.0,3621951984,52944,12,71261.0,68411.0
2021-08-15,67728.0,67728.0,67728.0,67728.0,5212685520,76965,20,69110.0,67728.0
2021-08-22,66374.0,66374.0,66374.0,66374.0,16438450336,247664,72,67728.0,66374.0
2021-08-23,65047.0,65047.0,65047.0,65162.0,4387159962,67446,16,66374.0,65047.0
2021-08-24,62556.0,64121.0,62556.0,62780.0,140192884750,2233092,1757,65162.0,62556.0
2021-08-25,61530.0,64035.0,61525.0,62984.0,54457053235,864615,963,62780.0,64035.0
2021-08-28,64243.0,64243.0,64243.0,64243.0,15037166281,234067,171,62984.0,64243.0
2021-08-29,65527.0,65527.0,62959.0,65066.0,48162540915,740211,717,64243.0,65527.0
2021-08-30,64023.0,66367.0,63765.0,64828.0,23516523833,362750,339,65066.0,63765.0
2021-08-31,63532.0,64700.0,63532.0,63562.0,6589390848,103668,156,64828.0,63532.0
2021-09-01,62300.0,64833.0,62300.0,64564.0,21639647303,335168,286,63562.0,64833.0
2021-09-04,63333.0,65855.0,63333.0,65817.0,10048044137,152667,141,64564.0,65855.0
2021-09-05,67133.0,67133.0,67133.0,67058.0,4901380330,73010,46,65817.0,67133.0
2021-09-08,68399.0,68399.0,68399.0,68399.0,13589650118,198682,52,67058.0,68399.0
2021-09-11,69766.0,69766.0,68399.0,69753.0,36393504356,521745,154,68399.0,69766.0
2021-09-12,71148.0,71148.0,68375.0,71023.0,22441522989,315974,261,69753.0,71148.0
2021-09-13,72443.0,72443.0,72443.0,72443.0,18897770752,260864,71,71023.0,72443.0
2021-09-14,75340.0,75340.0,73200.0,75337.0,99220962780,1317034,285,72443.0,75340.0
2021-09-15,76843.0,76843.0,76843.0,76843.0,6361140383,82781,85,75337.0,76843.0
2021-09-18,78379.0,78379.0,78379.0,78379.0,8911770679,113701,55,76843.0,78379.0
2021-09-19,79946.0,79946.0,79946.0,79946.0,5974444526,74731,35,78379.0,79946.0
2021-09-20,81544.0,81544.0,81544.0,81544.0,5565378000,68250,36,79946.0,81544.0
2021-09-21,84805.0,84805.0,84805.0,84805.0,43240967035,509887,131,81544.0,84805.0
2021-09-22,86501.0,86501.0,84500.0,86394.0,242539428714,2807350,1305,84805.0,86501.0
2021-09-25,86394.0,86394.0,84667.0,84797.0,34954693983,412215,222,86394.0,84667.0
2021-09-26,83102.0,86492.0,83102.0,83781.0,43016245630,513435,423,84797.0,86492.0
2021-09-28,85456.0,85456.0,85456.0,84674.0,2637599440,30865,46,83781.0,85456.0
2021-09-29,86367.0,86367.0,86367.0,86367.0,6310750323,73069,42,84674.0,86367.0
2021-10-02,88094.0,88094.0,88094.0,88094.0,5806451728,65912,59,86367.0,88094.0
2021-10-03,91617.0,91617.0,90557.0,91616.0,58193252707,635189,268,88094.0,91617.0
2021-10-04,93448.0,93448.0,93448.0,93448.0,100425855608,1074671,296,91616.0,93448.0
2021-10-06,95316.0,95316.0,95316.0,93782.0,986425284,10349,30,93448.0,95316.0
2021-10-09,95657.0,95657.0,95657.0,95657.0,39225970333,410069,98,93782.0,95657.0
2021-10-10,99483.0,99483.0,99483.0,99483.0,54783696372,550684,100,95657.0,99483.0
2021-10-11,101472.0,101472.0,97494.0,101063.0,137384282604,1359392,1163,99483.0,101472.0
2021-10-12,103081.0,103081.0,99042.0,99428.0,49611033867,498964,368,101063.0,102900.0
2021-10-13,101416.0,101416.0,99450.0,101078.0,51335469346,507878,602,99428.0,101409.0
2021-10-16,101416.0,103010.0,99057.0,101030.0,48046225177,475563,572,101078.0,103010.0
2021-10-17,101030.0,102000.0,99035.0,99911.0,16098624580,161130,242,101030.0,101740.0
2021-10-26,97913.0,100000.0,97913.0,98000.0,16987433276,173341,126,99911.0,99500.0
2021-10-27,96040.0,99960.0,96040.0,99616.0,5699226466,57212,105,98000.0,99960.0
2021-10-30,101608.0,101608.0,101599.0,101608.0,34994626749,344409,109,99616.0,101608.0
2021-10-31,103640.0,103640.0,103640.0,103640.0,12875197200,124230,110,101608.0,103640.0
2021-11-01,107785.0,107785.0,107785.0,107785.0,9570014580,88788,46,103640.0,107785.0
2021-11-02,109940.0,109940.0,109940.0,109556.0,5022279080,45682,45,107785.0,109940.0
2021-11-17,111747.0,111747.0,111740.0,111747.0,17339081555,155164,85,109556.0,111747.0
2021-11-20,113981.0,113981.0,111780.0,113850.0,20706864907,181879,300,111747.0,113981.0
2021-11-21,116127.0,116127.0,116127.0,116127.0,13900634154,119702,87,113850.0,116127.0
2021-11-22,118449.0,118449.0,118449.0,118218.0,5931807471,50079,86,116127.0,118449.0
2021-11-23,122900.0,122946.0,118270.0,122844.0,69142158829,562843,469,118218.0,122946.0
2021-11-24,125300.0,125300.0,125300.0,125300.0,20267400300,161751,129,122844.0,125300.0
2021-11-27,127806.0,127806.0,122794.0,125427.0,43130815540,343872,534,125300.0,125880.0
2021-11-28,126330.0,127935.0,122919.0,123758.0,19628569214,158605,265,125427.0,122919.0
2021-11-29,121283.0,121283.0,121283.0,122948.0,2208199581,18207,29,123758.0,121283.0
2021-11-30,120490.0,120490.0,120490.0,121393.0,4236789870,35163,20,122948.0,120490.0
2021-12-01,116538.0,120200.0,116538.0,116540.0,18481145570,158582,165,121393.0,116538.0
2021-12-04,114210.0,118870.0,114210.0,115455.0,14212042129,123096,205,116540.0,114210.0
2021-12-05,113146.0,113146.0,113146.0,113146.0,28370567478,250743,79,115455.0,113146.0
2021-12-06,110884.0,115408.0,110884.0,112974.0,71050531351,628913,265,113146.0,115408.0
2021-12-07,115233.0,115233.0,115200.0,115233.0,38701576905,335855,180,112974.0,115233.0
2021-12-08,117537.0,117537.0,117537.0,117537.0,7587483498,64554,42,115233.0,117537.0
2021-12-11,122238.0,122238.0,112836.0,120762.0,104503542585,865371,631,117537.0,114030.0
2021-12-12,118347.0,123177.0,118347.0,119767.0,45727914214,381808,343,120762.0,123177.0
2021-12-13,119502.0,122162.0,119502.0,122145.0,21407189898,175261,225,119767.0,121100.0
2021-12-14,119703.0,124582.0,119703.0,120419.0,9281137460,77074,174,122145.0,121768.0
2021-12-15,118116.0,122827.0,118011.0,121945.0,19644166695,161091,202,120419.0,122827.0
2021-12-18,124383.0,124383.0,122800.0,124311.0,17011276267,136845,152,121945.0,124383.0
2021-12-19,126797.0,126797.0,124480.0,126696.0,27625972442,218049,259,124311.0,126797.0
2021-12-20,129229.0,129229.0,129003.0,129227.0,17744353167,137312,200,126696.0,129229.0
2021-12-21,131811.0,131811.0,126643.0,128363.0,65108293653,507222,452,129227.0,131000.0
2021-12-22,126020.0,130930.0,126020.0,130926.0,23045199542,176017,184,128363.0,130930.0
2021-12-25,130930.0,133544.0,130930.0,133270.0,20885851112,156718,220,130926.0,133544.0
2021-12-26,135935.0,135935.0,132044.0,133991.0,38125975630,284542,274,133270.0,133001.0
2021-12-27,133010.0,136000.0,131312.0,134665.0,43837627779,325530,262,133991.0,134000.0
2021-12-28,134000.0,137350.0,131972.0,135157.0,33627727674,248804,240,134665.0,131972.0
2021-12-29,132454.0,132454.0,132454.0,132454.0,8485797964,64066,25,135157.0,132454.0
2022-01-01,129805.0,129805.0,129805.0,131760.0,1890609825,14565,24,132454.0,129805.0
2022-01-02,126490.0,126490.0,126490.0,126490.0,7072814840,55916,25,131760.0,126490.0
2022-01-03,123961.0,129019.0,123961.0,124942.0,88264505591,706443,450,126490.0,128870.0
2022-01-04,127440.0,127440.0,127440.0,127440.0,64425380400,505535,228,124942.0,127440.0
2022-01-05,129988.0,129988.0,129988.0,129988.0,14281391596,109867,90,127440.0,129988.0
2022-01-08,132550.0,132550.0,132550.0,132550.0,80106725050,604351,99,129988.0,132550.0
2022-01-09,135200.0,135200.0,130000.0,135050.0,101267973500,749894,404,132550.0,135200.0
2022-01-10,137500.0,137750.0,132500.0,137350.0,58875207150,428634,353,135050.0,137750.0
2022-01-11,137450.0,140050.0,134950.0,138900.0,14273555450,102745,187,137350.0,138300.0
2022-01-12,141600.0,141600.0,136850.0,140100.0,15583954250,111252,208,138900.0,138750.0
2022-01-15,137400.0,141450.0,137300.0,137750.0,22616314350,164157,217,140100.0,140000.0
2022-01-16,135150.0,140500.0,135100.0,139800.0,20205844750,144528,204,137750.0,139800.0
2022-01-17,138100.0,140000.0,137050.0,137900.0,8834031950,64056,143,139800.0,137050.0
2022-01-18,135150.0,140650.0,135150.0,138450.0,38160023500,275614,210,137900.0,140650.0
2022-01-19,141200.0,141200.0,135700.0,139350.0,11811063850,84745,191,138450.0,139800.0
2022-01-22,141950.0,141950.0,136600.0,137600.0,5108815850,37352,109,139350.0,136600.0
2022-01-23,134850.0,134850.0,134850.0,137000.0,1700728200,12612,41,137600.0,134850.0
2022-01-24,134300.0,134300.0,134300.0,135450.0,4228704100,31487,36,137000.0,134300.0
2022-01-25,132750.0,132750.0,132750.0,135450.0,5442750,41,1,135450.0,132750.0
2022-01-26,132750.0,132750.0,132750.0,135300.0,461040750,3473,12,135450.0,132750.0
2022-01-29,132600.0,132600.0,132600.0,135200.0,269045400,2029,14,135300.0,132600.0
2022-01-30,129800.0,129800.0,129800.0,134200.0,1339406200,10319,18,135200.0,129800.0
2022-01-31,131550.0,131550.0,131550.0,134000.0,589870200,4484,16,134200.0,131550.0
2022-02-01,131350.0,131350.0,131350.0,134000.0,48599500,370,2,134000.0,131350.0
2022-02-02,131350.0,131350.0,131350.0,132850.0,3141235250,23915,13,134000.0,131350.0
2022-02-05,127550.0,127550.0,127550.0,132750.0,161350750,1265,8,132850.0,127550.0
2022-02-06,130100.0,130100.0,130100.0,132450.0,793479900,6099,4,132750.0,130100.0
2022-02-07,129850.0,129850.0,129850.0,132450.0,12985000,100,1,132450.0,129850.0
2022-02-08,129850.0,129850.0,129850.0,132450.0,54537000,420,2,132450.0,129850.0
2022-02-09,127200.0,127200.0,127200.0,127200.0,34066958400,267822,163,132450.0,127200.0
2022-02-12,124700.0,129600.0,124700.0,126250.0,7866376950,62299,171,127200.0,124700.0
2022-02-13,123750.0,128750.0,123750.0,127700.0,79348723100,621343,395,126250.0,128100.0
2022-02-14,125550.0,130250.0,125550.0,128200.0,10446409450,81498,159,127700.0,129400.0
2022-02-16,127000.0,130000.0,125650.0,126450.0,9542662850,75480,152,128200.0,127000.0
2022-02-19,124000.0,124000.0,123950.0,125750.0,1944795750,15690,27,126450.0,123950.0
2022-02-20,123250.0,123250.0,123250.0,125300.0,1167300750,9471,20,125750.0,123250.0
2022-02-21,122800.0,122800.0,122800.0,123800.0,4035453600,32862,17,125300.0,122800.0
2022-02-22,118850.0,122800.0,118850.0,120350.0,21212759650,176229,159,123800.0,118850.0
2022-02-23,117950.0,122750.0,117950.0,121300.0,43144427500,355638,237,120350.0,122750.0
2022-02-26,123700.0,123700.0,118900.0,119150.0,8811629550,73959,117,121300.0,118900.0
2022-02-27,119150.0,120000.0,116800.0,118650.0,1859965000,15832,38,119150.0,116800.0
2022-02-28,121000.0,121000.0,116300.0,117900.0,27339517400,231923,251,118650.0,119700.0
2022-03-02,115550.0,119950.0,115550.0,116450.0,6255757900,53754,137,117900.0,116100.0
2022-03-05,114150.0,118750.0,114150.0,115950.0,2411336850,20950,42,116450.0,114150.0
2022-03-06,113650.0,113650.0,113650.0,115500.0,1226624450,10793,7,115950.0,113650.0
2022-03-07,113200.0,113200.0,113200.0,115400.0,221985200,1961,9,115500.0,113200.0
2022-03-08,110800.0,110800.0,110800.0,114450.0,1300348800,11736,11,115400.0,110800.0
2022-03-09,112200.0,112200.0,112200.0,114400.0,195003600,1738,4,114450.0,112200.0
2022-03-12,112150.0,112150.0,112150.0,114300.0,317160200,2828,9,114400.0,112150.0
2022-03-13,112050.0,112050.0,112050.0,114300.0,53223750,475,2,114300.0,112050.0
2022-03-14,109750.0,109750.0,109750.0,113950.0,464462000,4232,7,114300.0,109750.0
2022-03-15,111700.0,111700.0,111700.0,113950.0,5361600,48,1,113950.0,111700.0
2022-03-16,111700.0,111700.0,111700.0,111850.0,5836101600,52248,14,113950.0,111700.0
2022-03-19,109650.0,109650.0,109650.0,111650.0,577087950,5263,5,111850.0,109650.0
2022-03-26,107200.0,107200.0,107200.0,111300.0,496657600,4633,20,111650.0,107200.0
2022-03-27,109100.0,109100.0,109100.0,111300.0,32730000,300,2,111300.0,109100.0
2022-03-29,109100.0,109100.0,109100.0,110550.0,2136614400,19584,15,111300.0,109100.0
2022-03-30,108350.0,108350.0,108350.0,110500.0,153098550,1413,6,110550.0,108350.0
2022-04-03,106100.0,114900.0,106100.0,107900.0,45958172250,425924,373,110500.0,109800.0
2022-04-04,109850.0,110050.0,108300.0,110050.0,23908894850,217265,272,107900.0,110050.0
2022-04-05,110050.0,112250.0,107850.0,109300.0,36326474200,332340,316,110050.0,110000.0
2022-04-06,107150.0,111450.0,107150.0,109800.0,32551647150,296422,265,109300.0,111450.0
2022-04-09,111500.0,111950.0,110050.0,111650.0,14857602650,133078,156,109800.0,111950.0
2022-04-10,113000.0,113850.0,113000.0,113800.0,11296368050,99254,115,111650.0,113850.0
2022-04-11,114800.0,116050.0,114800.0,115950.0,13085413450,112873,153,113800.0,115500.0
2022-04-12,118200.0,118200.0,113650.0,114050.0,21642852700,189769,164,115950.0,117950.0
2022-04-13,116300.0,116300.0,111800.0,112000.0,29968622300,267618,171,114050.0,111800.0
2022-04-16,109800.0,114200.0,109800.0,114050.0,12413527050,108853,101,112000.0,114200.0
2022-04-17,116300.0,116300.0,116000.0,116300.0,6682800600,57462,73,114050.0,116300.0
2022-04-18,118250.0,118600.0,114000.0,118550.0,8582671500,72394,106,116300.0,118600.0
2022-04-19,118600.0,120900.0,118600.0,120700.0,7202077750,59674,121,118550.0,120900.0
2022-04-20,120000.0,123050.0,120000.0,121150.0,3635353850,29912,91,120700.0,120000.0
2022-04-24,123350.0,123350.0,118750.0,120050.0,4281304150,35852,127,121150.0,118800.0
2022-04-25,117650.0,120900.0,117650.0,119250.0,7584325750,63598,85,120050.0,120250.0
2022-04-26,118100.0,121000.0,117000.0,119750.0,13664320400,114096,146,119250.0,121000.0
2022-04-27,121100.0,122000.0,117450.0,120050.0,8127859800,67693,119,119750.0,121050.0
2022-04-30,122200.0,122200.0,117650.0,119450.0,8234663650,68946,112,120050.0,121000.0
2022-05-01,119000.0,121800.0,118000.0,121000.0,19426483350,160522,214,119450.0,121800.0
2022-05-02,123000.0,123300.0,118950.0,121800.0,6838438150,56154,117,121000.0,122500.0
2022-05-07,122000.0,123950.0,119400.0,120950.0,10663213450,88151,130,121800.0,122900.0
2022-05-08,118600.0,123000.0,118550.0,119950.0,5448880650,45507,87,120950.0,120000.0
2022-05-09,122100.0,122100.0,117600.0,118900.0,8312372700,69917,58,119950.0,117600.0
2022-05-10,116650.0,121200.0,116550.0,118500.0,13473662650,113718,120,118900.0,117100.0
2022-05-11,116200.0,118400.0,116150.0,116500.0,8447638950,72517,114,118500.0,116400.0
2022-05-14,118600.0,118600.0,114300.0,116150.0,11609935200,99941,187,116500.0,115100.0
2022-05-15,117450.0,118450.0,114000.0,117300.0,17445708800,148739,269,116150.0,114550.0
2022-05-16,115300.0,119600.0,115300.0,119350.0,18225078650,152698,166,117300.0,119600.0
2022-05-17,121700.0,121700.0,118050.0,121550.0,26634711350,219111,213,119350.0,121700.0
2022-05-18,123900.0,123950.0,119750.0,122950.0,21458608300,174540,157,121550.0,123250.0
2022-05-21,120900.0,123650.0,120650.0,121900.0,3860205350,31872,100,122950.0,122350.0
2022-05-22,120650.0,122950.0,119500.0,122100.0,11750117350,96232,161,121900.0,122800.0
2022-05-23,120200.0,122100.0,119700.0,120700.0,6015531400,49895,50,122100.0,120900.0
2022-05-24,118300.0,120000.0,118300.0,120050.0,1904847100,16082,38,120700.0,118500.0
2022-05-25,118500.0,122450.0,117650.0,120900.0,22884532450,189310,156,120050.0,121400.0
2022-05-28,122350.0,122350.0,118500.0,120600.0,1343003150,11253,39,120900.0,118500.0
2022-05-29,118200.0,118200.0,118200.0,120600.0,16075200,136,2,120600.0,118200.0
2022-05-30,118200.0,118200.0,118200.0,120550.0,91605000,775,4,120600.0,118200.0
2022-05-31,118150.0,118150.0,118150.0,120400.0,350669200,2968,11,120550.0,118150.0
2022-06-01,118000.0,118000.0,118000.0,119500.0,2436700000,20650,9,120400.0,118000.0
2022-06-06,117150.0,117150.0,117150.0,119350.0,360939150,3081,5,119500.0,117150.0
2022-06-07,117000.0,117000.0,117000.0,119300.0,71838000,614,3,119350.0,117000.0
2022-06-08,116950.0,116950.0,116950.0,119300.0,51574950,441,4,119300.0,116950.0
2022-06-12,116950.0,116950.0,116950.0,119250.0,147590900,1262,1,119300.0,116950.0
2022-06-13,114500.0,114500.0,114500.0,117800.0,1970888500,17213,30,119250.0,114500.0
2022-06-14,115450.0,115450.0,115450.0,117700.0,230900000,2000,1,117800.0,115450.0
2022-06-15,115350.0,115350.0,115350.0,117700.0,5998200,52,1,117700.0,115350.0
2022-06-18,115350.0,115350.0,115350.0,117700.0,39680400,344,3,117700.0,115350.0
2022-06-19,115350.0,115350.0,115350.0,117700.0,24223500,210,4,117700.0,115350.0
2022-06-20,115350.0,117200.0,115350.0,115400.0,21525428100,186550,118,117700.0,116800.0
2022-06-21,113150.0,115950.0,113100.0,113700.0,19607899550,172464,209,115400.0,115950.0
2022-06-22,114700.0,115950.0,111450.0,115050.0,25891723150,225060,123,113700.0,115950.0
2022-06-25,112800.0,117350.0,112800.0,117350.0,10304231450,87822,100,115050.0,117350.0
2022-06-26,116000.0,119650.0,116000.0,118850.0,12066120150,101521,125,117350.0,119650.0
2022-06-27,116600.0,120950.0,116600.0,118100.0,9614582500,81413,130,118850.0,117550.0
2022-06-28,116800.0,120000.0,116800.0,119050.0,14690343600,123406,125,118100.0,119000.0
2022-06-29,117050.0,120800.0,116850.0,118800.0,2473371350,20896,56,119050.0,119300.0
2022-07-02,116450.0,120650.0,116450.0,117950.0,3783658500,32249,62,118800.0,116450.0
2022-07-03,115600.0,118950.0,115600.0,117750.0,1564489250,13355,73,117950.0,118800.0
2022-07-04,120000.0,120000.0,115400.0,117850.0,6445148550,54699,72,117750.0,118350.0
2022-07-05,117900.0,120050.0,115850.0,119550.0,19553746450,163575,100,117850.0,119600.0
2022-07-06,120200.0,120200.0,117200.0,118850.0,2134205250,18171,70,119550.0,118450.0
2022-07-09,116500.0,120200.0,116500.0,117650.0,6479231600,55071,80,118850.0,116650.0
2022-07-11,115700.0,120000.0,115300.0,116500.0,10447202500,89662,114,117650.0,120000.0
2022-07-30,118800.0,118800.0,116500.0,116850.0,1569478900,13302,20,116500.0,118750.0
2022-07-31,118800.0,119000.0,114550.0,115900.0,6986265500,60289,68,116850.0,114550.0
2022-08-01,113700.0,113700.0,113600.0,115650.0,698117000,6145,26,115900.0,113600.0
2022-08-02,113350.0,116800.0,113350.0,115650.0,48672900,420,5,115650.0,113350.0
2022-08-03,113350.0,113350.0,113350.0,115650.0,10654900,94,2,115650.0,113350.0
2022-08-06,113350.0,113350.0,113350.0,115600.0,73790850,651,3,115650.0,113350.0
2022-08-09,113300.0,113300.0,113300.0,115600.0,50418500,445,2,115600.0,113300.0
2022-08-10,113300.0,113300.0,113300.0,115600.0,11330000,100,1,115600.0,113300.0
2022-08-13,113300.0,113300.0,113300.0,115600.0,28325000,250,2,115600.0,113300.0
2022-08-14,111000.0,111000.0,111000.0,115450.0,179376000,1616,4,115600.0,111000.0
2022-08-16,113150.0,114900.0,113150.0,113150.0,18540396300,163852,74,115450.0,114900.0
2022-08-17,110950.0,115250.0,110900.0,112900.0,17003945450,150633,107,113150.0,110900.0
2022-08-20,112900.0,115150.0,111000.0,112200.0,8627998950,76890,86,112900.0,114400.0
2022-08-21,114350.0,114350.0,110000.0,111050.0,3326544350,30223,36,112200.0,110000.0
2022-08-22,108900.0,112350.0,108850.0,110650.0,1136724400,10425,25,111050.0,108850.0
2022-08-23,108450.0,111800.0,108450.0,108450.0,26102761250,240675,103,110650.0,108450.0
2022-08-24,106400.0,109950.0,106300.0,106400.0,18714028200,175877,97,108450.0,109950.0
2022-08-27,106550.0,108500.0,106550.0,108000.0,14635720850,135487,91,106400.0,107650.0
2022-08-28,106650.0,110150.0,106650.0,109850.0,6096945550,55497,84,108000.0,110150.0
2022-08-29,110150.0,110900.0,108850.0,109650.0,5617921000,51234,33,109850.0,110900.0
2022-08-30,110900.0,110950.0,108500.0,110000.0,3340485650,30300,24,109650.0,110800.0
2022-09-10,113300.0,113300.0,113300.0,113300.0,14688778500,129645,59,110000.0,113300.0
2022-09-11,116650.0,116650.0,111350.0,116650.0,43169123500,370145,214,113300.0,116650.0
2022-09-12,120050.0,120100.0,119600.0,120100.0,46561190150,387703,304,116650.0,120100.0
2022-09-13,123700.0,123700.0,123700.0,123550.0,6621413600,53528,79,120100.0,123700.0
2022-09-14,127250.0,127250.0,127250.0,124550.0,1924401750,15123,24,123550.0,127250.0
2022-09-18,128250.0,128250.0,128250.0,126500.0,5484098250,42761,46,124550.0,128250.0
2022-09-19,130250.0,130250.0,122750.0,126950.0,31410502250,247456,311,126500.0,122750.0
2022-09-20,123150.0,130750.0,123150.0,129050.0,30098547800,233247,271,126950.0,130750.0
2022-09-21,132900.0,132900.0,132900.0,132900.0,19194614100,144429,85,129050.0,132900.0
2022-09-24,136650.0,136650.0,129800.0,134650.0,17050845600,126612,207,132900.0,136300.0
2022-09-26,138200.0,138200.0,130700.0,135800.0,18807117850,138473,168,134650.0,137900.0
2022-09-28,138450.0,139750.0,131750.0,137800.0,14378010300,104333,107,135800.0,137950.0
2022-10-01,133700.0,139950.0,133700.0,135350.0,11049312550,81637,118,137800.0,133700.0
2022-10-02,131350.0,138900.0,131300.0,132800.0,12980835000,97740,82,135350.0,135350.0
2022-10-03,128950.0,135250.0,128850.0,129200.0,41293747600,319662,93,132800.0,134400.0
2022-10-04,133000.0,133050.0,127000.0,132300.0,16350059000,123596,144,129200.0,133050.0
2022-10-08,135900.0,136250.0,130100.0,136150.0,19270076250,141525,136,132300.0,136250.0
2022-10-09,133100.0,140100.0,133100.0,136500.0,23297668300,170706,157,136150.0,139600.0
2022-10-10,132650.0,140000.0,132650.0,136650.0,5861188150,42864,69,136500.0,136500.0
2022-10-11,132800.0,139350.0,132700.0,136300.0,3495953150,25781,68,136650.0,136400.0
2022-10-12,132750.0,139250.0,132750.0,136700.0,3765756750,27413,43,136300.0,138000.0
2022-10-15,132800.0,137000.0,132800.0,136500.0,2209331200,16279,38,136700.0,136800.0
2022-10-16,137000.0,137800.0,132900.0,135350.0,16145778200,119289,82,136500.0,137800.0
2022-10-17,139400.0,139400.0,135000.0,139300.0,20181353050,144891,103,135350.0,139400.0
2022-10-18,140600.0,143450.0,140600.0,143250.0,10914443550,76192,89,139300.0,143450.0
2022-10-19,147500.0,147500.0,145550.0,147500.0,11337538000,76874,142,143250.0,147500.0
2022-10-22,151850.0,151900.0,150000.0,151850.0,26205296350,172576,148,147500.0,151900.0
2022-10-23,156400.0,156400.0,147500.0,153550.0,8410511600,54620,181,151850.0,149200.0
2022-10-24,149200.0,151000.0,148950.0,151300.0,5035102700,33781,57,153550.0,148950.0
2022-10-25,146800.0,146800.0,146800.0,150800.0,1111422800,7571,19,151300.0,146800.0
2022-10-26,146300.0,146300.0,146300.0,150100.0,1594670000,10900,12,150800.0,146300.0
2022-10-29,145600.0,145600.0,145600.0,149000.0,2408224000,16540,10,150100.0,145600.0
2022-10-30,144550.0,144550.0,144550.0,149000.0,25151700,174,4,149000.0,144550.0
2022-10-31,144550.0,144550.0,144550.0,148250.0,1576028650,10903,10,149000.0,144550.0
2022-11-01,143850.0,143850.0,143850.0,148000.0,509660550,3543,8,148250.0,143850.0
2022-11-02,143600.0,143600.0,143600.0,143600.0,14060163200,97912,48,148000.0,143600.0
2022-11-05,139300.0,147700.0,139300.0,141950.0,26748680450,188456,131,143600.0,147700.0
2022-11-06,146150.0,146200.0,143600.0,146100.0,16268407800,111349,116,141950.0,146200.0
2022-11-07,146000.0,149350.0,141900.0,144200.0,6185963200,43243,142,146100.0,145950.0
2022-11-08,145000.0,145400.0,139900.0,142350.0,4743430900,33795,70,144200.0,139900.0
2022-11-09,138100.0,142100.0,138100.0,138400.0,29087018000,210204,178,142350.0,141950.0
2022-11-12,134300.0,142550.0,134250.0,138800.0,18828948150,135661,190,138400.0,142450.0
2022-11-13,135900.0,142900.0,135900.0,139450.0,4012434550,28563,68,138800.0,142750.0
2022-11-14,142950.0,143500.0,135300.0,136250.0,47039433700,345199,235,139450.0,138200.0
2022-11-15,140150.0,140300.0,140100.0,140250.0,18215362650,129866,109,136250.0,140300.0
2022-11-16,142950.0,144450.0,137900.0,144100.0,22192942050,153993,137,140250.0,144450.0
2022-11-19,148300.0,148400.0,140100.0,147800.0,28825653000,195016,236,144100.0,148400.0
2022-11-20,152200.0,152200.0,149100.0,151800.0,49590384900,326639,250,147800.0,152200.0
2022-11-21,155500.0,156350.0,153100.0,156200.0,30614774550,196023,220,151800.0,156350.0
2022-11-22,160500.0,160850.0,158850.0,160800.0,24208517300,150563,214,156200.0,160500.0
2022-11-23,158050.0,164500.0,156000.0,157950.0,15699079700,99386,192,160800.0,160000.0
2022-11-26,162300.0,162650.0,153250.0,155500.0,9054636850,58307,109,157950.0,153250.0
2022-11-27,150850.0,158600.0,150850.0,155750.0,1599821200,10183,38,155500.0,156000.0
2022-11-28,158300.0,160000.0,152000.0,155850.0,12294952150,78900,92,155750.0,158000.0
2022-11-29,159500.0,159500.0,151350.0,154800.0,5759253500,37387,84,155850.0,152050.0
2022-11-30,150700.0,156850.0,150200.0,150450.0,9291629950,61811,127,154800.0,150200.0
2022-12-03,149500.0,152250.0,149500.0,151150.0,8693862650,57468,51,150450.0,152150.0
2022-12-04,152150.0,154700.0,147050.0,151500.0,11581227000,76438,115,151150.0,152100.0
2022-12-05,152100.0,156000.0,150000.0,155450.0,29772731150,191551,136,151500.0,156000.0
2022-12-06,155500.0,160100.0,155500.0,158600.0,31096872150,196084,127,155450.0,160100.0
2022-12-07,163150.0,163350.0,156000.0,161600.0,40291189150,249302,131,158600.0,161000.0
2022-12-10,166350.0,166350.0,159900.0,161550.0,3126231050,19367,65,161600.0,159900.0
2022-12-11,161000.0,161250.0,158150.0,158200.0,37282950150,235637,93,161550.0,158200.0
2022-12-12,158100.0,160100.0,155000.0,158000.0,6401440950,40548,65,158200.0,160100.0
2022-12-13,156050.0,162700.0,156050.0,162350.0,68326758000,420905,151,158000.0,162700.0
2022-12-14,166200.0,167200.0,163950.0,167150.0,19733415100,118061,135,162350.0,167200.0
2022-12-17,167500.0,171800.0,167500.0,168800.0,6924011150,40830,95,167150.0,170000.0
2022-12-18,170000.0,173850.0,164150.0,172850.0,85469989900,494414,166,168800.0,173850.0
2022-12-19,175000.0,175000.0,168900.0,172300.0,18187791100,105556,151,172850.0,169000.0
2022-12-20,169100.0,173850.0,167150.0,171400.0,33395033000,194826,128,172300.0,173850.0
2022-12-21,173850.0,174800.0,169950.0,174250.0,23401525350,134307,71,171400.0,173000.0
2022-12-24,169550.0,179450.0,169550.0,177100.0,18058924950,101980,134,174250.0,175100.0
2022-12-25,181950.0,182400.0,176400.0,181600.0,20033799300,110328,130,177100.0,182350.0
2022-12-26,187000.0,187000.0,178000.0,184650.0,21684104600,117447,161,181600.0,184000.0
2022-12-28,186050.0,190150.0,186050.0,190150.0,59390048500,312359,176,184650.0,190150.0
2022-12-31,195650.0,195850.0,191000.0,195750.0,82861292400,423355,164,190150.0,195850.0
2023-01-01,201600.0,201600.0,195000.0,200850.0,25138427600,125149,165,195750.0,201600.0
2023-01-02,206850.0,206850.0,196600.0,203850.0,53121105450,260615,176,200850.0,206850.0
2023-01-03,209950.0,209950.0,206000.0,209200.0,56336747550,269304,187,203850.0,209950.0
2023-01-04,215450.0,215450.0,212000.0,213650.0,8569641300,39781,103,209200.0,215450.0
2023-01-07,220050.0,220050.0,220050.0,220050.0,12929037750,58755,36,213650.0,220050.0
2023-01-08,226650.0,226650.0,226650.0,226650.0,12658402500,55850,37,220050.0,226650.0
2023-01-09,233400.0,233400.0,233400.0,233300.0,12798722400,54836,38,226650.0,233400.0
2023-01-10,240250.0,240250.0,240250.0,240250.0,42533860000,177040,92,233300.0,240250.0
2023-01-11,247450.0,247450.0,240200.0,246550.0,64689563700,262374,273,240250.0,247450.0
2023-01-14,253900.0,253900.0,253850.0,253900.0,32366687850,127479,156,246550.0,253900.0
2023-01-16,261500.0,261500.0,246300.0,253300.0,115844770500,457335,673,253900.0,246300.0
2023-01-17,246500.0,246500.0,245750.0,245800.0,37227007050,151455,221,253300.0,245750.0
2023-01-23,238450.0,238450.0,238450.0,245450.0,671475200,2816,16,245800.0,238450.0
2023-01-24,238100.0,238100.0,238100.0,243600.0,3333876200,14002,28,245450.0,238100.0
2023-01-25,236300.0,236300.0,236300.0,241450.0,3868467300,16371,22,243600.0,236300.0
2023-01-28,234250.0,234250.0,234250.0,240500.0,2518890250,10753,9,241450.0,234250.0
2023-01-29,233300.0,233300.0,233300.0,240450.0,100319000,430,2,240500.0,233300.0
2023-01-30,233250.0,233250.0,233250.0,240400.0,139950000,600,1,240450.0,233250.0
2023-01-31,233200.0,247600.0,233200.0,236400.0,90525850650,382896,423,240400.0,236900.0
2023-02-01,229450.0,243450.0,229450.0,240750.0,40699019350,169050,207,236400.0,243450.0
2023-02-05,247900.0,247950.0,234350.0,243850.0,26671071800,109369,140,240750.0,247900.0
2023-02-06,238500.0,250950.0,236550.0,246150.0,21071198900,85601,186,243850.0,240100.0
2023-02-07,251150.0,253000.0,241650.0,246300.0,8512214350,34536,63,246150.0,241650.0
2023-02-08,240150.0,252950.0,238950.0,244800.0,36916691950,150800,133,246300.0,244000.0
2023-02-12,239000.0,239100.0,237500.0,242300.0,6793192800,28579,25,244800.0,237500.0
2023-02-13,235050.0,249000.0,235050.0,238050.0,27078871600,113748,140,242300.0,235050.0
2023-03-01,244500.0,251800.0,244500.0,248250.0,121005422100,487389,128,237250.0,251800.0
2023-03-04,255650.0,255650.0,255650.0,255650.0,25819883050,100997,69,248250.0,255650.0
2023-03-05,263300.0,263300.0,263300.0,263300.0,36165044900,137353,88,255650.0,263300.0
2023-03-06,271150.0,271150.0,271100.0,271150.0,110832263750,408749,210,263300.0,271150.0
2023-03-07,263800.0,278900.0,263050.0,266300.0,53743461050,201797,220,271150.0,271400.0
2023-03-11,274250.0,274250.0,265350.0,272850.0,43305468800,158710,163,266300.0,274250.0
2023-03-12,272950.0,281000.0,265000.0,279600.0,42599278900,152348,204,272850.0,280950.0
2023-03-13,287800.0,287950.0,281000.0,287400.0,49415050350,171952,173,279600.0,287850.0
2023-03-14,287900.0,296000.0,279200.0,293300.0,37966520750,129444,188,287400.0,290100.0
2023-03-15,295000.0,299000.0,284550.0,288300.0,38225411050,132587,171,293300.0,299000.0
2023-03-18,296800.0,296900.0,279700.0,287750.0,38605957050,134172,238,288300.0,296900.0
2023-03-19,296300.0,296350.0,279250.0,294400.0,43655100750,148294,215,287750.0,296300.0
2023-03-25,303200.0,303200.0,295300.0,302950.0,20721675700,68402,128,294400.0,303200.0
2023-03-26,312000.0,312000.0,300000.0,306700.0,10423685500,33569,28,302950.0,305050.0
2023-03-27,315750.0,315900.0,315750.0,311350.0,10833190400,34295,74,306700.0,315900.0
2023-03-28,320650.0,320650.0,320650.0,317650.0,14700519900,45846,85,311350.0,320650.0
2023-03-29,317000.0,327150.0,310050.0,320800.0,13469029600,41731,137,317650.0,327150.0
2023-04-03,330400.0,330400.0,320500.0,324250.0,8284064950,25148,70,320800.0,330400.0
2023-04-04,333950.0,333950.0,320000.0,331200.0,15823926550,47463,83,324250.0,333950.0
2023-04-05,339900.0,341100.0,330000.0,340500.0,34554884700,101487,105,331200.0,341100.0
2023-04-08,350700.0,350700.0,340600.0,349550.0,18382812550,52426,150,340500.0,350700.0
2023-04-09,360000.0,360000.0,354200.0,357350.0,16303375300,45329,107,349550.0,360000.0
2023-04-10,360000.0,368050.0,360000.0,367050.0,37009363900,100835,181,357350.0,360350.0
2023-04-11,356050.0,378050.0,356050.0,374200.0,41858892250,111862,187,367050.0,378050.0
2023-04-15,385400.0,385400.0,380050.0,382500.0,17228787100,44810,140,374200.0,385400.0
2023-04-16,393950.0,393950.0,381000.0,392550.0,61812138250,157462,209,382500.0,393950.0
2023-04-17,393950.0,393950.0,380800.0,384100.0,29762266150,77482,192,392550.0,380800.0
2023-04-18,372600.0,384800.0,372600.0,373650.0,44146324850,118144,260,384100.0,372600.0
2023-04-19,362600.0,373700.0,362450.0,363100.0,35348037900,97353,174,373650.0,362450.0
2023-04-24,362450.0,362450.0,352250.0,354450.0,17560194900,49687,71,363100.0,352250.0
2023-04-25,343850.0,365050.0,343850.0,355900.0,81265589250,228338,352,354450.0,365050.0
2023-04-26,366550.0,366550.0,365050.0,366450.0,66366904900,181115,238,355900.0,366550.0
2023-04-29,360000.0,377400.0,360000.0,377200.0,48896170950,129637,211,366450.0,377400.0
2023-04-30,388500.0,388500.0,377950.0,386900.0,37629561750,97257,168,377200.0,388500.0
2023-05-01,395600.0,395600.0,378150.0,384900.0,21493047000,55841,171,386900.0,386200.0
2023-05-02,378100.0,396100.0,373400.0,380750.0,100422481850,263744,302,384900.0,390600.0
2023-05-03,392000.0,392000.0,369350.0,378900.0,23535215800,62117,148,380750.0,370300.0
2023-05-09,390250.0,390250.0,367550.0,371750.0,14635002850,39677,50,378900.0,367550.0
2023-05-10,380000.0,382850.0,360600.0,366050.0,20153850450,55064,79,371750.0,360600.0
2023-05-13,355100.0,355100.0,355100.0,364800.0,2232158600,6286,16,366050.0,355100.0
2023-05-15,375700.0,375700.0,368000.0,374300.0,23994583000,64106,101,364800.0,375550.0
2023-05-17,385350.0,385350.0,363100.0,366800.0,16320098050,44716,130,374300.0,363100.0
2023-05-20,355900.0,355900.0,355800.0,365250.0,2769917300,7785,17,366800.0,355800.0
2023-05-21,354300.0,376200.0,354300.0,370650.0,128440576100,346547,206,365250.0,376150.0
2023-05-22,359550.0,381750.0,359550.0,363900.0,110605905850,303936,362,370650.0,359550.0
2023-05-23,359550.0,359550.0,353000.0,353200.0,54144100900,153298,141,363900.0,353000.0
2023-05-24,349000.0,363750.0,342650.0,354050.0,103234418950,291579,282,353200.0,363750.0
2023-05-27,364650.0,364650.0,358300.0,364350.0,47658296650,130801,201,354050.0,362000.0
2023-05-28,364000.0,373500.0,355100.0,368900.0,27716560400,75128,111,364350.0,361000.0
2023-05-29,358050.0,372000.0,358050.0,368200.0,19671440800,53432,108,368900.0,371850.0
2023-05-30,357450.0,370000.0,357450.0,367000.0,30196795300,82276,105,368200.0,360150.0
2023-05-31,368000.0,375000.0,356000.0,366700.0,12660470000,34546,88,367000.0,368000.0
2023-06-03,357000.0,366700.0,355700.0,362550.0,12893140400,35789,106,366700.0,366700.0
2023-06-06,373350.0,373350.0,351700.0,353250.0,18967876150,53742,133,362550.0,351700.0
2023-06-07,342950.0,358000.0,342950.0,352000.0,4818638250,13838,57,353250.0,348000.0
2023-06-10,341550.0,341550.0,341450.0,349400.0,4803218150,14067,29,352000.0,341450.0
2023-06-11,338950.0,349800.0,338950.0,344300.0,17564996900,51103,80,349400.0,349800.0
2023-06-12,334000.0,354500.0,334000.0,344450.0,122003902800,354195,106,344300.0,334000.0
2023-06-13,334250.0,351750.0,334150.0,345200.0,69761879850,202104,148,344450.0,344450.0
2023-06-14,344450.0,349850.0,334850.0,344850.0,121065621200,351056,170,345200.0,334850.0
2023-06-17,334600.0,344750.0,334550.0,335750.0,17315178150,51739,70,344850.0,334550.0
2023-06-18,325800.0,345800.0,325700.0,334550.0,71599205250,214019,204,335750.0,345800.0
2023-06-19,344550.0,344550.0,344550.0,344550.0,19982866350,57997,33,334550.0,344550.0
2023-06-20,354850.0,354850.0,354850.0,354850.0,27184703650,76609,25,344550.0,354850.0
2023-06-21,365450.0,365450.0,354850.0,365300.0,381047011050,1043052,318,354850.0,365450.0
2023-06-24,376250.0,376250.0,367000.0,376050.0,262491855250,698053,208,365300.0,376250.0
2023-06-25,387300.0,387300.0,383100.0,387250.0,41044559650,105990,156,376050.0,387300.0
2023-06-26,398600.0,398850.0,377000.0,394950.0,148592065200,376213,319,387250.0,388450.0
2023-06-27,399950.0,399950.0,383150.0,390550.0,120975534400,309776,160,394950.0,398800.0
2023-06-28,399800.0,402250.0,384550.0,401100.0,303590344850,756875,306,390550.0,402250.0
2023-07-01,413100.0,413100.0,397000.0,400700.0,76837057000,191765,182,401100.0,397000.0
2023-07-02,410650.0,412600.0,400000.0,408450.0,29359366750,71879,195,400700.0,400900.0
2023-07-03,400000.0,419500.0,400000.0,413550.0,104353976600,252327,239,408450.0,404650.0
2023-07-04,401700.0,401850.0,401150.0,405400.0,14668254100,36562,77,413550.0,401150.0
2023-07-05,393250.0,393250.0,393250.0,393250.0,35323681250,89825,58,405400.0,393250.0
2023-07-08,385000.0,404800.0,381500.0,385350.0,31681942850,82212,202,393250.0,381500.0
2023-07-09,385300.0,385350.0,373800.0,381800.0,11104417500,29326,86,385350.0,373800.0
2023-07-10,370350.0,370350.0,370350.0,380200.0,2909839950,7857,22,381800.0,370350.0
2023-07-11,368800.0,391600.0,368800.0,386600.0,190764769100,493442,200,380200.0,368850.0
2023-07-12,375300.0,376000.0,375050.0,380400.0,11235349400,29953,31,386600.0,375050.0
2023-07-15,369000.0,369050.0,369000.0,369000.0,23627102300,64030,60,380400.0,369000.0
2023-07-16,357950.0,357950.0,357950.0,366850.0,3878030300,10834,21,369000.0,357950.0
2023-07-17,355850.0,355850.0,355850.0,365700.0,2043290700,5742,9,366850.0,355850.0
2023-07-18,354750.0,354750.0,354750.0,364350.0,2446710750,6897,20,365700.0,354750.0
2023-07-19,353450.0,353450.0,353450.0,362050.0,4172830700,11806,15,364350.0,353450.0
2023-07-22,351200.0,351200.0,351200.0,358450.0,6466294400,18412,13,362050.0,351200.0
2023-07-23,347700.0,347700.0,347700.0,357250.0,2186685300,6289,12,358450.0,347700.0
2023-07-24,346550.0,346550.0,346550.0,348800.0,15246813800,43996,30,357250.0,346550.0
2023-07-25,338350.0,338350.0,338350.0,338700.0,18216764000,53840,33,348800.0,338350.0
2023-07-26,328550.0,328550.0,328550.0,332900.0,10414377900,31698,23,338700.0,328550.0
2023-07-29,322950.0,335000.0,322950.0,323100.0,30556291150,94579,72,332900.0,326650.0
2023-07-30,329000.0,332750.0,313450.0,317650.0,461980605900,1454274,188,323100.0,314450.0
2023-07-31,308150.0,309000.0,308150.0,308150.0,19781574700,64192,63,317650.0,308150.0
2023-08-01,298950.0,298950.0,298950.0,305150.0,5868687450,19631,30,308150.0,298950.0
2023-08-05,296000.0,296000.0,296000.0,304600.0,1204424000,4069,10,305150.0,296000.0
2023-08-06,295500.0,295500.0,295500.0,298850.0,12228085500,41381,48,304600.0,295500.0
2023-08-07,289900.0,289900.0,289900.0,298050.0,1650980500,5695,18,298850.0,289900.0
2023-08-08,289150.0,289150.0,289150.0,297800.0,489820100,1694,9,298050.0,289150.0
2023-08-09,288900.0,288900.0,288900.0,297250.0,1167156000,4040,7,297800.0,288900.0
2023-08-12,288350.0,288350.0,288350.0,297250.0,50461250,175,1,297250.0,288350.0
2023-08-13,288350.0,288350.0,288350.0,296900.0,749133300,2598,7,297250.0,288350.0
2023-08-14,282100.0,282100.0,282100.0,293400.0,4493288800,15928,17,296900.0,282100.0
2023-08-15,284600.0,284600.0,284600.0,293400.0,50089600,176,1,293400.0,284600.0
2023-08-16,284600.0,284600.0,284600.0,293100.0,615874400,2164,3,293400.0,284600.0
2023-08-19,284350.0,284350.0,284350.0,292550.0,1226117200,4312,8,293100.0,284350.0
2023-08-20,283800.0,283800.0,283800.0,292500.0,151549200,534,3,292550.0,283800.0
2023-08-21,283750.0,283750.0,283750.0,292350.0,288573750,1017,5,292500.0,283750.0
2023-08-22,277750.0,277750.0,277750.0,292150.0,253308000,912,4,292350.0,277750.0
2023-08-23,283400.0,283400.0,283400.0,292100.0,101740600,359,2,292150.0,283400.0
2023-08-26,283350.0,283350.0,283350.0,286400.0,12639960150,44609,15,292100.0,283350.0
2023-08-27,277850.0,277850.0,277850.0,285100.0,2927427600,10536,8,286400.0,277850.0
2023-08-28,276550.0,276550.0,276550.0,285050.0,138275000,500,1,285100.0,276550.0
2023-08-29,276500.0,276500.0,276500.0,285000.0,110600000,400,2,285050.0,276500.0
2023-09-03,276450.0,276450.0,276450.0,276450.0,1101653250,3985,7,285000.0,276450.0
2023-09-04,268200.0,268200.0,268200.0,268200.0,2906483400,10837,18,276450.0,268200.0
2023-09-05,260200.0,260200.0,260200.0,260200.0,13227006800,50834,56,268200.0,260200.0
2023-09-09,252400.0,253100.0,252400.0,252450.0,83983174000,332687,130,260200.0,252400.0
2023-09-10,244900.0,244900.0,244900.0,251750.0,1741483900,7111,9,252450.0,244900.0
2023-09-11,244200.0,244200.0,244200.0,251000.0,1852501200,7586,7,251750.0,244200.0
2023-09-12,243500.0,243500.0,243500.0,250600.0,982522500,4035,7,251000.0,243500.0
2023-09-13,243100.0,243100.0,243100.0,249250.0,3398051800,13978,14,250600.0,243100.0
2023-09-17,241800.0,241800.0,241800.0,248550.0,1762238400,7288,19,249250.0,241800.0
2023-09-18,241100.0,241100.0,241100.0,246350.0,5743725300,23823,26,248550.0,241100.0
2023-09-19,239000.0,239000.0,239000.0,239000.0,22639992000,94728,47,246350.0,239000.0
2023-09-20,231850.0,231850.0,231850.0,238600.0,983971400,4244,15,239000.0,231850.0
2023-09-23,231450.0,231450.0,231450.0,238200.0,1055874900,4562,12,238600.0,231450.0
2023-09-25,231100.0,231100.0,231100.0,236450.0,4836691900,20929,11,238200.0,231100.0
2023-09-26,229400.0,231100.0,229400.0,229400.0,166139108500,724174,452,236450.0,229400.0
2023-09-27,223000.0,232100.0,222550.0,225850.0,96430830850,427015,644,229400.0,222550.0
2023-09-30,219100.0,226000.0,219100.0,219300.0,46808576700,213430,278,225850.0,219100.0
2023-10-01,216000.0,225850.0,212850.0,222300.0,12172600000,54297,117,219300.0,225850.0
2023-10-02,228950.0,228950.0,225850.0,228950.0,47812679550,208841,215,222300.0,228950.0
2023-10-04,235800.0,235800.0,235100.0,235800.0,35400374900,150137,193,228950.0,235800.0
2023-10-07,242850.0,242850.0,242850.0,242850.0,27714527700,114122,105,235800.0,242850.0
2023-10-08,243500.0,243500.0,235600.0,236350.0,36949886700,156341,204,242850.0,235600.0
2023-10-09,229300.0,242800.0,229300.0,233800.0,27388183000,117146,218,236350.0,230700.0
2023-10-10,226950.0,238500.0,226950.0,232700.0,8719501500,37702,98,233800.0,230000.0
2023-10-11,230000.0,232300.0,225750.0,229650.0,10433702150,45955,142,232700.0,225750.0
2023-10-14,225750.0,225750.0,222800.0,228150.0,4716150750,21103,32,229650.0,222800.0
2023-10-15,221350.0,221350.0,221350.0,221350.0,44273320250,200015,29,228150.0,221350.0
2023-10-16,214800.0,215000.0,214750.0,217750.0,10281679250,47872,88,221350.0,214750.0
2023-10-17,211250.0,211250.0,211250.0,213600.0,11688673750,55331,36,217750.0,211250.0
2023-10-18,207200.0,207200.0,207200.0,212850.0,2115304800,10209,8,213600.0,207200.0
2023-10-21,206500.0,206500.0,206500.0,212350.0,1453966500,7041,11,212850.0,206500.0
2023-10-22,206000.0,206000.0,206000.0,212150.0,618000000,3000,6,212350.0,206000.0
2023-10-23,205800.0,205800.0,205800.0,211550.0,1878954000,9130,12,212150.0,205800.0
2023-10-24,205250.0,205250.0,205250.0,211500.0,101598750,495,2,211550.0,205250.0
2023-10-25,205200.0,205200.0,205200.0,211350.0,444258000,2165,3,211500.0,205200.0
2023-10-28,200800.0,200800.0,200800.0,206200.0,9234390400,45988,14,211350.0,200800.0
2023-10-29,200050.0,200050.0,200050.0,203550.0,8144635650,40713,13,206200.0,200050.0
2023-10-30,197450.0,197600.0,197450.0,197450.0,20819560950,105441,115,203550.0,197450.0
2023-10-31,191550.0,191550.0,191550.0,196750.0,2146700850,11207,27,197450.0,191550.0
2023-11-01,190850.0,190850.0,190850.0,196700.0,108402800,568,2,196750.0,190850.0
2023-11-04,190800.0,190800.0,190800.0,196250.0,1440158400,7548,17,196700.0,190800.0
2023-11-05,190400.0,190400.0,190400.0,195250.0,3289350400,17276,8,196250.0,190400.0
2023-11-06,189400.0,189400.0,189400.0,195000.0,745099600,3934,6,195250.0,189400.0
2023-11-07,189150.0,189150.0,189150.0,194750.0,903191250,4775,15,195000.0,189150.0
2023-11-08,188950.0,194500.0,188950.0,189100.0,80063643950,423447,303,194750.0,188950.0
2023-11-11,184000.0,188950.0,183450.0,184050.0,22110359150,120126,222,189100.0,183450.0
2023-11-12,178950.0,179200.0,178550.0,178600.0,34363060950,192394,269,184050.0,178550.0
2023-11-13,173350.0,183950.0,173250.0,180500.0,18281223450,101243,118,178600.0,183950.0
2023-11-14,185900.0,185900.0,183050.0,185800.0,36779724000,197951,238,180500.0,185850.0
2023-11-15,186000.0,186000.0,180250.0,183700.0,8134621550,44977,69,185800.0,180250.0
2023-11-20,178200.0,178200.0,178200.0,183250.0,1671872400,9382,12,183700.0,178200.0
2023-11-21,177800.0,177800.0,177800.0,181300.0,6938822800,39026,15,183250.0,177800.0
2023-11-22,175900.0,175900.0,175900.0,180450.0,3001205800,17062,30,181300.0,175900.0
2023-11-25,175050.0,175050.0,175050.0,180350.0,430447950,2459,5,180450.0,175050.0
2023-11-26,174950.0,174950.0,174950.0,180150.0,632094350,3613,5,180350.0,174950.0
2023-11-27,174750.0,174750.0,174750.0,179950.0,632070750,3617,9,180150.0,174750.0
2023-11-28,174600.0,174600.0,174600.0,179700.0,861825600,4936,4,179950.0,174600.0
2023-11-29,174350.0,174350.0,174350.0,179600.0,294302800,1688,3,179700.0,174350.0
2023-12-02,170650.0,170650.0,170650.0,176300.0,7059107900,41366,52,179600.0,170650.0
2023-12-03,171050.0,171050.0,171050.0,175450.0,3092755050,18081,14,176300.0,171050.0
2023-12-04,170200.0,170200.0,170200.0,174950.0,1762761400,10357,15,175450.0,170200.0
2023-12-05,169750.0,169750.0,169750.0,174650.0,1012219250,5963,14,174950.0,169750.0
2023-12-06,169450.0,169450.0,169450.0,174450.0,677800000,4000,12,174650.0,169450.0
2023-12-09,169250.0,179650.0,169250.0,174600.0,67439531650,386232,325,174450.0,179650.0
2023-12-10,179650.0,179800.0,179650.0,179800.0,21521862450,119704,201,174600.0,179800.0
2023-12-11,174650.0,181200.0,174450.0,176800.0,13434596450,76623,151,179800.0,174450.0
2023-12-12,171500.0,171550.0,171500.0,175050.0,6457613600,37653,76,176800.0,171500.0
2023-12-13,169800.0,169800.0,169800.0,173550.0,5631586800,33166,52,175050.0,169800.0
2023-12-16,168350.0,173900.0,168350.0,168550.0,26155281700,155193,136,173550.0,168350.0
2023-12-18,163500.0,171150.0,163500.0,163800.0,63351288100,386701,288,168550.0,165900.0
2023-12-19,164150.0,168000.0,161500.0,164250.0,9489306600,57610,132,163800.0,167000.0
2023-12-20,160000.0,168650.0,159450.0,165300.0,9431146500,56681,113,164250.0,164900.0
2023-12-23,162550.0,165100.0,160350.0,160750.0,24643200150,153298,219,165300.0,160350.0
2023-12-24,156100.0,161450.0,155950.0,156400.0,17668184250,113189,193,160750.0,157000.0
2023-12-25,161050.0,161050.0,151750.0,152850.0,20513192850,134189,193,156400.0,151750.0
2023-12-26,148300.0,150600.0,148300.0,148450.0,25199157400,169747,258,152850.0,148550.0
2023-12-27,144250.0,152900.0,144250.0,151650.0,15206859250,99842,200,148450.0,152900.0
2023-12-30,156100.0,156150.0,156100.0,152350.0,3102649050,19870,46,151650.0,156150.0
2023-12-31,156900.0,156900.0,156900.0,156000.0,16532396100,105369,84,152350.0,156900.0
2024-01-01,156900.0,156900.0,151350.0,152100.0,32921532150,216480,206,156000.0,151350.0
2024-01-02,147600.0,152000.0,147550.0,150700.0,7547546600,50833,110,152100.0,148700.0
2024-01-03,154950.0,154950.0,146500.0,149600.0,7689472900,51975,94,150700.0,149900.0
2024-01-06,146200.0,154050.0,145150.0,150000.0,10086564200,67064,131,149600.0,151600.0
2024-01-07,154350.0,154350.0,145650.0,149550.0,4126049450,27897,68,150000.0,149600.0
2024-01-08,146000.0,149000.0,145600.0,148650.0,5374462450,36735,65,149550.0,145950.0
2024-01-09,145000.0,149950.0,145000.0,148400.0,3934738050,26684,53,148650.0,145550.0
2024-01-10,149200.0,152850.0,145050.0,151750.0,18076728300,118792,170,148400.0,152850.0
2024-01-13,147400.0,156300.0,147400.0,154700.0,13868328600,88848,147,151750.0,156300.0
2024-01-14,157750.0,159300.0,157750.0,155850.0,5967315200,37576,52,154700.0,159300.0
2024-01-15,160500.0,160500.0,160500.0,160150.0,19535418000,121716,157,155850.0,160500.0
2024-01-16,163400.0,164950.0,159850.0,164350.0,29354896150,178613,251,160150.0,164950.0
2024-01-29,163950.0,169200.0,159400.0,164750.0,15825625300,95981,113,164300.0,169200.0
2024-01-30,169300.0,169650.0,160250.0,167350.0,13523364000,80145,153,164750.0,167600.0
2024-01-31,162500.0,170950.0,162500.0,166750.0,3108970200,19004,55,167350.0,162900.0
2024-02-03,164500.0,171700.0,161750.0,166050.0,25950442250,156262,179,166750.0,161750.0
2024-02-04,161200.0,165550.0,161100.0,164050.0,8007793950,49677,68,166050.0,161100.0
2024-02-05,159150.0,159550.0,159150.0,163100.0,3817263950,23977,41,164050.0,159150.0
2024-02-06,158250.0,158350.0,158250.0,162150.0,3644529500,23030,40,163100.0,158250.0
2024-02-07,157300.0,157300.0,157300.0,161400.0,2961644400,18828,27,162150.0,157300.0
2024-02-10,156600.0,156600.0,156600.0,161250.0,704700000,4500,8,161400.0,156600.0
2024-02-12,156450.0,156450.0,156450.0,161150.0,464343600,2968,7,161250.0,156450.0
2024-02-13,156350.0,156350.0,156350.0,161050.0,401663150,2569,6,161150.0,156350.0
2024-02-14,156250.0,156250.0,156250.0,161000.0,251093750,1607,5,161050.0,156250.0
2024-02-17,152950.0,154000.0,152950.0,156650.0,10362273300,67737,74,161000.0,152950.0
2024-02-18,152000.0,152100.0,152000.0,155950.0,2780626000,18293,26,156650.0,152000.0
2024-02-19,151300.0,155650.0,151300.0,153500.0,10452610900,68988,75,155950.0,151300.0
2024-02-20,148900.0,154500.0,148900.0,153150.0,2012947300,13389,43,153500.0,150100.0
2024-02-21,148950.0,149100.0,148600.0,152050.0,4624532650,31105,42,153150.0,148900.0
2024-02-24,147550.0,150000.0,147500.0,150700.0,5791999550,39252,52,152050.0,147500.0
2024-02-26,146300.0,147000.0,146200.0,149800.0,3968984700,27142,59,150700.0,146200.0
2024-02-27,145350.0,145350.0,145350.0,149650.0,640993500,4410,16,149800.0,145350.0
2024-02-28,145200.0,149600.0,145200.0,149400.0,1176090450,8063,15,149650.0,145200.0
2024-03-02,144950.0,151650.0,144950.0,147300.0,11350281300,77834,75,149400.0,151400.0
2024-03-03,151550.0,151700.0,150000.0,149000.0,8251386150,54475,71,147300.0,150000.0
2024-03-04,144700.0,151600.0,144550.0,148900.0,5102657300,34351,31,149000.0,144550.0
2024-03-05,144450.0,146950.0,144450.0,147100.0,8079511850,55863,85,148900.0,144950.0
2024-03-06,149000.0,149000.0,142850.0,146300.0,4077563450,28438,50,147100.0,144000.0
2024-03-10,142000.0,142150.0,141950.0,146000.0,1380552400,9722,26,146300.0,141950.0
2024-03-11,141650.0,145900.0,141650.0,145300.0,3152101600,22228,46,146000.0,141650.0
2024-03-12,141000.0,141000.0,140950.0,143850.0,6531993800,46341,51,145300.0,140950.0
2024-03-13,140000.0,140000.0,139550.0,143350.0,2240227350,16047,29,143850.0,139550.0
2024-03-16,139050.0,139050.0,139050.0,143100.0,1237127850,8897,12,143350.0,139050.0
2024-03-17,138850.0,140000.0,138850.0,141800.0,5880751700,42352,59,143100.0,140000.0
2024-03-18,137550.0,146050.0,137550.0,141600.0,6375741900,45139,68,141800.0,144800.0
2024-03-24,145800.0,145800.0,145450.0,142100.0,2589661450,17765,36,141600.0,145500.0
2024-03-25,139500.0,143000.0,139500.0,141900.0,3682359250,26136,43,142100.0,140600.0
2024-03-26,140600.0,145350.0,138500.0,141950.0,2053150850,14429,24,141900.0,145100.0
2024-03-27,145100.0,145200.0,142000.0,142000.0,572517550,3981,10,141950.0,143300.0
2024-03-30,146100.0,146100.0,140000.0,141850.0,3705780750,26240,35,142000.0,140200.0
2024-04-02,138850.0,138850.0,137700.0,141550.0,1608621600,11626,27,141850.0,137850.0
2024-04-03,137450.0,138000.0,137450.0,141400.0,877944450,6365,23,141550.0,138000.0
2024-04-06,137250.0,137300.0,137200.0,140750.0,3117224500,22718,37,141400.0,137200.0
2024-04-07,136550.0,136850.0,136550.0,140550.0,985590900,7216,29,140750.0,136550.0
2024-04-08,136400.0,140550.0,136350.0,139750.0,3830410800,28069,46,140550.0,136350.0
2024-04-09,135600.0,135600.0,135600.0,138400.0,6333469200,46707,33,139750.0,135600.0
2024-04-16,137050.0,137050.0,137050.0,138400.0,50708500,370,1,138400.0,137050.0
2024-04-17,137050.0,137050.0,137050.0,138300.0,1729845100,12622,10,138400.0,137050.0
2024-04-20,134250.0,137000.0,134200.0,136550.0,9128196250,67841,80,138300.0,134200.0
2024-04-21,132500.0,132700.0,132500.0,135800.0,3572009350,26956,59,136550.0,132500.0
2024-04-22,139800.0,139850.0,139300.0,137750.0,9925708950,71007,117,135800.0,139850.0
2024-04-23,141850.0,141850.0,141850.0,138400.0,3223257550,22723,46,137750.0,141850.0
2024-04-24,142550.0,142550.0,142550.0,138600.0,953802050,6691,18,138400.0,142550.0
2024-04-27,142750.0,142750.0,142750.0,140200.0,7931475500,55562,52,138600.0,142750.0
2024-04-28,144400.0,144400.0,144400.0,141250.0,5272044000,36510,52,140200.0,144400.0
2024-04-29,145450.0,145450.0,145450.0,141450.0,917498600,6308,28,141250.0,145450.0
2024-04-30,145650.0,145650.0,145650.0,141800.0,1815672900,12466,28,141450.0,145650.0
2024-05-01,146050.0,146050.0,137550.0,145850.0,40816796650,279841,119,141800.0,146050.0
2024-05-05,150200.0,150200.0,150200.0,147750.0,8947714400,59572,28,145850.0,150200.0
2024-05-06,152150.0,152150.0,152150.0,148150.0,1851209050,12167,19,147750.0,152150.0
2024-05-07,152550.0,152550.0,152550.0,151800.0,17295661350,113377,29,148150.0,152550.0
2024-05-08,156350.0,156350.0,156350.0,156350.0,54601016050,349223,244,151800.0,156350.0
2024-05-11,161000.0,161000.0,151700.0,154250.0,17046529950,110746,127,156350.0,151700.0
2024-05-12,150000.0,158850.0,149650.0,155500.0,24722400550,158999,236,154250.0,158850.0
2024-05-13,160150.0,160150.0,160050.0,157450.0,8629077150,53883,114,155500.0,160150.0
2024-05-14,162150.0,162150.0,162000.0,161700.0,18696737900,115309,164,157450.0,162150.0
2024-05-15,166550.0,166550.0,163700.0,164100.0,10737512400,64491,163,161700.0,166550.0
2024-05-18,169000.0,169000.0,166600.0,169000.0,36284498100,214726,194,164100.0,169000.0
2024-05-19,169000.0,173000.0,163950.0,166950.0,23236020900,139192,233,169000.0,171500.0
2024-05-26,163650.0,163650.0,163650.0,166850.0,625143000,3820,7,166950.0,163650.0
2024-05-27,163550.0,163550.0,163550.0,166700.0,896744650,5483,8,166850.0,163550.0
2024-05-28,163400.0,163400.0,163400.0,166500.0,1207362600,7389,9,166700.0,163400.0
2024-05-29,163200.0,163200.0,163200.0,166300.0,1228732800,7529,8,166500.0,163200.0
2024-06-01,163000.0,163000.0,163000.0,166300.0,54768000,336,1,166300.0,163000.0
2024-06-02,163000.0,163000.0,163000.0,166300.0,51508000,316,1,166300.0,163000.0
2024-06-05,163000.0,163000.0,163000.0,166300.0,130400000,800,1,166300.0,163000.0
2024-06-08,163000.0,163000.0,163000.0,166100.0,1092589000,6703,2,166300.0,163000.0
2024-06-09,162800.0,162800.0,162800.0,166100.0,54700800,336,1,166100.0,162800.0
2024-06-10,162800.0,162800.0,162800.0,166000.0,463003200,2844,3,166100.0,162800.0
2024-06-11,162700.0,162700.0,162700.0,165950.0,149358600,918,1,166000.0,162700.0
2024-06-15,162650.0,162650.0,162650.0,165950.0,77096100,474,1,165950.0,162650.0
2024-06-18,162650.0,162650.0,162650.0,165950.0,57415450,353,1,165950.0,162650.0
2024-07-03,161000.0,161000.0,161000.0,161000.0,206402000,1282,5,165950.0,161000.0
2024-07-06,156200.0,156200.0,156200.0,156200.0,3578854400,22912,26,161000.0,156200.0
2024-07-07,151550.0,151550.0,151550.0,151550.0,800032450,5279,7,156200.0,151550.0
2024-07-08,147050.0,147050.0,147050.0,147050.0,821274250,5585,7,151550.0,147050.0
2024-07-09,142650.0,142650.0,142650.0,142650.0,16763942700,117518,78,147050.0,142650.0
2024-07-10,139350.0,146900.0,139350.0,145700.0,12309249550,84485,147,142650.0,146900.0
2024-07-13,149900.0,150050.0,148000.0,147400.0,8043897200,53618,89,145700.0,150050.0
2024-07-14,151800.0,151800.0,146050.0,148500.0,7247218700,48148,68,147400.0,151800.0
2024-07-17,152900.0,152900.0,144050.0,147050.0,7550583650,52188,69,148500.0,144050.0
2024-07-20,142650.0,148350.0,142650.0,145800.0,6704445150,46771,52,147050.0,142650.0
2024-07-21,141450.0,150150.0,141450.0,144300.0,10514685350,73526,55,145800.0,150150.0
2024-07-22,148600.0,148600.0,140000.0,143900.0,4623466900,32440,57,144300.0,146700.0
2024-07-27,148100.0,148100.0,147800.0,144000.0,621660000,4200,3,143900.0,147800.0
2024-07-29,139700.0,146900.0,139700.0,144000.0,6692074500,46469,68,144000.0,144900.0
2024-07-30,148100.0,148100.0,139700.0,144050.0,5980137350,41494,98,144000.0,144000.0
2024-07-31,148000.0,148000.0,139750.0,143700.0,1969224500,14022,27,144050.0,139750.0
2024-08-03,139750.0,147800.0,139400.0,143850.0,5308643250,36817,76,143700.0,139400.0
2024-08-04,142450.0,142450.0,142450.0,143800.0,612535000,4300,4,143850.0,142450.0
2024-08-05,142400.0,142400.0,142400.0,143750.0,384480000,2700,2,143800.0,142400.0
2024-08-10,142350.0,142350.0,142350.0,143700.0,879438300,6178,2,143750.0,142350.0
2024-08-12,142300.0,142300.0,142300.0,143700.0,192105000,1350,1,143700.0,142300.0
2024-08-18,140850.0,140850.0,140850.0,143650.0,430296750,3055,5,143700.0,140850.0
2024-08-26,140800.0,140800.0,140800.0,143500.0,985600000,7000,4,143650.0,140800.0
2024-08-31,140650.0,146350.0,140650.0,141450.0,20325965150,143673,132,143500.0,140650.0
2024-09-01,138650.0,144250.0,138650.0,140300.0,10550046600,75731,98,141450.0,138650.0
2024-09-03,137500.0,137500.0,137500.0,139800.0,3561937500,25905,17,140300.0,137500.0
2024-09-07,135650.0,135650.0,135650.0,139000.0,3786262800,27912,11,139800.0,135650.0
2024-09-08,134850.0,134850.0,134850.0,138100.0,4160122500,30850,21,139000.0,134850.0
2024-09-09,134000.0,134000.0,134000.0,136600.0,7034598000,52497,43,138100.0,134000.0
2024-09-10,132550.0,139850.0,132550.0,135450.0,5913177850,44469,35,136600.0,132550.0
2024-09-11,131400.0,131500.0,131400.0,134600.0,3979286200,30283,45,135450.0,131400.0
2024-09-14,130600.0,130600.0,130600.0,133250.0,6660338800,50998,41,134600.0,130600.0
2024-09-15,129300.0,129300.0,129300.0,133200.0,310320000,2400,2,133250.0,129300.0
2024-09-16,129250.0,129250.0,129250.0,132800.0,1862621750,14411,5,133200.0,129250.0
2024-09-17,128850.0,128850.0,128850.0,132500.0,1571068050,12193,8,132800.0,128850.0
2024-09-18,128550.0,128850.0,128550.0,129000.0,17012685500,132338,102,132500.0,128550.0
2024-09-22,125200.0,126350.0,125150.0,127700.0,6630019150,52963,40,129000.0,125150.0
2024-09-23,123900.0,124000.0,123900.0,126950.0,3853632550,31102,31,127700.0,123900.0
2024-09-24,123150.0,129850.0,123150.0,125650.0,24987575650,198897,131,126950.0,126300.0
2024-09-25,129150.0,129400.0,128100.0,128600.0,16385954900,126755,97,125650.0,129350.0
2024-09-28,127350.0,127350.0,127350.0,128550.0,833760450,6547,10,128600.0,127350.0
2024-09-29,127300.0,127300.0,127300.0,128350.0,2975510200,23374,25,128550.0,127300.0
2024-09-30,127100.0,128000.0,127100.0,128300.0,1165350500,9166,8,128350.0,127100.0
2024-10-05,127050.0,127050.0,127050.0,128250.0,562831500,4430,3,128300.0,127050.0
2024-10-06,127000.0,127000.0,127000.0,128250.0,127000,1,1,128250.0,127000.0
2024-10-07,127000.0,127000.0,127000.0,128250.0,221488000,1744,4,128250.0,127000.0
2024-10-08,127000.0,127000.0,127000.0,128250.0,54737000,431,2,128250.0,127000.0
2024-10-09,127000.0,127000.0,127000.0,128250.0,342900000,2700,2,128250.0,127000.0
2024-10-12,124450.0,124450.0,124450.0,128200.0,203600200,1636,6,128250.0,124450.0
2024-10-13,124400.0,124400.0,124400.0,128050.0,759088800,6102,3,128200.0,124400.0
2024-10-14,124250.0,124250.0,124250.0,127950.0,607955250,4893,3,128050.0,124250.0
2024-10-15,124150.0,124150.0,124150.0,127950.0,50777350,409,1,127950.0,124150.0
2024-10-16,124150.0,124150.0,124150.0,127950.0,118314950,953,2,127950.0,124150.0
2024-10-19,121600.0,121600.0,121600.0,127850.0,354342400,2914,6,127950.0,121600.0
2024-10-26,124050.0,124050.0,124050.0,127750.0,438640800,3536,4,127850.0,124050.0
2024-10-27,121400.0,121400.0,121400.0,125200.0,7653905800,63047,42,127750.0,121400.0
2024-10-28,121450.0,121450.0,121450.0,124750.0,2304392300,18974,7,125200.0,121450.0
2024-10-29,121050.0,121050.0,121050.0,124700.0,326835000,2700,2,124750.0,121050.0
2024-10-30,121000.0,121000.0,121000.0,124600.0,395307000,3267,4,124700.0,121000.0
2024-11-02,120900.0,120900.0,120900.0,124550.0,362700000,3000,3,124600.0,120900.0
2024-11-04,118350.0,118350.0,118350.0,124250.0,885376350,7481,9,124550.0,118350.0
2024-11-05,120550.0,120550.0,120550.0,124250.0,50028250,415,1,124250.0,120550.0
2024-11-09,120550.0,120550.0,120550.0,124000.0,1288438400,10688,11,124250.0,120550.0
2024-11-10,120300.0,120300.0,120300.0,122900.0,5662400700,47069,40,124000.0,120300.0
2024-11-11,119250.0,119250.0,119250.0,122600.0,1679397750,14083,15,122900.0,119250.0
2024-11-13,118950.0,118950.0,118950.0,121800.0,4134583050,34759,33,122600.0,118950.0
2024-11-16,118150.0,124800.0,118150.0,119500.0,35410646250,296381,240,121800.0,118400.0
2024-11-17,116250.0,119500.0,115950.0,118250.0,9703918900,82894,120,119500.0,116150.0
2024-11-18,119950.0,120800.0,117050.0,118300.0,7764274450,65623,93,118250.0,119500.0
2024-11-19,117350.0,121800.0,117300.0,119450.0,8938703600,73998,103,118300.0,119950.0
2024-11-20,122300.0,122300.0,115900.0,118300.0,7842194450,67233,75,119450.0,117800.0
2024-11-23,118000.0,118000.0,114800.0,115850.0,14683939400,127635,86,118300.0,117300.0
2024-11-24,117950.0,118450.0,115450.0,116300.0,6721592650,57362,77,115850.0,118000.0
2024-11-25,119750.0,119750.0,118250.0,119000.0,15914079000,132931,102,116300.0,119750.0
2024-11-26,122550.0,122550.0,115450.0,118900.0,7650360550,64399,100,119000.0,117350.0
2024-11-27,120950.0,120950.0,116900.0,118800.0,1986279000,16860,30,118900.0,119500.0
2024-11-30,117650.0,120950.0,116200.0,118700.0,5640702850,47601,59,118800.0,116900.0
2024-12-01,119500.0,119500.0,115150.0,117650.0,7004563600,60482,75,118700.0,115150.0
2024-12-02,117500.0,120500.0,114350.0,118100.0,15650697450,132416,144,117650.0,119450.0
2024-12-03,115450.0,119500.0,114600.0,117350.0,12839318400,109812,135,118100.0,115600.0
2024-12-04,120800.0,120800.0,115600.0,117550.0,12507076450,106262,150,117350.0,118900.0
2024-12-07,120050.0,120100.0,117550.0,118450.0,11944514000,100279,102,117550.0,118500.0
2024-12-08,118900.0,122000.0,118450.0,119950.0,11767984700,97189,158,118450.0,122000.0
2024-12-09,123500.0,123500.0,123500.0,120550.0,3692279500,29897,33,119950.0,123500.0
2024-12-10,124150.0,124150.0,124150.0,122500.0,11372264150,91601,41,120550.0,124150.0
2024-12-11,126150.0,126150.0,126150.0,123100.0,3397471800,26932,50,122500.0,126150.0
2024-12-14,126750.0,126750.0,126750.0,125700.0,14581320000,115040,78,123100.0,126750.0
2024-12-15,129450.0,129450.0,129450.0,129250.0,19820218950,153111,104,125700.0,129450.0
2024-12-16,133100.0,133100.0,132950.0,133000.0,21229461950,159512,89,129250.0,133100.0
2024-12-17,136950.0,136950.0,136950.0,135050.0,11440666050,83539,64,133000.0,136950.0
2024-12-18,139100.0,139100.0,138000.0,139100.0,22595527300,162470,131,135050.0,139100.0
2024-12-21,143250.0,143250.0,143250.0,141200.0,10512258000,73384,56,139100.0,143250.0
2024-12-22,145400.0,145400.0,145200.0,145400.0,20908986250,143810,158,141200.0,145400.0
2024-12-23,141200.0,143500.0,141050.0,142650.0,14198785800,100363,128,145400.0,141050.0
2024-12-24,138400.0,140000.0,138400.0,138500.0,26335622850,190180,217,142650.0,139900.0
2024-12-25,138500.0,139000.0,134500.0,136650.0,56546721200,413836,98,138500.0,134500.0
2024-12-28,132650.0,140700.0,132650.0,139750.0,20585414600,147303,104,136650.0,140700.0
2024-12-29,143900.0,143900.0,135600.0,138900.0,5679942900,41549,76,139750.0,136300.0
2024-12-30,136050.0,139850.0,134750.0,136800.0,10933278150,80913,87,138900.0,134750.0
2024-12-31,132750.0,138500.0,132700.0,136800.0,40923588700,299153,53,136800.0,136800.0
2025-01-01,132800.0,138300.0,132700.0,135000.0,8771040850,66021,41,136800.0,132700.0
2025-01-04,134500.0,138900.0,131200.0,135400.0,10849807300,79928,167,135000.0,135650.0
2025-01-05,138900.0,138950.0,133700.0,135350.0,23692755350,175041,135,135400.0,137650.0
2025-01-06,137850.0,139400.0,135000.0,138250.0,15707368050,112903,101,135350.0,139400.0
2025-01-07,142350.0,142350.0,141200.0,140150.0,9925632550,69743,90,138250.0,142350.0
2025-01-08,144250.0,144350.0,143000.0,144300.0,21379105650,148149,128,140150.0,144350.0
2025-01-11,148500.0,148500.0,140000.0,145250.0,15109201550,103814,128,144300.0,146850.0
2025-01-12,141350.0,149100.0,141300.0,146100.0,11216927850,76399,126,145250.0,148900.0
2025-01-13,149950.0,149950.0,146600.0,148800.0,27490115350,184728,75,146100.0,148000.0
2025-01-15,150000.0,150000.0,144350.0,147050.0,42450542150,288670,153,148800.0,148900.0
2025-01-22,143000.0,143000.0,142650.0,146350.0,3136508900,21980,24,147050.0,142650.0
2025-01-25,142000.0,142000.0,142000.0,145500.0,3843656000,27068,16,146350.0,142000.0
2025-01-26,141150.0,141150.0,141150.0,141150.0,30607389450,216843,12,145500.0,141150.0
2025-01-27,136950.0,136950.0,136950.0,138750.0,10765228650,78607,74,141150.0,136950.0
2025-02-16,134600.0,134600.0,134600.0,138700.0,186555600,1386,3,138750.0,134600.0
2025-02-18,134550.0,142800.0,134550.0,135200.0,18425036950,136495,80,138700.0,134550.0
2025-02-19,131150.0,131650.0,131150.0,134300.0,4137871100,31544,34,135200.0,131150.0
2025-02-22,130300.0,130300.0,130300.0,133950.0,1609205000,12350,4,134300.0,130300.0
2025-02-23,129950.0,129950.0,129950.0,132850.0,5209955400,40092,29,133950.0,129950.0
2025-02-24,128900.0,136700.0,128900.0,128950.0,54962373150,426298,185,132850.0,128900.0
2025-02-25,126000.0,130000.0,125100.0,128400.0,4020629150,31822,59,128950.0,125450.0
2025-02-26,124550.0,125450.0,124550.0,127800.0,2808790700,22549,56,128400.0,124550.0
2025-03-01,124000.0,128400.0,124000.0,127850.0,45508239800,356019,52,127800.0,128400.0
2025-03-02,130000.0,130000.0,124050.0,127750.0,41761603900,326925,42,127850.0,129900.0
2025-03-03,123950.0,124050.0,123950.0,127050.0,3520788550,28397,24,127750.0,123950.0
2025-03-04,123250.0,129900.0,123250.0,125700.0,21601306000,171830,24,127050.0,123250.0
2025-03-05,121950.0,128900.0,121950.0,125950.0,47403997300,376360,36,125700.0,125700.0
2025-03-08,122200.0,122250.0,122200.0,124950.0,5189856500,42470,37,125950.0,122200.0
2025-03-09,121250.0,121250.0,121250.0,122400.0,13279300000,109520,4,124950.0,121250.0
2025-03-10,118750.0,123950.0,118750.0,122750.0,10261361400,83400,38,122400.0,119000.0
2025-03-11,119100.0,119100.0,119100.0,122650.0,410061300,3443,7,122750.0,119100.0
2025-03-12,119000.0,121900.0,119000.0,122050.0,9262424400,76286,20,122650.0,119000.0
2025-03-15,121900.0,121900.0,118400.0,121000.0,5966410100,50299,59,122050.0,118400.0
2025-03-16,117400.0,117400.0,117400.0,120850.0,744081200,6338,11,121000.0,117400.0
2025-03-17,117250.0,117250.0,117250.0,120650.0,1131697000,9652,15,120850.0,117250.0
2025-03-18,117050.0,117050.0,117050.0,118700.0,10449872850,89277,31,120650.0,117050.0
2025-03-25,121900.0,122250.0,121900.0,118750.0,289644250,2372,7,118700.0,122250.0
2025-03-26,115200.0,116500.0,115200.0,117650.0,6039145600,52412,46,118750.0,115200.0
2025-03-29,115150.0,115150.0,114150.0,116900.0,4113733000,36020,28,117650.0,114150.0
2025-03-30,113400.0,115450.0,113400.0,115450.0,8089665650,71313,27,116900.0,113400.0
2025-04-05,112000.0,115200.0,112000.0,115300.0,817576400,7298,11,115450.0,115000.0
2025-04-06,115100.0,115100.0,111850.0,115150.0,753295600,6733,15,115300.0,114700.0
2025-04-07,114900.0,114900.0,111700.0,114700.0,2557379500,22895,22,115150.0,111700.0
2025-04-08,111350.0,115250.0,111350.0,114350.0,2796099950,24869,29,114700.0,113000.0
2025-04-09,115200.0,117750.0,111200.0,116700.0,19352459300,165681,72,114350.0,115900.0
2025-04-12,113350.0,117950.0,113350.0,116700.0,720203600,6142,19,116700.0,116900.0
2025-04-13,119000.0,120100.0,117000.0,116950.0,4850303350,41201,36,116700.0,117100.0
2025-04-14,119950.0,119950.0,113450.0,116650.0,2209857050,19338,25,116950.0,113500.0
2025-04-15,113200.0,113250.0,113200.0,116050.0,3327367400,29393,39,116650.0,113200.0
2025-04-16,112600.0,112650.0,112600.0,115150.0,4973727200,44163,40,116050.0,112600.0
2025-04-19,116000.0,116000.0,111700.0,114500.0,6278415250,55530,38,115150.0,111700.0
2025-04-20,117500.0,117900.0,114700.0,117450.0,29462687750,250883,87,114500.0,117800.0
2025-04-21,118150.0,119500.0,113950.0,116800.0,18981621600,162600,84,117450.0,119000.0
2025-04-22,114500.0,117950.0,113300.0,115250.0,11049473400,96905,97,116800.0,113300.0
2025-04-23,111800.0,112000.0,111800.0,114700.0,3080651500,27553,32,115250.0,112000.0
2025-04-26,112050.0,118050.0,111900.0,115050.0,5331306400,45986,61,114700.0,116800.0
2025-04-27,116000.0,116950.0,114050.0,115050.0,3305826700,28745,41,115050.0,116950.0
2025-04-28,115500.0,116850.0,113200.0,115000.0,2139587600,18661,38,115050.0,115000.0
2025-04-29,118000.0,118000.0,111650.0,113950.0,13313782450,117367,104,115000.0,111700.0
2025-04-30,113400.0,115400.0,111500.0,113650.0,13618947650,119949,109,113950.0,113000.0
2025-05-03,111250.0,112800.0,110250.0,112950.0,4503070300,40682,60,113650.0,112800.0
2025-05-04,109700.0,110150.0,109650.0,112650.0,1741175800,15870,29,112950.0,109650.0
2025-05-05,111150.0,116000.0,111150.0,115250.0,81013457950,703033,274,112650.0,116000.0
2025-05-06,118700.0,118700.0,118700.0,118700.0,121587852300,1024329,122,115250.0,118700.0
2025-05-07,122250.0,122250.0,122250.0,119050.0,2201722500,18010,12,118700.0,122250.0
2025-05-10,122600.0,122600.0,122600.0,119950.0,5093417000,41545,28,119050.0,122600.0
2025-05-11,123500.0,123500.0,123500.0,122100.0,12682709000,102694,32,119950.0,123500.0
2025-05-12,125750.0,125750.0,125750.0,123500.0,8167965500,64954,25,122100.0,125750.0
2025-05-13,127200.0,127200.0,127200.0,124350.0,4983950400,39182,25,123500.0,127200.0
2025-05-14,128050.0,128050.0,128050.0,125950.0,9252508850,72257,44,124350.0,128050.0
2025-05-17,129700.0,129700.0,129700.0,127050.0,6011595000,46350,32,125950.0,129700.0
2025-05-18,130850.0,130850.0,130850.0,127700.0,3493302450,26697,24,127050.0,130850.0
2025-05-19,131500.0,131500.0,131500.0,128700.0,5497883500,41809,34,127700.0,131500.0
2025-05-20,132550.0,132550.0,124850.0,131750.0,58592783200,444736,84,128700.0,124850.0
2025-05-21,127800.0,135700.0,127800.0,131850.0,47187285150,357907,156,131750.0,135700.0
2025-05-24,135800.0,135800.0,135800.0,132150.0,1677537400,12353,22,131850.0,135800.0
2025-05-25,136100.0,136100.0,136100.0,134200.0,10611853100,77971,30,132150.0,136100.0
2025-05-26,138200.0,138200.0,138200.0,134700.0,2573284000,18620,14,134200.0,138200.0
2025-05-27,138700.0,138700.0,138700.0,137500.0,14758373500,106405,29,134700.0,138700.0
2025-05-28,141600.0,141600.0,141600.0,137800.0,1563405600,11041,10,137500.0,141600.0
2025-05-31,141900.0,141900.0,140050.0,141850.0,52091350400,367268,141,137800.0,141900.0
2025-06-01,146100.0,146100.0,145950.0,146100.0,60769923900,415949,164,141850.0,146100.0
2025-06-02,150450.0,150450.0,141750.0,147100.0,73408492000,499037,252,146100.0,150450.0
2025-06-03,151500.0,151500.0,151500.0,150500.0,17044204500,112503,40,147100.0,151500.0
2025-06-07,155000.0,155000.0,146300.0,154050.0,48035320800,311770,167,150500.0,155000.0
2025-06-08,155600.0,155600.0,149450.0,152000.0,39489460050,259801,128,154050.0,155500.0
2025-06-09,156500.0,156500.0,147450.0,153650.0,38631029300,251386,71,152000.0,150000.0
2025-06-10,155000.0,155000.0,149050.0,151750.0,20873543000,137550,70,153650.0,153200.0
2025-06-11,147200.0,152000.0,147200.0,150400.0,6273210500,42508,31,151750.0,147200.0
2025-06-28,145900.0,145900.0,145900.0,150300.0,384154700,2633,2,150400.0,145900.0
2025-06-30,145800.0,145800.0,145800.0,150300.0,83980800,576,1,150300.0,145800.0
2025-07-01,145800.0,145800.0,145800.0,150300.0,72900000,500,1,150300.0,145800.0
2025-07-02,145800.0,145800.0,145800.0,150200.0,357210000,2450,2,150300.0,145800.0
2025-07-07,142700.0,142700.0,142700.0,148600.0,4022998400,28192,8,150200.0,142700.0
2025-07-08,144150.0,144150.0,144150.0,148200.0,1631489700,11318,2,148600.0,144150.0
2025-07-09,143800.0,143800.0,143800.0,148200.0,71900000,500,1,148200.0,143800.0
2025-07-12,143800.0,143800.0,143800.0,148200.0,100228600,697,2,148200.0,143800.0
2025-07-13,143800.0,143800.0,143800.0,148150.0,143800000,1000,1,148200.0,143800.0
2025-07-14,143750.0,143750.0,143750.0,148150.0,50025000,348,1,148150.0,143750.0
2025-07-15,140750.0,140750.0,140750.0,148150.0,56300000,400,1,148150.0,140750.0
2025-07-16,143750.0,143750.0,143750.0,148150.0,71875000,500,1,148150.0,143750.0
2025-07-20,143750.0,143750.0,143750.0,148150.0,64687500,450,1,148150.0,143750.0
2025-07-21,143750.0,143750.0,143750.0,148000.0,617118750,4293,4,148150.0,143750.0
2025-07-23,140600.0,140600.0,140600.0,147900.0,215539800,1533,2,148000.0,140600.0
2025-07-29,143500.0,143500.0,143500.0,143500.0,50512000,352,1,147900.0,143500.0
2025-07-30,139200.0,139200.0,139200.0,139200.0,55680000,400,1,143500.0,139200.0
2025-08-18,135050.0,135050.0,135050.0,139200.0,95075200,704,1,139200.0,135050.0
2025-08-19,135050.0,135050.0,135050.0,139150.0,135050000,1000,2,139200.0,135050.0
2025-08-23,135000.0,135000.0,135000.0,139100.0,175500000,1300,1,139150.0,135000.0
2025-08-25,134950.0,134950.0,134950.0,139050.0,296890000,2200,2,139100.0,134950.0
2025-08-26,134900.0,134900.0,134900.0,139000.0,256310000,1900,2,139050.0,134900.0
2025-08-27,134850.0,134850.0,134850.0,138900.0,439611000,3260,4,139000.0,134850.0
2025-08-30,134750.0,134750.0,134750.0,138600.0,1307209750,9701,10,138900.0,134750.0
2025-08-31,131700.0,131700.0,131700.0,131700.0,1206503700,9161,9,138600.0,131700.0
2025-09-02,127750.0,127750.0,127750.0,131400.0,1373312500,10750,10,131700.0,127750.0
2025-09-03,127500.0,127500.0,127500.0,131150.0,1066792500,8367,16,131400.0,127500.0
2025-09-06,127250.0,127250.0,127250.0,130850.0,1575736750,12383,10,131150.0,127250.0
2025-09-07,126950.0,126950.0,126950.0,129950.0,4384599100,34538,30,130850.0,126950.0
