date,open,high,low,adjClose,value,volume,count,yesterday,close
2014-09-23,1613.0,1613.0,1613.0,1613.0,483900,300,1,1000.0,1613.0
2014-09-24,1780.0,1782.0,1780.0,1782.0,17815400,10000,2,1613.0,1782.0
2014-09-28,1851.0,1852.0,1851.0,1852.0,9341249,5045,2,1782.0,1852.0
2014-09-29,1855.0,1855.0,1855.0,1855.0,927500,500,1,1852.0,1855.0
2014-10-08,2600.0,2600.0,2499.0,2591.0,154115100,59481,6,1855.0,2600.0
2014-10-11,2499.0,2499.0,2499.0,2499.0,48420624,19376,2,2591.0,2499.0
2014-10-14,3000.0,3000.0,3000.0,3000.0,208128000,69376,2,2499.0,3000.0
2014-10-15,3000.0,3000.0,3000.0,3000.0,90000000,30000,1,3000.0,3000.0
2014-10-18,3000.0,3000.0,3000.0,3000.0,1872000,624,1,3000.0,3000.0
2014-10-22,2324.0,2950.0,2324.0,2426.0,4927250,2031,3,3000.0,2950.0
2014-10-27,2310.0,2328.0,2310.0,2321.0,120944431,52098,3,2426.0,2328.0
2014-10-28,2327.0,2328.0,2327.0,2328.0,31640611,13593,2,2321.0,2328.0
2014-10-29,2328.0,2328.0,2311.0,2313.0,13193508,5704,3,2328.0,2311.0
2014-11-01,2312.0,2499.0,2312.0,2483.0,465745818,187545,10,2313.0,2480.0
2014-11-02,2319.0,2319.0,2300.0,2317.0,210550287,90874,6,2483.0,2300.0
2014-11-05,2365.0,2365.0,2365.0,2365.0,18165565,7681,1,2317.0,2365.0
2014-11-08,2489.0,2490.0,2449.0,2483.0,89133100,35900,4,2365.0,2490.0
2014-11-11,2402.0,2402.0,2400.0,2400.0,150748000,62800,5,2483.0,2400.0
2014-11-15,2461.0,2461.0,2461.0,2461.0,1648870,670,1,2400.0,2461.0
2014-11-16,2476.0,2476.0,2475.0,2476.0,24759330,10000,3,2461.0,2475.0
2014-11-17,2740.0,2800.0,2620.0,2723.0,285875440,104970,6,2476.0,2800.0
2014-11-19,2611.0,2800.0,2600.0,2610.0,459824400,176148,8,2723.0,2610.0
2014-11-22,2500.0,2500.0,2500.0,2500.0,1250000,500,1,2610.0,2500.0
2014-11-23,2311.0,2314.0,2306.0,2311.0,370523662,160343,5,2500.0,2314.0
2014-11-24,2251.0,2251.0,2251.0,2251.0,9386670,4170,1,2311.0,2251.0
2014-11-25,2200.0,2253.0,2200.0,2233.0,988644251,442667,9,2251.0,2253.0
2014-11-29,2500.0,2500.0,2500.0,2500.0,2500000,1000,1,2233.0,2500.0
2014-11-30,2500.0,2500.0,2500.0,2500.0,56475000,22590,1,2500.0,2500.0
2014-12-01,2500.0,2500.0,2500.0,2500.0,31275000,12510,4,2500.0,2500.0
2014-12-06,2800.0,2800.0,2800.0,2800.0,1400000,500,1,2500.0,2800.0
2014-12-07,2799.0,2799.0,2799.0,2799.0,976851,349,1,2800.0,2799.0
2014-12-09,2600.0,2620.0,2600.0,2608.0,31300000,12000,2,2799.0,2620.0
2014-12-10,2350.0,2401.0,2350.0,2371.0,301906849,127349,7,2608.0,2351.0
2014-12-14,2352.0,2352.0,2352.0,2352.0,221911200,94350,1,2371.0,2352.0
2014-12-15,2200.0,2200.0,2200.0,2200.0,22000000,10000,1,2352.0,2200.0
2014-12-16,2151.0,2151.0,2151.0,2151.0,43020000,20000,1,2200.0,2151.0
2014-12-22,2390.0,2390.0,2390.0,2390.0,1195000,500,1,2151.0,2390.0
2014-12-24,2151.0,2151.0,2151.0,2151.0,21510000,10000,1,2390.0,2151.0
2014-12-28,2390.0,2390.0,2390.0,2390.0,1195000,500,1,2151.0,2390.0
2014-12-29,2150.0,2150.0,2150.0,2150.0,14942500,6950,1,2390.0,2150.0
2015-01-03,2222.0,2222.0,2222.0,2222.0,108878000,49000,1,2150.0,2222.0
2015-01-04,2210.0,2210.0,2210.0,2210.0,8137220,3682,1,2222.0,2210.0
2015-01-05,2240.0,2240.0,2240.0,2240.0,44800,20,1,2210.0,2240.0
2015-01-07,2243.0,2243.0,2243.0,2243.0,10542100,4700,1,2240.0,2243.0
2015-01-10,2300.0,2300.0,2243.0,2257.0,90290000,40000,2,2243.0,2243.0
2015-01-11,2243.0,2243.0,2211.0,2241.0,350509032,156424,3,2257.0,2211.0
2015-01-12,2150.0,2150.0,2150.0,2150.0,1907050,887,1,2241.0,2150.0
2015-01-13,2200.0,2200.0,2200.0,2200.0,38062200,17301,2,2150.0,2200.0
2015-01-14,2150.0,2150.0,1916.0,2096.0,9053488,4319,2,2200.0,1916.0
2015-01-20,2150.0,2150.0,1950.0,1958.0,39157826,20000,3,2096.0,1950.0
2015-01-26,1880.0,1880.0,1880.0,1880.0,9400000,5000,1,1958.0,1880.0
2015-01-31,2120.0,2120.0,2120.0,2120.0,10600000,5000,1,1880.0,2120.0
2015-02-04,2200.0,2200.0,2200.0,2200.0,51037800,23199,1,2120.0,2200.0
2015-02-07,2145.0,2150.0,2145.0,2147.0,38622750,17985,2,2200.0,2150.0
2015-02-08,1911.0,1911.0,1911.0,1911.0,83392218,43638,3,2147.0,1911.0
2015-02-10,1914.0,1914.0,1914.0,1914.0,5933400,3100,1,1911.0,1914.0
2015-02-16,1916.0,1916.0,1916.0,1916.0,93884000,49000,3,1914.0,1916.0
2015-02-17,2120.0,2120.0,2120.0,2120.0,2120000,1000,1,1916.0,2120.0
2015-02-18,1941.0,1941.0,1941.0,1941.0,10722084,5524,1,2120.0,1941.0
2015-02-21,2110.0,2150.0,2110.0,2142.0,27476120,12826,3,1941.0,2150.0
2015-02-22,2140.0,2150.0,2140.0,2141.0,46605500,21770,2,2142.0,2150.0
2015-03-01,2190.0,2200.0,2190.0,2195.0,83906000,38230,2,2141.0,2200.0
2015-03-02,2190.0,2190.0,2190.0,2190.0,34864800,15920,1,2195.0,2190.0
2015-03-07,2000.0,2000.0,2000.0,2000.0,10000000,5000,1,2190.0,2000.0
2015-03-10,2190.0,2200.0,2190.0,2199.0,149703000,68070,3,2000.0,2200.0
2015-03-14,2294.0,2294.0,2294.0,2294.0,2294000,1000,1,2199.0,2294.0
2015-03-29,2300.0,2300.0,2288.0,2292.0,365245088,159371,9,2294.0,2300.0
2015-04-04,2300.0,2300.0,2300.0,2300.0,5313000,2310,1,2292.0,2300.0
2015-04-07,2900.0,2900.0,2900.0,2900.0,5075000,1750,1,2300.0,2900.0
2015-04-12,2400.0,2400.0,2350.0,2381.0,76200000,32000,2,2900.0,2350.0
2015-04-14,2350.0,2350.0,2350.0,2350.0,1706100,726,2,2381.0,2350.0
2015-04-19,2900.0,2900.0,2900.0,2900.0,994700,343,1,2350.0,2900.0
2015-05-17,2300.0,2301.0,2300.0,2300.0,52192000,22690,3,2900.0,2301.0
2015-05-20,2300.0,2300.0,2300.0,2300.0,2990000,1300,1,2300.0,2300.0
2015-05-23,2196.0,2197.0,2191.0,2196.0,160206240,72940,3,2300.0,2191.0
2015-06-01,2105.0,2200.0,2105.0,2111.0,236075487,111841,5,2196.0,2108.0
2015-06-02,2070.0,2100.0,2055.0,2086.0,83542627,40052,9,2111.0,2071.0
2015-06-06,2152.0,2180.0,2113.0,2140.0,249665736,116643,6,2086.0,2180.0
2015-06-07,2059.0,2061.0,2059.0,2060.0,27932611,13561,2,2140.0,2061.0
2015-06-08,2052.0,2052.0,2052.0,2052.0,625860,305,1,2060.0,2052.0
2015-06-09,2091.0,2092.0,2051.0,2090.0,56184189,26879,3,2052.0,2051.0
2015-06-17,2550.0,2550.0,2550.0,2550.0,48450000,19000,1,2090.0,2550.0
2015-06-23,2800.0,2880.0,2800.0,2833.0,108201600,38195,2,2550.0,2880.0
2015-06-24,2980.0,3200.0,2980.0,3043.0,194359060,63867,5,2833.0,3200.0
2015-06-27,3100.0,3100.0,3100.0,3100.0,200839700,64787,1,3043.0,3100.0
2015-07-01,3000.0,3000.0,3000.0,3000.0,6000000,2000,1,3100.0,3000.0
2015-07-05,2701.0,3400.0,2701.0,2977.0,38705000,13000,4,3000.0,3000.0
2015-07-06,2804.0,3250.0,2804.0,3004.0,142431450,47411,3,2977.0,3250.0
2015-07-07,3400.0,3400.0,3400.0,3400.0,23800000,7000,1,3004.0,3400.0
2015-07-11,3800.0,4000.0,3800.0,3978.0,71600000,18000,5,3400.0,4000.0
2015-07-12,3900.0,3900.0,3900.0,3900.0,15600000,4000,1,3978.0,3900.0
2015-07-14,4300.0,4500.0,4000.0,4389.0,85149000,19402,5,3900.0,4500.0
2015-08-02,4500.0,4500.0,4500.0,4500.0,82584000,18352,1,4335.0,4500.0
2015-08-03,4499.0,4900.0,4499.0,4727.0,67034000,14182,6,4500.0,4900.0
2015-08-04,4840.0,4940.0,4840.0,4896.0,64777000,13230,6,4727.0,4900.0
2015-08-05,4850.0,4850.0,4850.0,4850.0,31040000,6400,2,4896.0,4850.0
2015-08-09,4500.0,4600.0,4500.0,4560.0,105784000,23200,9,4850.0,4589.0
2015-08-12,4500.0,4500.0,4500.0,4500.0,2250000,500,1,4560.0,4500.0
2015-08-16,4000.0,4000.0,4000.0,4000.0,14000000,3500,1,4500.0,4000.0
2015-08-17,4000.0,4000.0,4000.0,4000.0,400000,100,1,4000.0,4000.0
2015-08-18,3900.0,4000.0,3900.0,3909.0,85600000,21900,4,4000.0,3900.0
2015-08-22,3750.0,3750.0,3200.0,3295.0,190642400,57857,2,3909.0,3200.0
2015-08-24,3200.0,3211.0,3200.0,3203.0,212448474,66334,2,3295.0,3211.0
2015-09-13,3401.0,3401.0,3401.0,3401.0,11311726,3326,1,3203.0,3401.0
2015-09-19,3334.0,3600.0,3334.0,3403.0,45904000,13490,2,3401.0,3600.0
2015-09-26,4000.0,4000.0,4000.0,4000.0,44356000,11089,2,3403.0,4000.0
2015-10-10,3990.0,3990.0,3990.0,3990.0,77805000,19500,1,4000.0,3990.0
2015-10-14,3900.0,3900.0,3900.0,3900.0,42900000,11000,1,3990.0,3900.0
2015-10-21,3990.0,4000.0,3990.0,3994.0,12445200,3116,3,3900.0,4000.0
2015-10-26,3994.0,3994.0,3994.0,3994.0,40295466,10089,1,3994.0,3994.0
2015-11-08,4000.0,4000.0,3900.0,3925.0,140803000,35870,2,3994.0,3900.0
2015-11-16,3603.0,3605.0,3600.0,3603.0,57651000,16000,4,3925.0,3605.0
2015-11-17,3400.0,3900.0,3400.0,3805.0,32915800,8650,4,3603.0,3900.0
2015-11-22,3900.0,3990.0,3890.0,3936.0,111943420,28438,7,3805.0,3900.0
2015-12-06,3900.0,3900.0,3900.0,3900.0,7800000,2000,1,3936.0,3900.0
2015-12-09,3600.0,3600.0,3600.0,3600.0,28800000,8000,1,3900.0,3600.0
2015-12-16,3601.0,3800.0,3601.0,3745.0,31082300,8300,2,3600.0,3800.0
2015-12-20,3900.0,3900.0,3900.0,3900.0,28860000,7400,1,3745.0,3900.0
2015-12-28,3630.0,3630.0,3601.0,3611.0,51272700,14200,3,3900.0,3620.0
2015-12-30,3477.0,3478.0,3470.0,3473.0,167986700,48370,4,3611.0,3470.0
2016-01-06,3411.0,3500.0,3404.0,3435.0,171750000,50000,5,3473.0,3404.0
2016-01-19,3435.0,3435.0,3435.0,3435.0,11424810,3326,1,3435.0,3435.0
2016-01-25,3895.0,3895.0,3895.0,3895.0,27459750,7050,2,3435.0,3895.0
2016-01-26,3890.0,3999.0,3890.0,3946.0,39460000,10000,3,3895.0,3999.0
2016-02-01,4000.0,4000.0,4000.0,4000.0,200000,50,1,3946.0,4000.0
2016-02-02,4100.0,4100.0,3900.0,3909.0,86351000,22090,5,4000.0,3900.0
2016-02-06,3600.0,3750.0,3200.0,3298.0,621961000,188601,7,3909.0,3410.0
2016-02-09,3250.0,3650.0,3130.0,3313.0,1728091360,521570,30,3298.0,3136.0
2016-02-10,3300.0,3450.0,3300.0,3440.0,184809000,53730,6,3313.0,3450.0
2016-02-13,3330.0,3600.0,3251.0,3309.0,153091000,46270,6,3440.0,3600.0
2016-02-15,3300.0,3300.0,3250.0,3255.0,182040000,55920,4,3309.0,3250.0
2016-02-16,3251.0,3251.0,3250.0,3251.0,162790000,50080,3,3255.0,3250.0
2016-02-17,3250.0,3250.0,3250.0,3250.0,14007500,4310,1,3251.0,3250.0
2016-02-20,3250.0,3300.0,3250.0,3253.0,19357500,5950,2,3250.0,3300.0
2016-02-23,3320.0,3320.0,3311.0,3317.0,1990200,600,2,3253.0,3311.0
2016-02-28,3400.0,3400.0,3400.0,3400.0,34204000,10060,1,3317.0,3400.0
2016-03-01,3400.0,3400.0,3400.0,3400.0,15300000,4500,1,3400.0,3400.0
2016-03-02,3410.0,3410.0,3250.0,3314.0,382632470,115451,9,3400.0,3250.0
2016-03-05,3200.0,3200.0,3146.0,3157.0,813018540,257490,7,3314.0,3200.0
2016-03-06,3200.0,3200.0,3200.0,3200.0,54400000,17000,4,3157.0,3200.0
2016-03-07,3200.0,3200.0,3200.0,3200.0,321600000,100500,2,3200.0,3200.0
2016-03-12,3400.0,3400.0,3400.0,3400.0,27200000,8000,1,3200.0,3400.0
2016-03-14,3101.0,3900.0,3101.0,3187.0,79665000,25000,5,3400.0,3300.0
2016-03-16,3215.0,3215.0,3215.0,3215.0,321500,100,1,3187.0,3215.0
2016-04-02,3200.0,3700.0,3200.0,3265.0,1871978400,573360,8,3215.0,3202.0
2016-04-04,3260.0,3260.0,3260.0,3260.0,7445840,2284,1,3265.0,3260.0
2016-04-17,3451.0,3451.0,3450.0,3451.0,66837848,19370,2,3260.0,3450.0
2016-04-19,3600.0,3600.0,3600.0,3600.0,36000000,10000,1,3451.0,3600.0
2016-04-20,3403.0,3450.0,3300.0,3325.0,431246216,129694,8,3600.0,3300.0
2016-04-23,3250.0,3250.0,3200.0,3220.0,142160000,44150,6,3325.0,3200.0
2016-04-25,3250.0,3250.0,3107.0,3146.0,50674549,16107,3,3220.0,3107.0
2016-04-26,3250.0,3250.0,3250.0,3250.0,43400500,13354,1,3146.0,3250.0
2016-04-27,3250.0,3250.0,3116.0,3168.0,549765956,173562,6,3250.0,3116.0
2016-05-01,3498.0,3498.0,3498.0,3498.0,15391200,4400,1,3168.0,3498.0
2016-05-04,3498.0,3498.0,3498.0,3498.0,13992000,4000,2,3498.0,3498.0
2016-05-07,3695.0,3695.0,3498.0,3578.0,52658568,14716,3,3498.0,3498.0
2016-05-10,3311.0,3320.0,3311.0,3312.0,374260000,113000,3,3578.0,3320.0
2016-05-11,3312.0,3312.0,3312.0,3312.0,996912,301,2,3312.0,3312.0
2016-05-14,3300.0,3300.0,3300.0,3300.0,60842100,18437,4,3312.0,3300.0
2016-05-15,3300.0,3300.0,3300.0,3300.0,3507900,1063,2,3300.0,3300.0
2016-05-16,3250.0,3250.0,3250.0,3250.0,30670250,9437,1,3300.0,3250.0
2016-05-21,3299.0,3450.0,3299.0,3386.0,187613970,55409,7,3250.0,3360.0
2016-05-24,3360.0,3360.0,3360.0,3360.0,8010240,2384,1,3386.0,3360.0
2016-05-25,3500.0,3500.0,3500.0,3500.0,3430000,980,1,3360.0,3500.0
2016-05-28,3551.0,3600.0,3400.0,3537.0,449401754,127054,5,3500.0,3400.0
2016-05-29,3400.0,3400.0,3250.0,3390.0,146169604,43117,12,3537.0,3250.0
2016-05-30,3500.0,3500.0,3500.0,3500.0,10500000,3000,1,3390.0,3500.0
2016-06-06,3164.0,3170.0,3164.0,3166.0,35939220,11352,2,3500.0,3170.0
2016-06-07,3300.0,3300.0,3300.0,3300.0,660000000,200000,3,3166.0,3300.0
2016-06-11,3300.0,3300.0,3300.0,3300.0,132000000,40000,3,3300.0,3300.0
2016-06-12,3440.0,3440.0,3440.0,3440.0,12322080,3582,1,3300.0,3440.0
2016-06-13,3350.0,3350.0,3350.0,3350.0,335000000,100000,1,3440.0,3350.0
2016-06-18,3350.0,3350.0,3350.0,3350.0,6700000,2000,1,3350.0,3350.0
2016-06-20,3200.0,3200.0,3200.0,3200.0,64000000,20000,2,3350.0,3200.0
2016-06-21,3350.0,3350.0,3310.0,3314.0,80972670,24433,4,3200.0,3310.0
2016-06-22,3350.0,3350.0,3350.0,3350.0,35503300,10598,1,3314.0,3350.0
2016-06-25,3410.0,3410.0,3410.0,3410.0,41247360,12096,1,3350.0,3410.0
2016-06-26,3500.0,3500.0,3500.0,3500.0,150500000,43000,2,3410.0,3500.0
2016-06-28,3650.0,3650.0,3600.0,3650.0,751800000,206000,5,3500.0,3650.0
2016-06-29,3650.0,3650.0,3650.0,3650.0,365000000,100000,1,3650.0,3650.0
2016-07-04,3650.0,3890.0,3650.0,3681.0,279083200,75820,6,3650.0,3700.0
2016-07-10,3880.0,3880.0,3650.0,3784.0,86310260,22810,5,3681.0,3650.0
2016-07-11,3650.0,3790.0,3600.0,3634.0,59704650,16430,5,3784.0,3790.0
2016-07-16,3790.0,3790.0,3790.0,3790.0,3524700,930,3,3634.0,3790.0
2016-07-17,3550.0,3550.0,3460.0,3482.0,158425000,45500,7,3790.0,3500.0
2016-07-18,3460.0,3550.0,3160.0,3344.0,306720270,91731,13,3482.0,3482.0
2016-07-31,3500.0,3500.0,3500.0,3500.0,4833500,1381,1,3344.0,3500.0
2016-08-02,3360.0,3360.0,3201.0,3260.0,285136907,87457,8,3500.0,3201.0
2016-08-13,3482.0,3482.0,3482.0,3482.0,1741000,500,1,3600.0,3482.0
2016-08-23,3200.0,3200.0,3200.0,3200.0,32000000,10000,2,3482.0,3200.0
2016-08-24,3200.0,3200.0,3200.0,3200.0,2844800,889,2,3200.0,3200.0
2016-08-27,3110.0,3110.0,3110.0,3110.0,1648300,530,2,3200.0,3110.0
2016-08-29,3200.0,3349.0,3111.0,3254.0,116263200,35725,13,3110.0,3349.0
2016-08-31,3165.0,3200.0,3102.0,3111.0,124451560,40003,7,3254.0,3200.0
2016-09-06,3200.0,3200.0,3000.0,3010.0,166258400,55237,4,3111.0,3000.0
2016-09-10,3000.0,3000.0,3000.0,3000.0,3210000,1070,2,3010.0,3000.0
2016-09-13,2999.0,2999.0,2999.0,2999.0,2999000,1000,1,3000.0,2999.0
2016-09-14,2701.0,2999.0,2700.0,2704.0,63971042,23657,3,2999.0,2999.0
2016-09-17,2800.0,2800.0,2800.0,2800.0,84000000,30000,3,2704.0,2800.0
2016-09-18,2700.0,2700.0,2700.0,2700.0,10816200,4006,2,2800.0,2700.0
2016-09-19,2710.0,2730.0,2710.0,2725.0,52659980,19326,3,2700.0,2730.0
2016-10-04,2750.0,2750.0,2750.0,2750.0,19250000,7000,1,2725.0,2750.0
2016-10-10,2730.0,2750.0,2730.0,2732.0,105640020,38674,2,2750.0,2750.0
2016-10-15,2750.0,2750.0,2720.0,2722.0,28742750,10561,3,2732.0,2720.0
2016-10-16,2680.0,2680.0,2670.0,2675.0,90945280,34002,3,2722.0,2670.0
2016-10-18,2600.0,2600.0,2600.0,2600.0,2930200,1127,4,2675.0,2600.0
2016-10-19,2510.0,2510.0,2300.0,2323.0,282492400,121601,4,2600.0,2300.0
2016-10-24,2005.0,2005.0,2005.0,2005.0,238595000,119000,1,2323.0,2005.0
2016-10-31,2056.0,2056.0,2000.0,2037.0,580455000,285000,10,2005.0,2050.0
2016-11-01,1812.0,1850.0,1801.0,1811.0,552440000,305000,5,2037.0,1850.0
2016-11-02,1900.0,1900.0,1900.0,1900.0,285000000,150000,3,1811.0,1900.0
2016-11-07,2000.0,2000.0,2000.0,2000.0,455246000,227623,9,1900.0,2000.0
2016-11-08,2000.0,2550.0,2000.0,2333.0,29834450,12787,4,2000.0,2550.0
2016-11-13,2010.0,2020.0,2010.0,2020.0,17120020,8476,3,2333.0,2020.0
2016-11-14,2498.0,2498.0,2498.0,2498.0,24980000,10000,1,2020.0,2498.0
2016-11-15,2488.0,2498.0,2488.0,2492.0,352330568,141411,3,2498.0,2498.0
2016-11-16,2301.0,2301.0,2301.0,2301.0,19158126,8326,1,2492.0,2301.0
2016-12-03,2132.0,2132.0,2132.0,2132.0,21320000,10000,1,2301.0,2132.0
2016-12-06,2132.0,2132.0,2042.0,2086.0,62865460,30130,5,2132.0,2042.0
2016-12-12,2041.0,2042.0,2029.0,2032.0,287336137,141411,5,2086.0,2030.0
2017-01-01,2100.0,2100.0,2100.0,2100.0,9563400,4554,1,2032.0,2100.0
2017-01-14,2040.0,2040.0,2040.0,2040.0,2388840,1171,1,2100.0,2040.0
2017-01-15,2051.0,2051.0,2040.0,2041.0,20413460,10000,3,2040.0,2040.0
2017-01-30,2305.0,2305.0,2302.0,2303.0,159289190,69158,4,2041.0,2302.0
2017-02-01,2306.0,2306.0,2302.0,2305.0,80678000,35000,4,2303.0,2306.0
2017-02-04,2306.0,2306.0,2263.0,2292.0,172055517,75059,4,2305.0,2263.0
2017-02-06,2305.0,2305.0,2205.0,2256.0,80847978,35840,6,2292.0,2205.0
2017-02-08,2201.0,2201.0,2201.0,2201.0,110050000,50000,1,2256.0,2201.0
2017-02-11,2205.0,2206.0,2100.0,2195.0,157929315,71943,7,2201.0,2205.0
2017-02-18,2240.0,2240.0,2240.0,2240.0,112000000,50000,1,2195.0,2240.0
2017-02-21,2120.0,2120.0,2120.0,2120.0,8480000,4000,1,2240.0,2120.0
2017-02-25,2140.0,2140.0,2100.0,2120.0,180200000,85000,3,2120.0,2100.0
2017-02-26,2100.0,2100.0,2100.0,2100.0,44100000,21000,3,2120.0,2100.0
2017-03-04,2110.0,2110.0,2110.0,2110.0,2110000,1000,1,2100.0,2110.0
2017-03-07,2251.0,2251.0,2100.0,2204.0,240034400,108902,9,2110.0,2200.0
2017-03-13,2424.0,2424.0,2424.0,2424.0,65433456,26994,4,2204.0,2424.0
2017-03-14,2666.0,2666.0,2666.0,2666.0,177606254,66619,7,2424.0,2666.0
2017-03-15,2780.0,2932.0,2780.0,2883.0,335606980,116389,16,2666.0,2932.0
2017-03-18,3171.0,3171.0,3171.0,3171.0,285548550,90050,20,2883.0,3171.0
2017-03-25,3488.0,3488.0,3486.0,3488.0,486551448,139504,12,3171.0,3488.0
2017-03-26,3836.0,3836.0,3836.0,3836.0,134988840,35190,11,3488.0,3836.0
2017-03-27,4219.0,4219.0,4219.0,4219.0,482400460,114340,30,3836.0,4219.0
2017-03-28,4630.0,4630.0,3900.0,4201.0,334169700,79543,22,4219.0,4300.0
2017-03-29,4000.0,4276.0,3950.0,4088.0,242352499,59277,26,4201.0,3999.0
2017-04-03,4001.0,4001.0,4000.0,4001.0,46010500,11500,3,4088.0,4000.0
2017-04-04,4190.0,4190.0,3601.0,3608.0,390355500,108180,7,4001.0,3601.0
2017-04-05,3968.0,3968.0,3260.0,3316.0,104449490,31500,8,3608.0,3260.0
2017-04-08,3646.0,3647.0,3626.0,3646.0,229881681,63059,12,3316.0,3626.0
2017-04-09,3979.0,3979.0,3974.0,3975.0,98705744,24831,10,3646.0,3977.0
2017-04-10,3981.0,3990.0,3980.0,3983.0,116226399,29179,6,3975.0,3980.0
2017-04-12,4349.0,4381.0,4349.0,4380.0,1007333060,230008,50,3983.0,4381.0
2017-04-15,4818.0,4818.0,4818.0,4818.0,219219000,45500,7,4380.0,4818.0
2017-04-16,5299.0,5299.0,4338.0,5077.0,832950331,164056,49,4818.0,5080.0
2017-04-17,4800.0,5300.0,4570.0,4652.0,66827216,14366,7,5077.0,4570.0
2017-04-18,4200.0,4200.0,4200.0,4200.0,100800000,24000,5,4652.0,4200.0
2017-04-19,4350.0,4553.0,4300.0,4378.0,292845297,66893,16,4200.0,4553.0
2017-04-22,4400.0,4696.0,4335.0,4366.0,82657472,18932,11,4378.0,4335.0
2017-04-23,4070.0,4090.0,3930.0,3980.0,408216110,102567,21,4366.0,3930.0
2017-04-24,3610.0,3610.0,3582.0,3587.0,92444558,25769,8,3980.0,3582.0
2017-04-29,3600.0,3600.0,3300.0,3317.0,17735100,5347,4,3587.0,3300.0
2017-04-30,3647.0,3648.0,3647.0,3648.0,104679352,28695,9,3317.0,3648.0
2017-05-01,4012.0,4012.0,3333.0,3646.0,57973430,15900,4,3648.0,3580.0
2017-05-02,3950.0,3950.0,3600.0,3664.0,30109800,8218,3,3646.0,3600.0
2017-05-03,3600.0,3890.0,3600.0,3682.0,26091230,7087,4,3664.0,3850.0
2017-05-06,3314.0,4050.0,3314.0,3948.0,85543150,21667,24,3682.0,4050.0
2017-05-07,4300.0,4300.0,3554.0,4036.0,58423600,14476,6,3948.0,4250.0
2017-05-08,4198.0,4198.0,3640.0,3686.0,78547160,21311,5,4036.0,3640.0
2017-05-09,3933.0,3933.0,3318.0,3325.0,87368508,26276,30,3686.0,3318.0
2017-05-10,3101.0,3555.0,2993.0,3101.0,38235565,12330,8,3325.0,3100.0
2017-05-13,3410.0,3410.0,3100.0,3336.0,13974490,4189,3,3101.0,3100.0
2017-05-14,3330.0,3389.0,3060.0,3293.0,19594143,5951,9,3336.0,3060.0
2017-05-15,3400.0,3400.0,3298.0,3306.0,12892390,3900,5,3293.0,3298.0
2017-05-16,3410.0,3636.0,3410.0,3629.0,81041539,22333,10,3306.0,3635.0
2017-05-17,3919.0,3919.0,3267.0,3510.0,102393210,29170,23,3629.0,3629.0
2017-05-20,3629.0,3861.0,3629.0,3859.0,287617679,74539,15,3510.0,3861.0
2017-05-21,4000.0,4197.0,3600.0,3638.0,39235808,10784,4,3859.0,3600.0
2017-05-22,3710.0,3980.0,3710.0,3891.0,69022406,17740,10,3638.0,3742.0
2017-05-23,3994.0,3994.0,3991.0,3991.0,25036362,6273,3,3891.0,3991.0
2017-05-24,3979.0,4200.0,3977.0,3979.0,361099801,90762,19,3991.0,4000.0
2017-05-27,3900.0,3900.0,3582.0,3666.0,218148000,59500,8,3979.0,3600.0
2017-05-28,3900.0,3900.0,3500.0,3551.0,16301000,4590,2,3666.0,3500.0
2017-05-29,3880.0,3880.0,3700.0,3835.0,15340000,4000,2,3551.0,3700.0
2017-05-30,3989.0,3989.0,3452.0,3473.0,90294000,26000,4,3835.0,3452.0
2017-06-07,3295.0,3739.0,3295.0,3356.0,6537652,1948,2,3473.0,3739.0
2017-06-11,3253.0,3400.0,3253.0,3378.0,17458304,5168,3,3356.0,3400.0
2017-06-12,3350.0,3350.0,3315.0,3323.0,10959670,3298,3,3378.0,3315.0
2017-06-13,3550.0,3550.0,3050.0,3169.0,159303482,50276,8,3323.0,3050.0
2017-06-14,3485.0,3485.0,3350.0,3425.0,39049000,11400,9,3169.0,3350.0
2017-06-17,3185.0,3200.0,3083.0,3108.0,93251650,30007,7,3425.0,3200.0
2017-06-21,3190.0,3190.0,3115.0,3123.0,9595380,3072,2,3108.0,3115.0
2017-06-24,3200.0,3283.0,3200.0,3238.0,29775468,9196,3,3123.0,3283.0
2017-07-01,3000.0,3100.0,3000.0,3050.0,61000000,20000,2,3238.0,3100.0
2017-07-04,3035.0,3035.0,3035.0,3035.0,7435750,2450,1,3050.0,3035.0
2017-07-09,3280.0,3280.0,2895.0,2967.0,28498120,9604,7,3035.0,2895.0
2017-07-16,3000.0,3170.0,3000.0,3004.0,120130700,39987,14,2967.0,3000.0
2017-07-17,3200.0,3200.0,3000.0,3002.0,98360308,32766,7,3004.0,3050.0
2017-09-16,3154.0,3154.0,3154.0,3003.0,1078668,342,1,3002.0,3154.0
2017-09-17,3899.0,3950.0,3899.0,3119.0,40056700,10254,3,3003.0,3950.0
2017-09-27,3300.0,3600.0,3223.0,3259.0,683557200,209752,13,3119.0,3223.0
2017-10-03,3226.0,3498.0,3201.0,3300.0,8542966,2589,5,3259.0,3497.0
2017-10-09,3300.0,3300.0,3200.0,3220.0,12075001,3750,7,3300.0,3200.0
2017-10-10,3200.0,3200.0,3200.0,3200.0,1308800,409,1,3220.0,3200.0
2017-10-11,3200.0,3200.0,3200.0,3200.0,2211200,691,1,3200.0,3200.0
2017-10-14,3200.0,3200.0,3200.0,3200.0,3203200,1001,2,3200.0,3200.0
2017-10-16,3300.0,3300.0,2880.0,3288.0,34929960,10622,8,3200.0,3300.0
2017-10-17,3100.0,3450.0,3100.0,3231.0,3463800,1072,4,3288.0,3200.0
2017-10-18,2908.0,3554.0,2908.0,3496.0,221065886,63234,13,3231.0,3554.0
2017-10-21,3845.0,3845.0,3845.0,3845.0,222998465,57997,15,3496.0,3845.0
2017-10-22,4229.0,4229.0,4229.0,4229.0,162490867,38423,4,3845.0,4229.0
2017-10-25,4651.0,4651.0,4651.0,4651.0,263809371,56721,8,4229.0,4651.0
2017-10-28,5116.0,5116.0,4600.0,5029.0,707946078,140779,39,4651.0,4897.0
2017-10-29,4527.0,4900.0,4527.0,4758.0,783491037,164671,32,5029.0,4900.0
2017-10-30,4998.0,5000.0,4969.0,4988.0,571966356,114673,39,4758.0,5000.0
2017-10-31,4522.0,5486.0,4522.0,5359.0,667843314,124622,20,4988.0,5486.0
2017-11-01,5894.0,5894.0,5601.0,5866.0,1960611743,334225,50,5359.0,5640.0
2017-11-04,5411.0,5460.0,5280.0,5317.0,132906239,24998,22,5866.0,5280.0
2017-11-05,5600.0,5600.0,4920.0,5028.0,200739839,39925,14,5317.0,4935.0
2017-11-06,4850.0,5530.0,4850.0,5431.0,405959430,74755,21,5028.0,5530.0
2017-11-07,5800.0,5900.0,5310.0,5841.0,122565076,20983,14,5431.0,5310.0
2017-11-08,5899.0,5899.0,5899.0,5899.0,1875882,318,3,5841.0,5899.0
2017-11-11,5800.0,5800.0,5310.0,5323.0,35570600,6682,4,5899.0,5310.0
2017-11-12,5498.0,5498.0,4791.0,4930.0,308993208,62678,22,5323.0,4791.0
2017-11-13,5409.0,5410.0,5409.0,5409.0,54090500,10000,2,4930.0,5410.0
2017-11-14,4870.0,5370.0,4870.0,5192.0,17285730,3329,5,5409.0,5360.0
2017-11-15,5350.0,5369.0,5350.0,5352.0,10703553,2000,2,5192.0,5369.0
2017-11-18,5050.0,5199.0,5050.0,5051.0,190594394,37734,11,5352.0,5055.0
2017-11-20,5040.0,5040.0,4820.0,4856.0,41915640,8632,5,5051.0,4820.0
2017-11-22,5329.0,5330.0,5324.0,5329.0,388208650,72850,13,4856.0,5330.0
2017-11-25,5330.0,5370.0,4797.0,4897.0,355801104,72660,18,5329.0,4797.0
2017-11-26,4602.0,5339.0,4601.0,5303.0,52710289,9939,5,4897.0,5324.0
2017-11-29,4810.0,5328.0,4801.0,4819.0,105327102,21858,9,5303.0,5328.0
2017-12-02,4826.0,5148.0,4441.0,4775.0,179897116,37678,13,4819.0,4456.0
2017-12-03,5199.0,5199.0,4441.0,5175.0,53340573,10307,5,4775.0,5193.0
2017-12-04,4660.0,5048.0,4660.0,4801.0,87208655,18163,6,5175.0,4800.0
2017-12-05,4480.0,5116.0,4480.0,5006.0,21559806,4307,5,4801.0,5065.0
2017-12-09,4810.0,5115.0,4810.0,5053.0,5356697,1060,5,5006.0,5113.0
2017-12-10,4801.0,5192.0,4801.0,5142.0,206963084,40250,8,5053.0,5192.0
2017-12-11,5149.0,5644.0,4856.0,5042.0,711307711,141066,24,5142.0,4880.0
2017-12-12,4852.0,5538.0,4800.0,4814.0,1788336522,371493,77,5042.0,4802.0
2017-12-13,4801.0,4802.0,4801.0,4802.0,2112850,440,2,4814.0,4802.0
2017-12-16,5282.0,5282.0,4970.0,5215.0,257907032,49457,22,4802.0,5006.0
2017-12-18,5006.0,5174.0,5000.0,5099.0,222626372,43660,9,5215.0,5100.0
2017-12-19,5000.0,5000.0,4810.0,4899.0,69124834,14110,8,5099.0,4810.0
2017-12-20,5175.0,5388.0,5100.0,5166.0,947931849,183483,35,4899.0,5120.0
2017-12-23,5358.0,5359.0,5358.0,5358.0,45543500,8500,2,5166.0,5359.0
2017-12-24,5290.0,5290.0,5002.0,5017.0,115646635,23052,11,5358.0,5002.0
2017-12-25,4920.0,5129.0,4910.0,4930.0,59215128,12011,11,5017.0,5129.0
2017-12-26,4856.0,4856.0,4812.0,4823.0,74874199,15523,5,4930.0,4812.0
2017-12-30,4812.0,4812.0,4500.0,4644.0,138304526,29784,6,4823.0,4500.0
2017-12-31,4200.0,4200.0,4180.0,4187.0,63930420,15269,14,4644.0,4180.0
2018-01-01,4180.0,4180.0,4180.0,4180.0,33440000,8000,1,4187.0,4180.0
2018-01-02,4598.0,4598.0,4598.0,4598.0,47037540,10230,4,4180.0,4598.0
2018-01-07,4230.0,4230.0,4200.0,4214.0,14699650,3488,4,4598.0,4200.0
2018-01-08,4630.0,4630.0,4520.0,4617.0,16021300,3470,4,4214.0,4520.0
2018-01-09,4201.0,4302.0,4201.0,4293.0,58628750,13657,8,4617.0,4300.0
2018-01-10,4490.0,4490.0,4490.0,4490.0,53880000,12000,4,4293.0,4490.0
2018-01-13,4520.0,4520.0,4517.0,4518.0,74128893,16408,19,4490.0,4518.0
2018-01-15,4315.0,4315.0,4300.0,4302.0,56891480,13225,5,4518.0,4302.0
2018-01-16,4598.0,4599.0,4528.0,4548.0,70020188,15396,4,4302.0,4530.0
2018-01-17,4094.0,4094.0,4094.0,4094.0,7189064,1756,1,4548.0,4094.0
2018-01-22,4397.0,4397.0,4397.0,4397.0,13191000,3000,1,4094.0,4397.0
2018-01-23,4000.0,4000.0,3958.0,3967.0,365500128,92131,23,4397.0,3958.0
2018-01-24,4057.0,4057.0,3655.0,3977.0,180454595,45378,13,3967.0,4000.0
2018-01-27,4100.0,4100.0,3998.0,4000.0,260703100,65170,9,3977.0,4000.0
2018-01-28,4000.0,4000.0,4000.0,4000.0,1000000,250,1,4000.0,4000.0
2018-01-30,3987.0,3987.0,3653.0,3694.0,23803032,6443,9,4000.0,3654.0
2018-02-03,3600.0,3898.0,3503.0,3780.0,37418955,9900,12,3694.0,3898.0
2018-02-04,3898.0,3988.0,3606.0,3905.0,36067923,9236,10,3780.0,3870.0
2018-02-05,3799.0,4295.0,3799.0,4236.0,2396795551,565775,64,3905.0,4295.0
2018-02-06,4393.0,4659.0,4393.0,4658.0,2695397295,578621,63,4236.0,4659.0
2018-02-07,5123.0,5123.0,5123.0,5123.0,3877004432,756784,89,4658.0,5123.0
2018-02-10,5500.0,5635.0,5500.0,5600.0,1345100667,240203,41,5123.0,5635.0
2018-02-12,6160.0,6160.0,5220.0,6031.0,1659565386,275159,85,5600.0,5960.0
2018-02-13,6280.0,6280.0,5428.0,5449.0,808594056,148383,41,6031.0,5428.0
2018-02-14,5650.0,5750.0,4905.0,5078.0,497253461,97928,45,5449.0,4906.0
2018-02-17,5400.0,5471.0,4613.0,5149.0,447070443,86824,42,5078.0,5299.0
2018-02-19,5340.0,5340.0,4800.0,4973.0,92215135,18543,11,5149.0,5100.0
2018-02-21,4973.0,4973.0,4476.0,4562.0,626298764,137275,57,4973.0,4477.0
2018-02-24,4232.0,4687.0,4106.0,4133.0,1267816281,306720,116,4562.0,4108.0
2018-02-25,4249.0,4546.0,4249.0,4465.0,363086058,81324,52,4133.0,4546.0
2018-02-26,4911.0,4911.0,4911.0,4911.0,1055044863,214833,39,4465.0,4911.0
2018-02-27,5189.0,5189.0,4430.0,4565.0,363134564,79552,47,4911.0,4480.0
2018-02-28,4470.0,4480.0,4250.0,4308.0,491407850,114080,41,4565.0,4250.0
2018-03-03,4232.0,4400.0,4111.0,4183.0,285111727,68160,30,4308.0,4114.0
2018-03-04,4400.0,4601.0,4310.0,4468.0,212669308,47596,23,4183.0,4310.0
2018-03-05,4845.0,4845.0,4128.0,4217.0,7548050,1790,4,4468.0,4150.0
2018-03-06,4494.0,4494.0,4000.0,4048.0,309696361,76504,27,4217.0,4004.0
2018-03-07,4051.0,4220.0,4051.0,4060.0,44707908,11012,7,4048.0,4059.0
2018-03-10,4291.0,4466.0,4200.0,4421.0,266279901,60233,37,4060.0,4466.0
2018-03-11,4800.0,4855.0,4654.0,4701.0,221060494,47024,23,4421.0,4699.0
2018-03-12,4700.0,4700.0,4300.0,4345.0,124618809,28681,13,4701.0,4300.0
2018-03-13,4345.0,4345.0,4345.0,4345.0,21725000,5000,1,4345.0,4345.0
2018-03-14,4643.0,4643.0,4368.0,4381.0,198351220,45280,9,4345.0,4370.0
2018-03-17,4400.0,4400.0,4300.0,4322.0,19536000,4520,6,4381.0,4300.0
2018-03-18,4260.0,4301.0,4250.0,4274.0,140674559,32914,20,4322.0,4295.0
2018-03-19,4303.0,4420.0,4255.0,4295.0,162058802,37730,31,4274.0,4420.0
2018-03-25,4228.0,4301.0,4227.0,4277.0,97821997,22873,4,4295.0,4301.0
2018-03-26,4330.0,4600.0,4330.0,4515.0,132424959,29330,22,4277.0,4427.0
2018-03-27,4589.0,4800.0,4064.0,4145.0,941870093,227218,125,4515.0,4064.0
2018-03-28,4300.0,4300.0,3731.0,3891.0,1829072705,470073,191,4145.0,4110.0
2018-04-03,4114.0,4220.0,4099.0,4160.0,294503855,70801,44,3891.0,4200.0
2018-04-04,4100.0,4350.0,4100.0,4177.0,168448178,40330,28,4160.0,4100.0
2018-04-07,4140.0,4140.0,4140.0,4140.0,70694640,17076,4,4177.0,4140.0
2018-04-08,4095.0,4119.0,4095.0,4115.0,82091774,19950,11,4140.0,4118.0
2018-04-09,3802.0,3802.0,3704.0,3790.0,65219660,17210,10,4115.0,3782.0
2018-04-10,4150.0,4169.0,3800.0,4096.0,602292345,147046,40,3790.0,4169.0
2018-04-11,4189.0,4505.0,4082.0,4419.0,1785781181,404079,121,4096.0,4100.0
2018-04-15,4000.0,4110.0,3978.0,3987.0,531587753,133318,44,4419.0,3980.0
2018-04-17,3855.0,3901.0,3855.0,3883.0,35077299,9033,10,3987.0,3901.0
2018-04-18,4000.0,4100.0,4000.0,4078.0,132601380,32513,11,3883.0,4100.0
2018-04-21,4187.0,4297.0,4111.0,4208.0,42342512,10062,12,4078.0,4111.0
2018-04-22,3965.0,3965.0,3961.0,3962.0,188994014,47702,9,4208.0,3961.0
2018-04-23,3900.0,4000.0,3900.0,3908.0,190602580,48774,18,3962.0,4000.0
2018-04-24,4030.0,4229.0,3939.0,4060.0,272586236,67137,42,3908.0,4000.0
2018-04-25,4000.0,4105.0,3978.0,3986.0,156872126,39358,14,4060.0,4105.0
2018-04-28,3900.0,4000.0,3900.0,3904.0,129472000,33160,9,3986.0,3901.0
2018-04-29,3843.0,3843.0,3820.0,3833.0,33143826,8646,5,3904.0,3831.0
2018-04-30,3825.0,3867.0,3520.0,3629.0,162210050,44700,22,3833.0,3520.0
2018-05-01,3520.0,3991.0,3520.0,3953.0,91364794,23114,12,3629.0,3991.0
2018-05-05,4137.0,4137.0,3783.0,3786.0,68714550,18150,5,3953.0,3783.0
2018-05-06,4087.0,4087.0,3990.0,4022.0,6033500,1500,2,3786.0,3990.0
2018-05-07,3741.0,3800.0,3740.0,3786.0,174471080,46080,8,4022.0,3794.0
2018-05-08,3990.0,4000.0,3900.0,3986.0,135508052,34000,13,3786.0,4000.0
2018-05-12,4000.0,4115.0,4000.0,4036.0,48184900,11938,12,3986.0,4114.0
2018-05-13,4100.0,4100.0,3911.0,3929.0,22363168,5692,9,4036.0,3911.0
2018-05-14,3910.0,3999.0,3910.0,3957.0,136214100,34420,13,3929.0,3941.0
2018-05-15,3978.0,4020.0,3940.0,3957.0,279635932,70663,21,3957.0,3940.0
2018-05-16,3822.0,3900.0,3771.0,3843.0,148020848,38514,18,3957.0,3900.0
2018-05-19,3772.0,3900.0,3772.0,3778.0,1143711371,302694,18,3843.0,3833.0
2018-05-20,3792.0,3989.0,3792.0,3824.0,91885324,24028,18,3778.0,3862.0
2018-05-21,3900.0,4099.0,3900.0,4064.0,319147226,78538,54,3824.0,4041.0
2018-05-22,3901.0,4078.0,3900.0,3931.0,118031056,30028,7,4064.0,4078.0
2018-05-23,3825.0,4324.0,3825.0,4073.0,629454725,154527,64,3931.0,4300.0
2018-05-26,4350.0,4478.0,4300.0,4397.0,338914710,77083,36,4073.0,4398.0
2018-05-27,4400.0,4836.0,4400.0,4728.0,1251333861,264689,130,4397.0,4836.0
2018-05-28,5150.0,5150.0,4510.0,4891.0,568160971,116162,71,4728.0,4978.0
2018-05-29,4999.0,4999.0,4557.0,4617.0,161209623,34916,20,4891.0,4600.0
2018-05-30,4770.0,4780.0,4341.0,4736.0,65864675,13907,22,4617.0,4770.0
2018-06-02,4777.0,4777.0,4263.0,4291.0,1016359801,236886,36,4736.0,4300.0
2018-06-03,4696.0,4696.0,4291.0,4399.0,204611359,46514,32,4291.0,4400.0
2018-06-09,4500.0,4500.0,3960.0,3964.0,122558940,30915,10,4399.0,3960.0
2018-06-10,4350.0,4350.0,4000.0,4054.0,44757207,11040,14,3964.0,4001.0
2018-06-11,4440.0,4440.0,4021.0,4347.0,55597275,12790,6,4054.0,4021.0
2018-06-12,4436.0,4436.0,4062.0,4152.0,90356806,21763,14,4347.0,4150.0
2018-06-13,4150.0,4498.0,4150.0,4306.0,358544119,83263,23,4152.0,4400.0
2018-06-17,4489.0,4717.0,4351.0,4530.0,227017486,50118,27,4306.0,4354.0
2018-06-18,4546.0,4546.0,4077.0,4137.0,842337200,203595,65,4530.0,4150.0
2018-06-19,4294.0,4296.0,3920.0,4019.0,322851316,80331,32,4137.0,4050.0
2018-06-20,4100.0,4269.0,3878.0,3921.0,641690730,163639,46,4019.0,3962.0
2018-06-23,4000.0,4295.0,4000.0,4185.0,233492521,55798,47,3921.0,4191.0
2018-06-24,4200.0,4200.0,3913.0,4060.0,267625581,65921,36,4185.0,4149.0
2018-06-25,4250.0,4299.0,3968.0,4020.0,1928704170,479738,112,4060.0,4054.0
2018-06-26,4270.0,4409.0,3900.0,4032.0,597882526,148271,45,4020.0,4100.0
2018-06-27,3925.0,4099.0,3925.0,4022.0,161212615,40085,13,4032.0,3981.0
2018-06-30,4003.0,4101.0,3990.0,4018.0,105350192,26218,22,4022.0,4050.0
2018-07-01,4001.0,4119.0,3811.0,3927.0,145776382,37118,23,4018.0,3910.0
2018-07-02,3960.0,4169.0,3960.0,3996.0,436174526,109158,19,3927.0,4169.0
2018-07-03,4050.0,4161.0,4015.0,4038.0,182690848,45245,13,3996.0,4027.0
2018-07-04,4175.0,4200.0,4000.0,4175.0,98540194,23603,21,4038.0,4000.0
2018-07-07,4592.0,4592.0,4592.0,4592.0,934550064,203517,51,4175.0,4592.0
2018-07-08,4593.0,5051.0,4593.0,4961.0,407506873,82143,28,4592.0,5051.0
2018-07-10,5457.0,5457.0,5457.0,5457.0,388822164,71252,19,4961.0,5457.0
2018-07-11,6002.0,6002.0,6002.0,6002.0,2469042740,411370,20,5457.0,6002.0
2018-07-14,6400.0,6400.0,6400.0,6400.0,658451200,102883,19,6002.0,6400.0
2018-07-17,6400.0,6401.0,6190.0,6400.0,954635373,149173,31,6400.0,6401.0
2018-07-18,7040.0,7040.0,6350.0,7035.0,2743143842,389907,82,6400.0,7002.0
2018-09-01,7101.0,7811.0,7101.0,7658.0,355627218,46438,15,7035.0,7811.0
2018-09-02,8423.0,8423.0,7501.0,8375.0,3922834519,468402,64,7658.0,8423.0
2018-09-03,8500.0,9212.0,8500.0,9210.0,2362798897,256536,79,8375.0,9212.0
2018-09-04,10131.0,10131.0,8610.0,9949.0,1475543548,148313,65,9210.0,10131.0
2018-09-05,10499.0,10700.0,9050.0,10217.0,2371877525,232152,51,9949.0,9837.0
2018-09-08,9400.0,10300.0,9196.0,9257.0,11206142999,1210610,216,10217.0,9196.0
2018-09-09,9223.0,9999.0,8919.0,9672.0,2025590003,209424,104,9257.0,9399.0
2018-09-10,9700.0,10000.0,8705.0,9373.0,4929388130,525908,169,9672.0,9211.0
2018-09-11,9579.0,9880.0,8999.0,9197.0,2899710109,315291,131,9373.0,9000.0
2018-09-12,8900.0,9265.0,8881.0,9060.0,617875371,68196,62,9197.0,9040.0
2018-09-15,9042.0,9470.0,8600.0,9089.0,1070536672,117779,49,9060.0,8600.0
2018-09-16,8550.0,8947.0,8450.0,8555.0,922040078,107775,44,9089.0,8531.0
2018-09-17,8301.0,9013.0,8229.0,8786.0,1586683651,180601,65,8555.0,8880.0
2018-09-18,9100.0,9100.0,8591.0,8697.0,667443705,76745,28,8786.0,8847.0
2018-09-22,8677.0,9195.0,8000.0,8219.0,979806085,119219,62,8697.0,8000.0
2018-09-23,8002.0,8850.0,8001.0,8605.0,2228462113,258963,69,8219.0,8759.0
2018-09-24,8780.0,9465.0,8780.0,9354.0,3684863917,393942,174,8605.0,9330.0
2018-09-25,9542.0,9998.0,9030.0,9659.0,3458082636,358016,110,9354.0,9730.0
2018-09-26,9951.0,10624.0,9731.0,10452.0,14558440541,1392850,216,9659.0,10620.0
2018-09-29,11490.0,11497.0,10524.0,11109.0,7684958855,691761,216,10452.0,11497.0
2018-09-30,12218.0,12218.0,12217.0,12217.0,52669198,4311,5,11109.0,12217.0
2018-10-01,13140.0,13328.0,11888.0,12944.0,2474490963,191168,41,12217.0,12330.0
2018-10-02,13000.0,13000.0,11650.0,12440.0,340581033,27378,18,12944.0,11650.0
2018-10-03,11196.0,12997.0,11196.0,11305.0,3121715914,276144,125,12440.0,11312.0
2018-10-06,12190.0,12190.0,10175.0,10910.0,3796854667,348005,73,11305.0,10175.0
2018-10-07,9819.0,9850.0,9819.0,9822.0,1126305471,114667,43,10910.0,9819.0
2018-10-08,8840.0,8840.0,8840.0,8840.0,1734629000,196225,53,9822.0,8840.0
2018-10-09,9000.0,9666.0,8800.0,9126.0,907785254,99473,65,8840.0,8801.0
2018-10-10,9496.0,9497.0,8214.0,8412.0,1260995762,149905,31,9126.0,8228.0
2018-10-13,8009.0,8010.0,7571.0,7761.0,395428734,50954,25,8412.0,7571.0
2018-10-14,6985.0,8368.0,6985.0,7138.0,660945348,92591,42,7761.0,7031.0
2018-10-15,7799.0,7851.0,7793.0,7846.0,1380725882,175969,40,7138.0,7851.0
2018-10-16,8610.0,8630.0,8560.0,8606.0,960053958,111562,62,7846.0,8630.0
2018-10-17,7749.0,9399.0,7749.0,8361.0,377429367,45140,29,8606.0,8600.0
2018-10-20,8999.0,9190.0,8999.0,9169.0,688306549,75066,39,8361.0,9186.0
2018-10-21,9700.0,9700.0,8541.0,9121.0,252520473,27687,20,9169.0,9099.0
2018-10-22,8705.0,9390.0,8321.0,9085.0,140418705,15456,14,9121.0,9190.0
2018-10-23,8506.0,9200.0,8221.0,8476.0,312228801,36837,19,9085.0,8554.0
2018-10-24,8000.0,9186.0,8000.0,8664.0,57425943,6628,14,8476.0,8780.0
2018-10-27,7814.0,8788.0,7814.0,7900.0,540033220,68360,16,8664.0,8000.0
2018-10-28,8000.0,8111.0,8000.0,8097.0,35108230,4336,5,7900.0,8111.0
2018-10-29,8906.0,8906.0,8906.0,8906.0,27670942,3107,5,8097.0,8906.0
2018-10-31,9796.0,9796.0,9796.0,9796.0,17165736516,1752321,112,8906.0,9796.0
2018-11-03,10775.0,10775.0,9713.0,10473.0,6092678365,581751,157,9796.0,10420.0
2018-11-04,10550.0,11480.0,9810.0,10104.0,1537080211,152127,61,10473.0,10000.0
2018-11-05,10340.0,10340.0,9701.0,10118.0,393933315,38933,23,10104.0,10242.0
2018-11-06,10290.0,10422.0,9512.0,9704.0,598469716,61672,35,10118.0,10000.0
2018-11-10,10000.0,10674.0,9750.0,10322.0,2154439161,208723,75,9704.0,10674.0
2018-11-11,11000.0,11000.0,10290.0,10860.0,1373377239,126458,42,10322.0,10980.0
2018-11-12,10860.0,11946.0,10860.0,11858.0,1389119695,117143,61,10860.0,11946.0
2018-11-13,12890.0,12890.0,11051.0,12326.0,853435226,69239,62,11858.0,11901.0
2018-11-14,11503.0,12490.0,11503.0,11793.0,466549730,39561,51,12326.0,11701.0
2018-11-17,11950.0,12250.0,11734.0,11968.0,1523612249,127309,70,11793.0,12000.0
2018-11-18,12880.0,12880.0,10772.0,11065.0,1156272653,104497,52,11968.0,11800.0
2018-11-19,11800.0,11994.0,11106.0,11244.0,721544812,64174,22,11065.0,11121.0
2018-11-20,11101.0,11200.0,10800.0,10977.0,711648934,64829,16,11244.0,11200.0
2018-11-21,11000.0,11001.0,10900.0,10994.0,191193350,17390,13,10977.0,10900.0
2018-11-24,10900.0,10900.0,10300.0,10400.0,249287998,23969,14,10994.0,10410.0
2018-11-26,11433.0,11440.0,10000.0,10618.0,613270574,57756,25,10400.0,11000.0
2018-11-27,10500.0,11376.0,10052.0,11121.0,1423594263,128014,40,10618.0,11300.0
2018-11-28,11564.0,11564.0,11000.0,11024.0,622149854,56436,21,11121.0,11010.0
2018-12-01,11564.0,11564.0,10110.0,10961.0,524461462,47849,23,11024.0,11000.0
2018-12-02,11553.0,11553.0,10860.0,11507.0,129111900,11220,6,10961.0,11100.0
2018-12-03,11010.0,11490.0,11010.0,11416.0,855168900,74911,28,11507.0,11450.0
2018-12-04,10600.0,11600.0,10600.0,11550.0,556815580,48209,25,11416.0,11600.0
2018-12-05,12126.0,12126.0,11600.0,11666.0,623435611,53440,24,11550.0,11601.0
2018-12-08,11001.0,12000.0,11001.0,11850.0,731154029,61700,31,11666.0,11989.0
2018-12-09,11989.0,11989.0,11500.0,11812.0,509579245,43140,16,11850.0,11500.0
2018-12-10,11800.0,12993.0,11800.0,12608.0,4325161351,343061,128,11812.0,12300.0
2018-12-12,13147.0,13147.0,11361.0,12034.0,1870341986,155421,78,12608.0,11500.0
2018-12-15,12280.0,12300.0,10831.0,11329.0,1728527553,152573,47,12034.0,12034.0
2018-12-16,11690.0,12360.0,11030.0,11509.0,565366838,49126,28,11329.0,11101.0
2018-12-17,11000.0,11001.0,10512.0,10882.0,267058749,24542,20,11509.0,10691.0
2018-12-18,11000.0,11000.0,10500.0,10787.0,855432945,79303,31,10882.0,10517.0
2018-12-19,11000.0,11000.0,10313.0,10876.0,774994843,71256,16,10787.0,10600.0
2018-12-22,11383.0,11383.0,10201.0,10225.0,116452658,11389,8,10876.0,10201.0
2018-12-23,10655.0,10900.0,10310.0,10526.0,856023151,81322,50,10225.0,10310.0
2018-12-24,11200.0,11200.0,10130.0,10206.0,538789622,52793,32,10526.0,10150.0
2018-12-25,10900.0,10900.0,10150.0,10254.0,345819620,33725,20,10206.0,10206.0
2018-12-26,10105.0,10899.0,10105.0,10315.0,1473634473,142869,42,10254.0,10899.0
2018-12-29,10045.0,10800.0,10041.0,10189.0,695349040,68242,37,10315.0,10430.0
2018-12-30,10048.0,10699.0,10048.0,10586.0,1159592501,109538,29,10189.0,10550.0
2018-12-31,10649.0,11249.0,10342.0,10881.0,3670659469,337357,90,10586.0,11000.0
2019-01-01,11380.0,11380.0,10500.0,10821.0,531125979,49083,24,10881.0,10500.0
2019-01-02,11189.0,11189.0,10386.0,10417.0,456835531,43856,18,10821.0,10386.0
2019-01-05,10400.0,11000.0,10300.0,10544.0,995424205,94410,30,10417.0,10350.0
2019-01-06,10400.0,10598.0,10165.0,10384.0,360122045,34679,23,10544.0,10430.0
2019-01-07,10500.0,10850.0,10300.0,10556.0,307682897,29148,34,10384.0,10403.0
2019-01-08,10701.0,10955.0,10701.0,10778.0,1403777490,130240,43,10556.0,10936.0
2019-01-09,10900.0,10900.0,10403.0,10433.0,1979498610,189739,25,10778.0,10403.0
2019-01-12,10800.0,10800.0,10500.0,10502.0,3640198365,346617,58,10433.0,10800.0
2019-01-13,10800.0,11000.0,10500.0,10610.0,1653645406,155857,55,10502.0,10500.0
2019-01-14,10500.0,10900.0,10100.0,10690.0,247072754,23112,16,10610.0,10900.0
2019-01-15,10999.0,11180.0,10713.0,10986.0,365582452,33276,24,10690.0,11180.0
2019-01-16,11198.0,11199.0,10730.0,10818.0,2004421321,185286,61,10986.0,10761.0
2019-01-19,10513.0,11150.0,10513.0,10789.0,1162530320,107752,36,10818.0,10713.0
2019-01-20,11185.0,11000.0,10700.0,10909.0,292842526,26845,16,10789.0,11000.0
2019-01-21,10750.0,11100.0,10550.0,10643.0,159715922,15006,23,10909.0,10601.0
2019-01-22,10963.0,11049.0,10625.0,10795.0,234958362,21766,26,10643.0,10992.0
2019-01-23,11179.0,11179.0,10501.0,10727.0,791909921,73821,102,10795.0,10611.0
2019-01-26,10611.0,10789.0,10500.0,10599.0,584997937,55193,41,10727.0,10530.0
2019-01-27,10899.0,10899.0,10604.0,10679.0,186000947,17417,23,10599.0,10630.0
2019-01-28,10640.0,10779.0,10500.0,10609.0,362557781,34174,21,10679.0,10500.0
2019-01-29,10779.0,10779.0,10581.0,10633.0,360287326,33885,18,10609.0,10581.0
2019-01-30,10770.0,10930.0,10610.0,10850.0,293072180,27012,15,10633.0,10887.0
2019-02-02,10880.0,10880.0,10581.0,10828.0,228625713,21114,17,10850.0,10581.0
2019-02-03,10879.0,11050.0,10622.0,10896.0,1386947821,127291,42,10828.0,10623.0
2019-02-04,10998.0,10998.0,10600.0,10609.0,187486373,17673,12,10896.0,10600.0
2019-02-05,10897.0,11669.0,10897.0,11401.0,3215216593,282015,75,10609.0,11669.0
2019-02-06,11551.0,12464.0,11489.0,11666.0,8553009585,733174,100,11401.0,12290.0
2019-02-10,12299.0,12299.0,11150.0,11935.0,170020569,14245,8,11666.0,11150.0
2019-02-12,10763.0,11850.0,10763.0,11170.0,1331657902,119213,34,11935.0,11120.0
2019-02-13,11604.0,11604.0,11045.0,11255.0,1923630605,170921,36,11170.0,11171.0
2019-02-16,11600.0,12380.0,11600.0,12284.0,2571029335,209306,61,11255.0,12380.0
2019-02-17,13512.0,13512.0,13512.0,13512.0,13737218016,1016668,77,12284.0,13512.0
2019-02-19,14863.0,14863.0,14863.0,14863.0,14963756277,1006779,59,13512.0,14863.0
2019-02-20,16349.0,16349.0,16349.0,16349.0,446671029,27321,7,14863.0,16349.0
2019-02-23,17983.0,17983.0,17983.0,17983.0,23180087,1289,4,16349.0,17983.0
2019-02-26,19781.0,21759.0,18600.0,21142.0,159113530444,7525952,1977,17983.0,21759.0
2019-02-27,22800.0,23256.0,19260.0,22785.0,113596056544,4985624,1819,21142.0,22400.0
2019-03-02,23000.0,24799.0,22676.0,23742.0,61584001976,2593888,1656,22785.0,23200.0
2019-03-03,23500.0,23500.0,21400.0,22186.0,46895134626,2113744,1208,23742.0,22020.0
2019-03-04,19968.0,19968.0,19968.0,19968.0,2705504256,135492,123,22186.0,19968.0
2019-03-05,17972.0,18890.0,17972.0,18076.0,126324100279,6988673,2003,19968.0,17972.0
2019-03-06,17999.0,18500.0,17303.0,18071.0,34480114191,1908012,1135,18076.0,18100.0
2019-03-09,18395.0,19878.0,18114.0,19312.0,38525955728,1994969,1385,18071.0,19878.0
2019-06-12,1863.0,2048.0,1677.0,1785.0,87075238968,48786771,3752,970.0,1678.0
2019-06-15,1607.0,1888.0,1607.0,1718.0,57821581218,33655520,2757,1785.0,1870.0
2019-06-16,1889.0,1889.0,1889.0,1889.0,13429224019,7109171,387,1718.0,1889.0
2019-06-17,2077.0,2077.0,1912.0,2053.0,70631581165,34399240,2493,1889.0,2077.0
2019-06-18,2258.0,2258.0,2111.0,2249.0,49161961791,21858776,1299,2053.0,2258.0
2019-06-19,2473.0,2473.0,2473.0,2473.0,16798000880,6792560,387,2249.0,2473.0
2019-06-22,2580.0,2720.0,2311.0,2669.0,131342526210,49216420,3840,2473.0,2720.0
2019-06-23,2800.0,2910.0,2403.0,2572.0,164820710384,64088717,5694,2669.0,2403.0
2019-06-24,2444.0,2567.0,2315.0,2358.0,93225919166,39540086,3528,2572.0,2380.0
2019-06-25,2388.0,2593.0,2234.0,2526.0,105932808116,41936827,3786,2358.0,2550.0
2019-06-26,2590.0,2690.0,2456.0,2556.0,68979842466,26990832,2867,2526.0,2500.0
2019-06-30,2500.0,2500.0,2301.0,2340.0,68277949385,29173952,2773,2556.0,2320.0
2019-07-13,2574.0,2574.0,2574.0,2574.0,1318770882,512343,41,2340.0,2574.0
2019-07-14,2831.0,2831.0,2701.0,2826.0,99875858577,35343609,2172,2574.0,2831.0
2019-07-15,2838.0,3100.0,2720.0,2911.0,114460456995,39324022,4404,2826.0,2813.0
2019-07-16,2800.0,2800.0,2620.0,2676.0,21709010679,8113681,908,2911.0,2620.0
2019-07-17,2509.0,2880.0,2409.0,2594.0,58028885963,22374490,2452,2676.0,2409.0
2019-07-20,2500.0,2650.0,2401.0,2478.0,47949925643,19352153,2190,2594.0,2451.0
2019-08-06,2900.0,2900.0,2900.0,2900.0,14190065400,4893126,266,2478.0,2900.0
2019-08-07,3000.0,3190.0,2922.0,3125.0,84147014171,26931135,2197,2900.0,3190.0
2019-08-10,3437.0,3437.0,3437.0,3437.0,53320542219,15513687,836,3125.0,3437.0
2019-08-11,3780.0,3780.0,3555.0,3752.0,301007155510,80231105,7617,3437.0,3720.0
2019-08-13,3725.0,3996.0,3377.0,3698.0,225936578672,61091065,7233,3752.0,3919.0
2019-08-14,4000.0,4067.0,3934.0,4053.0,154239776115,38059285,3782,3698.0,4067.0
2019-08-17,4125.0,4380.0,3780.0,4025.0,120893221703,30039044,4132,4053.0,4000.0
2019-08-18,4000.0,4010.0,3667.0,3866.0,59748932187,15454578,2269,4025.0,3829.0
2019-08-19,3964.0,4000.0,3830.0,3939.0,42710960478,10843317,1869,3866.0,3890.0
2019-08-21,4001.0,4300.0,3851.0,4151.0,78732389459,18966348,2748,3939.0,4260.0
2019-08-24,4320.0,4566.0,4320.0,4544.0,58297752621,12830749,1506,4151.0,4566.0
2019-08-25,4700.0,4700.0,4600.0,4696.0,4331277398,922266,147,4544.0,4608.0
2019-09-01,4556.0,4556.0,4420.0,4526.0,353941904,78194,30,4696.0,4420.0
2019-09-02,4391.0,4391.0,4391.0,4391.0,761373054,173394,41,4526.0,4391.0
2019-09-03,4260.0,4260.0,4260.0,4260.0,5790051420,1359167,137,4391.0,4260.0
2019-09-04,4133.0,4133.0,4133.0,4133.0,3599442099,870903,121,4260.0,4133.0
2019-09-16,3968.0,3968.0,3968.0,3968.0,34100992,8594,6,4133.0,3968.0
2019-09-17,3889.0,3889.0,3889.0,3889.0,210671019,54171,18,3968.0,3889.0
2019-09-21,3889.0,3889.0,3889.0,3889.0,1107311081,284729,27,3889.0,3889.0
2019-09-22,3812.0,3812.0,3812.0,3812.0,7681446840,2015070,127,3889.0,3812.0
2019-09-23,3811.0,3811.0,3659.0,3807.0,18719503041,4916803,304,3812.0,3659.0
2019-09-24,3586.0,3586.0,3586.0,3586.0,2318542644,646554,106,3807.0,3586.0
2019-09-25,3515.0,3515.0,3515.0,3515.0,1376055715,391481,43,3586.0,3515.0
2019-09-28,3445.0,3445.0,3445.0,3445.0,246775685,71633,35,3515.0,3445.0
2019-09-29,3377.0,3377.0,3377.0,3377.0,1471284606,435678,90,3445.0,3377.0
2019-09-30,3310.0,3310.0,3310.0,3310.0,1687133480,509708,97,3377.0,3310.0
2019-10-02,3244.0,3250.0,3180.0,3223.0,72038307886,22350414,1239,3310.0,3180.0
2019-10-05,3159.0,3159.0,3159.0,3159.0,3763910592,1191488,164,3223.0,3159.0
2019-10-06,3096.0,3096.0,3096.0,3096.0,1081829088,349428,55,3159.0,3096.0
2019-10-07,3035.0,3035.0,3035.0,3035.0,542931150,178890,48,3096.0,3035.0
2019-10-08,2975.0,2975.0,2975.0,2975.0,1264559450,425062,56,3035.0,2975.0
2019-10-09,2916.0,2916.0,2916.0,2916.0,959480640,329040,58,2975.0,2916.0
2019-10-12,2858.0,2858.0,2858.0,2858.0,1054439094,368943,60,2916.0,2858.0
2019-10-13,2801.0,2801.0,2801.0,2801.0,475780661,169861,39,2858.0,2801.0
2019-10-14,2745.0,2857.0,2745.0,2804.0,133538630846,47621995,3134,2801.0,2840.0
2019-10-15,2855.0,2860.0,2748.0,2817.0,24669127617,8757675,798,2804.0,2748.0
2019-10-16,2761.0,2857.0,2761.0,2770.0,21011969436,7585053,491,2817.0,2850.0
2019-10-20,2825.0,2825.0,2715.0,2784.0,21949035369,7884318,849,2770.0,2715.0
2019-10-21,2729.0,2784.0,2729.0,2731.0,12874496215,4713654,409,2784.0,2729.0
2019-10-22,2677.0,2729.0,2677.0,2678.0,11222349992,4190713,500,2731.0,2677.0
2019-10-23,2625.0,2625.0,2625.0,2625.0,366980250,139802,30,2678.0,2625.0
2019-10-26,2573.0,2573.0,2573.0,2573.0,2099897344,816128,103,2625.0,2573.0
2019-10-28,2471.0,2619.0,2471.0,2500.0,35822029548,14327543,1670,2573.0,2471.0
2019-10-30,2509.0,2550.0,2450.0,2490.0,26867553159,10790855,1481,2500.0,2550.0
2019-11-02,2539.0,2539.0,2539.0,2539.0,3594827916,1415844,140,2490.0,2539.0
2019-11-03,2589.0,2589.0,2589.0,2589.0,3586091214,1385126,107,2539.0,2589.0
2019-11-04,2640.0,2640.0,2640.0,2640.0,3543613920,1342278,110,2589.0,2640.0
2019-11-05,2745.0,2745.0,2745.0,2745.0,9107525700,3317860,232,2640.0,2745.0
2019-11-09,2799.0,2799.0,2799.0,2799.0,3531820185,1261815,128,2745.0,2799.0
2019-11-10,2854.0,2854.0,2745.0,2844.0,50860731932,17885844,1553,2799.0,2854.0
2019-11-11,2900.0,2900.0,2804.0,2896.0,14993643138,5176966,869,2844.0,2890.0
2019-11-12,2952.0,2952.0,2839.0,2846.0,21262831673,7471768,928,2896.0,2839.0
2019-11-13,2790.0,2848.0,2790.0,2796.0,2789295785,997480,198,2846.0,2790.0
2019-11-16,2741.0,2741.0,2741.0,2741.0,1011034296,368856,86,2796.0,2741.0
2019-11-17,2687.0,2687.0,2687.0,2687.0,322179361,119903,26,2741.0,2687.0
2019-11-18,2580.0,2686.0,2580.0,2593.0,29005647847,11185623,1010,2687.0,2664.0
2019-11-19,2644.0,2644.0,2644.0,2644.0,5400629112,2042598,145,2593.0,2644.0
2019-11-20,2696.0,2696.0,2690.0,2696.0,24028563716,8912993,504,2644.0,2696.0
2019-11-23,2749.0,2749.0,2643.0,2703.0,26860918796,9936542,1093,2696.0,2746.0
2019-11-24,2680.0,2710.0,2649.0,2657.0,20205021994,7604839,807,2703.0,2690.0
2019-11-25,2700.0,2709.0,2604.0,2624.0,21558399172,8214668,1098,2657.0,2604.0
2019-11-26,2600.0,2649.0,2572.0,2578.0,26498031657,10276705,1176,2624.0,2580.0
2019-11-27,2600.0,2602.0,2527.0,2575.0,14290341509,5550393,789,2578.0,2558.0
2019-11-30,2610.0,2626.0,2533.0,2590.0,28461139016,10989711,1173,2575.0,2622.0
2019-12-01,2641.0,2641.0,2580.0,2613.0,27895473592,10674677,1179,2590.0,2637.0
2019-12-02,2660.0,2665.0,2601.0,2655.0,32180197740,12118476,1115,2613.0,2656.0
2019-12-03,2708.0,2708.0,2656.0,2703.0,21305484305,7881110,911,2655.0,2708.0
2019-12-04,2757.0,2757.0,2730.0,2757.0,21234388771,7703139,756,2703.0,2757.0
2019-12-07,2812.0,2812.0,2712.0,2805.0,37303309396,13296859,1359,2757.0,2812.0
2019-12-08,2917.0,2917.0,2861.0,2912.0,27920654491,9588942,781,2805.0,2917.0
2019-12-09,2970.0,3029.0,2970.0,3004.0,8458537022,2815458,188,2912.0,3029.0
2019-12-10,3064.0,3064.0,2944.0,3041.0,44474775315,14625154,1151,3004.0,3064.0
2019-12-11,3101.0,3101.0,3003.0,3095.0,54600670602,17641840,1609,3041.0,3101.0
2019-12-14,3138.0,3156.0,3106.0,3152.0,20943255345,6645011,744,3095.0,3156.0
2019-12-15,3278.0,3278.0,3215.0,3273.0,35997581049,10997871,809,3152.0,3278.0
2019-12-16,3338.0,3338.0,3338.0,3338.0,3170005136,949672,106,3273.0,3338.0
2019-12-17,3404.0,3404.0,3404.0,3404.0,5654180160,1661040,112,3338.0,3404.0
2019-12-18,3472.0,3472.0,3472.0,3472.0,13259408288,3818954,255,3404.0,3472.0
2019-12-21,3610.0,3610.0,3610.0,3610.0,34968622390,9686599,717,3472.0,3610.0
2019-12-22,3682.0,3682.0,3538.0,3654.0,85112540449,23290465,2586,3610.0,3682.0
2019-12-23,3719.0,3727.0,3581.0,3632.0,91790934337,25275120,2775,3654.0,3727.0
2019-12-24,3704.0,3704.0,3704.0,3704.0,18336459392,4950448,308,3632.0,3704.0
2019-12-25,3852.0,3852.0,3852.0,3852.0,30399594948,7891899,457,3704.0,3852.0
2019-12-28,3929.0,3929.0,3929.0,3929.0,20440422121,5202449,297,3852.0,3929.0
2019-12-29,4007.0,4007.0,4007.0,4007.0,22208160387,5542341,305,3929.0,4007.0
2019-12-30,4087.0,4087.0,4010.0,4086.0,130165564390,31855838,2276,4007.0,4087.0
2019-12-31,4249.0,4249.0,4249.0,4249.0,10499257755,2470995,139,4086.0,4249.0
2020-01-12,5480.0,5589.0,5371.0,5408.0,121540719329,22474459,1528,4249.0,5450.0
2020-01-13,5516.0,5516.0,5516.0,5516.0,41668161864,7554054,584,5408.0,5516.0
2020-01-14,5626.0,5626.0,5626.0,5626.0,12849688358,2283983,185,5516.0,5626.0
2020-01-15,5738.0,5738.0,5738.0,5738.0,98776634598,17214471,891,5626.0,5738.0
2020-01-18,7000.0,7000.0,7000.0,7000.0,46075113000,6582159,294,5738.0,7000.0
2020-01-19,7210.0,7210.0,6830.0,7162.0,397993880584,55570982,7686,7000.0,7210.0
2020-01-20,7376.0,7376.0,7211.0,7373.0,138188429745,18741695,2161,7162.0,7376.0
2020-01-21,7594.0,7594.0,7152.0,7540.0,262472106398,34808361,4144,7373.0,7580.0
2020-01-22,7537.0,7538.0,7314.0,7333.0,206970352283,28224211,3577,7540.0,7314.0
2020-01-25,7114.0,7270.0,7114.0,7116.0,67914315884,9543275,1170,7333.0,7114.0
2020-01-26,6903.0,7320.0,6903.0,7017.0,262252368195,37374048,4959,7116.0,7250.0
2020-01-27,7227.0,7227.0,7227.0,7227.0,39071098836,5406268,479,7017.0,7227.0
2020-01-28,7443.0,7443.0,7329.0,7442.0,101400254458,13625021,1221,7227.0,7443.0
2020-02-01,7665.0,7665.0,7665.0,7665.0,29529144225,3852465,596,7442.0,7665.0
2020-02-02,8000.0,8048.0,7777.0,7988.0,146324361021,18317601,2971,7665.0,8048.0
2020-02-03,8227.0,8227.0,8101.0,8225.0,113926715962,13851191,1857,7988.0,8227.0
2020-02-04,8414.0,8471.0,8228.0,8450.0,189640548381,22443644,2989,8225.0,8471.0
2020-02-05,8702.0,8703.0,8593.0,8700.0,142303681258,16357286,2661,8450.0,8703.0
2020-02-08,9135.0,9135.0,8700.0,9062.0,260617590562,28760506,3540,8700.0,9085.0
2020-02-09,9150.0,9150.0,8791.0,8859.0,208295048241,23512120,3005,9062.0,9000.0
2020-02-10,9099.0,9099.0,8594.0,8768.0,150140095555,17123245,2815,8859.0,8740.0
2020-02-12,8744.0,8840.0,8505.0,8523.0,116733059778,13695562,2726,8768.0,8670.0
2020-02-15,8778.0,8778.0,8600.0,8763.0,161490885512,18429724,2262,8523.0,8778.0
2020-02-16,8970.0,9025.0,8778.0,9007.0,115661628170,12841922,1966,8763.0,9025.0
2020-02-17,9105.0,9276.0,8815.0,9127.0,164585941719,18031953,2629,9007.0,9276.0
2020-02-18,9400.0,9400.0,9400.0,9400.0,112329887200,11949988,872,9127.0,9400.0
2020-02-23,9682.0,9972.0,9682.0,9897.0,123289972942,12457071,769,9400.0,9972.0
2020-02-24,10193.0,10193.0,10193.0,10193.0,117425745162,11520234,1138,9897.0,10193.0
2020-02-25,10498.0,10498.0,10240.0,10498.0,137448071467,13093262,1447,10193.0,10498.0
2020-02-26,10812.0,10812.0,10812.0,10812.0,213592670988,19755149,1286,10498.0,10812.0
2020-02-29,11352.0,11352.0,11352.0,11352.0,144833663304,12758427,1001,10812.0,11352.0
2020-03-01,11692.0,11692.0,11692.0,11692.0,469985767628,40197209,2300,11352.0,11692.0
2020-03-02,12042.0,12042.0,12042.0,12042.0,310737283236,25804458,1214,11692.0,12042.0
2020-03-03,12403.0,12403.0,12403.0,12403.0,283117240739,22826513,1457,12042.0,12403.0
2020-03-04,13023.0,13023.0,13023.0,13023.0,107127536598,8226026,551,12403.0,13023.0
2020-03-24,16000.0,16000.0,15520.0,15865.0,192994518080,12164711,913,13023.0,15520.0
2020-03-25,15390.0,15710.0,15390.0,15433.0,729044944975,47239885,7407,15865.0,15599.0
2020-03-28,15895.0,15895.0,15800.0,15894.0,395351293036,24873572,3244,15433.0,15895.0
2020-03-29,16280.0,16348.0,15418.0,15709.0,394322090895,25101732,5047,15894.0,15660.0
2020-03-30,15520.0,16180.0,15238.0,15622.0,379022120005,24262096,4176,15709.0,16040.0
2020-04-04,16090.0,16090.0,16000.0,16089.0,239083079325,14860212,2478,15622.0,16090.0
2020-04-05,16571.0,16571.0,16571.0,16571.0,82450684171,4975601,683,16089.0,16571.0
2020-04-06,17068.0,17068.0,17068.0,17068.0,169627877276,9938357,874,16571.0,17068.0
2020-04-07,17580.0,17580.0,17580.0,17580.0,175913549220,10006459,932,17068.0,17580.0
2020-04-08,18459.0,18459.0,18459.0,18459.0,210830391450,11421550,1258,17580.0,18459.0
2020-04-11,19012.0,19012.0,19012.0,19012.0,243918066280,12829690,1183,18459.0,19012.0
2020-04-12,19582.0,19582.0,19582.0,19582.0,227194064998,11602189,1203,19012.0,19582.0
2020-04-13,20169.0,20169.0,20169.0,20169.0,90104321754,4467466,508,19582.0,20169.0
2020-04-14,21177.0,21177.0,21177.0,21177.0,55059014088,2599944,499,20169.0,21177.0
2020-04-15,21812.0,21812.0,21812.0,21812.0,135416486576,6208348,517,21177.0,21812.0
2020-04-18,22466.0,22466.0,22466.0,22466.0,76259623836,3394446,232,21812.0,22466.0
2020-04-19,23139.0,23139.0,23139.0,23139.0,51552858996,2227964,241,22466.0,23139.0
2020-04-20,24295.0,24295.0,24295.0,24295.0,124955064390,5143242,265,23139.0,24295.0
2020-04-22,31000.0,31000.0,31000.0,31000.0,200046069000,6453099,261,24295.0,31000.0
2020-04-25,31930.0,31930.0,31930.0,31930.0,224627166840,7034988,678,31000.0,31930.0
2020-04-26,32887.0,32887.0,30973.0,31797.0,2189271977246,68852415,12403,31930.0,30973.0
2020-04-27,30884.0,32300.0,30844.0,31041.0,833901179008,26864925,6671,31797.0,30844.0
2020-04-28,31040.0,31972.0,31040.0,31801.0,520418086013,16364801,4269,31041.0,31972.0
2020-04-29,32755.0,32755.0,32755.0,32755.0,220088575180,6719236,1409,31801.0,32755.0
2020-05-02,33737.0,33737.0,33737.0,33737.0,171622548064,5087072,905,32755.0,33737.0
2020-05-03,35423.0,35423.0,35423.0,35423.0,257091419942,7257754,1253,33737.0,35423.0
2020-05-04,34361.0,36485.0,34361.0,35270.0,1358662560340,38521527,8075,35423.0,36485.0
2020-05-05,36328.0,36328.0,34212.0,34847.0,694664942943,19934639,4378,35270.0,34212.0
2020-05-06,33802.0,35892.0,33802.0,35092.0,729407724076,20785373,4479,34847.0,35892.0
2020-05-09,36144.0,36144.0,36144.0,36144.0,322271217072,8916313,1402,35092.0,36144.0
2020-05-10,37228.0,37228.0,35060.0,36161.0,820625406647,22693837,6942,36144.0,36000.0
2020-05-11,36161.0,36561.0,35077.0,35520.0,829024684983,23339343,4929,36161.0,36400.0
2020-05-12,35990.0,35990.0,34455.0,34816.0,174797763992,5020563,1463,35520.0,34455.0
2020-05-13,33772.0,35103.0,33772.0,34018.0,381585892679,11217329,2821,34816.0,33772.0
2020-05-16,32998.0,33020.0,32998.0,32999.0,108354430381,3283614,850,34018.0,32998.0
2020-05-17,31350.0,32700.0,31350.0,31497.0,978730355828,31073617,3662,32999.0,31690.0
2020-05-18,32339.0,32441.0,30553.0,32061.0,542659231730,16925925,3896,31497.0,32441.0
2020-05-19,33022.0,33022.0,33022.0,33022.0,209881392710,6355805,1113,32061.0,33022.0
2020-05-20,34012.0,34012.0,34012.0,34012.0,208075110364,6117697,1517,33022.0,34012.0
2020-05-23,35712.0,35712.0,34030.0,35589.0,892506280228,25078373,5262,34012.0,35712.0
2020-05-26,36000.0,36399.0,34522.0,35199.0,525039267608,14916114,3618,35589.0,35700.0
2020-05-27,34144.0,35600.0,34144.0,34803.0,410072619075,11782542,3374,35199.0,34144.0
2020-05-30,33759.0,35800.0,33759.0,34328.0,748262178595,21797593,4353,34803.0,35520.0
2020-05-31,35357.0,35357.0,33299.0,34596.0,504100959389,14570943,3350,34328.0,34239.0
2020-06-01,34799.0,35633.0,34250.0,35510.0,1028852083590,28973914,4565,34596.0,35633.0
2020-06-02,36575.0,36575.0,36575.0,36575.0,3332720364050,91120174,3712,35510.0,36575.0
2020-06-08,37672.0,37672.0,35478.0,37627.0,1923967082456,51132101,3869,36575.0,37672.0
2020-06-09,38755.0,38755.0,36499.0,37617.0,1720405375003,45734820,11031,37627.0,36499.0
2020-06-10,36489.0,38745.0,36489.0,37245.0,1396419426340,37492889,7197,37617.0,38600.0
2020-06-13,38150.0,38362.0,37400.0,38234.0,733771724182,19191777,5646,37245.0,38359.0
2020-06-14,39381.0,39381.0,37087.0,37686.0,556192903013,14758649,5103,38234.0,37087.0
2020-06-15,36556.0,37499.0,36556.0,36593.0,573036604289,15659581,3752,37686.0,36556.0
2020-06-16,35496.0,36200.0,35496.0,35509.0,563549393655,15870604,4350,36593.0,35496.0
2020-06-20,35000.0,36800.0,34000.0,35238.0,749553935697,21271081,8657,35509.0,35100.0
2020-06-21,35680.0,35680.0,34181.0,34260.0,625769606831,18265072,5863,35238.0,34200.0
2020-06-22,34260.0,35287.0,33235.0,34628.0,442749967434,12786064,3464,34260.0,35287.0
2020-06-23,35666.0,35666.0,35666.0,35666.0,125398553058,3515913,469,34628.0,35666.0
2020-06-24,36735.0,36735.0,35666.0,36725.0,1532860231484,41738445,5856,35666.0,36735.0
2020-06-27,37826.0,37826.0,37826.0,37826.0,438874462830,11602455,1975,36725.0,37826.0
2020-06-28,38960.0,38960.0,37826.0,38942.0,775456584528,19913136,3350,37826.0,38960.0
2020-06-29,40000.0,40889.0,38950.0,40615.0,856604574938,21090812,4087,38942.0,40889.0
2020-06-30,41833.0,41833.0,41833.0,41833.0,519921064003,12428491,1895,40615.0,41833.0
2020-07-01,43087.0,43087.0,43087.0,43087.0,363163303635,8428605,1674,41833.0,43087.0
2020-07-04,44379.0,44379.0,44379.0,44379.0,331568867079,7471301,1444,43087.0,44379.0
2020-07-05,46597.0,46597.0,46597.0,46597.0,421799165999,9052067,1461,44379.0,46597.0
2020-07-06,47994.0,47994.0,47994.0,47994.0,256721393814,5349031,873,46597.0,47994.0
2020-07-07,49433.0,49433.0,48079.0,49369.0,951377454720,19270754,5528,47994.0,49433.0
2020-07-15,47888.0,47888.0,47888.0,47888.0,656348665968,13705911,1067,49369.0,47888.0
2020-07-18,46452.0,46452.0,46452.0,46452.0,109190814432,2350616,1731,47888.0,46452.0
2020-07-19,45059.0,45059.0,45059.0,45059.0,141498282051,3140289,2493,46452.0,45059.0
2020-07-20,43708.0,43708.0,43708.0,43708.0,123111973936,2816692,2269,45059.0,43708.0
2020-07-21,41523.0,42940.0,41523.0,41710.0,2868844305514,68780178,15649,43708.0,41523.0
2020-07-22,40569.0,42424.0,40459.0,41100.0,680178010048,16549207,6411,41710.0,40459.0
2020-07-28,39867.0,39867.0,39867.0,39867.0,98307357561,2465883,1387,41100.0,39867.0
2020-07-29,38671.0,38671.0,38671.0,38738.0,58107160613,1502603,808,39867.0,38671.0
2020-08-01,37576.0,37576.0,37576.0,37576.0,110775137704,2948029,1566,38738.0,37576.0
2020-08-02,36449.0,39454.0,35698.0,37060.0,2505530432315,67607651,20499,37576.0,35698.0
2020-08-03,35949.0,36900.0,35949.0,36015.0,402126468968,11165647,4058,37060.0,35949.0
2020-08-04,34935.0,34935.0,34935.0,34935.0,366010326825,10476895,3467,36015.0,34935.0
2020-08-05,33900.0,35983.0,33900.0,35515.0,1108842535280,31221779,9232,34935.0,35983.0
2020-08-09,36580.0,36580.0,34450.0,36081.0,688671337212,19086887,7983,35515.0,34450.0
2020-08-10,34999.0,34999.0,34999.0,35020.0,54655628366,1561634,1204,36081.0,34999.0
2020-08-11,33970.0,33970.0,33970.0,34633.0,19917018640,586312,447,35020.0,33970.0
2020-08-12,33595.0,33595.0,33595.0,34146.0,25084009105,746659,622,34633.0,33595.0
2020-08-15,32439.0,32439.0,32439.0,33100.0,31643887671,975489,551,34146.0,32439.0
2020-08-16,32107.0,32107.0,32107.0,32754.0,17799414446,554378,313,33100.0,32107.0
2020-08-17,31772.0,31772.0,31772.0,32392.0,18647399836,586913,431,32754.0,31772.0
2020-08-18,31421.0,31421.0,31421.0,31650.0,38221666977,1216437,722,32392.0,31421.0
2020-08-19,30068.0,30068.0,30068.0,30288.0,41218326916,1370837,379,31650.0,30068.0
2020-08-22,29380.0,29380.0,29380.0,29883.0,20880483520,710704,355,30288.0,29380.0
2020-08-23,28987.0,28987.0,28987.0,29538.0,17786771044,613612,302,29883.0,28987.0
2020-08-24,28652.0,28652.0,28652.0,29425.0,5824836992,203296,148,29538.0,28652.0
2020-08-25,27954.0,29300.0,27954.0,28039.0,1013098607486,36131197,8719,29425.0,27954.0
2020-08-26,27954.0,28880.0,27954.0,28743.0,130866467654,4552934,1214,28039.0,28880.0
2020-09-05,27881.0,28685.0,27881.0,27894.0,258618872347,9271643,1671,28743.0,27881.0
2020-09-06,27058.0,27058.0,27058.0,27644.0,12898413310,476695,312,27894.0,27058.0
2020-09-07,26815.0,26815.0,26815.0,27553.0,4683239750,174650,87,27644.0,26815.0
2020-09-08,26727.0,26727.0,26727.0,27491.0,3203658582,119866,70,27553.0,26727.0
2020-09-09,26117.0,26117.0,26117.0,26117.0,43757727650,1675450,430,27491.0,26117.0
2020-11-23,21000.0,21000.0,21000.0,21000.0,115552227000,5502487,817,26117.0,21000.0
2020-11-24,20370.0,20370.0,20370.0,20429.0,29404502400,1443520,535,21000.0,20370.0
2020-11-25,19817.0,19817.0,19817.0,20128.0,15513044855,782815,321,20429.0,19817.0
2020-11-28,19525.0,19525.0,19525.0,19951.0,9129909525,467601,251,20128.0,19525.0
2020-11-29,18954.0,20948.0,18954.0,20394.0,1158220692154,56792320,8814,19951.0,20948.0
2020-11-30,21005.0,21005.0,20400.0,20927.0,532418702237,25441224,6190,20394.0,21005.0
2020-12-01,21150.0,21150.0,20300.0,20448.0,378013508207,18486586,4696,20927.0,20490.0
2020-12-02,19835.0,20495.0,19835.0,19889.0,355748872479,17886800,5040,20448.0,19835.0
2020-12-05,19310.0,20485.0,19310.0,20444.0,192405258323,9411427,1364,19889.0,20485.0
2020-12-06,21057.0,21057.0,21057.0,21057.0,158288859177,7517161,1226,20444.0,21057.0
2020-12-07,21600.0,21688.0,20500.0,21512.0,423801907058,19700342,5068,21057.0,21688.0
2020-12-08,22100.0,22587.0,21600.0,22469.0,459869001383,20466798,3099,21512.0,22587.0
2020-12-09,23143.0,23143.0,23143.0,23143.0,126318844884,5458188,939,22469.0,23143.0
2020-12-12,23837.0,23837.0,23837.0,23837.0,199314172002,8361546,572,23143.0,23837.0
2020-12-13,24552.0,24552.0,24552.0,24552.0,230001073632,9367916,982,23837.0,24552.0
2020-12-14,25779.0,25779.0,23411.0,25301.0,896744661704,35442982,10564,24552.0,25779.0
2020-12-15,25500.0,25500.0,24542.0,24695.0,517953951048,20973864,4728,25301.0,24850.0
2020-12-16,23965.0,25435.0,23965.0,25257.0,489926742214,19397968,5661,24695.0,25435.0
2020-12-19,26010.0,26014.0,25500.0,26012.0,252434027732,9704692,2415,25257.0,26014.0
2020-12-20,26792.0,26792.0,26220.0,26698.0,371754920784,13924242,3073,26012.0,26792.0
2020-12-21,27498.0,27498.0,27498.0,27498.0,170705301666,6207917,1170,26698.0,27498.0
2020-12-22,28872.0,28872.0,28872.0,28872.0,161997644952,5610891,1006,27498.0,28872.0
2020-12-23,29738.0,29738.0,29738.0,29738.0,145928440106,4907137,841,28872.0,29738.0
2020-12-26,30630.0,30630.0,28846.0,29814.0,1532425046319,51399980,14253,29738.0,30570.0
2020-12-27,29955.0,29955.0,28920.0,28985.0,642796999449,22176873,5172,29814.0,28920.0
2020-12-28,28200.0,29350.0,28116.0,28236.0,436534965417,15460435,3767,28985.0,28116.0
2020-12-29,27389.0,27389.0,27389.0,27953.0,14572454395,532055,307,28236.0,27389.0
2020-12-30,27115.0,27115.0,27115.0,27669.0,14629084800,539520,283,27953.0,27115.0
2021-01-02,26286.0,27290.0,26286.0,26431.0,415800274215,15731792,2766,27669.0,26286.0
2021-01-03,25640.0,26000.0,25639.0,25645.0,190707717931,7436425,1265,26431.0,25639.0
2021-01-04,24876.0,24876.0,24876.0,24876.0,74010129912,2975162,652,25645.0,24876.0
2021-01-20,24130.0,24130.0,24130.0,24363.0,26438903180,1095686,107,24876.0,24130.0
2021-01-23,23633.0,23633.0,23633.0,23810.0,28504990216,1206152,153,24363.0,23633.0
2021-02-06,23334.0,23334.0,23334.0,23507.0,23690566854,1015281,64,23810.0,23334.0
2021-02-07,23037.0,23037.0,23037.0,23136.0,28977781560,1257880,199,23507.0,23037.0
2021-02-08,22674.0,22674.0,22674.0,23107.0,2296604112,101288,78,23136.0,22674.0
2021-02-09,22645.0,22645.0,22645.0,23054.0,4118151765,181857,135,23107.0,22645.0
2021-02-13,22132.0,22132.0,22132.0,22838.0,8262650220,373335,251,23054.0,22132.0
2021-02-14,22382.0,22382.0,22382.0,22807.0,2443644378,109179,54,22838.0,22382.0
2021-02-15,22351.0,22351.0,22351.0,22760.0,3686506887,164937,56,22807.0,22351.0
2021-02-16,22305.0,22305.0,22305.0,22755.0,376486095,16879,26,22760.0,22305.0
2021-02-17,21845.0,21845.0,21845.0,22591.0,6258985710,286518,136,22755.0,21845.0
2021-02-20,22140.0,22140.0,22140.0,22306.0,22290087060,1006779,107,22591.0,22140.0
2021-02-21,21860.0,21860.0,21860.0,22129.0,13808459220,631677,191,22306.0,21860.0
2021-04-18,2879.0,2879.0,2879.0,2926.0,6636929910,2305290,86,2937.0,2879.0
2021-04-19,2868.0,2868.0,2868.0,2915.0,6576341208,2293006,63,2926.0,2868.0
2021-04-20,2857.0,2857.0,2857.0,2913.0,957640687,335191,56,2915.0,2857.0
2021-04-21,2855.0,2855.0,2855.0,2912.0,446513435,156397,20,2913.0,2855.0
2021-04-24,2796.0,2796.0,2796.0,2911.0,330123720,118070,26,2912.0,2796.0
2021-04-25,2853.0,2853.0,2853.0,2910.0,608550606,213302,20,2911.0,2853.0
2021-04-26,2852.0,2852.0,2852.0,2907.0,1713030984,600642,45,2910.0,2852.0
2021-04-27,2849.0,2849.0,2849.0,2907.0,266250446,93454,19,2907.0,2849.0
2021-04-28,2791.0,2791.0,2791.0,2904.0,883008207,316377,45,2907.0,2791.0
2021-05-01,2846.0,2846.0,2846.0,2904.0,237216946,83351,11,2904.0,2846.0
2021-05-02,2846.0,2846.0,2846.0,2904.0,255266278,89693,15,2904.0,2846.0
2021-05-03,2846.0,2846.0,2846.0,2904.0,227523470,79945,14,2904.0,2846.0
2021-05-05,2788.0,2788.0,2788.0,2903.0,333545168,119636,22,2904.0,2788.0
2021-05-08,2845.0,2845.0,2845.0,2903.0,156105150,54870,8,2903.0,2845.0
2021-05-09,2845.0,2845.0,2845.0,2902.0,361152835,126943,12,2903.0,2845.0
2021-05-10,2844.0,2844.0,2844.0,2902.0,134504136,47294,8,2902.0,2844.0
2021-05-11,2786.0,2786.0,2786.0,2900.0,516931156,185546,28,2902.0,2786.0
2021-05-12,2842.0,2842.0,2842.0,2899.0,325269742,114451,17,2900.0,2842.0
2021-05-15,2842.0,2842.0,2842.0,2898.0,636474426,223953,11,2899.0,2842.0
2021-05-16,2841.0,2841.0,2841.0,2896.0,903278904,317944,10,2898.0,2841.0
2021-05-17,2781.0,2781.0,2781.0,2891.0,1436361471,516491,29,2896.0,2781.0
2021-05-18,2834.0,2834.0,2834.0,2891.0,115737726,40839,8,2891.0,2834.0
2021-05-19,2834.0,2834.0,2834.0,2891.0,157252992,55488,7,2891.0,2834.0
2021-05-22,2834.0,2834.0,2834.0,2891.0,121564430,42895,4,2891.0,2834.0
2021-05-23,2776.0,2776.0,2776.0,2889.0,481702624,173524,14,2891.0,2776.0
2021-05-24,2832.0,2832.0,2832.0,2889.0,56073600,19800,2,2889.0,2832.0
2021-05-25,2832.0,2832.0,2832.0,2889.0,41604912,14691,6,2889.0,2832.0
2021-05-26,2832.0,2832.0,2832.0,2889.0,148929216,52588,6,2889.0,2832.0
2021-05-29,2774.0,2774.0,2774.0,2886.0,852724826,307399,47,2889.0,2774.0
2021-05-30,2829.0,2829.0,2829.0,2886.0,44517144,15736,4,2886.0,2829.0
2021-05-31,2829.0,2829.0,2829.0,2886.0,133226097,47093,9,2886.0,2829.0
2021-06-01,2829.0,2829.0,2829.0,2885.0,502144671,177499,10,2886.0,2829.0
2021-06-02,2770.0,2770.0,2770.0,2882.0,971533180,350734,40,2885.0,2770.0
2021-06-07,2825.0,2825.0,2825.0,2881.0,371156975,131383,17,2882.0,2825.0
2021-06-08,2824.0,2824.0,2824.0,2881.0,225911528,79997,20,2881.0,2824.0
2021-06-09,2824.0,2824.0,2824.0,2881.0,174960920,61955,12,2881.0,2824.0
2021-06-12,2766.0,2766.0,2766.0,2880.0,145563516,52626,14,2881.0,2766.0
2021-06-13,2823.0,2823.0,2823.0,2880.0,129970920,46040,8,2880.0,2823.0
2021-06-14,2823.0,2823.0,2823.0,2880.0,143549550,50850,12,2880.0,2823.0
2021-06-15,2823.0,2823.0,2823.0,2880.0,31335300,11100,6,2880.0,2823.0
2021-06-16,2765.0,2765.0,2765.0,2879.0,363218695,131363,21,2880.0,2765.0
2021-06-19,2822.0,2822.0,2822.0,2879.0,196470462,69621,9,2879.0,2822.0
2021-06-20,2822.0,2822.0,2822.0,2878.0,668255244,236802,15,2879.0,2822.0
2021-06-21,2821.0,2821.0,2821.0,2877.0,695489340,246540,23,2878.0,2821.0
2021-06-22,2762.0,2762.0,2762.0,2873.0,1065659698,385829,55,2877.0,2762.0
2021-06-23,2816.0,2816.0,2816.0,2873.0,239610624,85089,22,2873.0,2816.0
2021-06-26,2816.0,2816.0,2816.0,2871.0,1403387392,498362,33,2873.0,2816.0
2021-06-27,2814.0,2814.0,2814.0,2870.0,417743928,148452,27,2871.0,2814.0
2021-06-28,2756.0,2756.0,2756.0,2864.0,1808002144,656024,82,2870.0,2756.0
2021-06-29,2807.0,2807.0,2807.0,2864.0,115275069,41067,7,2864.0,2807.0
2021-06-30,2807.0,2807.0,2807.0,2863.0,314148212,111916,24,2864.0,2807.0
2021-07-03,2806.0,2806.0,2806.0,2862.0,413845716,147486,21,2863.0,2806.0
2021-07-04,2748.0,2748.0,2748.0,2855.0,1900420620,691565,63,2862.0,2748.0
2021-07-05,2798.0,2798.0,2798.0,2837.0,10534604304,3765048,176,2855.0,2798.0
2021-07-06,2781.0,2781.0,2781.0,2819.0,10642678425,3826925,217,2837.0,2781.0
2021-07-07,2763.0,2763.0,2763.0,2801.0,10949050620,3962740,210,2819.0,2763.0
2021-07-10,2689.0,2689.0,2689.0,2792.0,2560761590,952310,99,2801.0,2689.0
2021-07-11,2737.0,2737.0,2737.0,2787.0,3107127247,1135231,144,2792.0,2737.0
2021-07-27,1670.0,1670.0,1637.0,1646.0,94421835461,57348411,2941,2783.0,1637.0
2021-07-28,1614.0,1614.0,1614.0,1614.0,25078059234,15537831,959,1646.0,1614.0
2021-07-31,1582.0,1582.0,1582.0,1602.0,6848954182,4329301,330,1614.0,1582.0
2021-08-01,1570.0,1570.0,1570.0,1598.0,2406712660,1532938,126,1602.0,1570.0
2021-08-02,1535.0,1535.0,1535.0,1583.0,4367853245,2845507,224,1598.0,1535.0
2021-08-03,1552.0,1552.0,1552.0,1581.0,1245593296,802573,77,1583.0,1552.0
2021-08-04,1550.0,1550.0,1550.0,1578.0,1937958800,1250296,131,1581.0,1550.0
2021-08-07,1547.0,1547.0,1547.0,1573.0,2854205718,1844994,129,1578.0,1547.0
2021-08-08,1511.0,1563.0,1511.0,1523.0,432432911094,283983338,16568,1573.0,1536.0
2021-08-09,1553.0,1553.0,1536.0,1553.0,76451831434,49236236,2668,1523.0,1553.0
2021-08-10,1584.0,1584.0,1584.0,1584.0,41571102672,26244383,1486,1553.0,1584.0
2021-08-11,1615.0,1615.0,1553.0,1594.0,209046403553,131153368,8356,1584.0,1553.0
2021-08-14,1563.0,1563.0,1563.0,1577.0,10136950599,6485573,394,1594.0,1563.0
2021-08-15,1546.0,1546.0,1546.0,1569.0,5026757160,3251460,285,1577.0,1546.0
2021-08-22,1538.0,1538.0,1538.0,1552.0,9994362330,6498285,463,1569.0,1538.0
2021-08-23,1490.0,1521.0,1490.0,1491.0,110469557055,74074537,4252,1552.0,1490.0
2021-08-24,1462.0,1462.0,1462.0,1462.0,19392577654,13264417,924,1491.0,1462.0
2021-08-25,1433.0,1433.0,1433.0,1433.0,17423283831,12158607,807,1462.0,1433.0
2021-08-28,1405.0,1461.0,1405.0,1445.0,272102959587,188285309,10438,1433.0,1461.0
2021-08-29,1473.0,1473.0,1417.0,1467.0,217698656646,148373438,8842,1445.0,1440.0
2021-08-30,1473.0,1496.0,1438.0,1470.0,180356191540,122670567,7321,1467.0,1439.0
2021-08-31,1441.0,1464.0,1441.0,1443.0,46829447999,32463006,2190,1470.0,1441.0
2021-09-01,1417.0,1441.0,1415.0,1416.0,61380491464,43344664,2580,1443.0,1415.0
2021-09-04,1444.0,1444.0,1440.0,1444.0,126922872404,87897709,4433,1416.0,1444.0
2021-09-05,1472.0,1472.0,1472.0,1472.0,49296716224,33489617,1632,1444.0,1472.0
2021-09-06,1501.0,1501.0,1444.0,1501.0,120971568635,80598743,3814,1472.0,1501.0
2021-09-12,1579.0,1579.0,1579.0,1579.0,21466186042,13594798,383,1501.0,1579.0
2021-09-13,1626.0,1626.0,1542.0,1602.0,246945070373,154156056,9146,1579.0,1563.0
2021-09-14,1554.0,1579.0,1554.0,1555.0,55399681236,35622249,2196,1602.0,1554.0
2021-09-15,1509.0,1509.0,1509.0,1536.0,7435568829,4927481,324,1555.0,1509.0
2021-09-19,1490.0,1510.0,1490.0,1490.0,52177446671,35011998,1743,1536.0,1490.0
2021-09-22,1400.0,1442.0,1358.0,1373.0,65922409515,48027578,2767,1490.0,1359.0
2021-09-25,1340.0,1398.0,1332.0,1338.0,60894470497,45515451,2802,1373.0,1332.0
2021-09-26,1298.0,1298.0,1298.0,1316.0,8515358962,6560369,415,1338.0,1298.0
2021-09-28,1277.0,1277.0,1277.0,1290.0,10329561056,8088928,499,1316.0,1277.0
2021-09-29,1226.0,1295.0,1226.0,1248.0,192736793055,154401170,8770,1290.0,1285.0
2021-10-02,1268.0,1285.0,1241.0,1284.0,87936928077,68511044,3775,1248.0,1285.0
2021-10-03,1289.0,1318.0,1246.0,1263.0,38301930656,30319571,2010,1284.0,1246.0
2021-10-04,1226.0,1245.0,1226.0,1227.0,61950124071,50480759,2629,1263.0,1236.0
2021-10-06,1241.0,1244.0,1191.0,1204.0,108255990518,89942940,5310,1227.0,1193.0
2021-10-09,1168.0,1192.0,1168.0,1169.0,55718756182,47670163,1904,1204.0,1168.0
2021-10-10,1134.0,1134.0,1134.0,1148.0,8218907676,7247714,421,1169.0,1134.0
2021-10-11,1114.0,1140.0,1114.0,1117.0,101499483385,90830329,4580,1148.0,1114.0
2021-10-12,1114.0,1117.0,1062.0,1066.0,125078690086,117359093,5900,1117.0,1062.0
2021-10-13,1039.0,1060.0,1035.0,1038.0,40983943417,39489097,2309,1066.0,1035.0
2021-10-16,1035.0,1059.0,1007.0,1022.0,166476924979,162841690,8723,1038.0,1045.0
2021-10-17,1052.0,1052.0,1048.0,1052.0,110233579713,104786181,4492,1022.0,1052.0
2021-10-18,1083.0,1083.0,1071.0,1083.0,150292872616,138779664,6092,1052.0,1083.0
2021-10-19,1115.0,1115.0,1100.0,1115.0,63897962199,57311345,2221,1083.0,1115.0
2021-10-20,1168.0,1170.0,1115.0,1161.0,203171202434,174926719,8239,1115.0,1170.0
2021-10-23,1155.0,1155.0,1127.0,1129.0,79163361693,70142863,3597,1161.0,1127.0
2021-10-25,1099.0,1114.0,1096.0,1112.0,6934920016,6322089,356,1129.0,1096.0
2021-10-26,1079.0,1079.0,1079.0,1098.0,5522887396,5118524,337,1112.0,1079.0
2021-10-27,1044.0,1058.0,1044.0,1044.0,50318124452,48189873,2499,1098.0,1044.0
2021-10-30,1026.0,1059.0,1013.0,1023.0,25699592423,25127710,1299,1044.0,1013.0
2021-10-31,993.0,993.0,993.0,1009.0,5652265230,5692110,357,1023.0,993.0
2021-11-01,979.0,992.0,979.0,980.0,67467778970,68831107,3519,1009.0,979.0
2021-11-02,960.0,1011.0,932.0,972.0,92040360380,94709535,5045,980.0,995.0
2021-11-03,1001.0,1001.0,982.0,1001.0,13892308975,13880447,768,972.0,1001.0
2021-11-06,1031.0,1031.0,1031.0,1031.0,13679614207,13268297,629,1001.0,1031.0
2021-11-07,1061.0,1061.0,1010.0,1049.0,102773037213,97936696,5206,1031.0,1034.0
2021-11-08,1022.0,1047.0,1018.0,1021.0,51505992784,50461243,2713,1049.0,1018.0
2021-11-09,1005.0,1032.0,991.0,995.0,85899604352,86310423,4940,1021.0,993.0
2021-11-10,1010.0,1024.0,995.0,1022.0,57332969563,56081277,2818,995.0,1024.0
2021-11-13,1040.0,1052.0,1000.0,1045.0,64573931042,61820829,3159,1022.0,1052.0
2021-11-14,1076.0,1076.0,1076.0,1071.0,10629785708,9878983,498,1045.0,1076.0
2021-11-15,1103.0,1103.0,1085.0,1102.0,137293364887,124604953,6267,1071.0,1103.0
2021-11-16,1120.0,1157.0,1110.0,1155.0,70682556369,61223188,3148,1102.0,1157.0
2021-11-17,1186.0,1189.0,1170.0,1188.0,16839839421,14179326,748,1155.0,1189.0
2021-11-20,1223.0,1223.0,1201.0,1222.0,98225635519,80369530,4035,1188.0,1223.0
2021-11-21,1258.0,1258.0,1205.0,1252.0,39198931689,31307520,1370,1222.0,1258.0
2021-11-22,1314.0,1314.0,1314.0,1301.0,12392475912,9431108,555,1252.0,1314.0
2021-11-23,1340.0,1340.0,1262.0,1320.0,306643945973,232392953,11887,1301.0,1269.0
2021-11-24,1281.0,1281.0,1281.0,1302.0,7072351041,5520961,381,1320.0,1281.0
2021-11-27,1263.0,1263.0,1263.0,1298.0,1690767996,1338692,111,1302.0,1263.0
2021-11-28,1260.0,1260.0,1260.0,1293.0,1921689000,1525150,109,1298.0,1260.0
2021-11-29,1229.0,1278.0,1229.0,1233.0,223304439342,181175498,9100,1293.0,1229.0
2021-11-30,1210.0,1269.0,1210.0,1266.0,133348160128,105317429,5555,1233.0,1266.0
2021-12-01,1275.0,1275.0,1229.0,1232.0,20034726996,16259591,952,1266.0,1229.0
2021-12-04,1196.0,1200.0,1196.0,1196.0,25110769236,20993672,904,1232.0,1196.0
2021-12-05,1161.0,1161.0,1161.0,1165.0,12455182458,10727978,421,1196.0,1161.0
2021-12-06,1107.0,1143.0,1107.0,1111.0,115245560138,103705124,5255,1165.0,1107.0
2021-12-07,1091.0,1107.0,1078.0,1079.0,34503540400,31976431,1879,1111.0,1078.0
2021-12-08,1078.0,1111.0,1051.0,1102.0,43684641035,39630372,2157,1079.0,1111.0
2021-12-11,1135.0,1135.0,1112.0,1134.0,37498738252,33068411,1823,1102.0,1135.0
2021-12-12,1110.0,1149.0,1100.0,1105.0,28798598333,26062489,1267,1134.0,1100.0
2021-12-13,1080.0,1100.0,1072.0,1073.0,39348949288,36670262,1981,1105.0,1072.0
2021-12-14,1044.0,1061.0,1041.0,1042.0,44858869458,43058918,2233,1073.0,1046.0
2021-12-15,1030.0,1073.0,1030.0,1071.0,57450749655,53636605,2787,1042.0,1073.0
2021-12-18,1080.0,1102.0,1044.0,1073.0,32190036014,30009562,1810,1071.0,1054.0
2021-12-19,1045.0,1067.0,1041.0,1042.0,33964278674,32609732,2039,1073.0,1041.0
2021-12-20,1041.0,1058.0,1011.0,1015.0,51283172413,50532100,2915,1042.0,1026.0
2021-12-21,1002.0,1045.0,1002.0,1038.0,24032217315,23142053,1347,1015.0,1045.0
2021-12-22,1055.0,1063.0,1021.0,1043.0,56139284342,53821284,2823,1038.0,1045.0
2021-12-25,1055.0,1074.0,1049.0,1069.0,64822859352,60638704,2960,1043.0,1055.0
2021-12-26,1050.0,1056.0,1037.0,1038.0,42212670119,40652720,2344,1069.0,1038.0
2021-12-27,1050.0,1054.0,1012.0,1028.0,42812616801,41628545,2423,1038.0,1025.0
2021-12-28,1046.0,1058.0,1014.0,1048.0,38621409869,36853397,1969,1028.0,1058.0
2021-12-29,1079.0,1079.0,1060.0,1078.0,62839261238,58273710,2846,1048.0,1070.0
2022-01-01,1093.0,1110.0,1055.0,1106.0,74927689113,67728914,3467,1078.0,1099.0
2022-01-02,1104.0,1129.0,1073.0,1080.0,39413554181,36484218,2171,1106.0,1073.0
2022-01-03,1065.0,1087.0,1048.0,1053.0,32692917197,31050981,1873,1080.0,1066.0
2022-01-04,1054.0,1060.0,1027.0,1038.0,23384846223,22532908,1295,1053.0,1046.0
2022-01-05,1063.0,1069.0,1042.0,1067.0,36238820905,33969475,1866,1038.0,1069.0
2022-01-08,1073.0,1080.0,1035.0,1047.0,21444007854,20479182,1262,1067.0,1042.0
2022-01-09,1036.0,1041.0,1016.0,1019.0,50303536786,49385914,2530,1047.0,1019.0
2022-01-10,1019.0,1045.0,989.0,1011.0,33160952002,32796672,1800,1019.0,1017.0
2022-01-11,1020.0,1031.0,993.0,1008.0,36376678129,36097252,1954,1011.0,1007.0
2022-01-12,1004.0,1023.0,978.0,990.0,54977836835,55553988,2963,1008.0,1007.0
2022-01-15,991.0,1019.0,991.0,1015.0,44764952297,44093744,2390,990.0,1018.0
2022-01-16,1020.0,1020.0,985.0,989.0,37839078410,38268018,2082,1015.0,987.0
2022-01-17,980.0,989.0,960.0,965.0,62824790254,65119698,3347,989.0,965.0
2022-01-18,946.0,965.0,937.0,938.0,14259749648,15197340,929,965.0,937.0
2022-01-19,910.0,910.0,910.0,916.0,8677436950,9535645,584,938.0,910.0
2022-01-22,889.0,889.0,889.0,901.0,5738101173,6454557,443,916.0,889.0
2022-01-23,856.0,856.0,856.0,878.0,5324700920,6220445,409,901.0,856.0
2022-01-24,852.0,852.0,852.0,869.0,3515695356,4126403,228,878.0,852.0
2022-01-25,843.0,843.0,843.0,866.0,1244236809,1475963,106,869.0,843.0
2022-01-26,841.0,858.0,841.0,842.0,58755123436,69754904,3531,866.0,841.0
2022-01-29,830.0,884.0,825.0,876.0,50826550594,58013347,3020,842.0,884.0
2022-01-30,885.0,894.0,850.0,855.0,41144953118,48101548,2556,876.0,850.0
2022-01-31,841.0,870.0,830.0,845.0,30448282617,36043951,2057,855.0,860.0
2022-02-01,860.0,870.0,834.0,857.0,29858217756,34849111,1924,845.0,870.0
2022-02-02,876.0,882.0,855.0,877.0,19194841499,21882993,1380,857.0,877.0
2022-02-05,880.0,899.0,860.0,878.0,30086168126,34254227,1697,877.0,876.0
2022-02-06,880.0,893.0,866.0,878.0,29130270065,33188886,1812,878.0,870.0
2022-02-07,862.0,887.0,852.0,854.0,13202046480,15455750,851,878.0,852.0
2022-02-08,836.0,850.0,829.0,830.0,29593990077,35643361,1848,854.0,829.0
2022-02-09,809.0,826.0,806.0,809.0,45217849259,55900417,3018,830.0,817.0
2022-02-12,804.0,820.0,795.0,806.0,24065182685,29844027,1540,809.0,798.0
2022-02-13,791.0,804.0,782.0,784.0,15861269256,20226710,1152,806.0,782.0
2022-02-14,764.0,782.0,761.0,764.0,42040276717,55039850,2709,784.0,765.0
2022-02-16,760.0,786.0,760.0,783.0,46931340215,59913565,2971,764.0,786.0
2022-02-19,780.0,798.0,760.0,770.0,28982919994,37631774,1999,783.0,772.0
2022-02-20,776.0,776.0,747.0,755.0,19892733210,26339188,1419,770.0,762.0
2022-02-21,750.0,768.0,740.0,752.0,22267373364,29627704,1687,755.0,747.0
2022-02-22,755.0,774.0,745.0,769.0,27230061830,35421691,1702,752.0,774.0
2022-02-23,792.0,792.0,786.0,792.0,18734877482,23659925,1106,769.0,792.0
2022-02-26,814.0,815.0,781.0,813.0,46619352201,57352718,2795,792.0,815.0
2022-02-27,819.0,825.0,789.0,797.0,36250559270,45505681,2396,813.0,789.0
2022-02-28,776.0,820.0,774.0,801.0,34074111736,42533522,2127,797.0,801.0
2022-03-02,800.0,825.0,800.0,822.0,52810731686,64230888,3169,801.0,825.0
2022-03-05,824.0,846.0,824.0,844.0,43028742278,51003828,2552,822.0,846.0
2022-03-06,854.0,854.0,819.0,823.0,55328756246,67224302,3427,844.0,820.0
2022-03-07,801.0,832.0,799.0,809.0,32894890072,40646405,2190,823.0,800.0
2022-03-08,800.0,807.0,785.0,786.0,45817726836,58318551,2789,809.0,785.0
2022-03-09,783.0,785.0,763.0,768.0,40076469365,52173383,2697,786.0,772.0
2022-03-12,782.0,782.0,745.0,751.0,22534389116,30003160,1596,768.0,751.0
2022-03-13,747.0,773.0,747.0,769.0,11411257794,14837050,740,751.0,773.0
2022-03-14,792.0,792.0,792.0,792.0,39886468776,50361703,2100,769.0,792.0
2022-03-15,805.0,815.0,785.0,807.0,48107834218,59584761,2824,792.0,787.0
2022-03-16,788.0,809.0,783.0,789.0,22645729340,28703345,1575,807.0,783.0
2022-03-19,805.0,809.0,778.0,790.0,24795896153,31367384,1649,789.0,809.0
2022-03-26,812.0,813.0,794.0,809.0,36532317035,45157831,2128,790.0,813.0
2022-03-27,820.0,833.0,813.0,831.0,15419961531,18552654,961,809.0,833.0
2022-03-29,855.0,855.0,855.0,843.0,5632073100,6587220,405,831.0,855.0
2022-03-30,868.0,868.0,868.0,868.0,19280409204,22212453,1046,843.0,868.0
2022-04-03,908.0,911.0,880.0,902.0,83341974774,92385724,4419,868.0,911.0
2022-04-04,928.0,929.0,913.0,929.0,56748582359,61105841,2652,902.0,929.0
2022-04-05,939.0,956.0,911.0,953.0,120016096145,125964075,5984,929.0,955.0
2022-04-06,970.0,970.0,925.0,933.0,54372462797,58278281,2783,953.0,925.0
2022-04-09,906.0,906.0,906.0,906.0,12326004972,13604862,854,933.0,906.0
2022-04-10,879.0,901.0,879.0,883.0,134659585992,152501079,7059,906.0,883.0
2022-04-11,899.0,909.0,887.0,906.0,51078413323,56377307,2645,883.0,909.0
2022-04-12,933.0,933.0,907.0,924.0,74332006901,80483768,4070,906.0,908.0
2022-04-13,920.0,920.0,897.0,902.0,38420771480,42584138,2208,924.0,914.0
2022-04-16,922.0,929.0,890.0,917.0,54873411118,59854628,2876,902.0,929.0
2022-04-17,933.0,943.0,901.0,933.0,34251208173,36725755,2055,917.0,928.0
2022-04-18,922.0,945.0,911.0,929.0,52480866171,56484608,2740,933.0,930.0
2022-04-19,920.0,956.0,905.0,937.0,59255298273,63263219,2921,929.0,929.0
2022-04-20,922.0,951.0,909.0,912.0,63847912856,70003808,3524,937.0,915.0
2022-04-24,892.0,911.0,891.0,900.0,26953001232,29955446,1850,912.0,900.0
2022-04-25,894.0,927.0,894.0,925.0,43982202507,47543689,2498,900.0,927.0
2022-04-26,930.0,952.0,920.0,950.0,89032644095,93752870,4195,925.0,952.0
2022-04-27,965.0,978.0,960.0,977.0,79862070268,81733114,4044,950.0,978.0
2022-04-30,1006.0,1006.0,991.0,1006.0,63017685290,62666024,2928,977.0,1006.0
2022-05-01,1036.0,1036.0,1036.0,1034.0,11531767800,11131050,552,1006.0,1036.0
2022-05-02,1065.0,1065.0,1031.0,1058.0,166964690675,157818461,7959,1034.0,1056.0
2022-05-07,1077.0,1089.0,1027.0,1054.0,87511532717,83030219,4225,1058.0,1089.0
2022-05-08,1085.0,1085.0,1085.0,1085.0,14678853245,13528897,605,1054.0,1085.0
2022-05-09,1117.0,1117.0,1100.0,1117.0,99930547490,89465364,4090,1085.0,1117.0
2022-05-10,1139.0,1150.0,1117.0,1147.0,159608760265,139188190,6810,1117.0,1141.0
2022-05-11,1162.0,1181.0,1141.0,1173.0,90769463622,77377008,3701,1147.0,1181.0
2022-05-14,1208.0,1208.0,1208.0,1193.0,8394893320,6949415,472,1173.0,1208.0
2022-05-15,1228.0,1228.0,1200.0,1227.0,75575877533,61589253,2839,1193.0,1228.0
2022-05-16,1263.0,1263.0,1263.0,1263.0,20044953015,15870905,716,1227.0,1263.0
2022-05-17,1300.0,1300.0,1263.0,1299.0,297611849869,229186899,10732,1263.0,1300.0
2022-05-18,1329.0,1337.0,1261.0,1303.0,262471230208,201506691,10251,1299.0,1337.0
2022-05-21,1342.0,1342.0,1342.0,1342.0,17401265772,12966666,602,1303.0,1342.0
2022-05-22,1382.0,1382.0,1382.0,1365.0,9678462478,7003229,359,1342.0,1382.0
2022-05-23,1405.0,1405.0,1361.0,1404.0,271570475817,193419471,8925,1365.0,1405.0
2022-05-24,1446.0,1446.0,1446.0,1437.0,13578532860,9390410,489,1404.0,1446.0
2022-05-25,1480.0,1480.0,1480.0,1480.0,23997399320,16214459,804,1437.0,1480.0
2022-06-07,1524.0,1524.0,1491.0,1523.0,221244695696,145241469,8138,1480.0,1524.0
2022-06-08,1567.0,1567.0,1478.0,1498.0,143159077382,95595106,5287,1523.0,1478.0
2022-06-11,1454.0,1454.0,1454.0,1486.0,4823850014,3317641,191,1498.0,1454.0
2022-06-12,1442.0,1442.0,1442.0,1442.0,28455130200,19733100,887,1486.0,1442.0
2022-06-13,1399.0,1437.0,1399.0,1402.0,263160919640,187701176,9760,1442.0,1399.0
2022-06-14,1383.0,1438.0,1360.0,1387.0,173457888299,125080479,6686,1402.0,1426.0
2022-06-15,1428.0,1428.0,1428.0,1428.0,20835214008,14590486,714,1387.0,1428.0
2022-06-18,1470.0,1470.0,1443.0,1469.0,149340231393,101686949,5388,1428.0,1470.0
2022-06-19,1479.0,1479.0,1425.0,1427.0,60902080122,42683102,2157,1469.0,1425.0
2022-06-20,1390.0,1408.0,1385.0,1386.0,54175872901,39086923,1878,1427.0,1385.0
2022-06-21,1345.0,1368.0,1345.0,1345.0,78340199579,58243709,2569,1386.0,1345.0
2022-06-22,1305.0,1305.0,1305.0,1338.0,2793044520,2140264,186,1345.0,1305.0
2022-06-25,1298.0,1298.0,1298.0,1323.0,5972517254,4601323,263,1338.0,1298.0
2022-06-26,1284.0,1305.0,1284.0,1286.0,71929920604,55949900,2557,1323.0,1284.0
2022-06-27,1248.0,1248.0,1248.0,1277.0,3538888704,2835648,211,1286.0,1248.0
2022-06-28,1239.0,1239.0,1239.0,1239.0,20261856405,16353395,774,1277.0,1239.0
2022-06-29,1202.0,1266.0,1202.0,1220.0,332403756900,272403252,13368,1239.0,1239.0
2022-07-02,1239.0,1256.0,1184.0,1228.0,173830556516,141584675,7346,1220.0,1188.0
2022-07-03,1192.0,1230.0,1192.0,1194.0,68190974966,57105561,2951,1228.0,1192.0
2022-07-04,1166.0,1192.0,1159.0,1160.0,45299174903,39047113,2062,1194.0,1159.0
2022-07-05,1131.0,1194.0,1129.0,1170.0,79269423513,67729429,3349,1160.0,1194.0
2022-07-06,1205.0,1205.0,1205.0,1205.0,14392712800,11944160,615,1170.0,1205.0
2022-07-09,1241.0,1241.0,1241.0,1241.0,15462877374,12460014,629,1205.0,1241.0
2022-07-11,1278.0,1278.0,1217.0,1266.0,225041685263,177744043,8884,1241.0,1278.0
2022-07-12,1270.0,1280.0,1229.0,1232.0,103783085377,84246804,4072,1266.0,1229.0
2022-07-13,1220.0,1268.0,1202.0,1253.0,69991620987,55839712,3050,1232.0,1259.0
2022-07-16,1260.0,1279.0,1216.0,1226.0,44075686777,35944291,1864,1253.0,1216.0
2022-07-27,1219.0,1219.0,1188.0,1213.0,4184786664,3522380,180,1224.0,1188.0
2022-07-30,1177.0,1177.0,1177.0,1207.0,2215591862,1882406,100,1213.0,1177.0
2022-07-31,1171.0,1171.0,1171.0,1204.0,1015863578,867518,60,1207.0,1171.0
2022-08-01,1168.0,1168.0,1168.0,1202.0,875437024,749518,60,1204.0,1168.0
2022-08-02,1166.0,1166.0,1166.0,1172.0,11468575448,9835828,457,1202.0,1166.0
2022-08-03,1137.0,1137.0,1137.0,1147.0,9746506125,8572125,417,1172.0,1137.0
2022-08-06,1113.0,1145.0,1113.0,1115.0,122167185929,109585918,5212,1147.0,1113.0
2022-08-09,1113.0,1130.0,1082.0,1085.0,100430888903,92527280,4596,1115.0,1083.0
2022-08-10,1068.0,1099.0,1053.0,1066.0,54374194972,51022546,3037,1085.0,1065.0
2022-08-13,1048.0,1097.0,1045.0,1083.0,48109384352,44427499,2400,1066.0,1097.0
2022-08-14,1110.0,1110.0,1051.0,1059.0,67263839506,63531545,3000,1083.0,1051.0
2022-08-15,1047.0,1050.0,1028.0,1034.0,44653793110,43205960,2123,1059.0,1040.0
2022-08-16,1022.0,1065.0,1022.0,1060.0,71384617537,67367937,3207,1034.0,1065.0
2022-08-17,1083.0,1085.0,1037.0,1067.0,26949921964,25263872,1435,1060.0,1040.0
2022-08-20,1041.0,1080.0,1035.0,1040.0,59518174593,57245511,2772,1067.0,1048.0
2022-08-21,1024.0,1071.0,1017.0,1067.0,91784053001,86047892,4053,1040.0,1071.0
2022-08-22,1086.0,1099.0,1072.0,1095.0,40603759174,37085631,1807,1067.0,1099.0
2022-08-23,1115.0,1127.0,1115.0,1126.0,13261942544,11770995,586,1095.0,1127.0
2022-08-24,1159.0,1159.0,1140.0,1159.0,59440854277,51293314,2205,1126.0,1159.0
2022-08-27,1180.0,1185.0,1125.0,1141.0,92554834389,81083206,3981,1159.0,1125.0
2022-08-28,1111.0,1134.0,1107.0,1109.0,51812730904,46732326,2415,1141.0,1107.0
2022-08-29,1089.0,1120.0,1076.0,1083.0,50324514324,46446976,2432,1109.0,1077.0
2022-08-30,1092.0,1115.0,1074.0,1108.0,68129138740,61492815,3124,1083.0,1085.0
2022-08-31,1108.0,1130.0,1083.0,1104.0,45440727810,41163649,2061,1108.0,1090.0
2022-09-03,1110.0,1137.0,1089.0,1135.0,79391480578,69944594,3360,1104.0,1137.0
2022-09-04,1152.0,1169.0,1138.0,1166.0,62321016685,53436337,2537,1135.0,1169.0
2022-09-05,1180.0,1200.0,1180.0,1200.0,29932732245,24951876,1268,1166.0,1200.0
2022-09-06,1236.0,1236.0,1210.0,1230.0,59971639583,48764522,2303,1200.0,1210.0
2022-09-07,1195.0,1235.0,1194.0,1202.0,23561420522,19600399,886,1230.0,1194.0
2022-09-10,1166.0,1166.0,1166.0,1166.0,19819523416,16997876,547,1202.0,1166.0
2022-09-11,1132.0,1161.0,1132.0,1137.0,114867715055,101055663,4745,1166.0,1155.0
2022-09-12,1171.0,1171.0,1154.0,1170.0,84937877345,72587389,1833,1137.0,1171.0
2022-09-13,1190.0,1199.0,1140.0,1171.0,56126147851,47919712,1422,1170.0,1180.0
2022-09-14,1179.0,1206.0,1159.0,1203.0,105411866348,87659068,1861,1171.0,1206.0
2022-09-18,1230.0,1230.0,1173.0,1212.0,56523061145,46638995,1640,1203.0,1210.0
2022-09-19,1186.0,1218.0,1176.0,1182.0,63423474824,53649451,1226,1212.0,1176.0
2022-09-20,1160.0,1182.0,1147.0,1152.0,42154157157,36580638,828,1182.0,1147.0
2022-09-21,1120.0,1165.0,1118.0,1121.0,42305953159,37753986,717,1152.0,1118.0
2022-09-24,1088.0,1088.0,1088.0,1097.0,9390890304,8631333,158,1121.0,1088.0
2022-09-26,1065.0,1094.0,1065.0,1067.0,120506634654,112888965,2369,1097.0,1079.0
2022-09-28,1071.0,1099.0,1071.0,1097.0,61158628084,55739178,1504,1067.0,1099.0
2022-10-02,1097.0,1097.0,1065.0,1069.0,18178810497,17011754,417,1097.0,1065.0
2022-10-03,1040.0,1089.0,1037.0,1042.0,70802116647,67929233,1556,1069.0,1041.0
2022-10-04,1042.0,1073.0,1040.0,1060.0,34524858131,32561443,991,1042.0,1058.0
2022-10-08,1077.0,1077.0,1029.0,1042.0,30711546123,29465553,986,1060.0,1037.0
2022-10-09,1041.0,1041.0,1011.0,1014.0,13731620373,13544807,385,1042.0,1011.0
2022-10-12,1020.0,1044.0,1011.0,1037.0,27271610532,26305664,665,1014.0,1044.0
2022-10-15,1054.0,1068.0,1021.0,1041.0,30546576389,29345098,939,1037.0,1023.0
2022-10-16,1020.0,1036.0,1010.0,1012.0,37566006221,37130394,867,1041.0,1018.0
2022-10-17,1000.0,1012.0,982.0,984.0,54845646593,55711214,1304,1012.0,982.0
2022-10-18,1000.0,1000.0,955.0,970.0,29269060639,30167092,984,984.0,967.0
2022-10-19,950.0,986.0,950.0,967.0,20283054506,20966218,583,970.0,975.0
2022-10-22,980.0,996.0,969.0,994.0,27369197945,27540003,806,967.0,996.0
2022-10-23,1013.0,1023.0,991.0,1017.0,30737265418,30228087,776,994.0,1023.0
2022-10-24,1023.0,1047.0,992.0,1026.0,64843627298,63222282,1834,1017.0,1012.0
2022-10-25,1002.0,1022.0,996.0,999.0,34967428155,35006770,839,1026.0,996.0
2022-10-26,988.0,988.0,970.0,971.0,14050543193,14475039,382,999.0,970.0
2022-10-29,945.0,966.0,942.0,943.0,27893687668,29591776,644,971.0,942.0
2022-10-30,915.0,920.0,915.0,916.0,56998983525,62252619,1140,943.0,920.0
2022-10-31,906.0,943.0,906.0,936.0,23742165014,25370248,692,916.0,943.0
2022-11-01,937.0,964.0,937.0,963.0,27142192384,28187677,754,936.0,964.0
2022-11-02,964.0,990.0,943.0,969.0,33247603724,34296831,1054,963.0,970.0
2022-11-05,951.0,989.0,951.0,968.0,43271151525,44716454,1316,969.0,975.0
2022-11-06,958.0,997.0,946.0,982.0,50671997327,51598614,1453,968.0,997.0
2022-11-07,998.0,1011.0,980.0,1005.0,72094014383,71755268,1593,982.0,1011.0
2022-11-08,1029.0,1035.0,976.0,1015.0,62115649758,61223536,1459,1005.0,980.0
2022-11-09,1004.0,1022.0,985.0,989.0,59756849292,60432395,1465,1015.0,985.0
2022-11-12,980.0,1001.0,960.0,970.0,45720497299,47111675,1340,989.0,968.0
2022-11-13,959.0,999.0,959.0,991.0,27812042686,28061947,687,970.0,999.0
2022-11-16,1020.0,1020.0,1020.0,1018.0,11262116820,11041291,153,991.0,1020.0
2022-11-19,1048.0,1048.0,1048.0,1042.0,9901691592,9448179,228,1018.0,1048.0
2022-11-20,1073.0,1073.0,1073.0,1066.0,9835164139,9166043,147,1042.0,1073.0
2022-11-21,1097.0,1097.0,1097.0,1083.0,7147387218,6515394,122,1066.0,1097.0
2022-11-22,1115.0,1115.0,1115.0,1109.0,11022513130,9885662,179,1083.0,1115.0
2022-11-23,1142.0,1142.0,1142.0,1137.0,11462241438,10036989,196,1109.0,1142.0
2022-11-26,1171.0,1171.0,1171.0,1162.0,10183319289,8696259,165,1137.0,1171.0
2022-11-27,1196.0,1196.0,1196.0,1186.0,10049247676,8402381,163,1162.0,1196.0
2022-11-28,1328.0,1367.0,1328.0,1351.0,149394666664,110560643,1334,1186.0,1367.0
2022-11-29,1391.0,1391.0,1391.0,1379.0,11796432531,8480541,207,1351.0,1391.0
2022-11-30,1420.0,1420.0,1420.0,1420.0,31218731240,21985022,400,1379.0,1420.0
2022-12-03,1462.0,1462.0,1462.0,1462.0,22038481862,15074201,332,1420.0,1462.0
2022-12-04,1505.0,1505.0,1505.0,1505.0,34807566255,23127951,454,1462.0,1505.0
2022-12-05,1550.0,1550.0,1511.0,1549.0,592856006872,382727814,4659,1505.0,1550.0
2022-12-06,1595.0,1595.0,1595.0,1595.0,31053724900,19469420,267,1549.0,1595.0
2022-12-07,1642.0,1642.0,1642.0,1642.0,15345586856,9345668,183,1595.0,1642.0
2022-12-10,1691.0,1691.0,1691.0,1691.0,10523218134,6223074,199,1642.0,1691.0
2022-12-11,1741.0,1741.0,1741.0,1741.0,18216962205,10463505,230,1691.0,1741.0
2022-12-12,1793.0,1793.0,1793.0,1793.0,14271177305,7959385,186,1741.0,1793.0
2022-12-13,1846.0,1846.0,1846.0,1846.0,13580150688,7356528,152,1793.0,1846.0
2022-12-14,1901.0,1901.0,1901.0,1901.0,28041934249,14751149,278,1846.0,1901.0
2022-12-19,2400.0,2400.0,2400.0,2400.0,650716353600,271131814,2222,1901.0,2400.0
2022-12-20,2390.0,2472.0,2328.0,2435.0,2019079831705,829117563,19449,2400.0,2328.0
2022-12-21,2362.0,2460.0,2362.0,2374.0,759876959999,320119405,7513,2435.0,2362.0
2022-12-24,2360.0,2445.0,2330.0,2430.0,1017358461601,418657403,9961,2374.0,2420.0
2022-12-25,2419.0,2419.0,2358.0,2367.0,364190501873,153835550,4804,2430.0,2358.0
2022-12-26,2310.0,2348.0,2296.0,2302.0,152738062960,66340564,1736,2367.0,2296.0
2022-12-28,2233.0,2233.0,2233.0,2233.0,35273347802,15796394,597,2302.0,2233.0
2022-12-31,2167.0,2167.0,2167.0,2167.0,44996985715,20764645,546,2233.0,2167.0
2023-01-01,2102.0,2232.0,2102.0,2173.0,1695274531615,780135548,13379,2167.0,2232.0
2023-01-02,2238.0,2238.0,2238.0,2238.0,84514341492,37763334,676,2173.0,2238.0
2023-01-03,2305.0,2305.0,2171.0,2225.0,552560773949,248346329,6895,2238.0,2171.0
2023-01-04,2161.0,2199.0,2159.0,2160.0,129918763956,60138521,1378,2225.0,2159.0
2023-01-07,2148.0,2222.0,2096.0,2116.0,197538576058,93336781,2881,2160.0,2096.0
2023-01-09,2179.0,2179.0,2179.0,2179.0,253631248537,116398003,1515,2116.0,2179.0
2023-01-10,2237.0,2244.0,2179.0,2226.0,680814603813,305872877,6699,2179.0,2244.0
2023-01-11,2249.0,2292.0,2244.0,2289.0,415639910822,181579739,4977,2226.0,2290.0
2023-01-14,2289.0,2357.0,2221.0,2322.0,175823207330,75728395,2219,2289.0,2357.0
2023-01-16,2391.0,2391.0,2358.0,2391.0,87747676527,36704750,1000,2322.0,2391.0
2023-01-17,2449.0,2462.0,2405.0,2455.0,102109258669,41586997,1256,2391.0,2462.0
2023-01-18,2528.0,2528.0,2528.0,2528.0,47746818848,18887191,611,2455.0,2528.0
2023-01-21,2603.0,2603.0,2603.0,2603.0,83478777454,32070218,578,2528.0,2603.0
2023-01-22,2681.0,2681.0,2681.0,2681.0,34273437506,12783826,348,2603.0,2681.0
2023-01-23,2761.0,2761.0,2761.0,2761.0,31272960719,11326679,306,2681.0,2761.0
2023-01-24,2843.0,2843.0,2843.0,2843.0,38398101013,13506191,331,2761.0,2843.0
2023-01-25,2928.0,2928.0,2758.0,2905.0,1515592516288,521764684,15047,2843.0,2910.0
2023-01-28,2880.0,2880.0,2818.0,2829.0,115018906738,40657618,823,2905.0,2818.0
2023-01-29,2745.0,2745.0,2745.0,2745.0,20558600640,7489472,111,2829.0,2745.0
2023-01-30,2663.0,2663.0,2663.0,2663.0,71590233226,26883302,414,2745.0,2663.0
2023-01-31,2584.0,2700.0,2584.0,2601.0,806050376896,309921849,5922,2663.0,2600.0
2023-02-01,2679.0,2679.0,2652.0,2679.0,298018596725,111255472,2499,2601.0,2679.0
2023-02-05,2741.0,2759.0,2605.0,2726.0,431018899212,158087751,3864,2679.0,2710.0
2023-02-06,2717.0,2789.0,2645.0,2658.0,266558227382,100291797,2257,2726.0,2645.0
2023-02-07,2579.0,2630.0,2579.0,2583.0,152740244145,59123668,1286,2658.0,2579.0
2023-02-08,2506.0,2569.0,2506.0,2512.0,388521095590,154690443,3260,2583.0,2537.0
2023-02-12,2529.0,2530.0,2437.0,2444.0,99632148059,40769062,860,2512.0,2437.0
2023-02-13,2372.0,2402.0,2371.0,2373.0,98420219092,41476642,931,2444.0,2371.0
2023-02-14,2302.0,2302.0,2302.0,2302.0,54337367934,23604417,339,2373.0,2302.0
2023-02-15,2233.0,2233.0,2233.0,2233.0,44121458458,19758826,302,2302.0,2233.0
2023-02-19,2167.0,2230.0,2167.0,2176.0,281107521702,129158263,2490,2233.0,2167.0
2023-02-20,2145.0,2241.0,2140.0,2227.0,312438013465,140298568,2756,2176.0,2241.0
2023-02-21,2176.0,2269.0,2161.0,2180.0,355582583194,163087077,3587,2227.0,2181.0
2023-02-22,2178.0,2245.0,2150.0,2209.0,157372197641,71245519,1477,2180.0,2245.0
2023-02-25,2275.0,2275.0,2275.0,2275.0,58769074000,25832560,490,2209.0,2275.0
2023-02-26,2343.0,2343.0,2207.0,2272.0,305911690388,134652423,2888,2275.0,2207.0
2023-02-27,2204.0,2250.0,2204.0,2207.0,134407683016,60910452,1283,2272.0,2204.0
2023-02-28,2163.0,2231.0,2141.0,2169.0,166277924956,76668362,2031,2207.0,2210.0
2023-03-01,2234.0,2234.0,2172.0,2229.0,178814855688,80233961,1703,2169.0,2188.0
2023-03-04,2170.0,2291.0,2170.0,2242.0,141759196289,63221279,1575,2229.0,2257.0
2023-03-05,2290.0,2297.0,2250.0,2275.0,105990637068,46598034,1261,2242.0,2270.0
2023-03-06,2330.0,2343.0,2277.0,2328.0,132033192760,56712031,1358,2275.0,2343.0
2023-03-07,2397.0,2397.0,2341.0,2390.0,124728720631,52177261,1091,2328.0,2390.0
2023-03-25,2461.0,2461.0,2461.0,2461.0,716486134058,291136178,3565,2390.0,2461.0
2023-03-26,2492.0,2500.0,2395.0,2464.0,112350495355,45600024,865,2461.0,2440.0
2023-03-27,2480.0,2537.0,2391.0,2478.0,714810007771,288410109,4591,2464.0,2537.0
2023-03-28,2549.0,2552.0,2505.0,2550.0,457421289552,179367538,2706,2478.0,2552.0
2023-03-29,2620.0,2626.0,2580.0,2622.0,72387024254,27604474,605,2550.0,2626.0
2023-04-03,2700.0,2700.0,2626.0,2694.0,130351682351,48390010,1128,2622.0,2700.0
2023-04-04,2774.0,2774.0,2774.0,2774.0,76686924860,27644890,589,2694.0,2774.0
2023-04-05,2857.0,2857.0,2857.0,2857.0,58256378464,20390752,424,2774.0,2857.0
2023-04-08,2942.0,2942.0,2772.0,2849.0,703117770808,246813145,6132,2857.0,2772.0
2023-04-09,2764.0,2839.0,2764.0,2776.0,430187438246,154965090,3685,2849.0,2800.0
2023-04-10,2806.0,2840.0,2693.0,2738.0,267865146311,97850253,2146,2776.0,2693.0
2023-04-11,2658.0,2722.0,2656.0,2667.0,379155885255,142168920,3069,2738.0,2713.0
2023-04-15,2747.0,2747.0,2747.0,2747.0,140214219984,51042672,918,2667.0,2747.0
2023-04-16,2829.0,2829.0,2804.0,2828.0,447097559072,158073329,2507,2747.0,2829.0
2023-04-17,2870.0,2912.0,2810.0,2895.0,573490430108,198073417,3925,2828.0,2864.0
2023-04-18,2900.0,2980.0,2813.0,2889.0,407680881491,141110919,3335,2895.0,2855.0
2023-04-19,2889.0,2889.0,2803.0,2819.0,382747774021,135751468,2692,2889.0,2803.0
2023-04-24,2795.0,2803.0,2735.0,2739.0,451072395126,164700397,3644,2819.0,2750.0
2023-04-25,2740.0,2821.0,2715.0,2801.0,446591891359,159457650,3175,2739.0,2783.0
2023-04-26,2740.0,2870.0,2740.0,2820.0,261559532044,92761734,2225,2801.0,2799.0
2023-04-29,2800.0,2904.0,2781.0,2888.0,761705887906,263772334,4138,2820.0,2904.0
2023-04-30,2974.0,2974.0,2974.0,2974.0,99429099616,33432784,614,2888.0,2974.0
2023-05-01,3063.0,3063.0,3063.0,3063.0,63323175540,20673580,424,2974.0,3063.0
2023-05-02,3154.0,3154.0,3154.0,3154.0,46627938038,14783747,316,3063.0,3154.0
2023-05-03,3248.0,3248.0,3247.0,3248.0,401848308106,123721776,1843,3154.0,3248.0
2023-05-06,3250.0,3297.0,3151.0,3191.0,736438927322,230815075,5418,3248.0,3151.0
2023-05-07,3120.0,3160.0,3096.0,3108.0,95278206130,30657183,628,3191.0,3096.0
2023-05-08,3015.0,3015.0,3015.0,3015.0,24193143900,8024260,100,3108.0,3015.0
2023-05-09,2925.0,2925.0,2925.0,2925.0,41021361225,14024397,226,3015.0,2925.0
2023-05-10,2839.0,2920.0,2838.0,2847.0,171672398744,60293197,991,2925.0,2838.0
2023-05-13,2762.0,2932.0,2762.0,2855.0,1086054562964,380391005,6299,2847.0,2836.0
2023-05-14,2898.0,2898.0,2770.0,2788.0,405985698429,145607663,3138,2855.0,2770.0
2023-05-15,2788.0,2788.0,2705.0,2714.0,156340985763,57608862,1380,2788.0,2705.0
2023-05-24,4000.0,4000.0,4000.0,4000.0,668876432000,167219108,1501,2714.0,4000.0
2023-05-27,4020.0,4120.0,4020.0,4103.0,1219527772837,297205907,5792,4000.0,4120.0
2023-05-28,4190.0,4226.0,3980.0,4090.0,1645598002460,402299158,9645,4103.0,4211.0
2023-05-29,4212.0,4212.0,4170.0,4212.0,276831246100,65726088,1164,4090.0,4212.0
2023-05-30,4338.0,4338.0,4338.0,4338.0,146429198676,33755002,628,4212.0,4338.0
2023-05-31,4468.0,4468.0,4362.0,4466.0,1379307142586,308825292,6161,4338.0,4468.0
2023-06-07,4599.0,4599.0,4599.0,4599.0,74427258843,16183357,383,4466.0,4599.0
2023-06-10,4736.0,4736.0,4600.0,4735.0,958454953386,202400440,4024,4599.0,4736.0
2023-06-11,4877.0,4877.0,4877.0,4877.0,260293298077,53371601,1187,4735.0,4877.0
2023-06-12,5023.0,5023.0,5023.0,5023.0,427891930144,85186528,1594,4877.0,5023.0
2023-06-13,5173.0,5173.0,5173.0,5173.0,230288789542,44517454,817,5023.0,5173.0
2023-06-14,5328.0,5328.0,5328.0,5328.0,100731913920,18906140,437,5173.0,5328.0
2023-06-17,5480.0,5480.0,5480.0,5480.0,81993979400,14962405,413,5328.0,5480.0
2023-06-18,5640.0,5640.0,5640.0,5640.0,73286972160,12994144,379,5480.0,5640.0
2023-06-19,6310.0,6490.0,6310.0,6380.0,706721200860,110732448,2229,5640.0,6490.0
2023-06-20,6570.0,6570.0,6190.0,6550.0,871875766370,133016821,2998,6380.0,6190.0
2023-06-21,6360.0,6740.0,6360.0,6490.0,4122877213720,635321644,14637,6550.0,6740.0
2023-06-24,6670.0,6670.0,6300.0,6360.0,1319574861290,207496480,5729,6490.0,6300.0
2023-06-25,6170.0,6250.0,6170.0,6170.0,999708480890,161989561,4190,6360.0,6170.0
2023-06-26,6080.0,6080.0,5990.0,6010.0,442046793890,73574931,1954,6170.0,5990.0
2023-06-27,5830.0,5830.0,5830.0,5830.0,148834198260,25529022,608,6010.0,5830.0
2023-06-28,5660.0,5820.0,5660.0,5680.0,1445772056980,254512505,7564,5830.0,5790.0
2023-07-01,5750.0,5850.0,5750.0,5840.0,171705381310,29424091,919,5680.0,5850.0
2023-07-02,6010.0,6010.0,5860.0,6000.0,360217583310,59989065,1676,5840.0,6000.0
2023-07-03,5900.0,6180.0,5820.0,6070.0,891740822480,146907820,4881,6000.0,6150.0
2023-07-04,6160.0,6250.0,6070.0,6230.0,547312890550,87851806,3157,6070.0,6250.0
2023-07-05,6380.0,6410.0,6170.0,6370.0,918494229500,144222353,4696,6230.0,6400.0
2023-07-08,6440.0,6440.0,6180.0,6220.0,525664264240,84459271,3075,6370.0,6180.0
2023-07-09,6100.0,6130.0,6040.0,6040.0,353507805890,58492888,2131,6220.0,6040.0
2023-07-10,5910.0,6000.0,5860.0,5860.0,302705943060,51620888,1840,6040.0,5860.0
2023-07-11,5750.0,6030.0,5750.0,6000.0,557493973190,92898426,3456,5860.0,5990.0
2023-07-12,6090.0,6180.0,6000.0,6160.0,620953784430,100882024,3875,6000.0,6180.0
2023-08-14,4200.0,4300.0,4080.0,4130.0,244229663650,59070284,1166,6160.0,4080.0
2023-08-15,4010.0,4010.0,4010.0,4010.0,24981786720,6229872,84,4130.0,4010.0
2023-08-16,3890.0,3890.0,3890.0,3890.0,28996487900,7454110,138,4010.0,3890.0
2023-08-19,3774.0,3774.0,3774.0,3774.0,26666110308,7065742,96,3890.0,3774.0
2023-08-20,3661.0,3661.0,3661.0,3661.0,44149547603,12059423,228,3774.0,3661.0
2023-08-21,3552.0,3552.0,3552.0,3552.0,30672187776,8635188,124,3661.0,3552.0
2023-08-22,3446.0,3446.0,3446.0,3446.0,18312995096,5314276,49,3552.0,3446.0
2023-08-23,3343.0,3343.0,3343.0,3343.0,26434003610,7907270,120,3446.0,3343.0
2023-08-26,3243.0,3340.0,3243.0,3256.0,1238928398346,380467107,7347,3343.0,3273.0
2023-08-27,3300.0,3328.0,3185.0,3254.0,343695897939,105637544,2890,3256.0,3281.0
2023-08-28,3315.0,3351.0,3282.0,3341.0,127780435357,38247984,753,3254.0,3351.0
2023-08-29,3441.0,3441.0,3441.0,3441.0,117858540927,34251247,479,3341.0,3441.0
2023-08-30,3544.0,3544.0,3455.0,3542.0,634246072892,179062858,3433,3441.0,3544.0
2023-09-02,3546.0,3648.0,3545.0,3632.0,248076797543,68312027,1652,3542.0,3648.0
2023-09-03,3740.0,3740.0,3730.0,3740.0,68699972840,18369098,401,3632.0,3740.0
2023-09-04,3852.0,3852.0,3852.0,3852.0,148582248408,38572754,495,3740.0,3852.0
2023-09-05,3967.0,3967.0,3967.0,3967.0,141621134369,35699807,570,3852.0,3967.0
2023-09-09,4086.0,4086.0,3848.0,3969.0,786150703160,198055684,5041,3967.0,3890.0
2023-09-10,3913.0,3925.0,3850.0,3862.0,335920273534,86984470,2273,3969.0,3850.0
2023-09-11,3765.0,3977.0,3747.0,3854.0,415170445613,107734158,3073,3862.0,3977.0
2023-09-12,3969.0,3969.0,3969.0,3969.0,44119777086,11116094,282,3854.0,3969.0
2023-09-13,4088.0,4088.0,4088.0,4088.0,62929188056,15393637,308,3969.0,4088.0
2023-09-17,4210.0,4210.0,4210.0,4210.0,100866489060,23958786,406,4088.0,4210.0
2023-09-18,4230.0,4336.0,4120.0,4302.0,804644733456,187030335,4959,4210.0,4276.0
2023-09-19,4250.0,4431.0,4184.0,4360.0,202837608868,46517416,1296,4302.0,4431.0
2023-09-20,4490.0,4490.0,4432.0,4489.0,392704415612,87480190,2388,4360.0,4490.0
2023-09-23,4584.0,4623.0,4500.0,4617.0,177673656953,38486220,1093,4489.0,4623.0
2023-09-25,4755.0,4755.0,4755.0,4755.0,112044751575,23563565,533,4617.0,4755.0
2023-09-26,4897.0,4897.0,4897.0,4897.0,126079121812,25746196,485,4755.0,4897.0
2023-09-27,5043.0,5043.0,5043.0,5043.0,117360811989,23272023,481,4897.0,5043.0
2023-09-30,5190.0,5190.0,4900.0,4990.0,868544823900,174022718,5260,5043.0,4900.0
2023-10-01,4850.0,4850.0,4850.0,4850.0,43368307150,8941919,193,4990.0,4850.0
2023-10-02,4710.0,4940.0,4710.0,4750.0,991718495060,208779129,5025,4850.0,4710.0
2023-10-04,4610.0,4610.0,4610.0,4610.0,179063339530,38842373,675,4750.0,4610.0
2023-10-07,4472.0,4472.0,4472.0,4472.0,65895756264,14735187,271,4610.0,4472.0
2023-10-08,4338.0,4338.0,4338.0,4338.0,45915495930,10584485,178,4472.0,4338.0
2023-10-09,4208.0,4332.0,4208.0,4220.0,1019686754048,241637222,5294,4338.0,4264.0
2023-10-10,4346.0,4346.0,4338.0,4345.0,80378720090,18498027,480,4220.0,4346.0
2023-10-24,6200.0,6386.0,6014.0,6095.0,1832711094737,300695333,5359,4345.0,6014.0
2023-10-25,6015.0,6240.0,5913.0,5975.0,860835364129,144063287,4576,6095.0,5913.0
2023-10-28,5800.0,5800.0,5800.0,5800.0,45918658000,7917010,142,5975.0,5800.0
2023-10-29,5630.0,5700.0,5630.0,5630.0,748672891540,132931864,3266,5800.0,5630.0
2023-10-30,5680.0,5790.0,5650.0,5780.0,654009876150,113157305,3291,5630.0,5790.0
2023-10-31,5790.0,5950.0,5610.0,5870.0,683246399920,116404755,4012,5780.0,5760.0
2023-11-01,5710.0,5800.0,5700.0,5700.0,162489134540,28499548,772,5870.0,5700.0
2023-11-04,5700.0,5830.0,5530.0,5590.0,356912943250,63863219,1767,5700.0,5530.0
2023-11-05,5530.0,5620.0,5430.0,5450.0,386056966260,70822836,1981,5590.0,5430.0
2023-11-06,5310.0,5360.0,5290.0,5300.0,128177080610,24196558,647,5450.0,5290.0
2023-11-07,5150.0,5380.0,5150.0,5210.0,907662604110,174203635,4423,5300.0,5370.0
2023-11-08,5360.0,5360.0,5290.0,5360.0,331650130570,61885702,2075,5210.0,5360.0
2023-11-11,5420.0,5440.0,5200.0,5250.0,447285922890,85234045,3074,5360.0,5200.0
2023-11-12,5150.0,5240.0,5100.0,5110.0,242933748540,47585692,1541,5250.0,5100.0
2023-11-13,5030.0,5180.0,4960.0,5050.0,379602461880,75107825,2486,5110.0,5110.0
2023-11-14,5140.0,5140.0,4900.0,4920.0,482333606490,98088624,2578,5050.0,4910.0
2023-11-15,4980.0,5060.0,4970.0,5060.0,184657379790,36517277,984,4920.0,5060.0
2023-11-18,5080.0,5090.0,4910.0,4930.0,340413321030,68979580,2173,5060.0,4910.0
2023-11-19,4890.0,4950.0,4790.0,4810.0,291296203880,60559279,1994,4930.0,4810.0
2023-11-20,4810.0,4820.0,4670.0,4690.0,149036159140,31799681,1161,4810.0,4670.0
2023-11-21,4580.0,4830.0,4550.0,4680.0,468750661760,100189202,3022,4690.0,4830.0
2023-11-22,4820.0,4820.0,4750.0,4810.0,479106090920,99546555,2405,4680.0,4820.0
2023-11-25,4860.0,4870.0,4666.0,4702.0,172804050614,36754871,1146,4810.0,4666.0
2023-11-26,4588.0,4679.0,4561.0,4566.0,428954606537,93942130,2553,4702.0,4561.0
2023-11-27,4520.0,4690.0,4430.0,4525.0,262678367790,58048216,2097,4566.0,4504.0
2023-12-03,4700.0,4841.0,4559.0,4590.0,446912181138,97357592,2927,4525.0,4588.0
2023-12-04,4512.0,4718.0,4512.0,4639.0,302331401606,65167266,2385,4590.0,4625.0
2023-12-05,4620.0,4700.0,4500.0,4552.0,281476684212,61831955,2309,4639.0,4502.0
2023-12-06,4500.0,4502.0,4416.0,4419.0,380467486024,86096833,2163,4552.0,4416.0
2023-12-09,4392.0,4551.0,4287.0,4475.0,383519488947,85700710,2844,4419.0,4474.0
2023-12-10,4530.0,4570.0,4400.0,4471.0,158992718786,35560857,1213,4475.0,4446.0
2023-12-11,4400.0,4494.0,4340.0,4377.0,197995780314,45231127,1807,4471.0,4343.0
2023-12-12,4378.0,4380.0,4246.0,4267.0,469775812916,110099634,2925,4377.0,4246.0
2023-12-13,4265.0,4395.0,4206.0,4311.0,366473142876,85010404,2225,4267.0,4395.0
2023-12-16,4440.0,4440.0,4440.0,4440.0,69762984960,15712384,300,4311.0,4440.0
2023-12-18,4573.0,4573.0,4573.0,4573.0,74788268776,16354312,341,4440.0,4573.0
2023-12-19,4710.0,4710.0,4587.0,4701.0,689458917177,146649840,4015,4573.0,4710.0
2023-12-20,4750.0,4842.0,4720.0,4824.0,326605068398,67702120,1865,4701.0,4842.0
2023-12-23,4939.0,4968.0,4870.0,4962.0,235522639946,47466461,987,4824.0,4968.0
2023-12-24,5110.0,5110.0,4980.0,5094.0,736642291546,144599231,5189,4962.0,5110.0
2023-12-25,5100.0,5246.0,5007.0,5221.0,310253377777,59422498,2015,5094.0,5246.0
2023-12-26,5349.0,5377.0,5221.0,5355.0,425174745169,79404957,2734,5221.0,5377.0
2023-12-27,5450.0,5515.0,5382.0,5505.0,173804512614,31569569,1180,5355.0,5515.0
2023-12-30,5670.0,5670.0,5340.0,5560.0,719179580090,129401289,4438,5505.0,5340.0
2023-12-31,5400.0,5400.0,5400.0,5400.0,44850105000,8305575,177,5560.0,5400.0
2024-01-01,5240.0,5240.0,5240.0,5240.0,71705113680,13684182,310,5400.0,5240.0
2024-01-02,5090.0,5230.0,5090.0,5100.0,336592639380,66032433,1826,5240.0,5090.0
2024-01-03,4970.0,5250.0,4970.0,5190.0,496707604030,95710619,3831,5100.0,5210.0
2024-01-06,5180.0,5180.0,5040.0,5060.0,123363849680,24394557,619,5190.0,5040.0
2024-01-07,4950.0,4990.0,4910.0,4920.0,118671374650,24105093,643,5060.0,4910.0
2024-01-08,4780.0,4890.0,4780.0,4810.0,585758958520,121822641,3440,4920.0,4800.0
2024-01-09,4880.0,4950.0,4810.0,4930.0,190860944700,38729551,1118,4810.0,4950.0
2024-01-10,5050.0,5070.0,4790.0,4950.0,536394432720,108257474,3477,4930.0,4800.0
2024-01-13,4850.0,4878.0,4802.0,4810.0,232852815900,48411473,1480,4950.0,4802.0
2024-01-14,4724.0,4787.0,4666.0,4706.0,329008284174,69910670,2532,4810.0,4666.0
2024-01-15,4702.0,4840.0,4640.0,4724.0,249843508257,52886658,2020,4706.0,4648.0
2024-01-16,4615.0,4692.0,4583.0,4599.0,272163480933,59182413,2082,4724.0,4587.0
2024-01-17,4580.0,4699.0,4553.0,4603.0,155574099365,33796826,1460,4599.0,4599.0
2024-01-20,4600.0,4710.0,4465.0,4516.0,185797872373,41145695,1482,4603.0,4465.0
2024-01-21,4415.0,4470.0,4381.0,4387.0,200921400678,45802148,1614,4516.0,4389.0
2024-01-22,4518.0,4518.0,4518.0,4518.0,104775058512,23190584,627,4387.0,4518.0
2024-01-23,4653.0,4653.0,4520.0,4632.0,451034780421,97369171,3233,4518.0,4653.0
2024-01-24,4721.0,4770.0,4652.0,4747.0,132921481594,27998405,1252,4632.0,4770.0
2024-01-27,4825.0,4840.0,4605.0,4665.0,278817200148,59763217,2026,4747.0,4618.0
2024-01-28,4555.0,4610.0,4526.0,4531.0,189839841830,41899284,1540,4665.0,4526.0
2024-01-29,4396.0,4462.0,4396.0,4397.0,134272440720,30540517,849,4531.0,4396.0
2024-01-30,4266.0,4266.0,4266.0,4266.0,80522025534,18875299,412,4397.0,4266.0
2024-01-31,4139.0,4388.0,4139.0,4213.0,352797123974,83741945,2430,4266.0,4191.0
2024-02-03,4296.0,4339.0,4185.0,4297.0,131578737428,30622994,1095,4213.0,4339.0
2024-02-04,4419.0,4420.0,4223.0,4317.0,150134458348,34773833,1305,4297.0,4250.0
2024-02-05,4231.0,4300.0,4188.0,4200.0,190546884948,45365502,1748,4317.0,4192.0
2024-02-06,4188.0,4210.0,4074.0,4092.0,202082613902,49385374,1584,4200.0,4101.0
2024-02-07,4022.0,4190.0,3970.0,4062.0,211670614328,52109444,1932,4092.0,4007.0
2024-02-10,3970.0,4000.0,3941.0,3946.0,110237606064,27936371,830,4062.0,3941.0
2024-02-12,3828.0,3900.0,3828.0,3830.0,139527554808,36429915,834,3946.0,3828.0
2024-02-13,3716.0,3801.0,3716.0,3726.0,322838604840,86654063,2606,3830.0,3739.0
2024-02-14,3780.0,3837.0,3730.0,3801.0,201085479112,52896873,1995,3726.0,3837.0
2024-02-17,3900.0,3900.0,3687.0,3753.0,155009691334,41304326,1504,3801.0,3687.0
2024-02-18,3641.0,3700.0,3641.0,3642.0,108528092307,29801309,712,3753.0,3641.0
2024-02-19,3635.0,3635.0,3533.0,3550.0,196801281440,55433805,1949,3642.0,3561.0
2024-02-20,3620.0,3656.0,3501.0,3619.0,130086981256,35945564,1227,3550.0,3613.0
2024-02-21,3680.0,3680.0,3540.0,3584.0,78679656217,21950554,826,3619.0,3560.0
2024-02-24,3520.0,3550.0,3477.0,3481.0,105453922349,30296122,874,3584.0,3477.0
2024-02-26,3401.0,3426.0,3377.0,3379.0,148698257359,44007019,1078,3481.0,3377.0
2024-02-27,3290.0,3477.0,3282.0,3361.0,112333063506,33423658,1193,3379.0,3343.0
2024-02-28,3395.0,3446.0,3300.0,3365.0,88959696164,26435915,947,3361.0,3415.0
2024-03-02,3465.0,3465.0,3464.0,3465.0,46207608775,13335535,283,3365.0,3465.0
2024-03-03,3568.0,3568.0,3502.0,3566.0,407255654548,114203915,2332,3465.0,3568.0
2024-03-10,3672.0,3672.0,3587.0,3672.0,799631770547,217769054,2783,3566.0,3672.0
2024-03-11,3689.0,3749.0,3562.0,3589.0,97104048264,27057331,720,3672.0,3562.0
2024-03-12,3482.0,3482.0,3482.0,3482.0,42616365136,12239048,267,3589.0,3482.0
2024-03-13,3378.0,3378.0,3378.0,3378.0,54671997672,16184724,328,3482.0,3378.0
2024-03-16,3277.0,3330.0,3277.0,3280.0,234458880426,71491181,1488,3378.0,3278.0
2024-03-17,3280.0,3368.0,3182.0,3217.0,337754903152,105001313,2643,3280.0,3235.0
2024-03-18,3216.0,3296.0,3190.0,3257.0,151661890006,46558459,1339,3217.0,3292.0
2024-03-24,3313.0,3354.0,3254.0,3326.0,103665598429,31171806,1010,3257.0,3354.0
2024-03-25,3425.0,3425.0,3370.0,3421.0,191289709907,55920310,1496,3326.0,3425.0
2024-03-26,3489.0,3490.0,3319.0,3359.0,208236164541,62002113,1671,3421.0,3319.0
2024-03-27,3267.0,3315.0,3259.0,3262.0,266005508068,81556981,2298,3359.0,3260.0
2024-03-30,3262.0,3299.0,3165.0,3170.0,329632937434,103977724,2619,3262.0,3165.0
2024-04-02,3075.0,3120.0,3075.0,3076.0,188322160351,61221032,1330,3170.0,3075.0
2024-04-03,3139.0,3139.0,2985.0,3047.0,166786373332,54735768,1753,3076.0,3001.0
2024-04-06,2961.0,3000.0,2956.0,2958.0,155522991498,52573420,1107,3047.0,2956.0
2024-04-07,2880.0,2979.0,2870.0,2875.0,266241126012,92596990,2178,2958.0,2878.0
2024-04-16,2847.0,2847.0,2847.0,2847.0,4824640080,1694640,52,2875.0,2847.0
2024-04-17,2819.0,2819.0,2819.0,2819.0,30843318913,10941227,254,2847.0,2819.0
2024-04-22,2903.0,2903.0,2903.0,2903.0,22361666753,7702951,135,2819.0,2903.0
2024-04-23,2990.0,2990.0,2990.0,2990.0,45157339110,15102789,270,2903.0,2990.0
2024-04-24,3079.0,3079.0,3079.0,3079.0,49830200389,16183891,209,2990.0,3079.0
2024-04-27,3171.0,3171.0,3171.0,3171.0,61584837657,19421267,382,3079.0,3171.0
2024-04-28,3266.0,3266.0,3266.0,3266.0,26068960518,7981923,249,3171.0,3266.0
2024-04-29,3363.0,3363.0,3363.0,3363.0,77944271178,23177006,489,3266.0,3363.0
2024-04-30,3463.0,3463.0,3463.0,3463.0,32518241822,9390194,282,3363.0,3463.0
2024-05-01,3566.0,3566.0,3360.0,3466.0,590118866873,170248871,3896,3463.0,3360.0
2024-05-05,3363.0,3363.0,3363.0,3363.0,23474025855,6980085,150,3466.0,3363.0
2024-05-06,3263.0,3263.0,3263.0,3263.0,14455631658,4430166,120,3363.0,3263.0
2024-05-07,3166.0,3360.0,3166.0,3272.0,534128333854,163252929,4096,3263.0,3360.0
2024-05-08,3370.0,3370.0,3274.0,3363.0,292390028021,86954640,2446,3272.0,3370.0
2024-05-11,3378.0,3393.0,3263.0,3276.0,178323465100,54426346,1477,3363.0,3263.0
2024-05-12,3280.0,3280.0,3178.0,3183.0,93784094233,29463603,808,3276.0,3178.0
2024-05-13,3089.0,3134.0,3088.0,3091.0,45086508594,14587694,336,3183.0,3088.0
2024-05-14,2999.0,3067.0,2999.0,3007.0,212106019628,70543233,1816,3091.0,2999.0
2024-05-15,3034.0,3095.0,2930.0,2997.0,118303629134,39471079,1312,3007.0,3010.0
2024-05-18,3075.0,3077.0,2908.0,2941.0,171811888893,58421870,1469,2997.0,2908.0
2024-05-19,2949.0,2949.0,2853.0,2854.0,19161635965,6713977,209,2941.0,2853.0
2024-05-25,2797.0,2797.0,2797.0,2797.0,5683020119,2031827,42,2854.0,2797.0
2024-05-26,2742.0,2742.0,2742.0,2742.0,4965783936,1811008,49,2797.0,2742.0
2024-05-27,2688.0,2688.0,2688.0,2688.0,5586099456,2078162,56,2742.0,2688.0
2024-05-28,2635.0,2684.0,2635.0,2637.0,265603119866,100716704,2098,2688.0,2645.0
2024-05-29,2601.0,2689.0,2590.0,2632.0,183132495023,69569192,2010,2637.0,2592.0
2024-06-05,2580.0,2580.0,2580.0,2580.0,14845784400,5754180,65,2632.0,2580.0
2024-06-08,2529.0,2529.0,2529.0,2529.0,6884886375,2722375,50,2580.0,2529.0
2024-06-09,2479.0,2479.0,2479.0,2479.0,5165675746,2083774,63,2529.0,2479.0
2024-06-10,2430.0,2470.0,2430.0,2433.0,160523891203,65968722,1325,2479.0,2430.0
2024-06-11,2396.0,2465.0,2385.0,2392.0,100109917827,41856202,901,2433.0,2385.0
2024-06-12,2345.0,2346.0,2345.0,2345.0,98500271361,42004362,639,2392.0,2345.0
2024-06-15,2299.0,2300.0,2299.0,2299.0,13733443973,5973578,115,2345.0,2299.0
2024-06-16,2254.0,2254.0,2254.0,2254.0,6012233948,2667362,39,2299.0,2254.0
2024-06-18,2209.0,2209.0,2209.0,2209.0,13839252460,6264940,102,2254.0,2209.0
2024-06-19,2165.0,2253.0,2165.0,2222.0,188882382653,84998305,1471,2209.0,2253.0
2024-06-22,2266.0,2266.0,2266.0,2266.0,8358487698,3688653,144,2222.0,2266.0
2024-06-23,2311.0,2311.0,2221.0,2265.0,134543286944,59406101,1237,2266.0,2221.0
2024-06-24,2220.0,2260.0,2220.0,2224.0,122026805304,54874949,1199,2265.0,2230.0
2024-06-26,2220.0,2268.0,2210.0,2260.0,67186233179,29728471,801,2224.0,2259.0
2024-06-29,2282.0,2282.0,2193.0,2197.0,81905045450,37275623,905,2260.0,2193.0
2024-06-30,2134.0,2135.0,2132.0,2170.0,10548137141,4947239,122,2197.0,2132.0
2024-07-01,2105.0,2105.0,2105.0,2143.0,10321558065,4903353,116,2170.0,2105.0
2024-07-02,2080.0,2177.0,2079.0,2104.0,131223956350,62374332,1613,2143.0,2085.0
2024-07-03,2119.0,2119.0,2041.0,2048.0,124803739465,60938606,1215,2104.0,2042.0
2024-07-06,2109.0,2109.0,2109.0,2109.0,27606976611,13090079,313,2048.0,2109.0
2024-07-07,2172.0,2172.0,2101.0,2131.0,103400119360,48520614,1185,2109.0,2115.0
2024-07-08,2120.0,2120.0,2068.0,2071.0,119450662807,57688164,1098,2131.0,2068.0
2024-07-09,2062.0,2129.0,2020.0,2088.0,72344861351,34642721,1247,2071.0,2089.0
2024-07-10,2100.0,2109.0,2026.0,2038.0,72347347899,35503409,785,2088.0,2026.0
2024-07-13,2038.0,2038.0,1977.0,1986.0,103924439351,52316733,1091,2038.0,1977.0
2024-07-14,1971.0,2045.0,1930.0,2040.0,107148723381,52525237,1075,1986.0,2045.0
2024-07-17,2083.0,2086.0,2069.0,2050.0,5937508402,2852785,50,2040.0,2069.0
2024-07-30,1986.0,2000.0,1986.0,1986.0,119290910199,60061512,908,2047.0,1986.0
2024-07-31,1927.0,1927.0,1927.0,1971.0,6057364559,3143417,62,1986.0,1927.0
2024-08-03,1912.0,1912.0,1912.0,1964.0,2692646656,1408288,35,1971.0,1912.0
2024-08-04,1945.0,1945.0,1945.0,1963.0,1691228070,869526,25,1964.0,1945.0
2024-08-05,1944.0,1944.0,1944.0,1962.0,995108328,511887,13,1963.0,1944.0
2024-08-06,1943.0,1943.0,1943.0,1961.0,1013319189,521523,13,1962.0,1943.0
2024-08-10,1942.0,1942.0,1942.0,1959.0,2952583786,1520383,35,1961.0,1942.0
2024-08-11,1940.0,1940.0,1940.0,1958.0,1763537600,909040,17,1959.0,1940.0
2024-08-12,1939.0,1939.0,1939.0,1957.0,1083844769,558971,10,1958.0,1939.0
2024-08-13,1938.0,1938.0,1938.0,1956.0,1162800000,600000,5,1957.0,1938.0
2024-08-14,1937.0,1937.0,1937.0,1951.0,5780315983,2984159,59,1956.0,1937.0
2024-08-17,1912.0,1912.0,1912.0,1935.0,9258253896,4842183,99,1951.0,1912.0
2024-08-18,1897.0,1921.0,1897.0,1898.0,246387435953,129815145,2003,1935.0,1899.0
2024-08-19,1892.0,1911.0,1861.0,1864.0,87224725847,46787150,853,1898.0,1861.0
2024-08-20,1827.0,1830.0,1827.0,1827.0,22674110147,12408161,178,1864.0,1827.0
2024-08-21,1791.0,1827.0,1791.0,1792.0,62306178704,34760436,567,1827.0,1791.0
2024-08-24,1760.0,1827.0,1760.0,1793.0,130252540754,72625426,1467,1792.0,1769.0
2024-08-26,1758.0,1793.0,1758.0,1761.0,131623023475,74752197,1269,1793.0,1758.0
2024-08-27,1731.0,1777.0,1726.0,1731.0,81648232297,47160868,956,1761.0,1726.0
2024-08-28,1720.0,1765.0,1697.0,1732.0,159519471027,92123573,1755,1731.0,1765.0
2024-08-31,1766.0,1766.0,1766.0,1766.0,48493936160,27459760,486,1732.0,1766.0
2024-09-01,1801.0,1801.0,1732.0,1793.0,120349247293,67130066,1229,1766.0,1800.0
2024-09-03,1810.0,1828.0,1775.0,1803.0,48217997380,26746662,584,1793.0,1828.0
2024-09-07,1857.0,1857.0,1830.0,1855.0,116211265582,62642956,1106,1803.0,1857.0
2024-09-08,1898.0,1910.0,1850.0,1899.0,112539460752,59277932,1172,1855.0,1856.0
2024-09-09,1850.0,1930.0,1843.0,1882.0,89824028210,47727667,971,1899.0,1915.0
2024-09-10,1925.0,1938.0,1890.0,1937.0,91688849659,47342869,1007,1882.0,1938.0
2024-09-11,1989.0,1995.0,1943.0,1991.0,71208097061,35763257,655,1937.0,1995.0
2024-09-14,2045.0,2050.0,2003.0,2048.0,151002538296,73727176,1127,1991.0,2050.0
2024-09-15,2050.0,2109.0,1987.0,2086.0,260036060741,124672651,2097,2048.0,2109.0
2024-09-16,2148.0,2148.0,2117.0,2146.0,42800812898,19942497,383,2086.0,2148.0
2024-09-17,2210.0,2210.0,2210.0,2210.0,27389341070,12393367,196,2146.0,2210.0
2024-09-18,2276.0,2276.0,2276.0,2252.0,17443111508,7663933,153,2210.0,2276.0
2024-09-22,2319.0,2319.0,2319.0,2310.0,23966653971,10334909,230,2252.0,2319.0
2024-09-23,2379.0,2379.0,2241.0,2301.0,433967511478,188573540,3300,2310.0,2318.0
2024-09-24,2330.0,2370.0,2301.0,2366.0,121373832363,51297674,896,2301.0,2370.0
2024-09-25,2370.0,2420.0,2296.0,2323.0,151862955385,65379932,1471,2366.0,2296.0
2024-09-28,2300.0,2300.0,2300.0,2321.0,2268770600,986422,23,2323.0,2300.0
2024-09-29,2298.0,2298.0,2298.0,2319.0,2488821324,1083038,19,2321.0,2298.0
2024-09-30,2296.0,2296.0,2296.0,2318.0,1570721152,684112,15,2319.0,2296.0
2024-10-01,2295.0,2295.0,2295.0,2315.0,3071751930,1338454,23,2318.0,2295.0
2024-10-02,2292.0,2292.0,2292.0,2315.0,114189732,49821,2,2315.0,2292.0
2024-10-05,2292.0,2292.0,2292.0,2314.0,864090876,377003,9,2315.0,2292.0
2024-10-06,2291.0,2291.0,2291.0,2313.0,1340693200,585200,8,2314.0,2291.0
2024-10-07,2290.0,2290.0,2290.0,2311.0,2415052320,1054608,20,2313.0,2290.0
2024-10-08,2288.0,2288.0,2288.0,2310.0,1247625808,545291,17,2311.0,2288.0
2024-10-09,2287.0,2287.0,2287.0,2307.0,4052248394,1771862,29,2310.0,2287.0
2024-10-12,2238.0,2238.0,2238.0,2294.0,5096501166,2277257,51,2307.0,2238.0
2024-10-13,2226.0,2226.0,2226.0,2287.0,2819654166,1266691,32,2294.0,2226.0
2024-10-14,2219.0,2219.0,2219.0,2285.0,835016357,376303,7,2287.0,2219.0
2024-10-15,2217.0,2217.0,2217.0,2284.0,427881000,193000,8,2285.0,2217.0
2024-10-16,2216.0,2216.0,2216.0,2281.0,1328702520,599595,11,2284.0,2216.0
2024-10-19,2213.0,2213.0,2213.0,2280.0,247844935,111995,4,2281.0,2213.0
2024-10-20,2166.0,2166.0,2166.0,2263.0,3797303406,1753141,40,2280.0,2166.0
2024-10-21,2196.0,2196.0,2196.0,2256.0,2555777268,1163833,18,2263.0,2196.0
2024-10-22,2189.0,2189.0,2189.0,2255.0,197673267,90303,3,2256.0,2189.0
2024-10-23,2188.0,2188.0,2188.0,2254.0,247854452,113279,4,2255.0,2188.0
2024-10-26,2187.0,2187.0,2187.0,2187.0,100804719591,46092693,690,2254.0,2187.0
2024-10-27,2122.0,2122.0,2122.0,2122.0,19957830156,9405198,185,2187.0,2122.0
2024-10-28,2059.0,2099.0,2059.0,2064.0,291707540332,141334831,2344,2122.0,2059.0
2024-10-29,2005.0,2047.0,2003.0,2006.0,77113429374,38440449,507,2064.0,2003.0
2024-11-05,1946.0,1946.0,1946.0,1969.0,14419618696,7409876,96,2006.0,1946.0
2024-11-06,1910.0,1910.0,1910.0,1947.0,8671197540,4539894,84,1969.0,1910.0
2024-11-09,1889.0,2005.0,1889.0,1964.0,202066023319,102871806,1893,1947.0,2005.0
2024-11-10,2019.0,2022.0,2015.0,2022.0,50869495393,25162234,424,1964.0,2022.0
2024-11-11,2082.0,2082.0,1962.0,2015.0,226874947152,112620386,2244,2022.0,1968.0
2024-11-12,1982.0,2007.0,1955.0,1961.0,120038174893,61197220,1174,2015.0,1956.0
2024-11-13,1921.0,2001.0,1921.0,1967.0,99592405189,50640172,1146,1961.0,1981.0
2024-11-16,2021.0,2026.0,1989.0,2024.0,98316407347,48572893,917,1967.0,2026.0
2024-11-17,2070.0,2070.0,1964.0,1992.0,145157857929,72887008,1610,2024.0,2000.0
2024-11-18,2000.0,2051.0,1995.0,2049.0,124468584796,60741252,1163,1992.0,2051.0
2024-11-23,2106.0,2110.0,2087.0,2106.0,97540914252,46310810,734,2049.0,2110.0
2024-11-24,2169.0,2169.0,2150.0,2169.0,111907571878,51597412,974,2106.0,2169.0
2024-11-25,2199.0,2234.0,2199.0,2228.0,185499233763,83274328,1656,2169.0,2234.0
2024-11-26,2278.0,2294.0,2162.0,2198.0,308858534504,140489317,2777,2228.0,2162.0
2024-11-27,2140.0,2247.0,2133.0,2147.0,452210746606,210624400,3477,2198.0,2176.0
2024-11-30,2190.0,2211.0,2083.0,2165.0,302323168617,139609209,2624,2147.0,2104.0
2024-12-01,2105.0,2155.0,2101.0,2107.0,156992878861,74505067,1271,2165.0,2101.0
2024-12-02,2150.0,2170.0,2150.0,2169.0,215665602772,99423074,1673,2107.0,2170.0
2024-12-03,2216.0,2220.0,2138.0,2180.0,179202388458,82218582,1732,2169.0,2160.0
2024-12-04,2133.0,2245.0,2133.0,2236.0,203093800899,90810369,1666,2180.0,2245.0
2024-12-07,2275.0,2303.0,2173.0,2285.0,350841422349,153523546,2827,2236.0,2303.0
2024-12-08,2310.0,2353.0,2221.0,2332.0,257330969831,110360603,2041,2285.0,2353.0
2024-12-09,2401.0,2401.0,2365.0,2401.0,88358005960,36806492,587,2332.0,2401.0
2024-12-10,2473.0,2473.0,2353.0,2426.0,294042200634,121183526,2272,2401.0,2375.0
2024-12-11,2375.0,2480.0,2356.0,2406.0,205447831724,85393374,1912,2426.0,2404.0
2024-12-14,2468.0,2478.0,2421.0,2477.0,173116942232,69901032,1359,2406.0,2478.0
2024-12-15,2549.0,2550.0,2415.0,2468.0,281653011343,114100656,2486,2477.0,2432.0
2024-12-16,2448.0,2448.0,2394.0,2396.0,155121459485,64749342,1204,2468.0,2394.0
2024-12-17,2325.0,2325.0,2325.0,2338.0,22804230075,9808271,186,2396.0,2325.0
2024-12-18,2268.0,2268.0,2268.0,2268.0,29604269772,13053029,235,2338.0,2268.0
2024-12-21,2210.0,2319.0,2200.0,2254.0,283466264943,125781732,2415,2268.0,2220.0
2024-12-22,2200.0,2220.0,2187.0,2191.0,50389375463,23002259,436,2254.0,2187.0
2024-12-23,2126.0,2191.0,2126.0,2141.0,291587543275,136170757,2649,2191.0,2145.0
2024-12-24,2156.0,2205.0,2130.0,2168.0,172387658250,79516752,1791,2141.0,2178.0
2024-12-25,2220.0,2220.0,2103.0,2116.0,272194772867,128652558,2373,2168.0,2103.0
2024-12-28,2085.0,2179.0,2085.0,2176.0,184475386399,84780236,1845,2116.0,2179.0
2024-12-29,2201.0,2241.0,2200.0,2232.0,248290491169,111248078,2241,2176.0,2241.0
2024-12-30,2240.0,2270.0,2166.0,2182.0,165196560586,75723715,1580,2232.0,2166.0
2024-12-31,2117.0,2179.0,2117.0,2122.0,166699210277,78567373,1502,2182.0,2117.0
2025-01-01,2096.0,2141.0,2060.0,2087.0,145575619470,69760896,2001,2122.0,2115.0
2025-01-04,2139.0,2149.0,2111.0,2147.0,105823173231,49300321,940,2087.0,2149.0
2025-01-05,2210.0,2211.0,2190.0,2211.0,124365422975,56260720,930,2147.0,2211.0
2025-01-06,2277.0,2277.0,2277.0,2275.0,26504261784,11639992,282,2211.0,2277.0
2025-01-07,2343.0,2343.0,2280.0,2342.0,200856120129,85756463,1398,2275.0,2343.0
2025-01-08,2412.0,2412.0,2378.0,2411.0,144529090598,59939116,886,2342.0,2412.0
2025-01-11,2483.0,2483.0,2339.0,2437.0,739030846125,303240964,4969,2411.0,2339.0
2025-01-12,2364.0,2364.0,2364.0,2364.0,58206396180,24621995,347,2437.0,2364.0
2025-01-13,2294.0,2434.0,2294.0,2344.0,239918086217,102351364,2200,2364.0,2391.0
2025-01-15,2400.0,2414.0,2350.0,2403.0,186568583578,77627833,1556,2344.0,2376.0
2025-01-18,2458.0,2458.0,2331.0,2359.0,129194449840,54765833,1081,2403.0,2331.0
2025-01-19,2295.0,2367.0,2289.0,2306.0,129688577361,56230536,1207,2359.0,2290.0
2025-01-20,2329.0,2329.0,2237.0,2249.0,117693271770,52339295,884,2306.0,2237.0
2025-01-21,2212.0,2270.0,2182.0,2207.0,95553498273,43295303,997,2249.0,2228.0
2025-01-22,2227.0,2273.0,2188.0,2232.0,119783167582,53667998,1145,2207.0,2201.0
2025-01-25,2255.0,2259.0,2166.0,2190.0,122912031465,56122327,1248,2232.0,2195.0
2025-01-26,2208.0,2242.0,2129.0,2178.0,115299390630,52936804,1251,2190.0,2139.0
2025-01-27,2126.0,2197.0,2114.0,2151.0,90932646073,42274633,1058,2178.0,2125.0
2025-01-29,2148.0,2174.0,2101.0,2130.0,88221801618,41410613,910,2151.0,2121.0
2025-02-01,2120.0,2193.0,2120.0,2191.0,174750205785,79758778,1212,2130.0,2193.0
2025-02-02,2256.0,2256.0,2256.0,2256.0,60238820880,26701605,410,2191.0,2256.0
2025-02-03,2323.0,2323.0,2261.0,2320.0,247287771774,106596406,1642,2256.0,2323.0
2025-02-04,2379.0,2389.0,2262.0,2327.0,297388812917,127775904,2443,2320.0,2296.0
2025-02-05,2262.0,2299.0,2258.0,2259.0,294029523310,130185769,2090,2327.0,2275.0
2025-02-09,2193.0,2293.0,2192.0,2205.0,110679037426,50202560,918,2259.0,2192.0
2025-02-11,2139.0,2186.0,2139.0,2140.0,49969567912,23350783,350,2205.0,2139.0
2025-02-15,2076.0,2076.0,2076.0,2115.0,9758130048,4700448,68,2140.0,2076.0
2025-02-16,2052.0,2052.0,2052.0,2089.0,10203793668,4972609,84,2115.0,2052.0
2025-02-17,2027.0,2127.0,2027.0,2036.0,194942237003,95769920,1557,2089.0,2027.0
2025-02-18,2029.0,2075.0,1975.0,2015.0,105030322565,52135231,1049,2036.0,1978.0
2025-02-19,1961.0,2033.0,1955.0,1959.0,157988162739,80662292,1374,2015.0,1955.0
2025-02-22,1911.0,1911.0,1901.0,1902.0,45066242101,23700025,389,1959.0,1901.0
2025-02-23,1845.0,1959.0,1845.0,1919.0,140927026342,73456821,1340,1902.0,1959.0
2025-02-24,1976.0,1976.0,1970.0,1976.0,65799957712,33299637,520,1919.0,1976.0
2025-02-25,2035.0,2035.0,1991.0,2030.0,103919006146,51200058,989,1976.0,2012.0
2025-02-26,1982.0,2020.0,1970.0,1972.0,117527217959,59589889,928,2030.0,1970.0
2025-03-01,2031.0,2031.0,1935.0,2029.0,109950618600,54192939,1050,1972.0,2031.0
2025-03-02,2075.0,2080.0,1980.0,2044.0,60656640681,29680650,690,2029.0,2020.0
2025-03-03,1983.0,1983.0,1983.0,2016.0,10866653598,5479906,89,2044.0,1983.0
2025-03-04,1956.0,2034.0,1956.0,1972.0,59647015515,30246423,521,2016.0,1956.0
2025-03-05,1916.0,1944.0,1913.0,1915.0,100825812076,52651614,930,1972.0,1913.0
2025-03-08,1862.0,1939.0,1858.0,1865.0,40340226028,21627827,398,1915.0,1858.0
2025-03-09,1810.0,1810.0,1810.0,1810.0,37083356020,20488042,254,1865.0,1810.0
2025-03-10,1756.0,1818.0,1756.0,1762.0,75955911081,43097828,744,1810.0,1756.0
2025-03-11,1721.0,1752.0,1710.0,1719.0,25661740519,14925553,292,1762.0,1710.0
2025-03-12,1668.0,1717.0,1668.0,1673.0,130897075259,78262450,1394,1719.0,1669.0
2025-03-15,1723.0,1723.0,1710.0,1723.0,72854417394,42290545,586,1673.0,1723.0
2025-03-16,1774.0,1774.0,1723.0,1765.0,75901182481,43010574,864,1723.0,1749.0
2025-04-07,1713.0,1762.0,1713.0,1721.0,59255215894,34439256,591,1765.0,1713.0
2025-04-08,1772.0,1772.0,1772.0,1772.0,33522667648,18917984,364,1721.0,1772.0
2025-04-09,1825.0,1825.0,1719.0,1745.0,97404013104,55826843,987,1772.0,1719.0
2025-04-12,1702.0,1745.0,1693.0,1697.0,102055446609,60150032,1036,1745.0,1700.0
2025-04-13,1747.0,1747.0,1721.0,1747.0,48116877171,27543971,454,1697.0,1747.0
2025-04-14,1799.0,1799.0,1750.0,1794.0,111792763871,62329060,1174,1747.0,1799.0
2025-04-15,1815.0,1815.0,1741.0,1743.0,64708400894,37121594,561,1794.0,1741.0
2025-04-16,1691.0,1743.0,1691.0,1701.0,132902346281,78122510,1381,1743.0,1694.0
2025-04-19,1752.0,1752.0,1720.0,1740.0,104613738119,60126444,1005,1701.0,1740.0
2025-04-20,1792.0,1792.0,1765.0,1792.0,54006383091,30141508,491,1740.0,1792.0
2025-04-21,1845.0,1845.0,1764.0,1831.0,229433045400,125291299,2041,1792.0,1807.0
2025-04-22,1845.0,1845.0,1777.0,1783.0,115146509060,64567492,1057,1831.0,1777.0
2025-04-23,1750.0,1774.0,1730.0,1736.0,208602076777,120186910,1925,1783.0,1760.0
2025-04-26,1788.0,1788.0,1769.0,1787.0,89736962392,50225964,818,1736.0,1788.0
2025-04-27,1787.0,1840.0,1755.0,1830.0,76160064362,41612560,722,1787.0,1840.0
2025-04-28,1884.0,1884.0,1884.0,1884.0,26951207808,14305312,138,1830.0,1884.0
2025-04-29,1940.0,1940.0,1940.0,1940.0,72354061520,37295908,214,1884.0,1940.0
2025-04-30,1998.0,1998.0,1998.0,1998.0,25097932944,12561528,155,1940.0,1998.0
2025-05-03,1942.0,2057.0,1942.0,2029.0,349822134135,172377305,1941,1998.0,2054.0
2025-05-04,2089.0,2089.0,2089.0,2089.0,35194653112,16847608,187,2029.0,2089.0
2025-05-05,2151.0,2151.0,2151.0,2137.0,19912099536,9257136,152,2089.0,2151.0
2025-05-06,2201.0,2201.0,2201.0,2201.0,44149707131,20058931,161,2137.0,2201.0
2025-05-07,2267.0,2267.0,2267.0,2267.0,52924162354,23345462,195,2201.0,2267.0
2025-05-10,2210.0,2294.0,2199.0,2211.0,397578334969,179857005,1927,2267.0,2199.0
2025-05-11,2146.0,2230.0,2145.0,2162.0,132316243840,61209852,734,2211.0,2145.0
2025-05-12,2226.0,2226.0,2226.0,2226.0,28746172224,12913824,120,2162.0,2226.0
2025-05-13,2280.0,2280.0,2160.0,2192.0,260394777565,118777683,1313,2226.0,2160.0
2025-05-14,2128.0,2163.0,2127.0,2128.0,70668883976,33208845,311,2192.0,2127.0
2025-05-17,2126.0,2127.0,2065.0,2078.0,99689663888,47974705,606,2128.0,2065.0
2025-05-18,2021.0,2140.0,2016.0,2104.0,331419502995,157501904,1871,2078.0,2140.0
2025-05-19,2165.0,2167.0,2050.0,2147.0,186497466077,86858269,1310,2104.0,2165.0
2025-05-20,2090.0,2148.0,2083.0,2089.0,67051308271,32102939,318,2147.0,2083.0
2025-05-21,2027.0,2027.0,2027.0,2054.0,13701680822,6759586,76,2089.0,2027.0
2025-05-24,2100.0,2109.0,1993.0,2012.0,260006730383,129252242,1403,2054.0,1998.0
2025-05-25,1960.0,2001.0,1952.0,1956.0,104661041410,53494539,591,2012.0,1952.0
2025-05-26,1956.0,2000.0,1903.0,1950.0,78653655195,40328962,702,1956.0,1952.0
2025-05-27,1928.0,2000.0,1928.0,1970.0,73879935671,37495602,676,1950.0,1959.0
2025-05-28,1998.0,1998.0,1921.0,1954.0,85858957797,43933905,700,1970.0,1976.0
2025-05-31,2001.0,2012.0,2001.0,2012.0,125267733597,62266892,551,1954.0,2012.0
2025-06-01,2050.0,2068.0,1996.0,2024.0,108328903533,53527933,900,2012.0,2008.0
2025-06-02,2020.0,2038.0,1970.0,1990.0,69156045106,34743704,561,2024.0,1974.0
2025-06-03,1938.0,1954.0,1931.0,1932.0,80650625209,41741093,417,1990.0,1931.0
2025-06-07,1875.0,1878.0,1875.0,1875.0,58969125413,31449928,231,1932.0,1875.0
2025-06-08,1819.0,1847.0,1819.0,1822.0,134475616832,73807747,815,1875.0,1819.0
2025-06-09,1803.0,1830.0,1768.0,1774.0,83952709651,47322851,689,1822.0,1768.0
2025-06-10,1772.0,1827.0,1752.0,1804.0,66576751243,36908233,557,1774.0,1827.0
2025-06-11,1760.0,1847.0,1760.0,1812.0,35982137684,19855577,374,1804.0,1818.0
2025-06-28,1758.0,1758.0,1758.0,1768.0,17270331816,9823852,29,1812.0,1758.0
2025-06-29,1715.0,1715.0,1715.0,1724.0,17261116565,10064791,30,1768.0,1715.0
2025-06-30,1673.0,1673.0,1673.0,1708.0,6435149329,3846473,22,1724.0,1673.0
2025-07-01,1657.0,1657.0,1657.0,1704.0,1569117691,946963,9,1708.0,1657.0
2025-07-02,1653.0,1653.0,1653.0,1664.0,15614892588,9446396,91,1704.0,1653.0
2025-07-07,1615.0,1652.0,1615.0,1617.0,183348727915,113399709,748,1664.0,1615.0
2025-07-08,1569.0,1569.0,1569.0,1588.0,11466722700,7308300,47,1617.0,1569.0
2025-07-09,1541.0,1541.0,1541.0,1565.0,9199876329,5970069,42,1588.0,1541.0
2025-07-12,1519.0,1559.0,1519.0,1523.0,144836193917,95109330,770,1565.0,1519.0
2025-07-13,1478.0,1490.0,1478.0,1478.0,46981690613,31779652,293,1523.0,1478.0
2025-07-14,1434.0,1434.0,1434.0,1434.0,20644486356,14396434,151,1478.0,1434.0
2025-07-15,1391.0,1391.0,1391.0,1412.0,8955038222,6437842,67,1434.0,1391.0
2025-07-16,1370.0,1454.0,1370.0,1412.0,256440051554,181585717,1269,1412.0,1454.0
2025-07-19,1454.0,1454.0,1454.0,1427.0,7551412976,5193544,69,1412.0,1454.0
2025-07-20,1469.0,1469.0,1469.0,1442.0,7188702807,4893603,75,1427.0,1469.0
2025-07-21,1485.0,1485.0,1485.0,1464.0,10691613900,7199740,83,1442.0,1485.0
2025-07-22,1507.0,1507.0,1507.0,1507.0,31606915307,20973401,158,1464.0,1507.0
2025-07-23,1474.0,1498.0,1462.0,1469.0,33554502313,22834922,193,1507.0,1462.0
2025-07-26,1425.0,1455.0,1425.0,1426.0,64817033643,45452006,355,1469.0,1425.0
2025-07-27,1400.0,1421.0,1384.0,1387.0,138374450916,99761356,813,1426.0,1387.0
2025-07-28,1414.0,1414.0,1346.0,1353.0,64619834614,47759654,536,1387.0,1346.0
2025-08-12,1309.0,1309.0,1309.0,1345.0,2092257167,1598363,16,1349.0,1309.0
2025-08-13,1305.0,1305.0,1305.0,1335.0,4782750615,3664943,30,1345.0,1305.0
2025-08-16,1295.0,1295.0,1295.0,1330.0,2351137250,1815550,26,1335.0,1295.0
2025-08-17,1291.0,1340.0,1291.0,1302.0,249078481289,191363079,1511,1330.0,1310.0
2025-08-18,1318.0,1319.0,1263.0,1283.0,76210425195,59414934,560,1302.0,1263.0
2025-08-19,1245.0,1246.0,1245.0,1245.0,24791116355,19912479,140,1283.0,1245.0
2025-08-20,1208.0,1208.0,1208.0,1237.0,3876590384,3209098,35,1245.0,1208.0
2025-08-23,1200.0,1223.0,1200.0,1200.0,64177870679,53465954,348,1237.0,1200.0
2025-08-25,1164.0,1164.0,1164.0,1185.0,7722639480,6634570,50,1200.0,1164.0
2025-08-26,1150.0,1150.0,1150.0,1162.0,12468277000,10841980,65,1185.0,1150.0
2025-08-27,1128.0,1156.0,1128.0,1131.0,109178370254,96508759,721,1162.0,1128.0
2025-08-30,1098.0,1098.0,1098.0,1123.0,4541916528,4136536,33,1131.0,1098.0
2025-08-31,1091.0,1143.0,1090.0,1101.0,180821108555,164182280,1286,1123.0,1098.0
2025-09-02,1109.0,1134.0,1090.0,1131.0,81462223321,72054365,596,1101.0,1134.0
2025-09-03,1160.0,1164.0,1114.0,1147.0,89942633106,78390956,732,1131.0,1159.0
2025-09-08,1181.0,1181.0,1181.0,1172.0,15121518095,12803995,43,1147.0,1181.0
2025-09-09,1207.0,1207.0,1207.0,1207.0,49240541463,40795809,236,1172.0,1207.0
2025-09-13,1243.0,1243.0,1243.0,1243.0,36400510443,29284401,164,1207.0,1243.0
2025-09-14,1280.0,1280.0,1280.0,1261.0,10172696320,7947419,74,1243.0,1280.0
2025-09-15,1298.0,1298.0,1298.0,1298.0,21270703718,16387291,122,1261.0,1298.0
2025-09-16,1336.0,1336.0,1311.0,1336.0,174682131991,130764748,651,1298.0,1336.0
2025-09-17,1376.0,1376.0,1376.0,1376.0,47970929344,34862594,184,1336.0,1376.0
2025-09-20,1400.0,1417.0,1335.0,1396.0,587948735892,421274291,2758,1376.0,1417.0
2025-09-21,1410.0,1437.0,1406.0,1432.0,40708523484,28424459,215,1396.0,1437.0
2025-09-22,1474.0,1474.0,1474.0,1470.0,19320811708,13107742,94,1432.0,1474.0
2025-09-23,1514.0,1514.0,1514.0,1487.0,8553576156,5649654,69,1470.0,1514.0
2025-09-24,1531.0,1531.0,1531.0,1531.0,58963995497,38513387,204,1487.0,1531.0
2025-09-27,1576.0,1576.0,1576.0,1576.0,180627935184,114611634,494,1531.0,1576.0
2025-09-28,1623.0,1623.0,1623.0,1603.0,12184729305,7507535,85,1576.0,1623.0
2025-09-29,1651.0,1651.0,1651.0,1636.0,14839249087,8988037,96,1603.0,1651.0
2025-09-30,1685.0,1685.0,1685.0,1668.0,14305380400,8489840,102,1636.0,1685.0
2025-10-01,1718.0,1718.0,1648.0,1716.0,447417103887,260806781,1497,1668.0,1718.0
2025-10-04,1758.0,1767.0,1758.0,1763.0,101410104047,57506177,345,1716.0,1767.0
2025-10-05,1815.0,1815.0,1771.0,1814.0,169060410511,93172013,678,1763.0,1815.0
