date,open,high,low,adjClose,value,volume,count,yesterday,close
2018-07-29,1700.0,1700.0,1700.0,1710.0,329851000,194030,23,2026.0,1700.0
2018-07-30,1570.0,1688.0,1539.0,1590.0,5418724806,3407016,425,1710.0,1661.0
2018-07-31,1740.0,1749.0,1642.0,1747.0,3475189789,1988732,228,1590.0,1749.0
2018-08-07,1899.0,2088.0,1899.0,2074.0,3542822736,1708126,85,1707.0,2085.0
2018-08-08,2080.0,2148.0,1886.0,1997.0,3733226097,1869417,244,2074.0,1900.0
2018-08-11,1880.0,2040.0,1850.0,1919.0,1891656972,985674,198,1997.0,1900.0
2018-08-12,1863.0,1970.0,1806.0,1893.0,2597299052,1372185,261,1919.0,1970.0
2018-08-13,1997.0,2030.0,1851.0,1899.0,2463704935,1297684,204,1893.0,1860.0
2018-08-14,1860.0,1888.0,1800.0,1829.0,1694206584,926058,158,1899.0,1812.0
2018-08-15,1850.0,1866.0,1795.0,1807.0,2240550903,1240135,150,1829.0,1825.0
2018-08-18,1860.0,1978.0,1841.0,1927.0,2547463667,1322059,231,1807.0,1929.0
2018-08-19,1935.0,2040.0,1919.0,1972.0,4571592157,2318621,341,1927.0,1981.0
2018-08-20,2019.0,2169.0,2019.0,2140.0,5864466813,2739977,378,1972.0,2169.0
2018-08-21,2250.0,2290.0,2181.0,2236.0,3451733582,1543744,244,2140.0,2190.0
2018-08-25,2270.0,2350.0,2240.0,2308.0,2564960343,1111503,178,2236.0,2340.0
2018-08-26,2430.0,2538.0,2350.0,2504.0,8025967911,3205295,435,2308.0,2538.0
2018-08-27,2680.0,2680.0,2330.0,2489.0,5284114742,2123057,299,2504.0,2559.0
2018-08-28,2600.0,2600.0,2411.0,2521.0,7065408266,2802316,334,2489.0,2500.0
2018-08-29,2471.0,2726.0,2471.0,2634.0,6987670474,2653329,354,2521.0,2689.0
2018-09-01,2720.0,2720.0,2476.0,2565.0,1915982170,747108,127,2634.0,2541.0
2018-09-02,2502.0,2584.0,2456.0,2498.0,1846421204,739201,112,2565.0,2460.0
2018-09-03,2550.0,2659.0,2440.0,2583.0,6276399776,2430217,337,2498.0,2555.0
2018-09-04,2600.0,2738.0,2555.0,2606.0,5096305983,1955559,255,2583.0,2600.0
2018-09-05,2640.0,2640.0,2504.0,2565.0,3259215813,1270768,155,2606.0,2530.0
2018-09-08,2625.0,2821.0,2569.0,2750.0,10525300735,3826948,455,2565.0,2821.0
2018-09-09,2870.0,3025.0,2811.0,2957.0,11326457793,3830142,466,2750.0,2831.0
2018-09-10,2900.0,2989.0,2740.0,2899.0,6937017259,2393089,356,2957.0,2973.0
2018-09-11,3188.0,3188.0,3000.0,3113.0,28118563607,9033163,1380,2899.0,3120.0
2018-09-12,3418.0,3424.0,3331.0,3420.0,24338135718,7116304,845,3113.0,3424.0
2018-09-15,3762.0,3762.0,3762.0,3762.0,3131819856,832488,50,3420.0,3762.0
2018-09-17,4138.0,4551.0,4138.0,4457.0,20811304339,4669392,507,3762.0,4551.0
2018-09-18,4902.0,4902.0,4551.0,4900.0,98057396811,20011826,1890,4457.0,4902.0
2018-09-22,5250.0,5295.0,4450.0,5105.0,56431942461,11053872,1990,4900.0,5099.0
2018-09-23,5300.0,5300.0,4595.0,4773.0,38416397000,8048904,1855,5105.0,4689.0
2018-09-24,4660.0,5089.0,4660.0,4887.0,52499289261,10743422,1339,4773.0,4860.0
2018-09-25,4900.0,5200.0,4900.0,5030.0,35291800397,7016071,1024,4887.0,5001.0
2018-09-26,5189.0,5200.0,5050.0,5149.0,27244652172,5291246,1008,5030.0,5100.0
2018-09-29,5198.0,5250.0,5010.0,5149.0,37362147065,7256792,1176,5149.0,5055.0
2018-09-30,5249.0,5650.0,5200.0,5435.0,49872125799,9175915,1383,5149.0,5300.0
2018-10-01,5500.0,5500.0,4900.0,5137.0,31883913904,6207105,1081,5435.0,5020.0
2018-10-02,5000.0,5050.0,4624.0,4688.0,4682393495,998757,238,5137.0,4624.0
2018-10-03,4220.0,4500.0,4220.0,4256.0,25972581494,6102520,1036,4688.0,4227.0
2018-10-06,4450.0,4599.0,3831.0,3998.0,26148439873,6539843,903,4256.0,3931.0
2018-10-07,3599.0,3900.0,3599.0,3662.0,12536062156,3422861,586,3998.0,3599.0
2018-10-08,3297.0,3599.0,3296.0,3329.0,12561796212,3773261,614,3662.0,3296.0
2018-10-09,3296.0,3661.0,3120.0,3607.0,23819917451,6604537,706,3329.0,3417.0
2018-10-10,3599.0,3600.0,3251.0,3338.0,10284776202,3081574,393,3607.0,3300.0
2018-10-13,3150.0,3200.0,3005.0,3041.0,3936744243,1294688,203,3338.0,3005.0
2018-10-14,2739.0,3187.0,2739.0,3012.0,8106845056,2691250,430,3041.0,3171.0
2018-10-15,3313.0,3313.0,3310.0,3312.0,866171691,261507,53,3012.0,3313.0
2018-10-16,3643.0,3643.0,3643.0,3643.0,575586714,157998,28,3312.0,3643.0
2018-10-17,4007.0,4007.0,3700.0,3981.0,23775091592,5972690,744,3643.0,4007.0
2018-10-20,4379.0,4379.0,4379.0,4379.0,7130877454,1628426,138,3981.0,4379.0
2018-10-21,4816.0,5289.0,4511.0,4962.0,48542617895,9782860,1860,4379.0,4949.0
2018-10-22,4990.0,5170.0,4500.0,4821.0,26365304474,5468566,1242,4962.0,4712.0
2018-10-23,4339.0,4700.0,4339.0,4363.0,10513718547,2409711,445,4821.0,4339.0
2018-10-24,3927.0,4139.0,3927.0,3930.0,15232136824,3875956,781,4363.0,3927.0
2018-10-27,3810.0,4323.0,3810.0,4218.0,18571392713,4402785,900,3930.0,4171.0
2018-10-28,4500.0,4639.0,4300.0,4545.0,15689332663,3452239,683,4218.0,4639.0
2018-10-29,4995.0,4999.0,4820.0,4947.0,30405027421,6145543,1250,4545.0,4987.0
2018-10-31,4999.0,4999.0,4550.0,4791.0,41391250838,8638692,1633,4947.0,4720.0
2018-11-03,4500.0,4750.0,4406.0,4522.0,16354190050,3616810,729,4791.0,4420.0
2018-11-04,4400.0,4689.0,4070.0,4205.0,23555469971,5602281,1007,4522.0,4120.0
2018-11-05,4202.0,4625.0,4202.0,4563.0,20700076891,4536363,748,4205.0,4625.0
2018-11-06,4800.0,4901.0,4601.0,4734.0,15771919056,3331719,762,4563.0,4699.0
2018-11-10,4531.0,4989.0,4531.0,4786.0,18523546097,3870559,765,4734.0,4651.0
2018-11-11,4799.0,4799.0,4350.0,4494.0,10551689776,2348017,549,4786.0,4540.0
2018-11-12,4596.0,4840.0,4480.0,4718.0,14058614152,2979468,638,4494.0,4780.0
2018-11-13,4829.0,4860.0,4500.0,4638.0,14749120173,3180317,693,4718.0,4500.0
2018-11-14,4422.0,4600.0,4392.0,4482.0,6018068798,1342724,335,4638.0,4541.0
2018-11-17,4600.0,4723.0,4480.0,4558.0,9886038926,2169023,625,4482.0,4487.0
2018-11-18,4611.0,4650.0,4180.0,4331.0,10547013570,2435350,640,4558.0,4330.0
2018-11-19,4486.0,4620.0,4331.0,4508.0,7486225835,1660620,496,4331.0,4489.0
2018-11-20,4550.0,4550.0,4162.0,4294.0,6585549948,1533684,486,4508.0,4310.0
2018-11-21,4400.0,4708.0,4311.0,4592.0,13229893540,2881106,747,4294.0,4680.0
2018-11-24,4852.0,4979.0,4680.0,4840.0,17546228612,3625063,753,4592.0,4860.0
2018-11-26,4859.0,4859.0,4422.0,4500.0,7027431419,1561571,504,4840.0,4423.0
2018-11-27,4625.0,4633.0,4400.0,4455.0,6141731907,1378461,451,4500.0,4400.0
2018-11-28,4395.0,4400.0,4250.0,4328.0,4496714175,1039016,345,4455.0,4350.0
2018-12-01,4205.0,4240.0,3896.0,4042.0,7182347214,1777144,480,4328.0,4050.0
2018-12-02,4197.0,4414.0,4190.0,4317.0,5711276980,1323036,355,4042.0,4414.0
2018-12-03,4400.0,4500.0,4156.0,4331.0,7267216950,1677988,419,4317.0,4338.0
2018-12-04,4380.0,4389.0,4156.0,4267.0,3347894817,784670,219,4331.0,4286.0
2018-12-05,4520.0,4693.0,4350.0,4635.0,22895362926,4939307,981,4267.0,4693.0
2018-12-08,5098.0,5098.0,5020.0,5095.0,27945659320,5484698,975,4635.0,5098.0
2018-12-09,5447.0,5489.0,4607.0,5077.0,53142993380,10467786,2144,5095.0,4607.0
2018-12-10,4780.0,5000.0,4650.0,4776.0,16729482410,3503099,867,5077.0,4691.0
2018-12-12,4870.0,4890.0,4683.0,4774.0,13867053077,2904440,673,4776.0,4730.0
2018-12-15,4630.0,4730.0,4452.0,4520.0,14257405214,3153958,722,4774.0,4496.0
2018-12-16,4630.0,4630.0,4300.0,4483.0,9088649119,2027419,537,4520.0,4550.0
2018-12-17,4743.0,4880.0,4670.0,4792.0,12130573597,2531672,654,4483.0,4704.0
2018-12-18,4517.0,4697.0,4410.0,4494.0,7969418032,1773419,457,4792.0,4483.0
2018-12-19,4588.0,4598.0,4310.0,4431.0,5202048087,1174060,449,4494.0,4556.0
2018-12-22,4510.0,4650.0,4411.0,4521.0,4680743594,1035424,274,4431.0,4487.0
2018-12-23,4543.0,4845.0,4445.0,4707.0,10240222330,2175645,610,4521.0,4677.0
2018-12-24,4719.0,4799.0,4560.0,4658.0,7168825242,1538993,428,4707.0,4560.0
2018-12-25,4582.0,4582.0,4372.0,4478.0,5927152555,1323504,406,4658.0,4481.0
2018-12-26,4500.0,4874.0,4500.0,4742.0,12101195504,2551735,749,4478.0,4751.0
2018-12-29,4840.0,4850.0,4550.0,4648.0,6326577622,1361015,494,4742.0,4590.0
2018-12-30,4521.0,4790.0,4520.0,4672.0,4655645141,996600,340,4648.0,4654.0
2018-12-31,4745.0,4919.0,4700.0,4795.0,10040756718,2093893,565,4672.0,4740.0
2019-01-01,4668.0,4760.0,4541.0,4629.0,11730283034,2534301,696,4795.0,4602.0
2019-01-02,4641.0,4841.0,4580.0,4689.0,11569083772,2467528,581,4629.0,4600.0
2019-01-05,4699.0,4739.0,4550.0,4610.0,5844723725,1267799,399,4689.0,4565.0
2019-01-06,4610.0,4610.0,4450.0,4503.0,6522158266,1448449,426,4610.0,4500.0
2019-01-07,4501.0,4615.0,4451.0,4532.0,8099482978,1787299,452,4503.0,4480.0
2019-01-08,4460.0,4617.0,4380.0,4446.0,5594402213,1258413,319,4532.0,4447.0
2019-01-09,4580.0,4589.0,4400.0,4455.0,4152541613,932163,307,4446.0,4455.0
2019-01-12,4532.0,4552.0,4387.0,4475.0,6803565749,1520365,372,4455.0,4500.0
2019-01-13,4699.0,4800.0,4500.0,4672.0,15570732225,3332686,985,4475.0,4500.0
2019-01-14,4550.0,4550.0,4270.0,4378.0,16626729780,3797479,990,4672.0,4320.0
2019-01-15,4400.0,4550.0,4162.0,4388.0,12437258759,2834430,655,4378.0,4424.0
2019-01-16,4485.0,4485.0,4300.0,4350.0,7648435707,1758130,549,4388.0,4380.0
2019-01-19,4395.0,4450.0,4308.0,4366.0,6051778844,1385984,397,4350.0,4318.0
2019-01-20,4340.0,4417.0,4271.0,4315.0,5900182019,1367501,487,4366.0,4298.0
2019-01-21,4200.0,4200.0,3884.0,3943.0,10718010410,2718367,747,4315.0,3946.0
2019-01-22,3952.0,4200.0,3901.0,4075.0,7682803630,1885474,449,3943.0,4180.0
2019-01-23,4190.0,4298.0,4100.0,4214.0,6518681178,1547064,458,4075.0,4290.0
2019-01-26,4101.0,4197.0,3995.0,4061.0,8230998535,2026660,534,4214.0,4060.0
2019-01-27,4010.0,4288.0,4010.0,4175.0,8194368248,1962649,589,4061.0,4125.0
2019-01-28,4170.0,4250.0,4020.0,4159.0,4641816797,1116127,438,4175.0,4137.0
2019-01-29,4189.0,4189.0,4030.0,4070.0,6811173126,1673613,487,4159.0,4090.0
2019-01-30,4072.0,4188.0,4072.0,4151.0,7101783815,1710813,360,4070.0,4089.0
2019-02-02,4089.0,4090.0,3900.0,4001.0,4945170384,1235984,431,4151.0,3931.0
2019-02-03,4055.0,4060.0,3601.0,3727.0,9209505815,2470900,718,4001.0,3750.0
2019-02-04,3849.0,3849.0,3600.0,3717.0,5594553425,1505060,515,3727.0,3699.0
2019-02-05,3749.0,3749.0,3390.0,3513.0,9852525545,2804963,823,3717.0,3533.0
2019-02-06,3600.0,3748.0,3412.0,3549.0,12165574346,3427664,897,3513.0,3720.0
2019-02-10,3699.0,3850.0,3606.0,3705.0,3034432767,819002,342,3549.0,3691.0
2019-02-12,3650.0,3650.0,3450.0,3520.0,3681254892,1045924,350,3705.0,3500.0
2019-02-13,3600.0,3600.0,3400.0,3528.0,3580107374,1014641,603,3520.0,3552.0
2019-02-16,3600.0,3759.0,3600.0,3679.0,2959603830,804494,505,3528.0,3619.0
2019-02-17,3611.0,3611.0,3346.0,3483.0,2940198643,844082,257,3679.0,3480.0
2019-02-18,3560.0,3620.0,3450.0,3515.0,1842607464,524244,231,3483.0,3480.0
2019-02-19,3501.0,3575.0,3500.0,3525.0,1986759459,563682,148,3515.0,3520.0
2019-02-20,3422.0,3550.0,3400.0,3431.0,3109038232,906042,360,3525.0,3467.0
2019-02-23,3500.0,3600.0,3400.0,3506.0,7075927079,2018434,416,3431.0,3599.0
2019-02-24,3720.0,3720.0,3480.0,3582.0,3406325971,950982,281,3506.0,3499.0
2019-02-25,3579.0,3579.0,3453.0,3499.0,2300449370,657515,242,3582.0,3502.0
2019-02-26,3450.0,3450.0,3366.0,3405.0,4153658810,1220020,339,3499.0,3400.0
2019-02-27,3470.0,3470.0,3357.0,3414.0,3011076443,882079,270,3405.0,3400.0
2019-03-02,3446.0,3446.0,3282.0,3311.0,4093241511,1236227,426,3414.0,3290.0
2019-03-03,3275.0,3399.0,3231.0,3283.0,3410741689,1038884,307,3311.0,3250.0
2019-03-04,3230.0,3460.0,3230.0,3349.0,6042873234,1804142,454,3283.0,3280.0
2019-03-05,3366.0,3366.0,3192.0,3233.0,3448855208,1066694,329,3349.0,3211.0
2019-03-06,3250.0,3251.0,3150.0,3195.0,2991978461,936358,319,3233.0,3156.0
2019-03-09,3270.0,3270.0,3076.0,3166.0,5597001578,1767661,397,3195.0,3161.0
2019-03-10,3219.0,3388.0,3172.0,3306.0,9438491072,2855035,561,3166.0,3320.0
2019-03-11,3403.0,3549.0,3220.0,3309.0,1915229353,578830,121,3306.0,3285.0
2019-03-12,3356.0,3356.0,3189.0,3254.0,2295122636,705422,174,3309.0,3255.0
2019-03-13,3250.0,3347.0,3201.0,3258.0,4665026256,1431688,377,3254.0,3268.0
2019-03-16,3275.0,3500.0,3250.0,3407.0,10426058829,3060296,641,3258.0,3469.0
2019-03-17,3451.0,3727.0,3451.0,3646.0,12979342495,3559936,909,3407.0,3687.0
2019-03-18,3688.0,3738.0,3495.0,3572.0,4266110498,1194167,418,3646.0,3521.0
2019-03-19,3570.0,3600.0,3450.0,3518.0,4793188749,1362582,370,3572.0,3490.0
2019-03-25,3540.0,3750.0,3424.0,3615.0,5826360137,1611539,392,3518.0,3729.0
2019-03-26,3620.0,3976.0,3620.0,3959.0,16393115741,4140787,587,3615.0,3976.0
2019-03-27,4111.0,4189.0,3780.0,4033.0,25745549393,6383405,1183,3959.0,3999.0
2019-03-30,4120.0,4348.0,3903.0,4186.0,48887409372,11679153,1683,4033.0,4250.0
2019-03-31,4183.0,4436.0,4040.0,4236.0,14967420915,3533191,818,4186.0,4120.0
2019-04-06,4100.0,4280.0,4015.0,4137.0,12480294763,3016977,669,4236.0,4100.0
2019-04-07,4150.0,4360.0,4050.0,4205.0,14224723522,3382696,670,4137.0,4168.0
2019-04-08,4016.0,4150.0,4013.0,4049.0,6861703581,1694774,438,4205.0,4069.0
2019-04-09,3902.0,4088.0,3900.0,3947.0,7886492198,1998136,505,4049.0,3928.0
2019-04-10,3930.0,4120.0,3822.0,3969.0,6815179075,1717054,434,3947.0,3903.0
2019-04-13,4080.0,4080.0,3800.0,3892.0,6136469003,1576588,539,3969.0,3868.0
2019-04-14,3801.0,4000.0,3800.0,3885.0,6785773694,1746566,488,3892.0,3850.0
2019-04-15,3989.0,4040.0,3889.0,3960.0,9676928622,2443371,500,3885.0,3902.0
2019-04-16,3920.0,3965.0,3741.0,3882.0,5149963439,1326745,374,3960.0,3788.0
2019-04-17,3799.0,3900.0,3642.0,3802.0,4955206300,1303193,354,3882.0,3900.0
2019-04-20,4000.0,4182.0,4000.0,4134.0,17102871337,4137595,844,3802.0,4182.0
2019-04-22,4320.0,4338.0,3915.0,4111.0,15103897437,3673802,769,4134.0,3915.0
2019-04-23,3913.0,4080.0,3850.0,3947.0,8108133153,2054080,436,4111.0,3910.0
2019-04-24,3974.0,4082.0,3860.0,4008.0,10214500267,2548815,433,3947.0,4082.0
2019-04-27,4120.0,4148.0,3980.0,4048.0,7625114135,1883530,415,4008.0,4020.0
2019-04-28,4049.0,4074.0,3965.0,4014.0,11191713906,2788224,456,4048.0,4040.0
2019-04-29,4040.0,4198.0,3997.0,4095.0,13211006080,3226293,812,4014.0,4121.0
2019-04-30,4138.0,4360.0,4050.0,4224.0,17975622214,4255256,877,4095.0,4225.0
2019-05-01,4231.0,4500.0,4151.0,4336.0,26405570937,6089799,1040,4224.0,4437.0
2019-05-04,4437.0,4740.0,4436.0,4662.0,25054948833,5374200,1033,4336.0,4740.0
2019-05-05,4770.0,5000.0,4400.0,4691.0,27117257819,5780996,1088,4662.0,4531.0
2019-05-06,4680.0,4798.0,4222.0,4360.0,22051031229,5058114,961,4691.0,4240.0
2019-05-07,4221.0,4221.0,3924.0,3970.0,14230174923,3584376,596,4360.0,3924.0
2019-05-08,3849.0,4200.0,3849.0,4038.0,10082453161,2496609,541,3970.0,4133.0
2019-05-11,4151.0,4441.0,4100.0,4320.0,30968454609,7169404,1309,4038.0,4200.0
2019-05-12,4400.0,4400.0,3901.0,4054.0,9977037465,2461129,516,4320.0,4095.0
2019-05-13,4340.0,4400.0,4130.0,4295.0,15926809063,3708591,668,4054.0,4379.0
2019-05-14,4477.0,4724.0,4400.0,4692.0,31546811437,6723070,1006,4295.0,4724.0
2019-05-15,4998.0,4998.0,4520.0,4727.0,30588853143,6471657,1305,4692.0,4640.0
2019-05-18,4800.0,4920.0,4652.0,4839.0,27435954229,5669728,927,4727.0,4760.0
2019-05-19,4730.0,4798.0,4590.0,4669.0,12043831497,2579529,583,4839.0,4628.0
2019-05-20,4603.0,4699.0,4350.0,4440.0,12745766672,2870592,510,4669.0,4460.0
2019-05-21,4622.0,4840.0,4620.0,4753.0,7247378514,1524829,377,4440.0,4840.0
2019-05-22,4780.0,4850.0,4600.0,4724.0,16764765464,3549005,550,4753.0,4632.0
2019-05-25,4524.0,4850.0,4524.0,4746.0,14679512189,3093047,464,4724.0,4753.0
2019-05-26,4830.0,5200.0,4757.0,5081.0,33468963384,6587536,1254,4746.0,5107.0
2019-05-28,5300.0,5589.0,5221.0,5505.0,39286870030,7136931,1454,5081.0,5589.0
2019-05-29,5990.0,5990.0,5401.0,5672.0,40665593013,7169890,1498,5505.0,5527.0
2019-06-01,5520.0,5589.0,5162.0,5345.0,34978541531,6543578,1413,5672.0,5252.0
2019-06-02,5171.0,5823.0,5171.0,5613.0,66683416711,11879321,2354,5345.0,5601.0
2019-06-03,5640.0,6174.0,5450.0,6048.0,99171021831,16397227,3138,5613.0,6174.0
2019-06-08,6238.0,6652.0,6174.0,6503.0,30166441991,4638651,763,6048.0,6652.0
2019-06-09,7153.0,7153.0,7153.0,7153.0,5022579092,702164,89,6503.0,7153.0
2019-06-10,7868.0,7868.0,7868.0,7868.0,275183300,34975,11,7153.0,7868.0
2019-06-15,8654.0,8654.0,8654.0,8654.0,1019899862,117853,20,7868.0,8654.0
2019-06-16,9300.0,9384.0,7789.0,8717.0,117691577970,13501310,3295,8654.0,7790.0
2019-06-17,7888.0,8300.0,7846.0,7872.0,17113328479,2173932,545,8717.0,7846.0
2019-06-18,7390.0,8540.0,7203.0,7814.0,65422056562,8372818,1981,7872.0,7480.0
2019-06-19,7510.0,8190.0,7033.0,7204.0,39429597318,5473278,1395,7814.0,7033.0
2019-06-22,6484.0,6484.0,6484.0,6484.0,1724685644,265991,57,7204.0,6484.0
2019-06-23,7132.0,7132.0,6500.0,7099.0,20790038395,2928735,564,6484.0,7132.0
2019-06-24,7790.0,7790.0,7111.0,7461.0,23844150258,3195883,910,7099.0,7380.0
2019-06-25,7500.0,7500.0,6715.0,6963.0,29747513315,4272390,1264,7461.0,6951.0
2019-06-26,6988.0,7150.0,6267.0,6587.0,34171024234,5187514,1329,6963.0,6600.0
2019-06-30,6940.0,7150.0,6351.0,6775.0,25940599187,3828651,946,6587.0,6878.0
2019-07-01,7035.0,7452.0,6879.0,7325.0,34811065040,4752105,1253,6775.0,7452.0
2019-07-02,7800.0,7800.0,7260.0,7441.0,26963420314,3623794,1002,7325.0,7334.0
2019-07-03,7200.0,8000.0,7200.0,7621.0,33805145507,4436074,936,7441.0,7838.0
2019-07-06,8250.0,8250.0,7452.0,7879.0,32727184671,4153465,1052,7621.0,8050.0
2019-07-07,8050.0,8260.0,7920.0,8134.0,21210118566,2607575,852,7879.0,8100.0
2019-07-08,8260.0,8260.0,7600.0,8093.0,33252526495,4108568,1396,8134.0,8150.0
2019-07-09,8160.0,8200.0,7600.0,7893.0,18590402330,2355191,789,8093.0,7805.0
2019-07-10,8049.0,8600.0,7806.0,8287.0,29598053786,3571451,1002,7893.0,8390.0
2019-07-13,8400.0,8799.0,8306.0,8610.0,18401298107,2137316,771,8287.0,8400.0
2019-07-14,8700.0,8700.0,7994.0,8230.0,21790327036,2647604,1075,8610.0,8000.0
2019-07-15,8177.0,8177.0,7600.0,7789.0,14881116360,1910467,792,8230.0,7634.0
2019-07-16,7776.0,7776.0,7011.0,7100.0,10962950886,1544090,610,7789.0,7011.0
2019-07-17,6440.0,7640.0,6440.0,7157.0,14113069480,1971985,579,7100.0,7200.0
2019-07-20,7599.0,7599.0,7050.0,7246.0,12998340064,1793961,476,7157.0,7160.0
2019-07-21,7399.0,7399.0,6933.0,7110.0,8361711393,1176070,503,7246.0,7199.0
2019-07-22,7200.0,7400.0,6860.0,7078.0,8848019355,1250020,577,7110.0,6999.0
2019-07-23,7199.0,7199.0,6550.0,6744.0,10586313835,1569699,566,7078.0,6720.0
2019-07-24,6701.0,7200.0,6701.0,6958.0,12608348199,1811989,559,6744.0,6929.0
2019-07-27,7150.0,7150.0,6670.0,6817.0,9796028537,1436913,478,6958.0,6800.0
2019-07-28,7009.0,7149.0,6801.0,6973.0,11215142918,1608365,573,6817.0,6900.0
2019-07-29,7005.0,7005.0,6500.0,6645.0,15011006274,2258972,749,6973.0,6570.0
2019-07-30,6608.0,7150.0,6568.0,6924.0,18433855890,2662342,973,6645.0,6960.0
2019-07-31,7050.0,7250.0,6900.0,7042.0,20236880208,2873841,922,6924.0,7002.0
2019-08-03,7177.0,7690.0,7051.0,7415.0,58711393073,7917841,1663,7042.0,7500.0
2019-08-04,7785.0,8091.0,7515.0,7838.0,29186137537,3723562,1200,7415.0,7989.0
2019-08-05,8118.0,8118.0,7434.0,7671.0,25641631567,3342763,1274,7838.0,7470.0
2019-08-06,7559.0,7800.0,7328.0,7550.0,24429823279,3235537,978,7671.0,7655.0
2019-08-07,7420.0,7997.0,7400.0,7794.0,26948900098,3457570,1132,7550.0,7664.0
2019-08-10,7790.0,8300.0,7790.0,8078.0,26289918730,3254654,1094,7794.0,7901.0
2019-08-11,8078.0,8360.0,7660.0,8069.0,18948751214,2348389,909,8078.0,8000.0
2019-08-13,8250.0,8299.0,7501.0,7788.0,32964881987,4232765,1461,8069.0,7600.0
2019-08-19,7750.0,7750.0,7750.0,7750.0,705746000,91064,22,7788.0,7750.0
2019-08-21,7762.0,8213.0,7761.0,7965.0,17833811135,2238933,842,7750.0,7981.0
2019-08-24,8200.0,8761.0,8000.0,8576.0,38473283198,4486273,1086,7965.0,8761.0
2019-08-25,9206.0,9206.0,7890.0,8708.0,52784833629,6061668,2087,8576.0,8830.0
2019-08-26,8980.0,9578.0,8853.0,9350.0,23459888604,2509199,797,8708.0,9578.0
2019-08-27,9782.0,10279.0,9200.0,9710.0,44158179027,4547728,1754,9350.0,9200.0
2019-08-28,8739.0,8739.0,8739.0,8739.0,9929050803,1136177,366,9710.0,8739.0
2019-09-25,8000.0,8000.0,7760.0,7819.0,723752640,92562,49,8739.0,7760.0
2019-09-28,7585.0,7585.0,7585.0,7585.0,452892765,59709,55,7819.0,7585.0
2019-09-29,7358.0,7358.0,7358.0,7358.0,1049331738,142611,82,7585.0,7358.0
2019-09-30,7138.0,7358.0,7138.0,7153.0,54488563231,7617165,1546,7358.0,7138.0
2019-10-01,7002.0,7285.0,6939.0,7082.0,19899356245,2809734,804,7153.0,6939.0
2019-10-02,6870.0,6870.0,6870.0,6870.0,2103614610,306203,112,7082.0,6870.0
2019-10-05,6664.0,7076.0,6664.0,6903.0,40326770979,5841530,1028,6870.0,6752.0
2019-10-06,6999.0,7080.0,6696.0,6806.0,10864696927,1596364,431,6903.0,7053.0
2019-10-07,6991.0,7010.0,6800.0,6947.0,15509961160,2232743,503,6806.0,7010.0
2019-10-08,7130.0,7155.0,6739.0,6844.0,23073489874,3371199,582,6947.0,6739.0
2019-10-09,6667.0,7049.0,6667.0,7002.0,21927546467,3131753,462,6844.0,7049.0
2019-10-12,7212.0,7212.0,7212.0,7212.0,5242330680,726890,63,7002.0,7212.0
2019-10-13,7428.0,7428.0,6996.0,7390.0,34534391266,4672818,673,7212.0,7428.0
2019-10-14,7500.0,7611.0,7169.0,7530.0,37752085322,5013504,839,7390.0,7169.0
2019-10-15,7306.0,7550.0,7305.0,7400.0,1948707125,263332,106,7530.0,7305.0
2019-10-16,7178.0,7178.0,7178.0,7178.0,1289757396,179682,50,7400.0,7178.0
2019-10-20,6820.0,7150.0,6820.0,6820.0,6959997120,1020489,162,7178.0,6820.0
2019-10-21,6616.0,7007.0,6616.0,6754.0,21558752323,3191850,417,6820.0,7000.0
2019-10-22,6956.0,6956.0,6751.0,6951.0,17622952208,2535428,307,6754.0,6953.0
2019-10-23,7140.0,7159.0,6971.0,7138.0,13842701819,1939423,396,6951.0,7159.0
2019-10-26,7352.0,7352.0,7352.0,7352.0,742140288,100944,56,7138.0,7352.0
2019-10-28,7572.0,7572.0,7572.0,7572.0,1007893776,133108,34,7352.0,7572.0
2019-10-30,7950.0,7950.0,7950.0,7950.0,2202984750,277105,67,7572.0,7950.0
2019-11-02,8188.0,8188.0,7713.0,8170.0,39596815276,4846322,824,7950.0,8188.0
2019-11-03,8415.0,8415.0,8415.0,8415.0,2438599680,289792,70,8170.0,8415.0
2019-11-04,8667.0,8667.0,8667.0,8667.0,1739986920,200760,55,8415.0,8667.0
2019-11-05,9100.0,9100.0,8700.0,9079.0,40552761714,4466563,637,8667.0,9100.0
2019-11-09,9341.0,9351.0,8807.0,9168.0,66344066905,7236775,1413,9079.0,8911.0
2019-11-10,9340.0,9443.0,8914.0,9324.0,52751386193,5657703,1090,9168.0,9443.0
2019-11-11,9540.0,9603.0,9205.0,9578.0,41985734045,4383723,1008,9324.0,9603.0
2019-11-12,9839.0,9865.0,9600.0,9812.0,22594753958,2302784,596,9578.0,9650.0
2019-11-13,9612.0,9798.0,9518.0,9544.0,4921459337,515670,215,9812.0,9518.0
2019-11-16,9258.0,9258.0,9258.0,9258.0,1877948268,202846,62,9544.0,9258.0
2019-11-17,8981.0,8981.0,8981.0,8981.0,1523348239,169619,29,9258.0,8981.0
2019-11-18,8532.0,8945.0,8532.0,8561.0,26578228192,3104396,775,8981.0,8532.0
2019-11-19,8390.0,8817.0,8390.0,8687.0,9940691729,1144303,372,8561.0,8742.0
2019-11-20,8917.0,8947.0,8830.0,8936.0,12053859639,1348932,294,8687.0,8947.0
2019-11-23,9204.0,9204.0,8668.0,8892.0,14393992369,1618683,541,8936.0,8899.0
2019-11-24,8650.0,8790.0,8626.0,8661.0,13656414771,1576697,483,8892.0,8710.0
2019-11-25,8900.0,8920.0,8600.0,8917.0,8666961221,971924,216,8661.0,8920.0
2019-11-26,9010.0,9184.0,9000.0,9129.0,19159720747,2098666,439,8917.0,9001.0
2019-11-27,9183.0,9400.0,8900.0,9103.0,12220924352,1342476,505,9129.0,8933.0
2019-11-30,9100.0,9287.0,8900.0,9109.0,16009596198,1757605,610,9103.0,9187.0
2019-12-01,9229.0,9382.0,9000.0,9367.0,19345952019,2065400,551,9109.0,9375.0
2019-12-02,9647.0,9647.0,9086.0,9349.0,17027188320,1821203,497,9367.0,9200.0
2019-12-03,9300.0,9629.0,9133.0,9561.0,23319432661,2439085,541,9349.0,9600.0
2019-12-04,9846.0,9847.0,9601.0,9847.0,14804022889,1503453,294,9561.0,9847.0
2019-12-07,10142.0,10142.0,10142.0,10142.0,822120662,81061,40,9847.0,10142.0
2019-12-08,10446.0,10446.0,10446.0,10446.0,2777361588,265878,55,10142.0,10446.0
2019-12-09,10968.0,10968.0,10963.0,10968.0,28350160213,2584813,502,10446.0,10968.0
2019-12-10,11297.0,11297.0,11297.0,11297.0,4087469243,361819,110,10968.0,11297.0
2019-12-11,11635.0,11635.0,10959.0,11596.0,112333780713,9687298,2280,11297.0,11595.0
2019-12-14,11595.0,11943.0,11400.0,11817.0,24647578402,2085739,588,11596.0,11943.0
2019-12-15,12171.0,12171.0,11890.0,12151.0,34187400857,2813534,685,11817.0,12171.0
2019-12-16,12500.0,12515.0,12231.0,12495.0,9477618735,758539,226,12151.0,12515.0
2019-12-17,13119.0,13119.0,13119.0,13119.0,2341190502,178458,73,12495.0,13119.0
2019-12-18,13512.0,13512.0,13512.0,13512.0,1684541040,124670,86,13119.0,13512.0
2019-12-21,13917.0,13917.0,13650.0,13916.0,26411590315,1897910,560,13512.0,13917.0
2019-12-22,14000.0,14333.0,13499.0,13897.0,62046751554,4464805,1672,13916.0,14333.0
2019-12-23,14590.0,14591.0,13500.0,14325.0,41977484252,2930448,1004,13897.0,14591.0
2019-12-24,14650.0,14754.0,14410.0,14708.0,24857825461,1690061,544,14325.0,14754.0
2019-12-25,15149.0,15149.0,15149.0,15149.0,18481810298,1220002,324,14708.0,15149.0
2020-01-01,15603.0,16071.0,15603.0,16017.0,67344613468,4204557,1090,15149.0,16071.0
2020-01-04,15537.0,15537.0,15537.0,15537.0,4972787757,320061,159,16017.0,15537.0
2020-01-05,15071.0,15071.0,15071.0,15071.0,12207510000,810000,235,15537.0,15071.0
2020-01-07,14619.0,14619.0,14619.0,14619.0,8292963987,567273,184,15071.0,14619.0
2020-01-08,14327.0,14327.0,14327.0,14327.0,421271108,29404,23,14619.0,14327.0
2020-01-11,14612.0,14613.0,14610.0,14613.0,66814007769,4572361,688,14327.0,14613.0
2020-01-12,15051.0,15051.0,14175.0,14639.0,124265231528,8488445,2377,14613.0,14900.0
2020-01-13,14400.0,14945.0,14291.0,14543.0,43180263924,2969154,1537,14639.0,14370.0
2020-01-14,14150.0,14400.0,14107.0,14113.0,10404154319,737221,294,14543.0,14107.0
2020-01-15,13690.0,14299.0,13690.0,13798.0,61466865329,4454625,1389,14113.0,13770.0
2020-01-18,14098.0,14211.0,13389.0,13851.0,47185035494,3406567,1351,13798.0,13680.0
2020-01-19,13436.0,13697.0,13436.0,13446.0,55088284432,4096908,1062,13851.0,13436.0
2020-01-20,13052.0,13849.0,13052.0,13564.0,54432583838,4013061,1438,13446.0,13841.0
2020-01-21,13970.0,13970.0,13631.0,13893.0,42456697537,3055959,1036,13564.0,13900.0
2020-01-22,13970.0,14250.0,13750.0,13974.0,30668458076,2194681,722,13893.0,13890.0
2020-01-25,13900.0,13900.0,13555.0,13589.0,72178383980,5311374,2109,13974.0,13575.0
2020-01-26,13600.0,13996.0,13600.0,13871.0,51663188737,3724556,1174,13589.0,13760.0
2020-01-27,13996.0,13996.0,13480.0,13645.0,29125028027,2134428,873,13871.0,13653.0
2020-01-28,13790.0,13790.0,13236.0,13354.0,44101817251,3302485,1519,13645.0,13442.0
2020-02-01,13740.0,13754.0,13515.0,13726.0,15206402949,1107847,399,13354.0,13754.0
2020-02-02,14137.0,14137.0,14000.0,14131.0,16948548858,1199384,469,13726.0,14137.0
2020-02-03,14554.0,14554.0,14200.0,14493.0,38506647412,2656911,1033,14131.0,14395.0
2020-02-04,14060.0,14394.0,14059.0,14123.0,17846991602,1263643,520,14493.0,14059.0
2020-02-05,13700.0,14000.0,13700.0,13714.0,37893165579,2763130,1015,14123.0,13700.0
2020-02-08,14001.0,14119.0,13689.0,13902.0,36003758868,2589743,1048,13714.0,13999.0
2020-02-09,14000.0,14199.0,13800.0,14026.0,25046179364,1785716,843,13902.0,14036.0
2020-02-10,14166.0,14166.0,13606.0,13652.0,13963608643,1022824,514,14026.0,13710.0
2020-02-12,13940.0,13999.0,13353.0,13620.0,28124814981,2064894,872,13652.0,13499.0
2020-02-15,13900.0,13900.0,13212.0,13399.0,17779868780,1326988,847,13620.0,13302.0
2020-02-16,13677.0,13800.0,13400.0,13764.0,21939905168,1594021,590,13399.0,13800.0
2020-02-26,14176.0,14601.0,14176.0,14416.0,26982359489,1871656,457,13764.0,14289.0
2020-02-29,13984.0,13984.0,13984.0,13984.0,8895068576,636089,248,14416.0,13984.0
2020-03-01,13565.0,14403.0,13565.0,14145.0,73175226457,5173214,1551,13984.0,14403.0
2020-03-02,14569.0,14569.0,14400.0,14566.0,49755511643,3415955,821,14145.0,14569.0
2020-03-03,15002.0,15002.0,15002.0,15002.0,21242366938,1415969,493,14566.0,15002.0
2020-03-04,15752.0,15752.0,15012.0,15631.0,31871793888,2038950,924,15002.0,15752.0
2020-03-07,16000.0,16000.0,15163.0,15375.0,31779687544,2067009,1021,15631.0,15163.0
2020-03-10,15400.0,15400.0,14938.0,15366.0,617963962,40906,28,15375.0,14938.0
2020-03-11,14906.0,15000.0,14906.0,14907.0,36228489497,2430269,612,15366.0,14906.0
2020-03-14,14460.0,14460.0,14460.0,14831.0,3314448900,229215,88,14907.0,14460.0
2020-03-15,14387.0,14387.0,14387.0,14779.0,2275246502,158146,64,14831.0,14387.0
2020-03-16,14041.0,14387.0,14041.0,14058.0,30706106450,2184273,621,14779.0,14041.0
2020-03-18,14900.0,15347.0,14550.0,14452.0,10471920710,707307,233,14058.0,14751.0
2020-03-24,14650.0,14779.0,14021.0,14458.0,40831348313,2824048,1377,14452.0,14698.0
2020-03-25,14749.0,14891.0,14500.0,14832.0,22029975813,1485325,533,14458.0,14891.0
2020-03-28,15276.0,15276.0,15111.0,15234.0,18964399802,1242048,596,14832.0,15276.0
2020-03-29,15691.0,15691.0,14778.0,15255.0,49322118708,3233146,1455,15234.0,15200.0
2020-03-30,14820.0,15250.0,14798.0,14873.0,28476670612,1914679,966,15255.0,14944.0
2020-04-04,15000.0,15319.0,14840.0,15176.0,53473016175,3523583,1332,14873.0,15319.0
2020-04-05,15631.0,15631.0,14950.0,15300.0,34111094394,2229532,1141,15176.0,15113.0
2020-04-06,15250.0,15251.0,14841.0,14893.0,37233202723,2499979,1200,15300.0,15111.0
2020-04-07,15339.0,15339.0,14447.0,15002.0,40818972399,2720828,1317,14893.0,15040.0
2020-04-08,15450.0,15452.0,15050.0,15392.0,52954038831,3440285,1084,15002.0,15452.0
2020-04-11,15853.0,15853.0,15700.0,15852.0,33311615418,2101386,657,15392.0,15853.0
2020-04-12,16327.0,16327.0,16327.0,16289.0,19507091425,1194775,395,15852.0,16327.0
2020-04-13,17103.0,17103.0,17103.0,17103.0,30066937176,1757992,492,16289.0,17103.0
2020-04-14,17616.0,17616.0,17616.0,17616.0,25857557520,1467845,472,17103.0,17616.0
2020-04-15,18144.0,18144.0,18144.0,17822.0,9218911968,508097,281,17616.0,18144.0
2020-04-18,18356.0,18356.0,18356.0,18185.0,14020239376,763796,235,17822.0,18356.0
2020-04-19,19094.0,19094.0,17276.0,18464.0,54415974661,2947075,1184,18185.0,17750.0
2020-04-20,18303.0,19017.0,18303.0,18894.0,42611604487,2255270,879,18464.0,19017.0
2020-04-21,19000.0,19460.0,18354.0,19361.0,34865499763,1800851,600,18894.0,19460.0
2020-04-22,19941.0,19941.0,19642.0,19941.0,28201340129,1414269,356,19361.0,19941.0
2020-04-25,20938.0,20938.0,20938.0,20911.0,20435215806,975987,277,19941.0,20938.0
2020-04-26,21538.0,21538.0,20284.0,20787.0,112821751146,5427538,2428,20911.0,20800.0
2020-04-27,20912.0,21410.0,20165.0,21067.0,62988515252,2989874,1096,20787.0,21410.0
2020-04-28,21699.0,21699.0,21131.0,21666.0,31893440233,1472038,717,21067.0,21699.0
2020-05-02,22315.0,22984.0,22315.0,22751.0,17866975348,778414,437,21666.0,22984.0
2020-05-03,23433.0,23433.0,22101.0,23343.0,85639423705,3668800,1658,22751.0,22101.0
2020-05-04,22645.0,23800.0,22643.0,23017.0,114693404851,4983035,2296,23343.0,23700.0
2020-05-05,23699.0,23699.0,22327.0,22652.0,38592783560,1703700,877,23017.0,22327.0
2020-05-12,21724.0,21724.0,21724.0,22217.0,8989890852,413823,79,22652.0,21724.0
2020-05-13,21551.0,21551.0,21551.0,21551.0,25328437729,1175279,344,22217.0,21551.0
2020-05-16,20905.0,20905.0,20905.0,21522.0,858965545,41089,41,21551.0,20905.0
2020-05-17,20877.0,20877.0,20877.0,21489.0,986834913,47269,27,21522.0,20877.0
2020-05-18,20415.0,22400.0,20415.0,20654.0,183916465232,8904613,2848,21489.0,20415.0
2020-05-19,21100.0,21273.0,20654.0,21213.0,72415839204,3413719,1421,20654.0,21273.0
2020-05-20,21700.0,21790.0,20577.0,21109.0,59549779400,2821003,1075,21213.0,20577.0
2020-05-23,20477.0,20920.0,20476.0,20492.0,30052779498,1466575,810,21109.0,20476.0
2020-05-26,19878.0,19878.0,19878.0,20396.0,2930693052,147434,67,20492.0,19878.0
2020-05-27,19377.0,20000.0,19377.0,19448.0,57587271497,2961097,1158,20396.0,19529.0
2020-05-30,19999.0,20031.0,19000.0,19817.0,31436077200,1586344,806,19448.0,19993.0
2020-05-31,20370.0,20370.0,19223.0,19559.0,15238750110,782337,323,19817.0,19223.0
2020-06-01,18973.0,20145.0,18973.0,19394.0,40075440481,2066361,643,19559.0,19898.0
2020-06-02,19000.0,19974.0,18814.0,19479.0,28211567958,1448314,700,19394.0,19550.0
2020-06-06,20045.0,20045.0,19000.0,19323.0,48010492029,2484678,1141,19479.0,19200.0
2020-06-07,19210.0,19902.0,19187.0,19791.0,39777224514,2009825,755,19323.0,19902.0
2020-06-08,20000.0,20384.0,19198.0,20089.0,55782517623,2776749,1141,19791.0,20383.0
2020-06-09,20691.0,20691.0,20089.0,20684.0,21155181217,1022684,381,20089.0,20691.0
2020-06-10,21304.0,21304.0,21304.0,21116.0,15257370896,716174,287,20684.0,21304.0
2020-06-13,21749.0,21749.0,21303.0,21742.0,21155190740,972993,502,21116.0,21749.0
2020-06-14,22800.0,22800.0,20655.0,21102.0,37615743904,1782533,1181,21742.0,20760.0
2020-06-15,21100.0,21100.0,20469.0,20618.0,74499762663,3613310,1449,21102.0,20500.0
2020-06-16,21184.0,21184.0,20050.0,20491.0,50253007119,2452481,1360,20618.0,20300.0
2020-06-20,21090.0,21100.0,20400.0,20631.0,59240136173,2871447,1573,20491.0,20445.0
2020-06-21,20971.0,20971.0,20013.0,20060.0,71503438575,3564404,1409,20631.0,20100.0
2020-06-22,20035.0,20661.0,20035.0,20634.0,47081756973,2281738,776,20060.0,20661.0
2020-06-23,21253.0,21253.0,21235.0,21252.0,33450986557,1574015,628,20634.0,21253.0
2020-06-24,21400.0,21400.0,20615.0,20863.0,44691313287,2142108,896,21252.0,20651.0
2020-06-27,20240.0,20802.0,20238.0,20337.0,57691202160,2836772,1219,20863.0,20480.0
2020-06-28,20940.0,20940.0,19727.0,20087.0,56437387275,2809582,1149,20337.0,19727.0
2020-06-29,19485.0,20200.0,19485.0,19576.0,48050849693,2454545,1013,20087.0,19485.0
2020-06-30,19060.0,20163.0,19060.0,20102.0,31812474153,1582543,743,19576.0,20163.0
2020-07-01,20705.0,20705.0,20001.0,20525.0,49364948331,2405164,964,20102.0,20705.0
2020-07-04,21140.0,21140.0,20500.0,21112.0,56888711634,2694676,1012,20525.0,21140.0
2020-07-05,22167.0,22167.0,21458.0,22127.0,30904411722,1396713,620,21112.0,22167.0
2020-07-06,22790.0,22790.0,22790.0,22358.0,7728522010,339119,178,22127.0,22790.0
2020-07-07,23028.0,23028.0,23028.0,22879.0,17440094604,757343,217,22358.0,23028.0
2020-07-08,23565.0,23565.0,22193.0,23380.0,96034628416,4107491,1048,22879.0,23565.0
2020-07-11,24549.0,24549.0,23980.0,24540.0,40855345830,1664871,460,23380.0,24549.0
2020-07-12,25276.0,25276.0,25276.0,24899.0,10550809024,417424,119,24540.0,25276.0
2020-07-13,25645.0,25645.0,25645.0,25432.0,15677609140,611332,144,24899.0,25645.0
2020-07-14,26194.0,26194.0,26194.0,26194.0,33786435676,1289854,193,25432.0,26194.0
2020-07-15,27503.0,27503.0,27503.0,27503.0,49483122570,1799190,358,26194.0,27503.0
2020-07-18,28328.0,28328.0,28328.0,28328.0,50142118040,1770055,471,27503.0,28328.0
2020-07-19,29177.0,29177.0,29177.0,28765.0,10933555564,374732,170,28328.0,29177.0
2020-07-20,29627.0,29627.0,29627.0,29357.0,14798567992,499496,129,28765.0,29627.0
2020-07-21,30824.0,30824.0,30824.0,30493.0,17352062560,562940,149,29357.0,30824.0
2020-07-22,31407.0,31407.0,31407.0,31407.0,46204627899,1471157,172,30493.0,31407.0
2020-07-25,32349.0,32349.0,32349.0,32074.0,14593604370,451130,145,31407.0,32349.0
2020-07-26,33036.0,33036.0,33036.0,33036.0,38360478192,1161172,182,32074.0,33036.0
2020-07-27,34687.0,34687.0,34687.0,34687.0,25053726360,722280,206,33036.0,34687.0
2020-07-28,35727.0,35727.0,35727.0,35691.0,21960565179,614677,212,34687.0,35727.0
2020-07-29,35000.0,35000.0,34621.0,34723.0,60994546972,1756600,680,35691.0,34621.0
2020-08-01,33682.0,33682.0,33682.0,33841.0,16439678970,488085,265,34723.0,33682.0
2020-08-02,32826.0,32826.0,32826.0,33410.0,8037872838,244863,217,33841.0,32826.0
2020-08-03,31740.0,31740.0,31740.0,31740.0,19035017580,599717,340,33410.0,31740.0
2020-08-04,30788.0,30788.0,30788.0,30803.0,17455749208,566966,289,31740.0,30788.0
2020-08-05,29879.0,29879.0,29879.0,30389.0,7716699935,258265,155,30803.0,29879.0
2020-08-09,29478.0,29478.0,29478.0,29894.0,10549380294,357873,147,30389.0,29478.0
2020-08-10,28400.0,28400.0,28400.0,29517.0,4719568800,166182,79,29894.0,28400.0
2020-08-11,28632.0,28632.0,28632.0,29451.0,1412846040,49345,46,29517.0,28632.0
2020-08-12,28568.0,28568.0,28568.0,29267.0,3911816240,136930,54,29451.0,28568.0
2020-08-15,28389.0,28389.0,28389.0,29202.0,1427966700,50300,37,29267.0,28389.0
2020-08-16,27742.0,27742.0,27742.0,28690.0,6650894822,239741,73,29202.0,27742.0
2020-08-17,27830.0,27830.0,27830.0,28529.0,3558538610,127867,63,28690.0,27830.0
2020-08-18,27674.0,27674.0,27674.0,27983.0,12070374862,436163,144,28529.0,27674.0
2020-08-19,27144.0,27144.0,27144.0,27899.0,1866557160,68765,21,27983.0,27144.0
2020-08-22,26505.0,26505.0,26505.0,27447.0,6165513585,232617,50,27899.0,26505.0
2020-08-23,26624.0,26624.0,26624.0,27358.0,2059632640,77360,14,27447.0,26624.0
2020-08-24,26538.0,26538.0,26538.0,27335.0,529645404,19958,12,27358.0,26538.0
2020-08-25,26515.0,26515.0,26515.0,27051.0,6579564675,248145,75,27335.0,26515.0
2020-08-26,25699.0,27000.0,25699.0,25878.0,127725416067,4935683,1831,27051.0,25800.0
2020-08-31,25300.0,26590.0,25102.0,25290.0,45613448408,1803591,488,25878.0,25102.0
2020-09-01,24532.0,24532.0,24532.0,25282.0,197433536,8048,11,25290.0,24532.0
2020-09-02,24524.0,24524.0,24524.0,25275.0,180153304,7346,7,25282.0,24524.0
2020-09-14,24517.0,24517.0,24517.0,25150.0,3201871166,130598,14,25275.0,24517.0
2020-09-15,24396.0,24396.0,24396.0,25145.0,116173752,4762,9,25150.0,24396.0
2020-09-16,24391.0,24391.0,24391.0,25124.0,542089975,22225,8,25145.0,24391.0
2020-09-19,23868.0,23868.0,23868.0,25109.0,232927812,9759,10,25124.0,23868.0
2020-09-23,24356.0,24356.0,24356.0,25109.0,5674948,233,1,25109.0,24356.0
2020-09-26,24356.0,24356.0,24356.0,25094.0,373645396,15341,6,25109.0,24356.0
2020-09-27,24342.0,24342.0,24342.0,25092.0,53917530,2215,2,25094.0,24342.0
2020-09-28,24340.0,24340.0,24340.0,25092.0,7472380,307,1,25092.0,24340.0
2020-09-29,23838.0,23838.0,23838.0,25089.0,51108672,2144,5,25092.0,23838.0
2020-10-03,24337.0,24337.0,24337.0,25086.0,77099616,3168,7,25089.0,24337.0
2020-10-04,24334.0,24334.0,24334.0,24968.0,3050266900,125350,22,25086.0,24334.0
2020-10-05,23720.0,23720.0,23720.0,24911.0,861510400,36320,18,24968.0,23720.0
2020-10-19,24153.0,24153.0,24153.0,24893.0,186823455,7735,3,24900.0,24153.0
2020-10-20,24147.0,24147.0,24147.0,24892.0,34916562,1446,3,24893.0,24147.0
2020-10-21,24146.0,24146.0,24146.0,24891.0,25449884,1054,3,24892.0,24146.0
2020-10-24,23647.0,23647.0,23647.0,24889.0,31686980,1340,2,24891.0,23647.0
2020-10-28,24143.0,24143.0,24143.0,24887.0,42443394,1758,4,24889.0,24143.0
2020-10-31,23643.0,23643.0,23643.0,24857.0,454134744,19208,21,24887.0,23643.0
2020-11-01,24112.0,24112.0,24112.0,24857.0,10247600,425,1,24857.0,24112.0
2020-11-02,24112.0,24112.0,24112.0,24854.0,78291664,3247,3,24857.0,24112.0
2020-11-04,24109.0,24109.0,24109.0,24853.0,29461198,1222,2,24854.0,24109.0
2020-11-07,23611.0,23611.0,23611.0,24852.0,13316604,564,2,24853.0,23611.0
2020-11-08,24107.0,24107.0,24107.0,24852.0,10799936,448,1,24852.0,24107.0
2020-11-09,24107.0,24107.0,24107.0,24852.0,12053500,500,1,24852.0,24107.0
2020-11-10,24107.0,24107.0,24107.0,24805.0,1234591791,51213,9,24852.0,24107.0
2020-11-11,23565.0,23565.0,23565.0,24774.0,471653475,20015,8,24805.0,23565.0
2020-11-14,24031.0,24031.0,24031.0,24766.0,205416988,8548,6,24774.0,24031.0
2020-11-15,24024.0,24024.0,24024.0,24761.0,120120000,5000,7,24766.0,24024.0
2020-11-16,24019.0,24019.0,24019.0,24754.0,180959146,7534,13,24761.0,24019.0
2020-11-17,23517.0,23517.0,23517.0,24739.0,224281629,9537,8,24754.0,23517.0
2020-11-18,23997.0,23997.0,23997.0,24699.0,1037246328,43224,11,24739.0,23997.0
2020-11-21,23959.0,23959.0,23959.0,24695.0,116752207,4873,6,24699.0,23959.0
2020-11-22,23955.0,23955.0,23955.0,24694.0,29129280,1216,2,24695.0,23955.0
2020-11-23,23460.0,23460.0,23460.0,24672.0,338621640,14434,12,24694.0,23460.0
2020-11-24,23932.0,23932.0,23932.0,24667.0,119803592,5006,11,24672.0,23932.0
2020-11-25,23927.0,23927.0,23927.0,24636.0,812249869,33947,6,24667.0,23927.0
2020-11-28,23897.0,23897.0,23897.0,24612.0,622086704,26032,20,24636.0,23897.0
2020-11-29,23382.0,25830.0,23382.0,24107.0,454142073780,18838731,5291,24612.0,24520.0
2020-11-30,24830.0,24830.0,24530.0,24824.0,33187626130,1336896,583,24107.0,24830.0
2020-12-01,25568.0,25568.0,24500.0,25545.0,81902497076,3206220,843,24824.0,25568.0
2020-12-02,26200.0,26311.0,24779.0,25820.0,126224827058,4888578,1789,25545.0,26277.0
2020-12-05,26540.0,26594.0,25400.0,26475.0,27293974557,1030940,563,25820.0,26594.0
2020-12-06,27260.0,27269.0,25684.0,26878.0,97351517872,3621982,1463,26475.0,27269.0
2020-12-07,27670.0,27684.0,26072.0,27572.0,63394883506,2299235,812,26878.0,27310.0
2020-12-08,27572.0,28399.0,27320.0,28143.0,73668204868,2617639,883,27572.0,28399.0
2020-12-09,28987.0,28987.0,28650.0,28980.0,76172301597,2628468,815,28143.0,28987.0
2020-12-12,29849.0,29849.0,28111.0,28696.0,132565774362,4619702,2104,28980.0,28111.0
2020-12-13,27838.0,29460.0,27836.0,28725.0,202125253604,7036662,1936,28696.0,28115.0
2020-12-14,27950.0,29400.0,27864.0,28688.0,89142322464,3107319,765,28725.0,27864.0
2020-12-15,27828.0,27828.0,27828.0,27828.0,29365330032,1055244,107,28688.0,27828.0
2020-12-16,26994.0,27290.0,26994.0,26997.0,32107709586,1189313,475,27828.0,26994.0
2020-12-19,25648.0,27990.0,25648.0,26006.0,90409382789,3476519,1589,26997.0,25648.0
2020-12-20,25239.0,25649.0,25226.0,25228.0,39458406250,1564064,435,26006.0,25226.0
2020-12-21,24472.0,25984.0,24472.0,25361.0,200079424604,7889168,1983,25228.0,25984.0
2020-12-22,26121.0,26121.0,26121.0,25934.0,14591843625,558625,309,25361.0,26121.0
2020-12-23,26712.0,26712.0,26712.0,26453.0,13208122368,494464,227,25934.0,26712.0
2020-12-26,27775.0,27775.0,25131.0,27184.0,138150700346,5081978,2664,26453.0,26420.0
2020-12-27,26369.0,27000.0,26369.0,26379.0,51830689146,1964833,822,27184.0,26369.0
2020-12-28,25589.0,27170.0,25588.0,26604.0,125275799495,4708910,1300,26379.0,27170.0
2020-12-29,27402.0,27402.0,27402.0,27064.0,11930803398,435399,180,26604.0,27402.0
2020-12-30,27875.0,27875.0,27875.0,27812.0,19441613875,697457,224,27064.0,27875.0
2021-01-02,29190.0,29202.0,27812.0,28946.0,69819110657,2412082,711,27812.0,29202.0
2021-01-03,29814.0,29814.0,29814.0,29440.0,12198219216,409144,178,28946.0,29814.0
2021-01-04,30323.0,30323.0,30323.0,30303.0,21304303017,702579,174,29440.0,30323.0
2021-01-05,31212.0,31212.0,29421.0,31124.0,127962103711,4111396,867,30303.0,31212.0
2021-01-06,32680.0,32680.0,29600.0,32226.0,257628722806,7994453,1950,31124.0,32680.0
2021-01-09,33192.0,33192.0,33192.0,33192.0,21889526544,659482,215,32226.0,33192.0
2021-01-10,34187.0,34187.0,34187.0,34092.0,19185231595,561185,208,33192.0,34187.0
2021-01-11,35114.0,35114.0,35000.0,35114.0,109194237054,3109731,474,34092.0,35114.0
2021-01-12,35400.0,36869.0,33359.0,35908.0,186072177749,5181970,1492,35114.0,36869.0
2021-01-13,36985.0,36985.0,36985.0,36985.0,33142554380,896108,254,35908.0,36985.0
2021-01-16,38094.0,38094.0,35876.0,36887.0,301659317565,8177986,1940,36985.0,38085.0
2021-01-18,37986.0,37986.0,35781.0,36278.0,100793683512,2778388,917,36887.0,35781.0
2021-01-23,36640.0,37739.0,36640.0,37331.0,30711050458,822671,140,36278.0,37739.0
2021-01-24,38450.0,38450.0,37350.0,38446.0,238119417062,6193604,965,37331.0,38450.0
2021-01-25,39590.0,39599.0,37293.0,38998.0,129577930403,3322689,1147,38446.0,39599.0
2021-01-26,40167.0,40167.0,39600.0,40154.0,121745243242,3031961,973,38998.0,40167.0
2021-01-27,41000.0,42161.0,38147.0,41387.0,179180192610,4329426,1530,40154.0,42161.0
2021-01-30,42628.0,42628.0,42628.0,42537.0,19086857512,447754,193,41387.0,42628.0
2021-01-31,43813.0,43813.0,43813.0,43813.0,59459805251,1357127,206,42537.0,43813.0
2021-02-01,45127.0,45127.0,42499.0,43997.0,449928678444,10226304,4666,43813.0,42650.0
2021-02-02,42700.0,45316.0,42700.0,44911.0,364343522922,8112480,3435,43997.0,45316.0
2021-02-03,47156.0,47156.0,46000.0,46970.0,361128673096,7688547,3004,44911.0,47156.0
2021-02-06,48379.0,48379.0,46000.0,48004.0,156069689548,3251182,1880,46970.0,48379.0
2021-02-07,48400.0,49444.0,48400.0,49327.0,85753183098,1738456,747,48004.0,49444.0
2021-02-08,50806.0,50806.0,49996.0,50801.0,55178709409,1086172,456,49327.0,50806.0
2021-02-09,53341.0,53341.0,53341.0,53341.0,40642054789,761929,272,50801.0,53341.0
2021-02-27,52275.0,52275.0,52275.0,53324.0,316211475,6049,13,53341.0,52275.0
2021-02-28,52258.0,52258.0,52258.0,53180.0,2639394806,50507,7,53324.0,52258.0
2021-03-01,52117.0,52117.0,52117.0,53176.0,77862798,1494,4,53180.0,52117.0
2021-03-02,52113.0,52113.0,52113.0,53170.0,101880915,1955,5,53176.0,52113.0
2021-03-03,51044.0,51044.0,51044.0,52830.0,3064324452,60033,17,53170.0,51044.0
2021-03-07,51774.0,51774.0,51774.0,52824.0,106809762,2063,2,52830.0,51774.0
2021-03-08,51768.0,51768.0,51768.0,52813.0,204172992,3944,5,52824.0,51768.0
2021-03-09,50701.0,50701.0,50701.0,52806.0,66012702,1302,7,52813.0,50701.0
2021-03-10,51750.0,51750.0,51750.0,51750.0,23543507250,454947,55,52806.0,51750.0
2021-03-13,50715.0,50715.0,50715.0,51749.0,22466745,443,2,51750.0,50715.0
2021-03-14,50715.0,50715.0,50715.0,51749.0,5071500,100,1,51749.0,50715.0
2021-03-15,49680.0,49680.0,49680.0,51575.0,1617084000,32550,10,51749.0,49680.0
2021-03-16,50544.0,50544.0,50544.0,51433.0,2689395696,53209,21,51575.0,50544.0
2021-03-17,50405.0,50405.0,50405.0,51432.0,25202500,500,1,51433.0,50405.0
2021-03-27,50404.0,50404.0,50404.0,51428.0,74950748,1487,3,51432.0,50404.0
2021-03-28,49371.0,49371.0,49371.0,50853.0,5365097199,108669,22,51428.0,49371.0
2021-03-31,49836.0,49836.0,49836.0,50852.0,11512116,231,2,50853.0,49836.0
2021-04-03,49835.0,49835.0,49835.0,50852.0,5232675,105,1,50852.0,49835.0
2021-04-04,48818.0,48818.0,48818.0,50236.0,5819398508,119206,15,50852.0,48818.0
2021-04-05,49232.0,49232.0,49232.0,50236.0,5021664,102,1,50236.0,49232.0
2021-04-06,49232.0,49232.0,49232.0,50235.0,14966528,304,2,50236.0,49232.0
2021-04-07,49231.0,49231.0,49231.0,50205.0,587375061,11931,9,50235.0,49231.0
2021-04-10,48197.0,48197.0,48197.0,49911.0,2806800492,58236,7,50205.0,48197.0
2021-04-11,48913.0,48913.0,48913.0,49910.0,24456500,500,1,49911.0,48913.0
2021-04-12,48912.0,48912.0,48912.0,49860.0,974375952,19921,11,49910.0,48912.0
2021-04-13,48863.0,48863.0,48863.0,49859.0,18665666,382,1,49860.0,48863.0
2021-04-14,47865.0,47865.0,47865.0,49851.0,74382210,1554,5,49859.0,47865.0
2021-04-18,48854.0,48854.0,48854.0,48854.0,40305527080,825020,55,49851.0,48854.0
2021-04-19,47877.0,47877.0,47877.0,48841.0,255711057,5341,23,48854.0,47877.0
2021-04-21,47865.0,47865.0,47865.0,48454.0,7612114545,159033,25,48841.0,47865.0
2021-04-24,47485.0,47485.0,47485.0,48454.0,5033410,106,1,48454.0,47485.0
2021-04-25,47485.0,47485.0,47485.0,48452.0,44493445,937,2,48454.0,47485.0
2021-04-26,46514.0,46514.0,46514.0,48431.0,204289488,4392,2,48452.0,46514.0
2021-04-28,47463.0,47463.0,47463.0,48431.0,6882135,145,1,48431.0,47463.0
2021-05-05,47463.0,47463.0,47463.0,48428.0,53728116,1132,2,48431.0,47463.0
2021-05-08,47460.0,47460.0,47460.0,48426.0,47460000,1000,1,48428.0,47460.0
2021-05-09,46489.0,46489.0,46489.0,48409.0,164571060,3540,7,48426.0,46489.0
2021-05-10,47441.0,47441.0,47441.0,48389.0,397460698,8378,7,48409.0,47441.0
2021-05-11,47422.0,47422.0,47422.0,48388.0,23711000,500,1,48389.0,47422.0
2021-05-12,47421.0,47421.0,47421.0,48387.0,23710500,500,1,48388.0,47421.0
2021-05-15,45968.0,45968.0,45968.0,48379.0,32959056,717,2,48387.0,45968.0
2021-05-16,46928.0,46928.0,46928.0,48375.0,23464000,500,1,48379.0,46928.0
2021-05-17,46924.0,46924.0,46924.0,48371.0,29280576,624,2,48375.0,46924.0
2021-05-18,46920.0,46920.0,46920.0,48366.0,32844000,700,2,48371.0,46920.0
2021-05-19,45948.0,45948.0,45948.0,48359.0,28487760,620,2,48366.0,45948.0
2021-05-22,46909.0,46909.0,46909.0,48355.0,23454500,500,1,48359.0,46909.0
2021-05-23,46905.0,46905.0,46905.0,48351.0,23452500,500,1,48355.0,46905.0
2021-05-24,46901.0,46901.0,46901.0,48347.0,28515808,608,2,48351.0,46901.0
2021-05-25,45930.0,45930.0,45930.0,48340.0,28017300,610,3,48347.0,45930.0
2021-05-26,46890.0,46890.0,46890.0,48311.0,194124600,4140,5,48340.0,46890.0
2021-05-29,46862.0,46862.0,46862.0,48307.0,28538958,609,2,48311.0,46862.0
2021-05-30,46858.0,46858.0,46858.0,48261.0,305186154,6513,3,48307.0,46858.0
2021-05-31,45848.0,45848.0,45848.0,48245.0,63866264,1393,6,48261.0,45848.0
2021-06-01,46798.0,46798.0,46798.0,48232.0,84891572,1814,3,48245.0,46798.0
2021-06-02,46786.0,46786.0,46786.0,48225.0,43744910,935,2,48232.0,46786.0
2021-06-07,46779.0,46779.0,46779.0,48218.0,46779000,1000,1,48225.0,46779.0
2021-06-08,45808.0,45808.0,45808.0,48188.0,118047216,2577,4,48218.0,45808.0
2021-06-15,46743.0,46743.0,46743.0,48187.0,6590763,141,1,48188.0,46743.0
2021-06-21,45778.0,45778.0,45778.0,48183.0,14877850,325,1,48187.0,45778.0
2021-06-23,46738.0,46738.0,46738.0,48181.0,10282360,220,2,48183.0,46738.0
2021-06-26,46736.0,46736.0,46736.0,48180.0,5468112,117,1,48181.0,46736.0
2021-06-28,46735.0,46735.0,46735.0,48179.0,5140850,110,1,48180.0,46735.0
2021-06-29,45771.0,45771.0,45771.0,48154.0,100330032,2192,6,48179.0,45771.0
2021-07-03,46710.0,46710.0,46710.0,48095.0,397969200,8520,4,48154.0,46710.0
2021-07-04,46653.0,46653.0,46653.0,48079.0,107301900,2300,2,48095.0,46653.0
2021-07-06,46637.0,46637.0,46637.0,48075.0,27002823,579,3,48079.0,46637.0
2021-07-10,46633.0,46633.0,46633.0,48056.0,127634521,2737,2,48075.0,46633.0
2021-07-11,46615.0,46615.0,46615.0,47779.0,1864600000,40000,2,48056.0,46615.0
2021-07-12,46346.0,46346.0,46346.0,47438.0,2296676030,49555,25,47779.0,46346.0
2021-07-13,46015.0,46015.0,46015.0,47436.0,10123300,220,1,47438.0,46015.0
2021-07-17,46013.0,46013.0,46013.0,47428.0,51534560,1120,2,47436.0,46013.0
2021-07-19,46006.0,46006.0,46006.0,47427.0,5060660,110,1,47428.0,46006.0
2021-07-26,46005.0,46005.0,46005.0,47425.0,14031525,305,1,47427.0,46005.0
2021-07-27,45054.0,45054.0,45054.0,47420.0,19012788,422,3,47425.0,45054.0
2021-07-31,45998.0,45998.0,45998.0,47419.0,7129690,155,1,47420.0,45998.0
2021-08-01,45997.0,45997.0,45997.0,47404.0,103447253,2249,3,47419.0,45997.0
2021-08-03,45034.0,45034.0,45034.0,47388.0,66064878,1467,5,47404.0,45034.0
2021-08-04,45967.0,45967.0,45967.0,46802.0,3995359706,86918,21,47388.0,45967.0
2021-08-07,45398.0,45398.0,45398.0,46801.0,10032958,221,1,46802.0,45398.0
2021-08-08,45397.0,45397.0,45397.0,46800.0,5039067,111,1,46801.0,45397.0
2021-08-09,44460.0,44460.0,44460.0,46722.0,317666700,7145,7,46800.0,44460.0
2021-08-10,45321.0,45321.0,45321.0,46656.0,458376594,10114,12,46722.0,45321.0
2021-08-15,44324.0,44324.0,44324.0,46543.0,460393388,10387,21,46656.0,44324.0
2021-08-22,45147.0,45147.0,45147.0,46532.0,74266815,1645,3,46543.0,45147.0
2021-08-24,45137.0,45137.0,45137.0,46520.0,82284751,1823,9,46532.0,45137.0
2021-08-25,44194.0,44194.0,44194.0,46342.0,726947106,16449,19,46520.0,44194.0
2021-08-28,44952.0,44952.0,44952.0,46276.0,464039496,10323,16,46342.0,44952.0
2021-08-29,44888.0,44888.0,44888.0,46259.0,116080368,2586,5,46276.0,44888.0
2021-08-30,44872.0,44872.0,44872.0,46258.0,10455176,233,2,46259.0,44872.0
2021-08-31,43946.0,43946.0,43946.0,46102.0,638095920,14520,14,46258.0,43946.0
2021-09-05,44719.0,44719.0,44719.0,46003.0,694530789,15531,11,46102.0,44719.0
2021-09-06,44623.0,44623.0,44623.0,45106.0,6291843000,141000,30,46003.0,44623.0
2021-09-07,43753.0,43753.0,43753.0,43753.0,11969595716,273572,44,45106.0,43753.0
2021-09-08,42441.0,42441.0,42441.0,42441.0,11169792144,263184,64,43753.0,42441.0
2021-09-11,40319.0,44542.0,40319.0,42275.0,764154271028,18075832,6542,42441.0,43600.0
2021-09-12,43543.0,43543.0,42584.0,43453.0,437032407928,10057661,3144,42275.0,43543.0
2021-09-13,43543.0,44756.0,43543.0,44629.0,93218169243,2088747,864,43453.0,44756.0
2021-09-21,45700.0,45700.0,45700.0,45700.0,16878472400,369332,95,44628.0,45700.0
2021-09-22,47071.0,47071.0,44329.0,46457.0,261537076874,5629707,2230,45700.0,44329.0
2021-09-25,45064.0,45064.0,45064.0,46161.0,2063886136,45799,44,46457.0,45064.0
2021-09-26,44777.0,44777.0,44777.0,46049.0,780060117,17421,29,46161.0,44777.0
2021-09-28,43747.0,43747.0,43747.0,45564.0,1985895065,45395,35,46049.0,43747.0
2021-09-29,44198.0,44198.0,44198.0,45531.0,228194274,5163,6,45564.0,44198.0
2021-10-02,44166.0,44166.0,44166.0,45448.0,589483602,13347,23,45531.0,44166.0
2021-10-03,44085.0,44085.0,44085.0,45331.0,831178590,18854,16,45448.0,44085.0
2021-10-04,43065.0,43065.0,43065.0,43185.0,8959113405,208037,90,45331.0,43065.0
2021-10-06,41890.0,41890.0,41890.0,43148.0,262566520,6268,14,43185.0,41890.0
2021-10-09,41854.0,41854.0,41854.0,43139.0,67259378,1607,5,43148.0,41854.0
2021-10-10,41845.0,41845.0,41845.0,43132.0,51887800,1240,7,43139.0,41845.0
2021-10-11,40976.0,40976.0,40976.0,43072.0,264008368,6443,12,43132.0,40976.0
2021-10-12,41780.0,41780.0,41780.0,43071.0,8356000,200,1,43072.0,41780.0
2021-10-13,41779.0,41779.0,41779.0,42985.0,643104147,15393,7,43071.0,41779.0
2021-10-16,41696.0,41696.0,41696.0,42956.0,219112480,5255,12,42985.0,41696.0
2021-10-17,40809.0,40809.0,40809.0,42896.0,266931669,6541,12,42956.0,40809.0
2021-10-18,41610.0,41610.0,41610.0,42865.0,232142190,5579,8,42896.0,41610.0
2021-10-19,41580.0,41580.0,41580.0,42858.0,56049840,1348,5,42865.0,41580.0
2021-10-20,41573.0,41573.0,41573.0,42818.0,303191889,7293,13,42858.0,41573.0
2021-10-23,40678.0,40678.0,40678.0,42795.0,103525510,2545,5,42818.0,40678.0
2021-10-25,41512.0,41512.0,41512.0,42791.0,33417160,805,2,42795.0,41512.0
2021-10-26,41508.0,41508.0,41508.0,42787.0,28682028,691,3,42791.0,41508.0
2021-10-27,41504.0,41504.0,41504.0,42784.0,26147520,630,2,42787.0,41504.0
2021-10-30,40645.0,40645.0,40645.0,42528.0,1134889690,27922,12,42784.0,40645.0
2021-10-31,41253.0,41253.0,41253.0,42526.0,15304863,371,2,42528.0,41253.0
2021-11-01,41251.0,41251.0,41251.0,42523.0,19387970,470,1,42526.0,41251.0
2021-11-02,41248.0,41248.0,41248.0,42510.0,101965056,2472,8,42523.0,41248.0
2021-11-03,40385.0,40385.0,40385.0,42367.0,634569505,15713,24,42510.0,40385.0
2021-11-06,41096.0,41096.0,41096.0,42262.0,802645976,19531,19,42367.0,41096.0
2021-11-07,40995.0,40995.0,40995.0,42220.0,320457915,7817,5,42262.0,40995.0
2021-11-08,40954.0,40954.0,40954.0,41868.0,2686787170,65605,6,42220.0,40954.0
2021-11-09,39775.0,39775.0,39775.0,41792.0,340951300,8572,14,41868.0,39775.0
2021-11-10,40539.0,40539.0,40539.0,41786.0,46173921,1139,4,41792.0,40539.0
2021-11-13,40533.0,40533.0,40533.0,40923.0,6684175431,164907,17,41786.0,40533.0
2021-11-14,39696.0,39696.0,39696.0,40823.0,777922512,19597,16,40923.0,39696.0
2021-11-15,38782.0,38782.0,38782.0,40231.0,2693177208,69444,33,40823.0,38782.0
2021-11-16,39025.0,39025.0,39025.0,40171.0,466387775,11951,5,40231.0,39025.0
2021-11-17,38966.0,38966.0,38966.0,40131.0,307714502,7897,10,40171.0,38966.0
2021-11-20,38928.0,38928.0,38928.0,39992.0,1119958560,28770,33,40131.0,38928.0
2021-12-04,38793.0,38793.0,38793.0,39688.0,2459592579,63403,21,39992.0,38793.0
2021-12-05,38498.0,38498.0,38498.0,39676.0,95205554,2473,3,39688.0,38498.0
2021-12-06,38486.0,38486.0,38486.0,39672.0,30019080,780,3,39676.0,38486.0
2021-12-07,38482.0,38482.0,38482.0,39670.0,13160844,342,2,39672.0,38482.0
2021-12-08,37687.0,37687.0,37687.0,39445.0,1069670121,28383,18,39670.0,37687.0
2021-12-11,38262.0,38262.0,38262.0,39351.0,770711466,20143,3,39445.0,38262.0
2021-12-12,38171.0,38171.0,38171.0,39350.0,5038572,132,1,39351.0,38171.0
2021-12-13,38170.0,38170.0,38170.0,39317.0,271007000,7100,2,39350.0,38170.0
2021-12-14,37352.0,37352.0,37352.0,39316.0,5079872,136,1,39317.0,37352.0
2021-12-15,38137.0,38137.0,38137.0,39313.0,25628064,672,2,39316.0,38137.0
2021-12-18,38134.0,38134.0,38134.0,39308.0,41947400,1100,1,39313.0,38134.0
2021-12-19,38129.0,38129.0,38129.0,39305.0,25851462,678,2,39308.0,38129.0
2021-12-20,37340.0,37340.0,37340.0,39302.0,15272060,409,2,39305.0,37340.0
2021-12-22,38123.0,38123.0,38123.0,39296.0,47463135,1245,4,39302.0,38123.0
2021-12-25,38118.0,38118.0,38118.0,39295.0,10139388,266,2,39296.0,38118.0
2021-12-26,38117.0,38117.0,38117.0,39294.0,5107678,134,1,39295.0,38117.0
2021-12-29,38116.0,38116.0,38116.0,38116.0,154102988,4043,13,39294.0,38116.0
2022-01-01,36973.0,36973.0,36973.0,36973.0,509413994,13778,9,38116.0,36973.0
2022-01-08,35900.0,35900.0,35900.0,35900.0,15831900,441,3,36973.0,35900.0
2022-01-09,34850.0,34850.0,34850.0,34850.0,11500500,330,1,35900.0,34850.0
2022-01-10,33850.0,33850.0,33850.0,33850.0,11847500,350,2,34850.0,33850.0
2022-01-11,32850.0,32850.0,32850.0,32850.0,169341750,5155,3,33850.0,32850.0
2022-01-12,31250.0,31250.0,31250.0,31250.0,229656250,7349,6,32850.0,31250.0
2022-01-15,30350.0,30350.0,30350.0,30350.0,46101650,1519,5,31250.0,30350.0
2022-01-16,29450.0,29450.0,29450.0,29450.0,6392947100,217078,74,30350.0,29450.0
2022-01-17,28600.0,28600.0,28600.0,28600.0,5186552800,181348,96,29450.0,28600.0
2022-01-18,27200.0,27200.0,27200.0,27200.0,1093712000,40210,19,28600.0,27200.0
2022-01-19,26400.0,27800.0,26400.0,26500.0,155805962000,5884304,758,27200.0,27400.0
2022-01-22,25750.0,26500.0,25750.0,25800.0,30493647200,1183026,305,26500.0,25750.0
2022-01-23,25050.0,25050.0,25050.0,25800.0,296992800,11856,8,25800.0,25050.0
2022-02-12,23800.0,24000.0,23100.0,23700.0,24047619500,1013837,137,25800.0,23100.0
2022-02-13,23000.0,23000.0,23000.0,23700.0,54648000,2376,8,23700.0,23000.0
2022-02-14,23000.0,23000.0,23000.0,23650.0,710815000,30905,4,23700.0,23000.0
2022-02-16,22950.0,22950.0,22950.0,23650.0,20655000,900,1,23650.0,22950.0
2022-02-19,22500.0,22500.0,22500.0,23400.0,1911285000,84946,20,23650.0,22500.0
2022-02-20,22700.0,22700.0,22700.0,23400.0,12031000,530,2,23400.0,22700.0
2022-02-21,22700.0,22700.0,22700.0,23400.0,47624600,2098,3,23400.0,22700.0
2022-02-22,22700.0,22700.0,22700.0,23400.0,26218500,1155,2,23400.0,22700.0
2022-02-23,22250.0,22250.0,22250.0,23350.0,378695000,17020,24,23400.0,22250.0
2022-02-26,22650.0,22650.0,22650.0,23350.0,35990850,1589,4,23350.0,22650.0
2022-02-27,22650.0,22650.0,22650.0,23350.0,16534500,730,3,23350.0,22650.0
2022-02-28,22650.0,22650.0,22650.0,23300.0,718593900,31726,9,23350.0,22650.0
2022-03-02,22150.0,22150.0,22150.0,23200.0,719852850,32499,21,23300.0,22150.0
2022-03-05,22550.0,22550.0,22550.0,23200.0,27172750,1205,5,23200.0,22550.0
2022-03-06,22550.0,22550.0,22550.0,23150.0,705161050,31271,19,23200.0,22550.0
2022-03-07,22500.0,22500.0,22500.0,23000.0,2373997500,105511,67,23150.0,22500.0
2022-03-08,21850.0,23400.0,21850.0,22250.0,145365556500,6531753,2894,23000.0,21850.0
2022-03-09,22250.0,22900.0,22250.0,22800.0,29827928600,1308605,554,22250.0,22900.0
2022-03-12,22750.0,23200.0,22150.0,22450.0,46338682350,2062447,1071,22800.0,22950.0
2022-03-13,23000.0,23100.0,22600.0,23050.0,12677947400,550543,313,22450.0,23100.0
2022-03-14,23700.0,23700.0,22400.0,23550.0,55524117450,2356900,847,23050.0,23700.0
2022-03-15,24250.0,24250.0,23550.0,24150.0,51666063500,2137956,998,23550.0,24250.0
2022-03-16,24700.0,24850.0,24400.0,24850.0,31607824600,1272495,394,24150.0,24850.0
2022-03-29,25550.0,25550.0,25550.0,25100.0,3926038550,153661,50,24850.0,25550.0
2022-03-30,25850.0,25850.0,25850.0,25350.0,3799898300,146998,51,25100.0,25850.0
2022-04-03,26100.0,26100.0,26100.0,25700.0,4679912700,179307,79,25350.0,26100.0
2022-04-04,26450.0,26450.0,26450.0,25950.0,3714109000,140420,70,25700.0,26450.0
2022-04-05,27200.0,27200.0,25050.0,26850.0,146179495750,5446985,1881,25950.0,27200.0
2022-04-06,27650.0,27650.0,26850.0,27550.0,51871948500,1884013,470,26850.0,27650.0
2022-04-09,28300.0,28350.0,27650.0,28300.0,15410120000,544145,142,27550.0,28350.0
2022-04-10,29100.0,29100.0,29100.0,29100.0,15165494100,521151,115,28300.0,29100.0
2022-04-11,30550.0,30550.0,27800.0,29900.0,90277729150,3019283,1368,29100.0,30550.0
2022-04-12,30750.0,30750.0,30000.0,30700.0,46044876950,1499019,557,29900.0,30750.0
2022-04-13,30950.0,31600.0,29800.0,30650.0,107425450150,3507676,1841,30700.0,29800.0
2022-04-16,29750.0,30850.0,29750.0,29900.0,56777195000,1900323,972,30650.0,29750.0
2022-04-17,29050.0,29800.0,29050.0,29150.0,109750102050,3762689,1606,29900.0,29400.0
2022-04-18,29950.0,30000.0,29300.0,29900.0,60744381600,2032336,783,29150.0,30000.0
2022-04-19,30750.0,30750.0,29600.0,30600.0,67286620350,2199893,1116,29900.0,29950.0
2022-04-26,31500.0,31500.0,29700.0,30700.0,92695127400,3018990,949,30600.0,30300.0
2022-04-27,30700.0,31550.0,29850.0,30300.0,77669812250,2562388,1258,30700.0,30800.0
2022-04-30,31150.0,31200.0,30050.0,30900.0,33069648650,1070477,609,30300.0,31200.0
2022-05-01,31800.0,31800.0,31050.0,31600.0,28536371000,902653,414,30900.0,31800.0
2022-05-02,32500.0,32500.0,32300.0,32500.0,20614016350,634716,309,31600.0,32500.0
2022-05-07,33450.0,33450.0,32800.0,33450.0,37365677150,1117532,492,32500.0,33450.0
2022-05-08,34450.0,34450.0,33550.0,34450.0,35195751350,1022181,329,33450.0,34450.0
2022-05-09,35400.0,35450.0,33450.0,34050.0,64181527600,1884935,1173,34450.0,33450.0
2022-05-10,33300.0,34250.0,33050.0,33300.0,54027500150,1621313,942,34050.0,33050.0
2022-05-11,32350.0,34200.0,32350.0,33000.0,61221427600,1854658,1104,33300.0,33250.0
2022-05-14,33700.0,33950.0,32200.0,33050.0,58655219200,1775748,744,33000.0,32500.0
2022-05-15,32250.0,33500.0,32100.0,32150.0,42491242350,1322681,660,33050.0,32600.0
2022-05-16,31300.0,32900.0,31200.0,31600.0,47202036900,1493275,963,32150.0,32200.0
2022-05-17,32300.0,32450.0,30700.0,31250.0,69410148900,2222142,1421,31600.0,30750.0
2022-05-18,31400.0,32150.0,30550.0,31500.0,43624911850,1385410,691,31250.0,32150.0
2022-05-21,32400.0,32400.0,31550.0,32350.0,55293940750,1709517,452,31500.0,32400.0
2022-05-22,33300.0,33300.0,33300.0,33300.0,23986056600,720302,193,32350.0,33300.0
2022-05-23,34250.0,34250.0,33950.0,34250.0,79071872550,2309085,778,33300.0,34250.0
2022-05-24,35250.0,35250.0,34900.0,35250.0,36676503250,1040493,344,34250.0,35250.0
2022-05-25,36300.0,36300.0,36300.0,36300.0,12461572200,343294,82,35250.0,36300.0
2022-05-28,37350.0,37350.0,37350.0,37350.0,23948259750,641185,137,36300.0,37350.0
2022-05-29,38450.0,38450.0,36250.0,37350.0,255871072600,6854123,2213,37350.0,36350.0
2022-05-30,37400.0,38450.0,36250.0,37500.0,67714993400,1806132,982,37350.0,37550.0
2022-05-31,38550.0,38600.0,37500.0,38550.0,43807082350,1136121,478,37500.0,38600.0
2022-06-01,37450.0,39000.0,37400.0,37850.0,41836647400,1105975,568,38550.0,37400.0
2022-06-06,36750.0,37950.0,36750.0,36750.0,23610324100,642324,206,37850.0,36750.0
2022-06-07,35650.0,36700.0,35650.0,35750.0,53192320250,1487115,642,36750.0,36000.0
2022-06-08,36800.0,36800.0,36200.0,36800.0,29403656650,799276,409,35750.0,36750.0
2022-06-11,37700.0,37700.0,35700.0,36100.0,7156876100,199590,158,36800.0,35700.0
2022-06-12,35050.0,35050.0,35050.0,35100.0,9025550250,257505,85,36100.0,35050.0
2022-06-13,34050.0,34900.0,34050.0,34200.0,68268851350,1997116,720,35100.0,34050.0
2022-06-14,33200.0,33200.0,33200.0,34000.0,1771120400,53347,50,34200.0,33200.0
2022-06-15,33000.0,33000.0,33000.0,33750.0,2387352000,72344,30,34000.0,33000.0
2022-06-18,32750.0,32750.0,32750.0,33700.0,308439500,9418,17,33750.0,32750.0
2022-06-19,32700.0,32700.0,32700.0,33650.0,602562900,18427,27,33700.0,32700.0
2022-06-20,32650.0,32650.0,32650.0,33450.0,1996776050,61157,18,33650.0,32650.0
2022-06-21,32450.0,32450.0,32450.0,33450.0,216311700,6666,14,33450.0,32450.0
2022-06-22,32450.0,32450.0,32450.0,33300.0,1451131550,44719,16,33450.0,32450.0
2022-06-25,32350.0,34250.0,32350.0,33050.0,66195699800,2001511,421,33300.0,34250.0
2022-06-26,34000.0,34000.0,33500.0,34000.0,71716573500,2110260,606,33050.0,34000.0
2022-06-27,35000.0,35000.0,35000.0,35000.0,14505645000,414447,98,34000.0,35000.0
2022-06-28,36050.0,36050.0,36050.0,36050.0,20254007550,561831,103,35000.0,36050.0
2022-06-29,37100.0,37100.0,35000.0,35900.0,69288786000,1929712,683,36050.0,35000.0
2022-07-02,34850.0,35000.0,34850.0,35500.0,3658297600,104972,80,35900.0,34850.0
2022-07-03,34450.0,34850.0,34450.0,34500.0,16096636250,466845,255,35500.0,34450.0
2022-07-04,33500.0,34300.0,33500.0,33550.0,23508422850,700347,348,34500.0,33500.0
2022-07-05,32550.0,33900.0,32550.0,32750.0,55944769300,1708787,550,33550.0,32550.0
2022-07-06,32050.0,33650.0,31800.0,32000.0,15119308800,472511,183,32750.0,31800.0
2022-07-09,31500.0,31600.0,31050.0,31150.0,15794303650,507444,203,32000.0,31050.0
2022-07-11,30300.0,32000.0,30250.0,31000.0,64850935900,2092757,1041,31150.0,31100.0
2022-07-12,30450.0,31400.0,30100.0,30200.0,24038207650,795809,467,31000.0,30200.0
2022-07-13,29300.0,30000.0,29300.0,29350.0,21719242450,740176,299,30200.0,29300.0
2022-07-16,28700.0,30200.0,28650.0,30150.0,47974246150,1591990,658,29350.0,30200.0
2022-07-31,31050.0,31050.0,29250.0,29500.0,17015345800,576363,138,30150.0,29250.0
2022-08-01,28650.0,28650.0,28650.0,29450.0,827870400,28896,18,29500.0,28650.0
2022-08-02,28600.0,28600.0,28600.0,29400.0,691033200,24162,16,29450.0,28600.0
2022-08-03,28550.0,28550.0,28550.0,29250.0,1497476050,52451,32,29400.0,28550.0
2022-08-06,28400.0,28400.0,28400.0,29100.0,1940004000,68310,38,29250.0,28400.0
2022-08-09,28250.0,28700.0,28250.0,28300.0,120001081150,4244068,1060,29100.0,28250.0
2022-08-10,27550.0,28250.0,27500.0,27550.0,9031095250,328019,194,28300.0,27500.0
2022-08-13,26750.0,28200.0,26750.0,27450.0,34167576500,1244507,831,27550.0,27400.0
2022-08-14,27050.0,27850.0,26650.0,26900.0,8764103350,326635,195,27450.0,26650.0
2022-08-15,26100.0,27200.0,26100.0,26350.0,45163632600,1714626,621,26900.0,26200.0
2022-08-16,27000.0,27000.0,25600.0,25700.0,39104478950,1520975,714,26350.0,25600.0
2022-08-17,25950.0,26450.0,25850.0,26350.0,34303063450,1301197,559,25700.0,26450.0
2022-08-20,26300.0,26350.0,25600.0,25650.0,11793664700,459682,289,26350.0,25600.0
2022-08-21,24900.0,25450.0,24900.0,25300.0,4718792300,189176,100,25650.0,24900.0
2022-08-22,24550.0,25550.0,24550.0,24800.0,57001732150,2299521,719,25300.0,24700.0
2022-08-23,25000.0,25500.0,25000.0,25200.0,5807668000,228404,132,24800.0,25500.0
2022-08-24,25950.0,25950.0,25950.0,25600.0,5328079950,205321,42,25200.0,25950.0
2022-08-27,26350.0,26350.0,25600.0,26250.0,38193649700,1456271,617,25600.0,26350.0
2022-08-28,26350.0,27000.0,25500.0,26150.0,7712012100,295062,268,26250.0,25500.0
2022-08-29,26150.0,26150.0,25400.0,25500.0,14491719350,568422,325,26150.0,25550.0
2022-08-30,26000.0,26250.0,25450.0,26100.0,21837051900,836330,350,25500.0,26100.0
2022-08-31,26700.0,26700.0,25350.0,25750.0,11345206100,440414,240,26100.0,25950.0
2022-09-03,25100.0,25750.0,25000.0,25050.0,17320101050,691953,266,25750.0,25200.0
2022-09-04,25700.0,25700.0,24850.0,25150.0,7851133150,311707,169,25050.0,25150.0
2022-09-05,25800.0,25900.0,25300.0,25750.0,11060956300,429659,207,25150.0,25900.0
2022-09-06,26500.0,26500.0,26400.0,26500.0,18715895100,706296,203,25750.0,26500.0
2022-09-07,27250.0,27250.0,27100.0,27250.0,27440367900,1007087,380,26500.0,27250.0
2022-09-10,28000.0,28050.0,27450.0,28050.0,31094657000,1109455,365,27250.0,28050.0
2022-09-11,28100.0,28150.0,27250.0,27300.0,17660268200,647310,365,28050.0,27250.0
2022-09-12,26500.0,27300.0,26500.0,26850.0,7828140450,292729,120,27300.0,26500.0
2022-09-13,26050.0,27300.0,26050.0,26150.0,33761368950,1290708,404,26850.0,26100.0
2022-09-14,26700.0,26700.0,25400.0,25600.0,17004390650,664365,339,26150.0,25550.0
2022-09-18,25150.0,25600.0,24850.0,24900.0,13045245300,524061,265,25600.0,25000.0
2022-09-19,24250.0,25600.0,24250.0,25500.0,15708798250,615568,277,24900.0,25600.0
2022-09-20,24900.0,26200.0,24750.0,24750.0,15559230900,628264,259,25500.0,24750.0
2022-09-21,24100.0,24100.0,24050.0,24500.0,3391453800,140996,91,24750.0,24050.0
2022-09-24,23800.0,23800.0,23800.0,24400.0,1459463600,61322,12,24500.0,23800.0
2022-09-26,23700.0,23700.0,23700.0,24150.0,3278658000,138340,57,24400.0,23700.0
2022-09-28,23450.0,24750.0,23450.0,23750.0,25924955550,1091408,424,24150.0,23550.0
2022-10-01,23100.0,23100.0,23050.0,23550.0,2906700900,126067,60,23750.0,23050.0
2022-10-02,22850.0,22850.0,22850.0,23450.0,1626897150,71199,18,23550.0,22850.0
2022-10-03,22750.0,22800.0,22750.0,22750.0,11686103500,513641,115,23450.0,22750.0
2022-10-04,22100.0,22100.0,22100.0,22600.0,1901307200,86032,27,22750.0,22100.0
2022-10-08,21950.0,21950.0,21950.0,22300.0,4251671100,193698,44,22600.0,21950.0
2022-10-09,21650.0,21650.0,21650.0,22300.0,81728750,3775,8,22300.0,21650.0
2022-10-10,21650.0,21650.0,21650.0,22250.0,402690000,18600,11,22300.0,21650.0
2022-10-11,21600.0,22400.0,21600.0,21650.0,40868965350,1887311,634,22250.0,21850.0
2022-10-12,21500.0,21900.0,21050.0,21250.0,11198158100,527163,274,21650.0,21050.0
2022-10-15,21000.0,21850.0,20650.0,21400.0,75029856250,3510112,665,21250.0,21850.0
2022-10-16,21900.0,22000.0,20800.0,21350.0,24382675400,1141839,579,21400.0,20800.0
2022-10-17,20750.0,21100.0,20750.0,20750.0,23888374850,1149976,334,21350.0,20950.0
2022-10-18,20700.0,20700.0,20150.0,20200.0,23236098750,1149359,452,20750.0,20150.0
2022-10-19,20550.0,20800.0,20350.0,20700.0,9327102200,450010,190,20200.0,20800.0
2022-10-22,21300.0,21300.0,20400.0,21050.0,31604893500,1501703,531,20700.0,20700.0
2022-10-23,21150.0,21650.0,20450.0,20900.0,18881650050,904058,347,21050.0,20450.0
2022-10-24,20950.0,20950.0,20300.0,20300.0,12527112700,616800,212,20900.0,20650.0
2022-10-25,20300.0,20900.0,20000.0,20750.0,21519208200,1037574,438,20300.0,20550.0
2022-10-26,20550.0,21200.0,20150.0,20550.0,59199623300,2881078,872,20750.0,20900.0
2022-10-29,21050.0,21150.0,20700.0,21100.0,64284823700,3043448,790,20550.0,21150.0
2022-10-30,21550.0,21700.0,21250.0,21700.0,22850943850,1053589,249,21100.0,21700.0
2022-10-31,21900.0,21900.0,21050.0,21100.0,37089212050,1756573,479,21700.0,21050.0
2022-11-01,20650.0,21350.0,20500.0,20600.0,72117579300,3503595,844,21100.0,20850.0
2022-11-02,20800.0,20900.0,20000.0,20100.0,40145473500,1997674,601,20600.0,20100.0
2022-11-05,20000.0,20700.0,20000.0,20550.0,23865317150,1162491,518,20100.0,20550.0
2022-11-06,20950.0,20950.0,20000.0,20200.0,40956325950,2028480,619,20550.0,20450.0
2022-11-07,20250.0,20800.0,20250.0,20750.0,40620719700,1956990,486,20200.0,20800.0
2022-11-08,20950.0,21350.0,20150.0,20400.0,38864485650,1905822,572,20750.0,20150.0
2022-11-09,19900.0,20100.0,19800.0,19800.0,38377884350,1936421,620,20400.0,19800.0
2022-11-12,19400.0,20320.0,19210.0,19800.0,45215455470,2283045,1000,19800.0,20020.0
2022-11-13,20260.0,20390.0,19800.0,20290.0,26145333350,1288534,508,19800.0,20390.0
2022-11-14,20860.0,20860.0,19690.0,20200.0,28755691930,1423765,671,20290.0,20310.0
2022-11-15,20730.0,20730.0,20170.0,20390.0,44821151550,2198246,1068,20200.0,20530.0
2022-11-16,20420.0,20790.0,20140.0,20350.0,26111739200,1283334,511,20390.0,20170.0
2022-11-19,20250.0,20400.0,19750.0,19900.0,24892596050,1249467,581,20350.0,19750.0
2022-11-20,20050.0,20350.0,19750.0,20000.0,10267786400,512766,319,19900.0,20000.0
2022-11-21,19800.0,20200.0,19650.0,19800.0,15966741300,805487,404,20000.0,19900.0
2022-11-22,19700.0,20250.0,19250.0,19550.0,41334484050,2114425,730,19800.0,19900.0
2022-11-23,19950.0,20100.0,19650.0,19900.0,13630127400,685493,354,19550.0,19850.0
2022-11-26,19650.0,20230.0,19450.0,19900.0,15453314720,776527,316,19900.0,19730.0
2022-11-27,19600.0,19900.0,19410.0,19600.0,14053998590,716968,341,19900.0,19600.0
2022-11-28,19600.0,20030.0,19510.0,19730.0,17243658020,873844,450,19600.0,20000.0
2022-11-29,19800.0,20320.0,19800.0,20310.0,15890079030,782408,192,19730.0,20320.0
2022-11-30,20800.0,20910.0,20320.0,20710.0,45306999370,2187789,916,20310.0,20910.0
2022-12-03,21200.0,21300.0,20700.0,21200.0,64631138300,3049155,962,20710.0,21300.0
2022-12-04,21700.0,21800.0,21500.0,21800.0,36418070250,1671349,558,21200.0,21800.0
2022-12-05,22450.0,22450.0,21150.0,21650.0,46977941650,2170589,1064,21800.0,21200.0
2022-12-06,21150.0,21500.0,21050.0,21050.0,15896241100,754602,343,21650.0,21050.0
2022-12-07,20800.0,21650.0,20800.0,21550.0,58062249750,2695192,767,21050.0,21650.0
2022-12-10,21600.0,21850.0,20950.0,21000.0,33012330950,1571671,551,21550.0,20950.0
2022-12-11,20600.0,21050.0,20450.0,20750.0,11198469150,539900,321,21000.0,20900.0
2022-12-12,20750.0,21300.0,20450.0,21050.0,14016202650,666119,341,20750.0,21250.0
2022-12-13,20850.0,21600.0,20450.0,20750.0,54228337300,2614711,1057,21050.0,20900.0
2022-12-14,21000.0,21100.0,20250.0,20700.0,20004665150,966924,400,20750.0,20700.0
2022-12-17,20450.0,21100.0,20300.0,20600.0,22252415800,1079342,508,20700.0,20800.0
2022-12-18,21050.0,21200.0,20650.0,21150.0,25627268700,1211344,286,20600.0,21200.0
2022-12-19,21750.0,21750.0,21250.0,21700.0,60263383800,2774052,570,21150.0,21750.0
2022-12-20,21750.0,22300.0,21050.0,21400.0,31957902200,1491802,490,21700.0,21500.0
2022-12-21,21450.0,22000.0,21400.0,21800.0,36474960400,1674040,508,21400.0,22000.0
2022-12-24,22450.0,22450.0,22450.0,22150.0,5163118350,229983,80,21800.0,22450.0
2022-12-25,22800.0,22800.0,22800.0,22550.0,6097358400,267428,63,22150.0,22800.0
2022-12-26,23200.0,23200.0,22600.0,23100.0,85618192400,3704121,1157,22550.0,22600.0
2022-12-28,23000.0,23700.0,22750.0,23100.0,93540752900,4047171,1487,23100.0,23200.0
2022-12-31,22800.0,23000.0,22450.0,22500.0,59281107650,2635839,924,23100.0,22450.0
2023-01-01,22900.0,23000.0,21850.0,22450.0,54968317900,2449462,1127,22500.0,22650.0
2023-01-02,22750.0,23100.0,22700.0,23050.0,21045899800,912576,176,22450.0,23100.0
2023-01-03,23700.0,23700.0,23150.0,23650.0,100760958450,4256388,889,23050.0,23500.0
2023-01-04,23200.0,24350.0,23200.0,24100.0,72129920150,2993107,1094,23650.0,24350.0
2023-01-07,24600.0,24800.0,24200.0,24700.0,48985073850,1982249,685,24100.0,24800.0
2023-01-08,25200.0,25400.0,24150.0,25000.0,57009601800,2279104,947,24700.0,24700.0
2023-01-09,24800.0,24950.0,24250.0,24350.0,88715442100,3642517,1272,25000.0,24600.0
2023-01-10,24900.0,25050.0,24350.0,25000.0,73038371150,2919249,702,24350.0,25050.0
2023-01-11,25000.0,25700.0,24250.0,24700.0,51900318100,2101957,1052,25000.0,24600.0
2023-01-14,24350.0,25100.0,24000.0,24550.0,45414875000,1848181,577,24700.0,24850.0
2023-01-16,25200.0,25250.0,24850.0,25200.0,45102818200,1790248,630,24550.0,24950.0
2023-01-17,25400.0,25600.0,24450.0,24650.0,75984318700,3080564,1253,25200.0,24550.0
2023-01-18,24550.0,24950.0,24000.0,24350.0,50129153800,2057099,925,24650.0,24450.0
2023-01-21,24800.0,25050.0,24500.0,24950.0,67750592900,2715326,840,24350.0,25050.0
2023-01-22,24700.0,25300.0,24250.0,24550.0,119727009900,4873122,823,24950.0,24900.0
2023-01-23,25150.0,25250.0,23850.0,24900.0,92908549700,3732959,948,24550.0,24750.0
2023-01-24,24500.0,24850.0,24200.0,24250.0,54094120600,2229550,728,24900.0,24400.0
2023-01-25,24600.0,24600.0,23550.0,23750.0,49782596600,2097232,568,24250.0,23550.0
2023-01-28,23200.0,23850.0,23050.0,23200.0,34490123600,1486661,396,23750.0,23100.0
2023-01-29,22750.0,22750.0,22550.0,22950.0,7892340250,349497,106,23200.0,22550.0
2023-01-30,22300.0,22300.0,22300.0,22450.0,14956721500,670705,147,22950.0,22300.0
2023-01-31,21900.0,23100.0,21800.0,22800.0,109429823000,4801834,842,22450.0,23100.0
2023-02-01,23250.0,23450.0,22750.0,23300.0,36599867050,1571603,413,22800.0,23450.0
2023-02-05,23650.0,23950.0,22650.0,23250.0,61364428650,2638830,578,23300.0,22650.0
2023-02-06,22600.0,22600.0,22600.0,23050.0,6610590400,292504,45,23250.0,22600.0
2023-02-07,22400.0,23500.0,22400.0,22650.0,46927394250,2071691,520,23050.0,22450.0
2023-02-08,22500.0,22900.0,22000.0,22200.0,24947619250,1124936,282,22650.0,22000.0
2023-02-12,21650.0,22600.0,21550.0,21750.0,44925704250,2063822,408,22200.0,21650.0
2023-02-13,21350.0,22100.0,21100.0,21250.0,31725532650,1493503,294,21750.0,21100.0
2023-02-14,21200.0,21200.0,20650.0,20650.0,55542564700,2687891,391,21250.0,20650.0
2023-02-15,20700.0,20800.0,20050.0,20100.0,66314283700,3298002,573,20650.0,20050.0
2023-02-19,20250.0,20700.0,20100.0,20650.0,21516860150,1041861,292,20100.0,20700.0
2023-02-20,21050.0,21250.0,21000.0,21200.0,23686996150,1116077,246,20650.0,21250.0
2023-02-21,21500.0,21700.0,20600.0,21000.0,77653048650,3701877,778,21200.0,20600.0
2023-02-22,20500.0,20950.0,20400.0,20550.0,22593772650,1099028,276,21000.0,20600.0
2023-02-25,21100.0,21150.0,20700.0,21100.0,59351130250,2816063,521,20550.0,21150.0
2023-02-26,21500.0,21700.0,20850.0,21450.0,56732486800,2644405,530,21100.0,21400.0
2023-02-27,21000.0,21900.0,20850.0,21150.0,36729357000,1735346,376,21450.0,21400.0
2023-02-28,21400.0,21750.0,21050.0,21400.0,17237601650,803411,255,21150.0,21300.0
2023-03-01,21000.0,21650.0,20800.0,20950.0,59018897850,2816444,477,21400.0,21300.0
2023-03-04,21150.0,21550.0,21100.0,21400.0,34882372000,1628342,378,20950.0,21550.0
2023-03-05,22000.0,22000.0,22000.0,21950.0,19250330000,875015,93,21400.0,22000.0
2023-03-06,22600.0,22600.0,22000.0,22550.0,94625436700,4194325,735,21950.0,22600.0
2023-03-07,22600.0,22700.0,21900.0,22050.0,51768403850,2347106,528,22550.0,22350.0
2023-03-11,22700.0,22700.0,22000.0,22700.0,47946873900,2114033,389,22050.0,22700.0
2023-03-12,22250.0,23350.0,22050.0,23100.0,68906898750,2986203,533,22700.0,23100.0
2023-03-13,23000.0,23750.0,23000.0,23600.0,60201059150,2553052,589,23100.0,23700.0
2023-03-14,23850.0,24300.0,23150.0,24200.0,46063237400,1902427,583,23600.0,24300.0
2023-03-15,24200.0,24800.0,23500.0,23700.0,63584945850,2684520,651,24200.0,23600.0
2023-03-18,23400.0,24350.0,23400.0,23900.0,50651563900,2120114,480,23700.0,24050.0
2023-03-19,24050.0,24350.0,23750.0,24150.0,46281981350,1918215,521,23900.0,24300.0
2023-03-28,24850.0,24850.0,24600.0,24850.0,37806739850,1521634,291,24150.0,24800.0
2023-03-29,24800.0,25250.0,24150.0,24650.0,114715921600,4654464,887,24850.0,24700.0
2023-04-03,25350.0,25350.0,25350.0,25350.0,24993959250,985955,147,24650.0,25350.0
2023-04-04,26100.0,26100.0,26100.0,26100.0,27769460400,1063964,108,25350.0,26100.0
2023-04-05,26800.0,26850.0,25750.0,26650.0,133047316000,4991600,852,26100.0,26850.0
2023-04-08,27400.0,27400.0,25900.0,26750.0,131993587250,4937520,1221,26650.0,26250.0
2023-04-09,26150.0,27150.0,25950.0,26300.0,128399183750,4880296,1146,26750.0,26500.0
2023-04-10,26900.0,27050.0,26150.0,26900.0,95615151050,3557162,843,26300.0,26900.0
2023-04-11,27000.0,27700.0,27000.0,27650.0,70937368650,2565859,495,26900.0,27700.0
2023-04-15,28450.0,28450.0,28400.0,28450.0,27461822200,965301,163,27650.0,28450.0
2023-04-16,29300.0,29300.0,28700.0,29250.0,65200082850,2227994,352,28450.0,29300.0
2023-04-17,30100.0,30100.0,29550.0,30100.0,143972729900,4783870,696,29250.0,30100.0
2023-04-18,31000.0,31000.0,31000.0,30900.0,19960528000,643888,135,30100.0,31000.0
2023-04-19,31800.0,31800.0,31200.0,31750.0,111382979450,3506052,695,30900.0,31800.0
2023-04-24,32650.0,32700.0,30800.0,31750.0,107716556250,3390630,1081,31750.0,32450.0
2023-04-25,32400.0,32400.0,30800.0,31250.0,109915064000,3516214,952,31750.0,30800.0
2023-04-26,30400.0,32150.0,30400.0,31550.0,232441498200,7367053,936,31250.0,32150.0
2023-04-29,32450.0,32450.0,32200.0,32450.0,28697129250,884375,190,31550.0,32450.0
2023-04-30,33400.0,33400.0,33400.0,32950.0,10875841600,325624,75,32450.0,33400.0
2023-05-01,33900.0,33900.0,33900.0,33350.0,9518679300,280787,80,32950.0,33900.0
2023-05-02,34350.0,34350.0,34350.0,34200.0,18918674700,550762,84,33350.0,34350.0
2023-05-03,35200.0,35200.0,35200.0,34650.0,10418003200,295966,112,34200.0,35200.0
2023-05-06,35650.0,35650.0,35650.0,35650.0,24368628800,683552,111,34650.0,35650.0
2023-05-07,36000.0,36000.0,34600.0,34750.0,80786477100,2323778,435,35650.0,34600.0
2023-05-08,33750.0,33750.0,33750.0,33900.0,16653397500,493434,41,34750.0,33750.0
2023-05-09,32900.0,34900.0,32900.0,34050.0,223708983000,6571972,1051,33900.0,34900.0
2023-05-10,35050.0,35050.0,33050.0,34150.0,188676949900,5523186,819,34050.0,35050.0
2023-05-13,35150.0,35150.0,33150.0,33850.0,72434563550,2139685,602,34150.0,33300.0
2023-05-14,33850.0,34850.0,32950.0,34400.0,100817958050,2930815,491,33850.0,34850.0
2023-05-15,35000.0,35400.0,33650.0,35250.0,117193684300,3325223,390,34400.0,35400.0
2023-05-17,36300.0,36300.0,36300.0,35900.0,13523238300,372541,67,35250.0,36300.0
2023-05-20,36950.0,36950.0,36950.0,36750.0,16914084200,457756,95,35900.0,36950.0
2023-05-21,37850.0,37850.0,37850.0,37200.0,8158718900,215554,59,36750.0,37850.0
2023-05-22,38300.0,38300.0,38300.0,38300.0,56277675300,1469391,188,37200.0,38300.0
2023-05-23,39250.0,39400.0,37350.0,39200.0,109787105900,2801653,329,38300.0,39400.0
2023-05-24,40350.0,40350.0,40350.0,40350.0,50184061650,1243719,199,39200.0,40350.0
2023-05-27,41550.0,41550.0,41550.0,41550.0,58013896650,1396243,208,40350.0,41550.0
2023-05-28,42750.0,42750.0,42750.0,42350.0,14419660500,337302,119,41550.0,42750.0
2023-05-29,43600.0,43600.0,43600.0,42800.0,7521828400,172519,68,42350.0,43600.0
2023-05-30,44050.0,44050.0,41550.0,43200.0,261476120200,6051453,1241,42800.0,41550.0
2023-05-31,41950.0,41950.0,41950.0,42900.0,4906430050,116959,37,43200.0,41950.0
2023-06-10,41650.0,41650.0,41650.0,42650.0,3805310600,91364,17,42900.0,41650.0
2023-06-11,41400.0,41400.0,41400.0,42500.0,2493356400,60226,20,42650.0,41400.0
2023-06-12,41250.0,41250.0,41250.0,41250.0,34768800000,842880,40,42500.0,41250.0
2023-06-13,40050.0,40050.0,40050.0,41150.0,1255327200,31344,15,41250.0,40050.0
2023-06-14,39950.0,39950.0,39950.0,39950.0,77398011400,1937372,159,41150.0,39950.0
2023-06-17,39100.0,40050.0,38800.0,38900.0,95243802900,2447826,514,39950.0,38800.0
2023-06-18,37950.0,38000.0,37750.0,37850.0,30185202750,797998,174,38900.0,37750.0
2023-06-19,36750.0,36800.0,36750.0,36750.0,20627535500,561286,145,37850.0,36750.0
2023-06-20,35650.0,37850.0,35650.0,36450.0,109607694350,3005809,564,36750.0,37850.0
2023-06-21,37500.0,37500.0,37500.0,36900.0,8144775000,217194,39,36450.0,37500.0
2023-06-24,38000.0,38000.0,38000.0,37900.0,18659672000,491044,85,36900.0,38000.0
2023-06-25,39000.0,39000.0,39000.0,38350.0,8381061000,214899,64,37900.0,39000.0
2023-06-26,39500.0,39500.0,37200.0,38150.0,137641799900,3610019,964,38350.0,37200.0
2023-06-27,37100.0,38150.0,37050.0,37100.0,36818522450,992159,321,38150.0,37050.0
2023-06-28,36200.0,38200.0,36000.0,37600.0,57048683100,1516751,407,37100.0,38200.0
2023-07-01,38400.0,38700.0,37950.0,38700.0,39362997200,1017243,189,37600.0,38700.0
2023-07-02,39800.0,39850.0,38900.0,39600.0,16918274000,424677,125,38700.0,39850.0
2023-07-03,40750.0,40750.0,40050.0,40700.0,31599140500,775986,207,39600.0,40750.0
2023-07-04,41900.0,41900.0,40050.0,41600.0,107434282600,2581380,639,40700.0,41900.0
2023-07-05,42250.0,42800.0,40400.0,42050.0,114038017600,2713422,716,41600.0,42800.0
2023-07-08,43300.0,43300.0,43300.0,43300.0,39756804300,918171,117,42050.0,43300.0
2023-07-09,44550.0,44550.0,43550.0,44450.0,70911140900,1594585,329,43300.0,44550.0
2023-07-10,45750.0,45750.0,45750.0,45750.0,32278638000,705544,214,44450.0,45750.0
2023-07-11,47100.0,47100.0,46150.0,47050.0,394728301350,8387117,831,45750.0,47100.0
2023-07-12,48450.0,48450.0,48450.0,48450.0,29506146900,609002,165,47050.0,48450.0
2023-07-15,49900.0,49900.0,49900.0,49750.0,18208909200,364908,86,48450.0,49900.0
2023-07-16,51200.0,51200.0,48300.0,50450.0,332751966300,6593693,1464,49750.0,50350.0
2023-07-17,48950.0,48950.0,48950.0,48950.0,23447343700,479006,116,50450.0,48950.0
2023-07-18,47500.0,48900.0,47500.0,47750.0,112771129550,2362578,484,48950.0,47500.0
2023-07-19,46400.0,49100.0,46350.0,46850.0,117790641100,2513608,689,47750.0,46350.0
2023-07-22,45450.0,45450.0,45450.0,46350.0,6874721550,151259,32,46850.0,45450.0
2023-07-23,45000.0,45000.0,45000.0,46050.0,4295790000,95462,18,46350.0,45000.0
2023-07-24,44700.0,47400.0,44700.0,46000.0,250118867600,5435972,1204,46050.0,47350.0
2023-07-25,47350.0,47350.0,44650.0,45650.0,69229762300,1517329,326,46000.0,44650.0
2023-07-26,44300.0,45650.0,44300.0,44500.0,16534925100,372992,151,45650.0,44300.0
2023-07-29,43200.0,43200.0,43200.0,43450.0,15888528000,367790,135,44500.0,43200.0
2023-07-30,42150.0,42150.0,42150.0,43300.0,2040818700,48418,26,43450.0,42150.0
2023-07-31,42050.0,42050.0,42050.0,42900.0,5983630900,142298,39,43300.0,42050.0
2023-08-01,41650.0,43850.0,41650.0,41900.0,43795269150,1045742,150,42900.0,41650.0
2023-08-05,40650.0,40650.0,40650.0,40650.0,19649844150,483391,106,41900.0,40650.0
2023-08-06,39450.0,40500.0,39450.0,39450.0,102060266400,2586182,379,40650.0,40000.0
2023-08-07,40000.0,40600.0,39650.0,40550.0,40787605400,1005956,213,39450.0,40600.0
2023-08-08,41550.0,41750.0,40000.0,41650.0,90813387150,2179304,358,40550.0,41750.0
2023-08-09,41650.0,42850.0,41650.0,42700.0,22130375000,518211,177,41650.0,42850.0
2023-08-12,43950.0,43950.0,43800.0,43950.0,122679828050,2791486,304,42700.0,43950.0
2023-08-13,45250.0,45250.0,42650.0,45250.0,51713410350,1143278,161,43950.0,45250.0
2023-08-14,46600.0,46600.0,45800.0,46450.0,38578494000,830718,230,45250.0,46600.0
2023-08-15,47400.0,47800.0,47400.0,47700.0,21386734000,447920,114,46450.0,47800.0
2023-08-16,48850.0,49100.0,46300.0,47300.0,153171626350,3237118,504,47700.0,46300.0
2023-08-21,45900.0,45900.0,45900.0,46750.0,7869830400,171456,36,47300.0,45900.0
2023-08-22,45350.0,45350.0,45350.0,46500.0,3443606900,75934,23,46750.0,45350.0
2023-08-23,45150.0,46950.0,45150.0,45300.0,94112476950,2076498,443,46500.0,46150.0
2023-08-26,45000.0,46650.0,45000.0,45850.0,9663699600,207974,53,45300.0,46650.0
2023-08-27,47200.0,47200.0,44500.0,46950.0,113833057200,2424587,527,45850.0,47200.0
2023-08-28,47600.0,48300.0,45550.0,46600.0,118008951500,2532597,507,46950.0,48250.0
2023-08-29,47950.0,47950.0,47950.0,47600.0,16042583550,334569,111,46600.0,47950.0
2023-08-30,49000.0,49000.0,47900.0,48850.0,44966753200,920411,259,47600.0,49000.0
2023-09-02,49350.0,50300.0,48500.0,49750.0,54256081400,1090703,424,48850.0,48650.0
2023-09-03,48400.0,50700.0,48300.0,49250.0,60573920200,1229387,379,49750.0,50500.0
2023-09-04,50550.0,50700.0,49450.0,50100.0,111604351100,2227085,274,49250.0,50700.0
2023-09-05,51250.0,51600.0,50150.0,51350.0,42306686000,823630,243,50100.0,51600.0
2023-09-09,51700.0,51700.0,49850.0,50000.0,48828465400,976135,241,51350.0,49850.0
2023-09-10,50850.0,51400.0,50000.0,50800.0,18639919000,366580,178,50000.0,50450.0
2023-09-11,50050.0,51200.0,49300.0,50250.0,40450445850,804950,222,50800.0,51100.0
2023-09-12,51500.0,51750.0,49450.0,51300.0,25341250000,494192,224,50250.0,51600.0
2023-09-27,52800.0,52800.0,52700.0,52800.0,61137240700,1157915,209,51300.0,52800.0
2023-09-30,54350.0,54350.0,53700.0,54300.0,71011945850,1307833,360,52800.0,54350.0
2023-10-01,55700.0,55900.0,55550.0,55850.0,60652574800,1085843,330,54300.0,55900.0
2023-10-02,55950.0,57300.0,54200.0,54900.0,37676221450,686338,236,55850.0,54200.0
2023-10-17,53150.0,54100.0,53150.0,53150.0,39061233150,734820,87,54750.0,53150.0
2023-10-18,51600.0,51600.0,51600.0,51950.0,14771170800,286263,15,53150.0,51600.0
2023-10-21,50400.0,50400.0,50400.0,51850.0,1320429600,26199,10,51950.0,50400.0
2023-10-22,50300.0,50300.0,50300.0,51800.0,854597000,16990,6,51850.0,50300.0
2023-10-23,50250.0,50250.0,50250.0,51800.0,211703250,4213,3,51800.0,50250.0
2023-10-24,50250.0,50250.0,50250.0,51800.0,260596500,5186,4,51800.0,50250.0
2023-11-28,50250.0,50250.0,50250.0,51750.0,778322250,15489,6,51800.0,50250.0
2023-11-29,50200.0,50200.0,50200.0,51750.0,134787000,2685,2,51750.0,50200.0
2023-12-02,50200.0,50200.0,50200.0,51250.0,6216717800,123839,43,51750.0,50200.0
2023-12-03,49750.0,49750.0,49750.0,51050.0,2861371250,57515,11,51250.0,49750.0
2023-12-04,49550.0,49550.0,49550.0,50900.0,2030410350,40977,13,51050.0,49550.0
2023-12-05,49400.0,49400.0,49400.0,50750.0,1819155000,36825,9,50900.0,49400.0
2023-12-06,49250.0,49250.0,49250.0,50700.0,879654250,17861,5,50750.0,49250.0
2023-12-09,49200.0,49200.0,49200.0,50700.0,209592000,4260,3,50700.0,49200.0
2023-12-11,49200.0,49200.0,49200.0,50700.0,171363600,3483,3,50700.0,49200.0
2023-12-12,48200.0,48200.0,48200.0,50300.0,3187032200,66121,20,50700.0,48200.0
2023-12-13,48800.0,48800.0,48800.0,50250.0,824720000,16900,7,50300.0,48800.0
2023-12-16,48750.0,48750.0,48750.0,50250.0,219521250,4503,3,50250.0,48750.0
2023-12-18,48750.0,48750.0,48750.0,50250.0,160046250,3283,3,50250.0,48750.0
2023-12-19,48750.0,48750.0,48750.0,50250.0,172916250,3547,3,50250.0,48750.0
2023-12-20,48750.0,48750.0,48750.0,50200.0,487500000,10000,1,50250.0,48750.0
2023-12-23,47700.0,47700.0,47700.0,50000.0,1392076800,29184,17,50200.0,47700.0
2023-12-24,48500.0,48500.0,48500.0,50000.0,60867500,1255,1,50000.0,48500.0
2023-12-25,48500.0,48500.0,48500.0,50000.0,107039500,2207,3,50000.0,48500.0
2023-12-27,48500.0,48500.0,48500.0,48500.0,113975000,2350,2,50000.0,48500.0
2023-12-30,47050.0,47050.0,47050.0,47050.0,487626200,10364,6,48500.0,47050.0
2023-12-31,45650.0,45650.0,45650.0,45650.0,406741500,8910,5,47050.0,45650.0
2024-01-01,44300.0,44300.0,44300.0,44300.0,941375000,21250,4,45650.0,44300.0
2024-01-02,43000.0,43000.0,43000.0,43000.0,405060000,9420,5,44300.0,43000.0
2024-01-03,41750.0,41750.0,41750.0,41750.0,171175000,4100,3,43000.0,41750.0
2024-01-06,40500.0,40500.0,40500.0,40500.0,4453947000,109974,21,41750.0,40500.0
2024-01-07,39300.0,39300.0,39300.0,39300.0,74685209100,1900387,251,40500.0,39300.0
2024-01-08,38150.0,38150.0,38150.0,38150.0,11288127200,295888,55,39300.0,38150.0
2024-01-09,37050.0,39250.0,37050.0,37750.0,197713537800,5236250,930,38150.0,37750.0
2024-01-10,37050.0,38850.0,37050.0,38400.0,30972380750,807037,278,37750.0,38850.0
2024-01-13,39450.0,39550.0,37250.0,37800.0,58038753100,1535949,499,38400.0,37400.0
2024-01-14,37300.0,38400.0,36700.0,36850.0,44230369100,1200126,267,37800.0,36700.0
2024-01-15,35750.0,37950.0,35750.0,36650.0,76038229850,2073509,482,36850.0,37850.0
2024-01-16,37700.0,37700.0,37650.0,37650.0,18884081600,500908,81,36650.0,37700.0
2024-01-17,38750.0,38750.0,38750.0,38200.0,9772711250,252199,64,37650.0,38750.0
2024-01-20,39300.0,39300.0,38450.0,39300.0,103682431400,2638409,418,38200.0,39300.0
2024-01-28,38550.0,38550.0,38550.0,38550.0,13784092200,357564,63,39300.0,38550.0
2024-01-29,37800.0,37800.0,37800.0,38050.0,6375839400,168673,17,38550.0,37800.0
2024-01-30,37300.0,37300.0,37300.0,37950.0,1176031700,31529,9,38050.0,37300.0
2024-01-31,37200.0,37200.0,37200.0,37200.0,38177504400,1026277,102,37950.0,37200.0
2024-02-03,36700.0,37200.0,36500.0,36600.0,12749819400,348242,142,37200.0,36500.0
2024-02-04,35900.0,35900.0,35900.0,36350.0,3370148400,93876,20,36600.0,35900.0
2024-02-05,35650.0,35650.0,35650.0,36250.0,1240263500,34790,5,36350.0,35650.0
2024-02-06,35550.0,35550.0,35550.0,36200.0,465562800,13096,6,36250.0,35550.0
2024-02-07,35500.0,35500.0,35500.0,36200.0,161880000,4560,3,36200.0,35500.0
2024-02-10,35500.0,35500.0,35500.0,36150.0,404700000,11400,4,36200.0,35500.0
2024-02-12,35450.0,35450.0,35450.0,36150.0,254176500,7170,5,36150.0,35450.0
2024-02-13,35450.0,36850.0,35450.0,35600.0,37937135700,1065207,199,36150.0,35450.0
2024-02-14,34950.0,36150.0,34900.0,35000.0,9034279850,258546,36,35600.0,34900.0
2024-02-24,34500.0,35700.0,34300.0,35000.0,7033201050,200889,66,35000.0,35700.0
2024-02-26,35600.0,35700.0,35350.0,35700.0,17062382900,478058,141,35000.0,35700.0
2024-02-27,36400.0,36400.0,36000.0,36400.0,19715501350,541792,137,35700.0,36400.0
2024-02-28,37000.0,37100.0,35700.0,36300.0,14806515050,407761,125,36400.0,35700.0
2024-03-02,35600.0,35600.0,35600.0,35650.0,8840085200,248317,77,36300.0,35600.0
2024-03-03,34950.0,34950.0,34950.0,35150.0,7220495250,206595,31,35650.0,34950.0
2024-03-04,34450.0,34450.0,34450.0,34450.0,18456656400,535752,40,35150.0,34450.0
2024-03-05,33800.0,33800.0,33800.0,34000.0,6411961400,189703,11,34450.0,33800.0
2024-03-06,33350.0,33350.0,33350.0,33950.0,683675000,20500,3,34000.0,33350.0
2024-03-10,33300.0,33300.0,33300.0,33300.0,9955767600,298972,27,33950.0,33300.0
2024-03-11,32650.0,33650.0,32650.0,32650.0,35508498450,1086959,154,33300.0,32650.0
2024-03-12,32000.0,32650.0,32000.0,32100.0,13804809400,430229,85,32650.0,32000.0
2024-03-13,31500.0,31500.0,31500.0,32100.0,242581500,7701,3,32100.0,31500.0
2024-03-16,31500.0,31500.0,31500.0,31500.0,10042546500,318811,12,32100.0,31500.0
2024-03-17,30900.0,30900.0,30900.0,31400.0,1792725300,58017,19,31500.0,30900.0
2024-03-18,30800.0,31500.0,30800.0,30800.0,31667780150,1028065,142,31400.0,31350.0
2024-03-24,31350.0,31400.0,30550.0,31300.0,16945165750,541492,207,30800.0,31400.0
2024-03-25,31100.0,31900.0,30700.0,31650.0,15602253800,493086,135,31300.0,30700.0
2024-03-26,31850.0,31850.0,31050.0,31050.0,19589043350,630651,152,31650.0,31050.0
2024-03-27,31650.0,31650.0,30450.0,30950.0,15799079600,510550,125,31050.0,30650.0
2024-03-30,31500.0,31550.0,30950.0,31400.0,12037890000,383667,121,30950.0,31150.0
2024-04-02,30800.0,31350.0,30800.0,31200.0,4212192700,136458,63,31400.0,31200.0
2024-04-03,31200.0,31200.0,30600.0,30650.0,16312077150,531787,106,31200.0,30650.0
2024-04-06,30100.0,31200.0,30050.0,30150.0,18024468350,597643,88,30650.0,31200.0
2024-04-07,30750.0,30750.0,29550.0,30250.0,10094446500,333832,108,30150.0,30650.0
2024-04-08,29750.0,30800.0,29650.0,29750.0,10683806200,358996,115,30250.0,29650.0
2024-04-09,30000.0,30050.0,29200.0,29500.0,4816989500,164413,69,29750.0,29200.0
2024-04-13,28950.0,28950.0,28950.0,29450.0,808776150,27937,13,29500.0,28950.0
2024-04-14,29200.0,29200.0,29200.0,29450.0,287474000,9845,5,29450.0,29200.0
2024-04-15,29200.0,29650.0,29200.0,29450.0,935784400,32032,17,29450.0,29200.0
2024-04-16,29200.0,29200.0,29200.0,29450.0,147430800,5049,2,29450.0,29200.0
2024-04-20,28900.0,29200.0,28900.0,28900.0,20309908200,702410,99,29450.0,28900.0
2024-04-21,28350.0,28850.0,28350.0,28500.0,16418371300,576515,142,28900.0,28750.0
2024-04-22,27950.0,29050.0,27950.0,29000.0,16466604400,568220,127,28500.0,29050.0
2024-04-23,29550.0,29550.0,29000.0,29550.0,19520859300,660796,43,29000.0,29550.0
2024-04-24,30100.0,30100.0,30100.0,29950.0,7645038800,253988,26,29550.0,30100.0
2024-04-27,30500.0,30500.0,29650.0,30500.0,18692034750,612929,82,29950.0,30500.0
2024-04-28,31100.0,31100.0,31100.0,31050.0,9125455300,293423,63,30500.0,31100.0
2024-04-29,31650.0,31650.0,31650.0,31300.0,4509017250,142465,24,31050.0,31650.0
2024-04-30,31900.0,31900.0,31900.0,31500.0,3506958400,109936,29,31300.0,31900.0
2024-05-01,32100.0,32100.0,32100.0,31700.0,3331017000,103770,22,31500.0,32100.0
2024-05-05,32300.0,32300.0,32300.0,32050.0,6146657700,190299,33,31700.0,32300.0
2024-05-06,32650.0,32650.0,31550.0,32600.0,58144829050,1783417,265,32050.0,32650.0
2024-05-07,32650.0,33200.0,31950.0,32250.0,32884421350,1019452,136,32600.0,32500.0
2024-05-08,32500.0,32850.0,31650.0,32550.0,21021022750,645836,131,32250.0,32850.0
2024-05-11,33200.0,33200.0,32550.0,33100.0,9349270600,281909,104,32550.0,33200.0
2024-05-12,33750.0,33750.0,32450.0,33050.0,7299869350,221027,87,33100.0,32450.0
2024-05-13,33500.0,33500.0,32400.0,32450.0,10146197750,312658,71,33050.0,32400.0
2024-05-14,33050.0,33050.0,32150.0,32750.0,6891822700,209529,67,32450.0,32200.0
2024-05-15,33000.0,33350.0,32100.0,32650.0,2806643300,86513,49,32750.0,33000.0
2024-05-18,32000.0,32650.0,32000.0,32350.0,4954072750,154702,47,32650.0,32000.0
2024-05-19,31750.0,31750.0,31750.0,32300.0,953293750,30025,7,32350.0,31750.0
2024-05-21,31700.0,31700.0,31700.0,32300.0,161479800,5094,3,32300.0,31700.0
2024-05-26,31700.0,31700.0,31700.0,32300.0,179041600,5648,3,32300.0,31700.0
2024-05-27,31700.0,31700.0,31700.0,32250.0,1070826000,33780,4,32300.0,31700.0
2024-05-28,31650.0,31650.0,31650.0,32200.0,498171000,15740,1,32250.0,31650.0
2024-05-29,31600.0,31600.0,31600.0,31600.0,72160938400,2283574,59,32200.0,31600.0
2024-06-01,32200.0,32200.0,31000.0,31200.0,14162087200,454079,59,31600.0,31000.0
2024-06-02,30600.0,30600.0,30600.0,31000.0,3096261000,101185,21,31200.0,30600.0
2024-06-05,30400.0,30400.0,30400.0,31000.0,131540800,4327,2,31000.0,30400.0
2024-06-10,30400.0,30400.0,30400.0,31000.0,304000000,10000,1,31000.0,30400.0
2024-06-26,30400.0,30400.0,30400.0,31000.0,103481600,3404,2,31000.0,30400.0
2024-07-01,30400.0,30400.0,30400.0,31000.0,110808000,3645,2,31000.0,30400.0
2024-07-03,29800.0,29800.0,29800.0,30950.0,359715800,12071,4,31000.0,29800.0
2024-07-07,30350.0,30350.0,30350.0,30950.0,50077500,1650,1,30950.0,30350.0
2024-07-08,30350.0,30350.0,30350.0,30950.0,60700000,2000,1,30950.0,30350.0
2024-07-09,30350.0,30350.0,30350.0,30950.0,350512150,11549,3,30950.0,30350.0
2024-07-13,30350.0,30350.0,30350.0,30950.0,30350000,1000,1,30950.0,30350.0
2024-07-17,29750.0,29750.0,29750.0,30900.0,258825000,8700,3,30950.0,29750.0
2024-07-29,30300.0,30300.0,30300.0,30900.0,102323100,3377,2,30900.0,30300.0
2024-07-30,30300.0,30300.0,30300.0,30900.0,98475000,3250,2,30900.0,30300.0
2024-08-05,30600.0,30600.0,30600.0,30900.0,113220000,3700,2,30900.0,30600.0
2024-08-24,30300.0,30300.0,30300.0,30900.0,60600000,2000,1,30900.0,30300.0
2024-08-27,30300.0,30300.0,30300.0,30900.0,61327200,2024,1,30900.0,30300.0
2024-08-28,30300.0,30300.0,30300.0,30900.0,445107000,14690,3,30900.0,30300.0
2024-08-31,30300.0,30300.0,30300.0,30900.0,114443100,3777,2,30900.0,30300.0
2024-09-07,30000.0,30000.0,30000.0,30900.0,152940000,5098,2,30900.0,30000.0
2024-09-08,30000.0,30000.0,30000.0,30900.0,150000000,5000,1,30900.0,30000.0
2024-09-09,29400.0,29400.0,29400.0,30850.0,471282000,16030,4,30900.0,29400.0
2024-09-10,29950.0,29950.0,29950.0,30850.0,59900000,2000,1,30850.0,29950.0
2024-09-11,29950.0,29950.0,29950.0,30800.0,558807100,18658,2,30850.0,29950.0
2024-09-14,29900.0,29900.0,29900.0,30800.0,59770100,1999,2,30800.0,29900.0
2024-09-15,29900.0,29900.0,29900.0,30800.0,51039300,1707,1,30800.0,29900.0
2024-09-16,29900.0,29900.0,29900.0,30800.0,59800000,2000,1,30800.0,29900.0
2024-09-17,29300.0,29300.0,29300.0,30650.0,1822167000,62190,14,30800.0,29300.0
2024-09-18,29750.0,29750.0,29750.0,30650.0,50604750,1701,1,30650.0,29750.0
2024-09-22,29750.0,29750.0,29750.0,30650.0,109777500,3690,2,30650.0,29750.0
2024-09-23,29750.0,29750.0,29750.0,30650.0,370566000,12456,1,30650.0,29750.0
2024-09-24,29750.0,29750.0,29750.0,30650.0,255850000,8600,5,30650.0,29750.0
2024-09-25,29750.0,29750.0,29750.0,30650.0,344653750,11585,2,30650.0,29750.0
2024-10-26,29750.0,29750.0,29750.0,29750.0,445089750,14961,7,30650.0,29750.0
2024-10-28,28900.0,28900.0,28900.0,28900.0,204554200,7078,5,29750.0,28900.0
2024-10-29,28050.0,28050.0,28050.0,28050.0,216938700,7734,4,28900.0,28050.0
2024-11-03,27250.0,27250.0,27250.0,28050.0,54500000,2000,1,28050.0,27250.0
2024-11-05,27250.0,27250.0,27250.0,28050.0,199252000,7312,1,28050.0,27250.0
2024-11-06,27250.0,27250.0,27250.0,28050.0,136250000,5000,1,28050.0,27250.0
2024-11-09,26650.0,26650.0,26650.0,28000.0,846857050,31777,7,28050.0,26650.0
2024-11-10,27200.0,27200.0,27200.0,27950.0,1047227200,38501,6,28000.0,27200.0
2024-11-11,27150.0,27150.0,27150.0,27850.0,2715000000,100000,7,27950.0,27150.0
2024-11-12,27050.0,27050.0,27050.0,27850.0,270500000,10000,2,27850.0,27050.0
2024-11-13,27050.0,27050.0,27050.0,27750.0,2260433250,83565,5,27850.0,27050.0
2024-11-16,26950.0,27550.0,26950.0,26950.0,119067406150,4415776,465,27750.0,26950.0
2024-11-17,26150.0,26150.0,26150.0,26600.0,8194651650,313371,46,26950.0,26150.0
2024-11-18,26000.0,27050.0,25850.0,26250.0,98638989200,3760627,517,26600.0,26400.0
2024-11-19,26950.0,26950.0,25500.0,26000.0,35923765450,1382694,296,26250.0,25500.0
2024-11-20,25250.0,26000.0,25250.0,25300.0,17877138550,706988,84,26000.0,25250.0
2024-11-23,25850.0,26050.0,25350.0,25700.0,16412211300,635868,121,25300.0,25850.0
2024-11-24,26000.0,26450.0,25750.0,26350.0,35206489250,1336352,188,25700.0,26200.0
2024-11-25,26500.0,27100.0,26200.0,27000.0,30547205550,1131815,210,26350.0,27100.0
2024-11-26,27750.0,27750.0,26200.0,26500.0,37448481300,1414239,224,27000.0,26200.0
2024-11-27,26000.0,26400.0,25750.0,25800.0,23736320650,919653,174,26500.0,25750.0
2024-11-30,26050.0,26400.0,25050.0,25250.0,23913315250,947442,203,25800.0,25050.0
2024-12-01,24650.0,25650.0,24600.0,25250.0,8188146600,324863,101,25250.0,25350.0
2024-12-02,25250.0,26000.0,25250.0,25700.0,11978879400,461177,107,25250.0,26000.0
2024-12-03,26400.0,26450.0,25300.0,26250.0,25661292450,977361,151,25700.0,26450.0
2024-12-04,26550.0,27000.0,25650.0,26800.0,23270096000,868952,207,26250.0,27000.0
2024-12-07,26800.0,26800.0,26000.0,26200.0,15688786500,601691,136,26800.0,26000.0
2024-12-08,25500.0,26700.0,25450.0,26100.0,8670901050,334210,102,26200.0,25900.0
2024-12-09,26700.0,26700.0,26050.0,26350.0,20942221450,794349,150,26100.0,26500.0
2024-12-10,26800.0,27100.0,26500.0,27050.0,60855841450,2250719,395,26350.0,27100.0
2024-12-11,26800.0,27850.0,26800.0,27800.0,40341033450,1450652,264,27050.0,27850.0
2024-12-14,28550.0,28600.0,28550.0,28600.0,22876237000,800136,142,27800.0,28600.0
2024-12-15,29450.0,29450.0,27750.0,28750.0,66836375550,2326397,529,28600.0,28700.0
2024-12-16,28850.0,28850.0,27900.0,28000.0,32528647650,1162608,260,28750.0,27900.0
2024-12-17,27300.0,28050.0,27200.0,27350.0,16611191050,609765,109,28000.0,27200.0
2024-12-18,26550.0,27050.0,26550.0,26700.0,15990285400,601316,147,27350.0,27050.0
2024-12-21,27000.0,27100.0,26500.0,26900.0,31612140950,1174457,229,26700.0,26500.0
2024-12-22,27300.0,27300.0,26100.0,26200.0,30725631400,1173611,226,26900.0,26100.0
2024-12-23,26600.0,26600.0,25600.0,26050.0,24794773700,952473,213,26200.0,25950.0
2024-12-24,25600.0,26700.0,25300.0,25550.0,40640820850,1591601,302,26050.0,25300.0
2024-12-25,25100.0,25550.0,24800.0,24900.0,34731251050,1395804,301,25550.0,25000.0
2024-12-28,25600.0,25600.0,24950.0,25150.0,9178332000,359837,86,24900.0,25600.0
2024-12-29,25900.0,25900.0,25900.0,25350.0,5207479900,201061,56,25150.0,25900.0
2024-12-30,26100.0,26100.0,26100.0,25700.0,10229085900,391919,65,25350.0,26100.0
2024-12-31,26450.0,26450.0,26100.0,26450.0,29111922800,1101385,257,25700.0,26450.0
2025-01-01,27150.0,27150.0,25700.0,26250.0,15024733100,574842,213,26450.0,26100.0
2025-01-04,26500.0,26700.0,25500.0,25850.0,30908869200,1196174,328,26250.0,26000.0
2025-01-05,26400.0,26550.0,25800.0,25950.0,21907077450,843757,187,25850.0,26000.0
2025-01-06,26000.0,26450.0,25200.0,25800.0,28860562350,1117652,339,25950.0,26400.0
2025-01-07,26550.0,26550.0,25850.0,26550.0,41423278850,1561020,283,25800.0,26550.0
2025-01-08,27200.0,27300.0,27100.0,27300.0,26336885900,965569,233,26550.0,27300.0
2025-01-11,28100.0,28100.0,27300.0,28050.0,56758542500,2023768,341,27300.0,28000.0
2025-01-12,27650.0,27650.0,27250.0,27600.0,12242233000,448639,77,28050.0,27250.0
2025-01-13,26800.0,27650.0,26800.0,26900.0,40325555000,1499064,285,27600.0,26800.0
2025-01-15,26900.0,27400.0,26250.0,26550.0,18167947150,684399,182,26900.0,26400.0
2025-01-18,26000.0,26900.0,25800.0,26250.0,12648983850,485587,133,26550.0,26200.0
2025-01-19,26300.0,27000.0,26200.0,26900.0,31270141400,1161483,190,26250.0,27000.0
2025-01-20,27600.0,27600.0,26100.0,26550.0,12382024450,470073,142,26900.0,26100.0
2025-01-21,26000.0,27150.0,25800.0,26300.0,17221628850,655173,165,26550.0,26500.0
2025-01-22,27000.0,27050.0,26000.0,26500.0,10273807550,384662,97,26300.0,26450.0
2025-01-25,26300.0,26900.0,25750.0,25800.0,21829608150,846088,179,26500.0,25750.0
2025-01-26,25200.0,26400.0,25200.0,25900.0,16085690200,621030,188,25800.0,26400.0
2025-01-27,25400.0,26650.0,25400.0,26600.0,35536609400,1335995,269,25900.0,26650.0
2025-01-29,26200.0,27350.0,26000.0,26500.0,15775715850,595540,155,26600.0,26000.0
2025-02-01,25850.0,25950.0,25750.0,26200.0,7489801550,290580,90,26500.0,25750.0
2025-02-02,25550.0,26100.0,25450.0,25700.0,14229546350,558050,133,26200.0,25500.0
2025-02-03,25300.0,25550.0,24950.0,25400.0,8403811900,335348,124,25700.0,25000.0
2025-02-04,25100.0,25800.0,25000.0,25400.0,6659902650,262831,94,25400.0,25150.0
2025-02-05,24900.0,25300.0,24700.0,25200.0,8023772850,321794,94,25400.0,24800.0
2025-02-16,24450.0,24450.0,24450.0,25200.0,263350950,10771,3,25200.0,24450.0
2025-02-17,24450.0,24600.0,24450.0,24600.0,15517648950,634336,128,25200.0,24450.0
2025-02-18,23900.0,24000.0,23900.0,24300.0,7956185500,332886,90,24600.0,23900.0
2025-02-19,23600.0,23600.0,23600.0,24200.0,3083646800,130663,17,24300.0,23600.0
2025-02-22,23500.0,23500.0,23500.0,24150.0,1839744500,78287,19,24200.0,23500.0
2025-02-23,23450.0,24600.0,23450.0,23550.0,21347799500,906613,164,24150.0,23500.0
2025-02-24,22900.0,24000.0,22900.0,23550.0,9251473150,393223,150,23550.0,23750.0
2025-02-25,23800.0,24250.0,22850.0,23400.0,15155798150,648070,182,23550.0,23300.0
2025-02-26,22700.0,22800.0,22700.0,23050.0,9920227300,436999,56,23400.0,22700.0
2025-03-01,22400.0,22400.0,22400.0,22950.0,3526790400,157446,29,23050.0,22400.0
2025-03-02,22300.0,22300.0,22300.0,22450.0,14438960100,647487,93,22950.0,22300.0
2025-03-03,21800.0,21800.0,21800.0,22350.0,3616903400,165913,27,22450.0,21800.0
2025-03-04,21700.0,22700.0,21700.0,22250.0,8131247550,368104,115,22350.0,22300.0
2025-03-05,21850.0,22250.0,21600.0,22050.0,8490714300,390321,77,22250.0,22050.0
2025-03-08,21400.0,21400.0,21400.0,21900.0,4314625200,201618,52,22050.0,21400.0
2025-03-09,21250.0,21250.0,21250.0,21900.0,469051250,22073,6,21900.0,21250.0
2025-03-10,21250.0,21250.0,21250.0,21850.0,942267500,44342,12,21900.0,21250.0
2025-03-11,21200.0,21200.0,21200.0,21850.0,238712000,11260,4,21850.0,21200.0
2025-03-12,21200.0,21200.0,21200.0,21750.0,2494604000,117670,16,21850.0,21200.0
2025-03-15,21100.0,21750.0,21100.0,21100.0,24351243350,1153419,176,21750.0,21100.0
2025-03-16,20600.0,20900.0,20500.0,20900.0,6743738300,328318,77,21100.0,20500.0
2025-03-17,20300.0,20300.0,20300.0,20700.0,6337538200,312194,39,20900.0,20300.0
2025-03-18,20100.0,20100.0,20100.0,20700.0,421778400,20984,7,20700.0,20100.0
2025-03-25,20100.0,20350.0,20100.0,20400.0,9490043050,471539,84,20700.0,20150.0
2025-03-26,20800.0,20800.0,19800.0,20350.0,3390636800,169268,48,20400.0,20000.0
2025-03-29,20550.0,20550.0,19750.0,20100.0,7403044500,374668,50,20350.0,19750.0
2025-03-30,19500.0,19500.0,19500.0,20050.0,2173275000,111450,20,20100.0,19500.0
2025-04-05,19450.0,20450.0,19450.0,19650.0,16057169950,821418,130,20050.0,19450.0
2025-04-06,19100.0,20200.0,19100.0,20000.0,25230894050,1262552,177,19650.0,20200.0
2025-04-07,20600.0,20600.0,20300.0,20250.0,8607757200,417887,85,20000.0,20600.0
2025-04-08,20850.0,20850.0,20850.0,20350.0,2625223500,125910,27,20250.0,20850.0
2025-04-12,20950.0,20950.0,20750.0,20700.0,12145225350,579753,84,20350.0,20950.0
2025-04-13,21300.0,21300.0,20750.0,20900.0,7890437450,371500,60,20700.0,21300.0
2025-04-14,21500.0,21500.0,21500.0,21150.0,8040398000,373972,48,20900.0,21500.0
2025-04-15,21750.0,21750.0,21400.0,21650.0,19788535600,913012,184,21150.0,21750.0
2025-04-16,21050.0,21400.0,21050.0,21200.0,16043826450,761773,131,21650.0,21050.0
2025-04-19,20650.0,21400.0,20600.0,20750.0,18276615350,881116,185,21200.0,20600.0
2025-04-20,20750.0,21350.0,20600.0,21100.0,12140294650,569957,142,20750.0,21350.0
2025-04-21,21700.0,21700.0,21100.0,21650.0,27382330450,1263783,115,21100.0,21150.0
2025-04-22,21300.0,21700.0,21050.0,21450.0,8878429400,419813,126,21650.0,21150.0
2025-04-23,20900.0,21900.0,20850.0,21200.0,11010818450,523248,127,21450.0,20850.0
2025-04-26,21750.0,21800.0,20750.0,21750.0,20118492300,924637,143,21200.0,21800.0
2025-04-27,22250.0,22300.0,21250.0,21900.0,7622518400,344811,81,21750.0,22050.0
2025-04-28,22200.0,22550.0,21950.0,22450.0,68032335100,3030920,183,21900.0,22550.0
2025-04-29,23100.0,23100.0,22900.0,23100.0,48831989650,2114601,277,22450.0,23100.0
2025-04-30,23750.0,23750.0,23600.0,23750.0,36593126000,1541665,200,23100.0,23750.0
2025-05-03,23050.0,23100.0,23050.0,23400.0,10180479300,441626,57,23750.0,23050.0
2025-05-04,22700.0,23950.0,22700.0,23200.0,46046568150,1983806,262,23400.0,22900.0
2025-05-05,22850.0,23750.0,22550.0,22950.0,26111207650,1137539,154,23200.0,23400.0
2025-05-06,23550.0,23600.0,22300.0,22800.0,8737359700,386963,109,22950.0,23000.0
2025-05-07,23300.0,23300.0,22400.0,22600.0,23586363200,1043030,190,22800.0,22850.0
2025-05-10,22150.0,22500.0,21950.0,22100.0,15282116400,695532,123,22600.0,21950.0
2025-05-11,21500.0,22450.0,21450.0,21950.0,6641725750,306978,116,22100.0,21650.0
2025-05-12,22600.0,22600.0,22400.0,22350.0,12072128100,534819,112,21950.0,22600.0
2025-05-13,22350.0,22350.0,21700.0,22050.0,11418361500,522845,108,22350.0,21900.0
2025-05-14,21900.0,22400.0,21400.0,21900.0,7435306250,344186,78,22050.0,21500.0
2025-05-17,21300.0,22400.0,21250.0,21300.0,21432985050,1006205,143,21900.0,21250.0
2025-05-18,21300.0,21300.0,20700.0,20700.0,62433229950,3013934,376,21300.0,20850.0
2025-05-19,20850.0,21100.0,20100.0,20550.0,11659509950,569441,139,20700.0,20700.0
2025-05-20,20250.0,21150.0,20000.0,20900.0,30249595700,1448279,279,20550.0,20950.0
2025-05-21,20450.0,21000.0,20300.0,20700.0,11074562300,537721,123,20900.0,20950.0
2025-05-24,20250.0,21200.0,20200.0,20750.0,7957293450,382284,88,20700.0,20700.0
2025-05-25,20950.0,20950.0,20300.0,20700.0,7852219800,381131,94,20750.0,20800.0
2025-05-26,20800.0,21200.0,20250.0,20750.0,7195309650,344949,66,20700.0,20850.0
2025-05-27,20750.0,21350.0,20750.0,21200.0,17307929800,813722,122,20750.0,21350.0
2025-05-28,21250.0,21800.0,21250.0,21800.0,23931528700,1098282,136,21200.0,21800.0
2025-05-31,22400.0,22400.0,21150.0,21700.0,12592005250,581449,128,21800.0,21150.0
2025-06-01,21200.0,21450.0,21050.0,21450.0,7114538150,337413,69,21700.0,21050.0
2025-06-02,20950.0,21900.0,20900.0,21400.0,10112566100,473050,80,21450.0,21450.0
2025-06-03,21750.0,21750.0,20800.0,21050.0,11896017050,571243,99,21400.0,20800.0
2025-06-07,20950.0,20950.0,20450.0,21000.0,2344045550,114479,25,21050.0,20450.0
2025-06-08,20400.0,20500.0,20400.0,20800.0,5956623700,291966,64,21000.0,20400.0
2025-06-09,20200.0,20250.0,20200.0,20650.0,4628621600,229133,48,20800.0,20200.0
2025-06-10,20050.0,20050.0,20050.0,20500.0,4688331600,233832,49,20650.0,20050.0
2025-06-11,20950.0,20950.0,19900.0,20150.0,10912940350,548099,106,20500.0,19900.0
2025-07-02,19550.0,19550.0,19550.0,20050.0,2678252250,136995,8,20150.0,19550.0
2025-07-07,19050.0,19050.0,19050.0,19650.0,7906359600,415032,47,20050.0,19050.0
2025-07-12,19070.0,19070.0,19070.0,19630.0,523948250,27475,10,19650.0,19070.0
2025-07-13,19050.0,19050.0,19050.0,19630.0,57150000,3000,1,19630.0,19050.0
2025-07-14,19050.0,19050.0,19050.0,19620.0,199263000,10460,3,19630.0,19050.0
2025-07-15,18640.0,18640.0,18640.0,19570.0,994891360,53374,17,19620.0,18640.0
2025-07-16,18990.0,18990.0,18990.0,19560.0,259631280,13672,2,19570.0,18990.0
2025-07-19,18980.0,18980.0,18980.0,19560.0,94900000,5000,1,19560.0,18980.0
2025-07-20,18980.0,18980.0,18980.0,19560.0,101524020,5349,3,19560.0,18980.0
2025-07-23,18980.0,18980.0,18980.0,19560.0,68328000,3600,1,19560.0,18980.0
2025-07-27,18980.0,18980.0,18980.0,19560.0,56940000,3000,1,19560.0,18980.0
2025-07-28,18980.0,18980.0,18980.0,19550.0,256211020,13499,2,19560.0,18980.0
2025-07-30,18970.0,18970.0,18970.0,19550.0,49985950,2635,1,19550.0,18970.0
2025-08-02,18580.0,18580.0,18580.0,19550.0,55740000,3000,4,19550.0,18580.0
2025-08-03,18970.0,18970.0,18970.0,19550.0,59774470,3151,1,19550.0,18970.0
2025-08-05,18970.0,18970.0,18970.0,19550.0,56910000,3000,1,19550.0,18970.0
2025-08-17,18970.0,18970.0,18970.0,19530.0,505588440,26652,5,19550.0,18970.0
2025-08-23,18560.0,18560.0,18560.0,18560.0,408691200,22020,5,19530.0,18560.0
2025-08-25,18010.0,18010.0,18010.0,18560.0,90050000,5000,1,18560.0,18010.0
2025-08-27,18010.0,18010.0,18010.0,18560.0,51238450,2845,1,18560.0,18010.0
2025-08-31,18010.0,18010.0,18010.0,18560.0,50824220,2822,1,18560.0,18010.0
2025-09-02,17640.0,17640.0,17640.0,17640.0,986569920,55928,8,18560.0,17640.0
2025-09-03,17120.0,17120.0,17120.0,17630.0,341578240,19952,4,17640.0,17120.0
2025-09-06,17110.0,17110.0,17110.0,17630.0,59885000,3500,1,17630.0,17110.0
2025-09-08,17110.0,17110.0,17110.0,17620.0,379516910,22181,4,17630.0,17110.0
2025-09-09,17100.0,17100.0,17100.0,17610.0,333689400,19514,8,17620.0,17100.0
2025-09-13,16730.0,16730.0,16730.0,16730.0,250330990,14963,4,17610.0,16730.0
2025-09-14,16230.0,16230.0,16230.0,16710.0,760976010,46887,12,16730.0,16230.0
2025-09-15,16210.0,16210.0,16210.0,16700.0,275570000,17000,6,16710.0,16210.0
2025-09-16,16200.0,16200.0,16200.0,16700.0,81000000,5000,1,16700.0,16200.0
2025-09-21,15870.0,15870.0,15870.0,15870.0,105852900,6670,2,16700.0,15870.0
2025-09-22,15400.0,15400.0,15400.0,15800.0,2267788600,147259,16,15870.0,15400.0
2025-09-23,15330.0,15330.0,15330.0,15720.0,2578981230,168231,19,15800.0,15330.0
2025-09-27,15250.0,15250.0,15250.0,15570.0,4845565500,317742,26,15720.0,15250.0
2025-09-28,15110.0,15960.0,15110.0,15390.0,88513470780,5750929,534,15570.0,15420.0
2025-09-29,15390.0,15800.0,14930.0,15060.0,58955559590,3914987,422,15390.0,14930.0
2025-09-30,14890.0,15180.0,14610.0,14810.0,10589132440,720028,112,15060.0,14610.0
2025-10-01,14370.0,14370.0,14370.0,14690.0,3799959690,264437,29,14810.0,14370.0
2025-10-04,14270.0,15080.0,14270.0,14480.0,22755857060,1571186,241,14690.0,14400.0
2025-10-05,14380.0,14910.0,14310.0,14720.0,25589438650,1738342,285,14480.0,14910.0
2025-10-06,15140.0,15160.0,15060.0,15160.0,22767339390,1502114,158,14720.0,15160.0
2025-10-07,15500.0,15610.0,14710.0,15150.0,22907383660,1511660,239,15160.0,14790.0
