date,open,high,low,adjClose,value,volume,count,yesterday,close
2019-08-11,13000.0,13000.0,13000.0,13000.0,35653475000,2742575,292,10595.0,13000.0
2019-08-13,13100.0,13650.0,12900.0,13490.0,78619695039,5827941,1081,13000.0,13650.0
2019-08-14,14164.0,14164.0,14164.0,14164.0,14933232676,1054309,173,13490.0,14164.0
2019-08-17,14872.0,14872.0,13750.0,14481.0,247706964509,17105684,5132,14164.0,14070.0
2019-08-18,13801.0,14433.0,13757.0,13846.0,81715649215,5901683,1609,14481.0,13757.0
2019-08-19,13154.0,14300.0,13154.0,13574.0,167296030647,12324556,3763,13846.0,13990.0
2019-08-21,14252.0,14252.0,13910.0,14226.0,45706136809,3212755,794,13574.0,14252.0
2019-08-24,14700.0,14700.0,13515.0,14052.0,134252092486,9553853,3411,14226.0,13967.0
2019-08-25,13950.0,13950.0,13350.0,13499.0,90897508447,6733844,2367,14052.0,13570.0
2019-08-26,13570.0,14000.0,13570.0,13834.0,45107573426,3260722,1431,13499.0,13981.0
2019-08-27,14100.0,14100.0,13231.0,13630.0,46760621720,3430802,1626,13834.0,13300.0
2019-08-28,13002.0,13450.0,12949.0,13099.0,47909040058,3657570,1695,13630.0,13378.0
2019-08-31,13400.0,13753.0,13140.0,13569.0,71203558449,5247672,1732,13099.0,13400.0
2019-09-01,13540.0,13949.0,13302.0,13539.0,35229050590,2601953,1026,13569.0,13450.0
2019-09-02,13679.0,13679.0,12863.0,13025.0,53537075725,4110182,1484,13539.0,12948.0
2019-09-03,12825.0,13500.0,12420.0,12991.0,45976193265,3539146,1227,13025.0,13500.0
2019-09-04,13640.0,13640.0,13501.0,13639.0,62537443681,4585307,1041,12991.0,13640.0
2019-09-07,14150.0,14250.0,13766.0,14029.0,57356551827,4088471,1882,13639.0,13850.0
2019-09-08,13999.0,13999.0,13330.0,13585.0,51874302970,3818586,2050,14029.0,13596.0
2019-09-11,13599.0,13600.0,13100.0,13343.0,35208477158,2638786,1433,13585.0,13360.0
2019-09-14,13590.0,13590.0,12900.0,13105.0,64346313820,4909933,2174,13343.0,13025.0
2019-09-15,13020.0,13299.0,12725.0,12966.0,59001893296,4550572,1801,13105.0,13020.0
2019-09-16,13150.0,13600.0,13100.0,13354.0,43188675329,3234165,1354,12966.0,13130.0
2019-09-17,13300.0,13399.0,12687.0,12898.0,46633895488,3615714,1754,13354.0,12790.0
2019-09-18,12940.0,12940.0,12254.0,12346.0,48517671784,3929688,1599,12898.0,12330.0
2019-09-21,12000.0,12930.0,12000.0,12502.0,42962822488,3436459,1239,12346.0,12420.0
2019-09-22,12840.0,13643.0,12690.0,13173.0,42651798092,3237824,821,12502.0,13291.0
2019-09-23,13588.0,13831.0,13500.0,13771.0,87156249537,6328914,1805,13173.0,13570.0
2019-09-24,13699.0,13783.0,13083.0,13196.0,65875831855,4992091,1593,13771.0,13083.0
2019-09-25,12854.0,13298.0,12854.0,13042.0,31254624252,2396400,1214,13196.0,13030.0
2019-09-28,13031.0,13221.0,12809.0,12940.0,45080113756,3483875,2066,13042.0,12870.0
2019-09-29,12998.0,12998.0,12357.0,12544.0,56822106429,4529779,1792,12940.0,12525.0
2019-10-23,10500.0,11025.0,10500.0,10912.0,99225403283,9092924,935,12544.0,11025.0
2019-10-26,10780.0,10912.0,10367.0,10430.0,98603777254,9453837,2596,10912.0,10367.0
2019-10-28,10100.0,10695.0,10052.0,10286.0,53021942060,5154998,2031,10430.0,10288.0
2019-10-30,10598.0,10800.0,10502.0,10723.0,16692299055,1556659,539,10286.0,10800.0
2019-11-02,11241.0,11241.0,10498.0,10983.0,54171737296,4932119,1702,10723.0,10900.0
2019-11-03,11140.0,11452.0,10800.0,11196.0,27911220034,2493009,1016,10983.0,11260.0
2019-11-04,11300.0,11500.0,10706.0,11059.0,28801457085,2604314,1138,11196.0,10910.0
2019-11-05,11598.0,11611.0,11150.0,11595.0,31939042656,2754615,427,11059.0,11611.0
2019-11-11,12174.0,12782.0,12174.0,12770.0,16374962788,1282254,187,11595.0,12782.0
2019-11-12,13408.0,13408.0,13408.0,13408.0,4888623840,364605,153,12770.0,13408.0
2019-11-13,14078.0,14078.0,14078.0,14078.0,37302152806,2649677,433,13408.0,14078.0
2019-11-16,14781.0,14781.0,14781.0,14781.0,67709662098,4580858,550,14078.0,14781.0
2019-11-17,14042.0,15520.0,14042.0,15039.0,553510770964,36805303,6426,14781.0,15520.0
2019-11-18,15589.0,15790.0,15330.0,15646.0,33700000252,2153913,682,15039.0,15790.0
2019-11-19,16428.0,16428.0,16428.0,16428.0,19824012588,1206721,225,15646.0,16428.0
2019-11-20,17249.0,17249.0,17249.0,17249.0,13295925927,770823,241,16428.0,17249.0
2019-11-23,18111.0,18111.0,16810.0,17932.0,1022426653854,57018089,12324,17249.0,17900.0
2019-11-24,17777.0,17896.0,17101.0,17415.0,133547021267,7668501,2523,17932.0,17316.0
2019-12-10,18285.0,19199.0,17700.0,18721.0,555836614904,29690139,6666,17415.0,17911.0
2019-12-11,18222.0,18444.0,17785.0,17915.0,322852231693,18020921,5036,18721.0,17793.0
2019-12-14,17701.0,18810.0,17701.0,18627.0,87415434087,4693000,994,17915.0,18810.0
2019-12-15,19390.0,19558.0,19000.0,19487.0,249926471994,12825071,2844,18627.0,19558.0
2019-12-16,20300.0,20461.0,20100.0,20395.0,76083561128,3730436,797,19487.0,20461.0
2019-12-17,21414.0,21414.0,21414.0,21414.0,8882912652,414818,173,20395.0,21414.0
2019-12-18,22484.0,22484.0,22484.0,22484.0,12766437684,567801,206,21414.0,22484.0
2019-12-21,23608.0,23608.0,23608.0,23608.0,115710645856,4901332,410,22484.0,23608.0
2019-12-22,24788.0,24788.0,23800.0,24647.0,874689505115,35488828,9938,23608.0,24300.0
2019-12-23,24300.0,25879.0,23415.0,24590.0,569396409889,23155762,7840,24647.0,24349.0
2019-12-24,24349.0,25100.0,23361.0,23829.0,284392638672,11934861,5145,24590.0,23361.0
2019-12-25,23950.0,23950.0,22638.0,22827.0,276005441595,12091390,5267,23829.0,23000.0
2019-12-28,23300.0,23968.0,23150.0,23857.0,71295360487,2988473,979,22827.0,23968.0
2019-12-29,25049.0,25049.0,24500.0,25015.0,315256532127,12602671,3035,23857.0,25049.0
2019-12-30,25900.0,26000.0,24501.0,25317.0,269689044105,10652632,5558,25015.0,25080.0
2019-12-31,25399.0,25399.0,24052.0,24139.0,273073970288,11312662,4530,25317.0,24052.0
2020-01-01,23984.0,25002.0,22990.0,23814.0,259865126332,10912130,4800,24139.0,23250.0
2020-01-04,22624.0,22624.0,22624.0,22624.0,325673656448,14395052,757,23814.0,22624.0
2020-01-05,21493.0,22587.0,21493.0,21533.0,370149544436,17189764,2936,22624.0,21493.0
2020-01-07,21600.0,22190.0,20457.0,21110.0,172417085477,8167411,1977,21533.0,20457.0
2020-01-08,20688.0,21110.0,20688.0,20723.0,516138070341,24906547,2910,21110.0,21048.0
2020-01-11,21137.0,21137.0,21137.0,21137.0,1795820657,84961,49,20723.0,21137.0
2020-01-12,22193.0,22193.0,22193.0,22193.0,2331374650,105050,37,21137.0,22193.0
2020-01-13,23302.0,23302.0,23302.0,23302.0,366572080814,15731357,611,22193.0,23302.0
2020-01-14,24467.0,24467.0,24100.0,24458.0,569856056259,23299363,4119,23302.0,24467.0
2020-01-15,24700.0,25680.0,24501.0,25454.0,253732285773,9968295,2699,24458.0,25680.0
2020-01-18,26726.0,26726.0,26726.0,26726.0,67530642102,2526777,418,25454.0,26726.0
2020-01-19,28062.0,28062.0,27511.0,28012.0,293571908957,10480053,2219,26726.0,28062.0
2020-01-20,29412.0,29412.0,29412.0,29412.0,46352488464,1575972,289,28012.0,29412.0
2020-01-21,30882.0,30882.0,30882.0,30882.0,76460836446,2475903,361,29412.0,30882.0
2020-01-22,32400.0,32426.0,31172.0,32370.0,767454878883,23708804,6421,30882.0,32426.0
2020-01-25,33988.0,33988.0,32370.0,33791.0,764245349582,22616908,9031,32370.0,33988.0
2020-01-26,33800.0,34900.0,32500.0,33421.0,488621772792,14620172,7830,33791.0,32770.0
2020-01-27,32100.0,33900.0,31750.0,32608.0,448181627256,13744687,6424,33421.0,32700.0
2020-01-28,33350.0,34238.0,32600.0,33873.0,175253173171,5173857,1659,32608.0,34238.0
2020-02-01,35566.0,35566.0,35566.0,35566.0,139668464452,3927022,522,33873.0,35566.0
2020-02-02,37344.0,37344.0,37344.0,37344.0,56852879040,1522410,366,35566.0,37344.0
2020-02-03,39211.0,39211.0,39211.0,39211.0,16552570751,422141,253,37344.0,39211.0
2020-02-04,41171.0,41171.0,39210.0,41101.0,502722079184,12231405,3838,39211.0,41171.0
2020-02-05,43000.0,43156.0,42000.0,42977.0,236709223727,5507810,2146,41101.0,43156.0
2020-02-08,45125.0,45125.0,45125.0,45125.0,84837481875,1880055,480,42977.0,45125.0
2020-02-09,47381.0,47381.0,47381.0,47381.0,48193868436,1017156,347,45125.0,47381.0
2020-02-12,49750.0,49750.0,49750.0,49750.0,4409292750,88629,52,47381.0,49750.0
2020-02-15,52237.0,52237.0,52237.0,52237.0,193055101698,3695754,552,49750.0,52237.0
2020-02-16,54848.0,54848.0,52431.0,54700.0,681974050754,12467516,5108,52237.0,54848.0
2020-02-17,57435.0,57435.0,56889.0,57430.0,879112369834,15307439,7897,54700.0,57435.0
2020-02-18,57950.0,60301.0,54601.0,59017.0,1085006081025,18384534,14390,57430.0,60301.0
2020-02-19,61967.0,61967.0,61967.0,61967.0,98064016840,1582520,469,59017.0,61967.0
2020-02-22,65065.0,65065.0,65000.0,65065.0,298314385071,4584898,2590,61967.0,65065.0
2020-02-23,68318.0,68318.0,68318.0,68318.0,45073142090,659755,210,65065.0,68318.0
2020-02-24,71733.0,71733.0,71733.0,71733.0,71772094485,1000545,226,68318.0,71733.0
2020-02-25,75319.0,75319.0,75319.0,75319.0,4884663107,64853,51,71733.0,75319.0
2020-03-02,79084.0,83038.0,79084.0,82976.0,150201184114,1810174,401,75319.0,83038.0
2020-03-03,87124.0,87124.0,87124.0,87124.0,96140985504,1103496,284,82976.0,87124.0
2020-03-04,91480.0,91480.0,91480.0,91480.0,256698643240,2806063,628,87124.0,91480.0
2020-03-14,75300.0,75300.0,75300.0,75300.0,110923827600,1473092,244,91480.0,75300.0
2020-03-15,71535.0,71535.0,71535.0,71535.0,164587871070,2300802,3350,75300.0,71535.0
2020-03-16,75111.0,75111.0,67959.0,74002.0,2281284517637,30827330,22393,71535.0,75111.0
2020-03-17,74887.0,75999.0,70302.0,71425.0,1099163153012,15389045,15104,74002.0,70302.0
2020-03-18,70004.0,71302.0,67854.0,68157.0,1106529547391,16234978,15787,71425.0,67854.0
2020-03-24,64750.0,67750.0,64750.0,65164.0,271522308807,4166776,4015,68157.0,64750.0
2020-03-25,61906.0,68422.0,61906.0,64205.0,1322759141334,20601984,10431,65164.0,68422.0
2020-03-28,67415.0,67415.0,67415.0,65628.0,23272264735,345209,276,64205.0,67415.0
2020-03-29,68909.0,68909.0,68909.0,68909.0,54014181832,783848,456,65628.0,68909.0
2020-03-30,72354.0,72354.0,72354.0,72354.0,121042743096,1672924,519,68909.0,72354.0
2020-04-04,75971.0,75971.0,75971.0,75971.0,95815156997,1261207,536,72354.0,75971.0
2020-04-05,79769.0,79769.0,79769.0,79769.0,57038105529,715041,365,75971.0,79769.0
2020-04-06,83757.0,83757.0,79982.0,83558.0,1337666799033,16008934,11967,79769.0,83757.0
2020-04-07,86498.0,87735.0,80000.0,86258.0,1719622484443,19935746,19742,83558.0,86600.0
2020-04-08,86500.0,90100.0,83500.0,87648.0,1229083421628,14022892,15334,86258.0,87830.0
2020-04-11,86000.0,87700.0,83266.0,84127.0,796681931591,9470017,12058,87648.0,83266.0
2020-04-12,82000.0,87333.0,79922.0,83522.0,1125680744448,13477624,13742,84127.0,81840.0
2020-04-13,82000.0,83000.0,79346.0,79928.0,541146309988,6770400,6232,83522.0,79346.0
2020-04-14,75932.0,80000.0,75932.0,76431.0,904494181891,11834192,10132,79928.0,75932.0
2020-04-15,77700.0,80252.0,76800.0,79846.0,663308453142,8307384,7361,76431.0,80252.0
2020-04-18,83838.0,83838.0,79999.0,83282.0,827164788083,9932120,13907,79846.0,81980.0
2020-04-19,82201.0,82201.0,79118.0,79754.0,523577174614,6564883,8559,83282.0,79118.0
2020-04-20,76100.0,78990.0,75767.0,76510.0,1479502974732,19337427,18731,79754.0,75840.0
2020-04-21,80330.0,80335.0,78097.0,80124.0,1124100731674,14029493,11177,76510.0,80335.0
2020-04-22,81400.0,84130.0,80500.0,83760.0,844381122619,10080952,9562,80124.0,84130.0
2020-04-25,87940.0,87948.0,86010.0,87748.0,826936760902,9423960,10879,83760.0,87948.0
2020-04-26,92000.0,92000.0,83361.0,85503.0,1605270673387,18774539,17847,87748.0,83555.0
2020-04-27,84500.0,87778.0,81228.0,83371.0,1579907297845,18950387,19085,85503.0,83999.0
2020-04-28,86600.0,87539.0,84000.0,86608.0,1049648414759,12119544,11503,83371.0,87539.0
2020-04-29,90938.0,90938.0,90938.0,90938.0,136307422890,1498905,1227,86608.0,90938.0
2020-05-02,95484.0,95484.0,95484.0,95484.0,58898064108,616837,684,90938.0,95484.0
2020-05-03,100258.0,100258.0,100258.0,99441.0,46535051474,464153,609,95484.0,100258.0
2020-05-04,104413.0,104413.0,101258.0,104089.0,1561408052475,15000692,9286,99441.0,104413.0
2020-05-05,109293.0,109293.0,98885.0,107428.0,2458420707465,22884379,19651,104089.0,106499.0
2020-05-06,106000.0,112799.0,103000.0,111012.0,1007728074085,9077653,8313,107428.0,112799.0
2020-05-09,116562.0,116562.0,116562.0,116562.0,171365139606,1470163,1384,111012.0,116562.0
2020-05-10,122390.0,122390.0,122390.0,122390.0,110813497070,905413,214,116562.0,122390.0
2020-05-13,128509.0,134934.0,122084.0,128752.0,2246608623498,17449082,17777,122390.0,125221.0
2020-05-16,130000.0,132000.0,122315.0,125273.0,561234113622,4480083,4879,128752.0,122315.0
2020-05-17,119010.0,119010.0,119010.0,119010.0,344633561370,2895837,3076,125273.0,119010.0
2020-05-18,119500.0,124960.0,117003.0,123263.0,1342451242833,10890912,13226,119010.0,124960.0
2020-05-19,125400.0,129000.0,117473.0,121569.0,1099003153001,9040154,12438,123263.0,117500.0
2020-05-20,120000.0,120000.0,115491.0,116260.0,236315809810,2032650,3402,121569.0,115491.0
2020-05-23,110447.0,110447.0,110447.0,110447.0,115082681484,1041972,1579,116260.0,110447.0
2020-05-26,104925.0,104925.0,104925.0,106976.0,36937797000,352040,661,110447.0,104925.0
2020-05-27,101628.0,107500.0,101628.0,102388.0,1284232466284,12542856,13142,106976.0,103200.0
2020-05-30,107507.0,107507.0,103000.0,107418.0,250600276752,2332947,2570,102388.0,107507.0
2020-05-31,112788.0,112788.0,102906.0,109184.0,981513098532,8989544,10173,107418.0,107499.0
2020-06-01,103725.0,112910.0,103725.0,107392.0,592320934547,5515482,7716,109184.0,107000.0
2020-06-02,112761.0,112761.0,112761.0,112761.0,466919733951,4140791,4213,107392.0,112761.0
2020-06-06,118399.0,118399.0,116501.0,118363.0,355242864581,3001299,2652,112761.0,118399.0
2020-06-07,124281.0,124281.0,124281.0,124281.0,128566333161,1034481,898,118363.0,124281.0
2020-06-08,120516.0,128203.0,118067.0,121542.0,1010104966166,8310726,12517,124281.0,118067.0
2020-06-09,120000.0,124300.0,115465.0,117934.0,968609073741,8213159,9505,121542.0,116000.0
2020-06-10,120577.0,121470.0,114000.0,117360.0,696264752639,5932749,9324,117934.0,117900.0
2020-06-13,119500.0,123222.0,117900.0,121311.0,749420818734,6177675,9720,117360.0,120202.0
2020-06-14,122487.0,122487.0,115246.0,115917.0,969102524618,8360288,10593,121311.0,115246.0
2020-06-15,118000.0,121712.0,115900.0,121114.0,437177337786,3609643,2648,115917.0,121712.0
2020-06-16,127169.0,127169.0,124782.0,127052.0,1420368203308,11179461,10439,121114.0,127169.0
2020-06-20,131000.0,131000.0,125653.0,128582.0,1007139477712,7832654,11212,127052.0,126800.0
2020-06-21,129000.0,129000.0,122153.0,123654.0,963077760630,7788468,13058,128582.0,122350.0
2020-06-30,146300.0,146300.0,146300.0,146300.0,107139732700,732329,333,123654.0,146300.0
2020-07-01,153100.0,153615.0,140490.0,149575.0,2538020894049,16968236,23159,146300.0,153615.0
2020-07-13,90000.0,90000.0,90000.0,84154.0,62251740000,691686,372,74713.0,90000.0
2020-07-14,88361.0,88361.0,86200.0,88347.0,1311511743056,14844965,15388,84154.0,88361.0
2020-07-15,88890.0,90000.0,83930.0,85158.0,1295368349574,15211369,16646,88347.0,83930.0
2020-07-18,80901.0,80901.0,80901.0,80901.0,260458827876,3219476,4469,85158.0,80901.0
2020-07-19,80000.0,83900.0,77700.0,81069.0,1040662984322,12836804,15889,80901.0,78100.0
2020-07-20,81068.0,81068.0,77016.0,77870.0,1114393818509,14311027,16471,81069.0,77080.0
2020-07-21,75100.0,78500.0,73977.0,74592.0,665768257545,8925475,10706,77870.0,73977.0
2020-07-22,70863.0,77990.0,70863.0,73349.0,1004190774443,13690548,12858,74592.0,76000.0
2020-07-25,77016.0,77016.0,77016.0,77016.0,135178252152,1755197,2020,73349.0,77016.0
2020-07-26,80866.0,80866.0,77016.0,79752.0,956359412331,11991720,11545,77016.0,78320.0
2020-07-27,79687.0,79687.0,75765.0,76260.0,550392570676,7217337,7428,79752.0,75765.0
2020-07-28,76000.0,78490.0,72447.0,73986.0,632538427671,8549396,9743,76260.0,72570.0
2020-07-29,72800.0,75190.0,71010.0,72903.0,422921984980,5801127,8146,73986.0,72600.0
2020-08-01,76399.0,76399.0,72800.0,74141.0,440615775228,5942931,7597,72903.0,72991.0
2020-08-02,73150.0,75550.0,70437.0,71840.0,570694583333,7944004,9860,74141.0,70990.0
2020-08-03,73000.0,74000.0,68500.0,70768.0,412335216995,5826575,6749,71840.0,73999.0
2020-08-04,73950.0,73999.0,69700.0,71632.0,508946584585,7105032,8447,70768.0,70100.0
2020-08-05,71000.0,75213.0,69100.0,73817.0,893744448736,12107640,9408,71632.0,75213.0
2020-08-09,77507.0,77507.0,75600.0,77386.0,542574574495,7011251,6275,73817.0,77507.0
2020-08-10,80000.0,80000.0,73517.0,75480.0,560076859216,7420239,7670,77386.0,73517.0
2020-08-11,71706.0,74990.0,71706.0,71946.0,208163538381,2893326,2826,75480.0,71706.0
2020-08-12,73500.0,75450.0,68349.0,70064.0,273849236763,3908567,5152,71946.0,68399.0
2020-08-15,66561.0,70007.0,66561.0,66850.0,104382484649,1561441,1907,70064.0,66561.0
2020-08-16,63508.0,63508.0,63508.0,63924.0,62283502252,980719,1227,66850.0,63508.0
2020-08-17,60730.0,63000.0,60728.0,60917.0,284178856902,4665043,5069,63924.0,60890.0
2020-08-18,63508.0,63962.0,59500.0,62661.0,325755757248,5198740,5213,60917.0,60000.0
2020-08-19,59528.0,60000.0,59528.0,59531.0,68281817197,1147001,1147,62661.0,59528.0
2020-08-22,59530.0,62507.0,56555.0,57491.0,159225435369,2769571,2930,59531.0,56555.0
2020-08-23,54617.0,54617.0,54617.0,55408.0,44345290044,811932,736,57491.0,54617.0
2020-08-24,52638.0,52638.0,52638.0,54112.0,27593208066,524207,416,55408.0,52638.0
2020-08-25,51407.0,56810.0,51407.0,53839.0,330100170833,6131291,4942,54112.0,55745.0
2020-08-26,56000.0,56530.0,55000.0,56390.0,105843852621,1877010,1714,53839.0,56530.0
2020-08-31,59207.0,59207.0,53571.0,54977.0,206145465203,3749688,3248,56390.0,53571.0
2020-09-01,52229.0,53000.0,52229.0,52243.0,60977402526,1167188,758,54977.0,52229.0
2020-09-02,49631.0,49631.0,49631.0,51276.0,20576218504,414584,346,52243.0,49631.0
2020-09-05,48800.0,52300.0,48713.0,48868.0,202957757117,4153184,2861,51276.0,48880.0
2020-09-06,50000.0,50000.0,46425.0,47237.0,124677936895,2639426,2448,48868.0,46425.0
2020-09-07,44876.0,44876.0,44876.0,46309.0,19762403128,440378,232,47237.0,44876.0
2020-09-08,43994.0,43994.0,43994.0,46025.0,6050406832,137528,120,46309.0,43994.0
2020-09-09,43724.0,45600.0,43724.0,43802.0,223673622179,5106510,3156,46025.0,43800.0
2020-09-12,45000.0,45992.0,44220.0,45816.0,187374171476,4089666,1468,43802.0,45992.0
2020-09-13,48106.0,48106.0,46250.0,48057.0,405804146398,8444195,2526,45816.0,48106.0
2020-09-14,50459.0,50459.0,50459.0,50459.0,72735538402,1441478,513,48057.0,50459.0
2020-09-15,52981.0,52981.0,52981.0,51811.0,32430835682,612122,361,50459.0,52981.0
2020-09-16,54401.0,54401.0,54401.0,52775.0,23116344925,424925,468,51811.0,54401.0
2020-09-19,55413.0,55413.0,55413.0,54218.0,33951323448,612696,722,52775.0,55413.0
2020-09-20,56928.0,56928.0,55928.0,56924.0,1087459370491,19103677,6371,54218.0,56928.0
2020-09-21,55300.0,56000.0,54078.0,54485.0,527626978749,9683933,5646,56924.0,55310.0
2020-09-22,56010.0,57209.0,54700.0,56639.0,506045386069,8934512,4337,54485.0,57209.0
2020-09-23,59470.0,59470.0,59470.0,59470.0,73708426340,1239422,652,56639.0,59470.0
2020-09-26,62443.0,62443.0,62443.0,62434.0,69735155983,1116781,662,59470.0,62443.0
2020-09-27,65555.0,65555.0,59313.0,62405.0,1217559217168,19510676,8469,62434.0,60000.0
2020-09-28,59285.0,59285.0,59285.0,60485.0,40860644840,689224,257,62405.0,59285.0
2020-09-29,57461.0,61500.0,57461.0,58092.0,654024346599,11258467,5102,60485.0,57801.0
2020-09-30,58190.0,60996.0,56500.0,59916.0,294977254249,4923169,3597,58092.0,60996.0
2020-10-03,61600.0,62911.0,59010.0,62543.0,278355708676,4450634,2079,59916.0,62671.0
2020-10-04,63600.0,64000.0,59416.0,61090.0,386323977747,6323885,4596,62543.0,59416.0
2020-10-05,59000.0,59990.0,58036.0,58369.0,139003879225,2381453,1613,61090.0,58036.0
2020-10-06,61287.0,61287.0,61287.0,60069.0,39986335428,652444,153,58369.0,61287.0
2020-10-07,63040.0,63072.0,60000.0,62199.0,561917966117,9034243,5397,60069.0,62000.0
2020-10-10,62200.0,65308.0,60150.0,63971.0,453481427392,7088894,4578,62199.0,65308.0
2020-10-11,67169.0,67169.0,65533.0,66970.0,449493393730,6711872,4290,63971.0,65905.0
2020-10-12,67000.0,70318.0,65390.0,70044.0,789172205721,11266856,6337,66970.0,70318.0
2020-10-13,72277.0,73546.0,71000.0,73309.0,640203574159,8732988,6244,70044.0,73546.0
2020-10-14,76974.0,76974.0,75200.0,76925.0,632900173088,8227475,6389,73309.0,76974.0
2020-10-18,78200.0,79645.0,73079.0,74531.0,942415534180,12644573,10118,76925.0,73079.0
2020-10-19,70805.0,70805.0,70805.0,70805.0,169420929510,2392782,969,74531.0,70805.0
2020-10-20,67265.0,67265.0,67265.0,67265.0,100392272585,1492489,416,70805.0,67265.0
2020-10-21,67800.0,70628.0,66000.0,69445.0,668678568791,9628826,6981,67265.0,68469.0
2020-10-24,67180.0,69770.0,65973.0,66377.0,193079364698,2908846,1417,69445.0,65973.0
2020-10-26,63059.0,63059.0,63059.0,63059.0,100548899739,1594521,599,66377.0,63059.0
2020-10-27,59907.0,63059.0,59907.0,60195.0,262197119020,4355770,1994,63059.0,59907.0
2020-10-28,57186.0,58900.0,57186.0,57420.0,529837144162,9227360,3813,60195.0,57186.0
2020-10-31,59400.0,60291.0,57200.0,59093.0,380886915513,6445587,5015,57420.0,58800.0
2020-11-01,58000.0,58900.0,56139.0,56374.0,144628296038,2565496,1417,59093.0,56139.0
2020-11-02,53556.0,55500.0,53556.0,53782.0,154723691175,2876894,1554,56374.0,53556.0
2020-11-04,53450.0,54600.0,51093.0,51584.0,287619734941,5575748,3671,53782.0,51093.0
2020-11-07,49005.0,49005.0,49005.0,49435.0,45733622220,933244,256,51584.0,49005.0
2020-11-08,46964.0,46964.0,46964.0,49207.0,4858144016,103444,129,49435.0,46964.0
2020-11-09,46747.0,46747.0,46747.0,48296.0,19393507167,414861,218,49207.0,46747.0
2020-11-10,45882.0,47400.0,45882.0,46031.0,152111006211,3304507,1598,48296.0,45882.0
2020-11-11,43810.0,47015.0,43730.0,44864.0,524102447175,11682093,5769,46031.0,45680.0
2020-11-14,44730.0,47107.0,44700.0,46250.0,768880503596,16624419,7131,44864.0,47107.0
2020-11-15,48562.0,48562.0,43938.0,45638.0,945756304452,20723099,9553,46250.0,43939.0
2020-11-16,43730.0,46880.0,43357.0,44874.0,537187730201,11970980,7030,45638.0,44500.0
2020-11-17,44500.0,47117.0,43720.0,46865.0,756170755981,16135082,6189,44874.0,47117.0
2020-11-18,49208.0,49208.0,49208.0,49208.0,363382922248,7384631,1675,46865.0,49208.0
2020-11-21,51600.0,51668.0,47660.0,50871.0,955871674478,18790069,5765,49208.0,49310.0
2020-11-22,51800.0,53414.0,48400.0,52342.0,1015895512042,19408620,7992,50871.0,53414.0
2020-11-23,54190.0,54959.0,53414.0,54839.0,562916660020,10264923,3934,52342.0,54959.0
2020-11-24,57580.0,57580.0,52600.0,56210.0,1448478520061,25768857,11131,54839.0,53700.0
2020-11-25,53400.0,57000.0,53400.0,54204.0,875723433108,16156013,8412,56210.0,53400.0
2020-11-28,51494.0,53340.0,51494.0,51833.0,1392638327187,26867612,13413,54204.0,51510.0
2020-11-29,52600.0,54424.0,52100.0,54147.0,660703061854,12202080,6197,51833.0,54424.0
2020-11-30,55760.0,56800.0,53046.0,54609.0,781654066531,14313661,9299,54147.0,53380.0
2020-12-01,52350.0,56500.0,52000.0,54728.0,806186877081,14730735,8868,54609.0,54410.0
2020-12-02,54795.0,56000.0,52900.0,54321.0,570710979390,10506313,7843,54728.0,53100.0
2020-12-05,54700.0,57037.0,53120.0,56232.0,591190101106,10513393,6255,54321.0,57037.0
2020-12-06,59043.0,59043.0,58000.0,58997.0,836527932248,14179261,6742,56232.0,59043.0
2020-12-07,59048.0,61500.0,56048.0,58580.0,1016807370391,17357668,11814,58997.0,56400.0
2020-12-08,56800.0,60990.0,56800.0,59095.0,753593634400,12752220,9100,58580.0,59780.0
2020-12-09,58500.0,62049.0,58500.0,61881.0,877546899893,14181262,7271,59095.0,62049.0
2020-12-12,64500.0,64975.0,62500.0,64450.0,1364164173746,21166379,12649,61881.0,63350.0
2020-12-13,63350.0,65800.0,61228.0,62604.0,913544414837,14592412,9898,64450.0,62800.0
2020-12-14,61800.0,62800.0,59474.0,60079.0,382312241552,6363541,4532,62604.0,59474.0
2020-12-15,57076.0,57076.0,57076.0,57076.0,129373712592,2266692,664,60079.0,57076.0
2020-12-16,54223.0,55900.0,54223.0,54569.0,1155691036543,21178435,9009,57076.0,54920.0
2020-12-19,56990.0,57297.0,55555.0,57119.0,486294217615,8513748,3722,54569.0,57297.0
2020-12-20,59950.0,59974.0,57200.0,59518.0,1010768515129,16982498,9858,57119.0,59974.0
2020-12-21,60840.0,62017.0,57332.0,59844.0,764820335261,12780203,9074,59518.0,58200.0
2020-12-22,57550.0,61000.0,57382.0,59104.0,713532423774,12072514,8344,59844.0,57999.0
2020-12-23,59000.0,60000.0,57000.0,58163.0,530060199441,9113283,7315,59104.0,57170.0
2020-12-26,57130.0,57170.0,55255.0,55495.0,679973958198,12252840,8060,58163.0,55255.0
2020-12-27,52800.0,55500.0,52721.0,53214.0,686550876443,12901796,7787,55495.0,53390.0
2020-12-28,54000.0,55874.0,53510.0,55750.0,580040439667,10404359,4703,53214.0,55874.0
2020-12-29,57820.0,58490.0,54800.0,56167.0,694133292473,12358374,8652,55750.0,56900.0
2020-12-30,57000.0,57700.0,53395.0,55099.0,399960254350,7258942,5839,56167.0,53395.0
2021-01-02,52530.0,54999.0,52345.0,52500.0,441802745071,8415255,4278,55099.0,52345.0
2021-01-03,51000.0,53801.0,50978.0,52174.0,419643986037,8043129,5626,52500.0,51620.0
2021-01-04,52497.0,53000.0,50000.0,51130.0,499894556802,9776880,7350,52174.0,50025.0
2021-01-05,49500.0,51000.0,48574.0,48715.0,723002864518,14841531,7755,51130.0,48574.0
2021-01-06,47100.0,48027.0,46280.0,46382.0,412035978571,8883455,4788,48715.0,46280.0
2021-01-09,46500.0,48701.0,46500.0,48569.0,650055663903,13384038,4672,46382.0,48701.0
2021-01-10,50997.0,50997.0,50000.0,50991.0,240946811925,4725262,1791,48569.0,50997.0
2021-01-11,53293.0,53500.0,48442.0,50310.0,775190247122,15408212,9130,50991.0,48599.0
2021-01-12,47900.0,48558.0,47795.0,47855.0,139353761859,2911994,1627,50310.0,47795.0
2021-01-13,45463.0,46370.0,45463.0,45527.0,436765317182,9593515,3266,47855.0,45463.0
2021-01-16,44430.0,45200.0,43251.0,43511.0,241872570570,5558933,1870,45527.0,43251.0
2021-01-18,41336.0,41336.0,41336.0,41529.0,42181858568,1020463,179,43511.0,41336.0
2021-01-19,39453.0,42850.0,39453.0,40608.0,621373076844,15301753,6731,41529.0,39780.0
2021-01-20,41000.0,42180.0,40000.0,41167.0,400403887322,9726236,5276,40608.0,40690.0
2021-01-23,42400.0,43225.0,41000.0,42933.0,213584635199,4974792,1851,41167.0,43225.0
2021-01-24,45079.0,45079.0,40787.0,42768.0,590614599462,13809859,5921,42933.0,40820.0
2021-01-25,41010.0,42500.0,40630.0,41126.0,357673247545,8696908,4136,42768.0,40630.0
2021-01-26,39800.0,41000.0,39070.0,39201.0,169248021832,4317448,2018,41126.0,39070.0
2021-01-27,37241.0,39000.0,37241.0,37314.0,470807971437,12617605,4796,39201.0,37400.0
2021-01-30,37120.0,39179.0,37120.0,38998.0,290703115362,7454330,2834,37314.0,39179.0
2021-01-31,40400.0,40880.0,37049.0,38311.0,462342008769,12068242,5590,38998.0,37049.0
2021-02-01,37860.0,37860.0,36396.0,36649.0,152074440560,4149445,2061,38311.0,36396.0
2021-02-02,35120.0,36600.0,34817.0,34922.0,592567226430,16968389,4714,36649.0,35370.0
2021-02-03,35960.0,36600.0,33300.0,34756.0,522177439454,15023906,5444,34922.0,33868.0
2021-02-06,33050.0,34270.0,33019.0,33124.0,64379880071,1943627,610,34756.0,33019.0
2021-02-07,31600.0,34780.0,31600.0,34144.0,380819672727,11153200,3452,33124.0,34780.0
2021-02-08,35680.0,35680.0,32437.0,33456.0,405717606649,12126743,4904,34144.0,32730.0
2021-02-09,32890.0,34500.0,31800.0,33370.0,397911199257,11924334,5170,33456.0,34190.0
2021-02-13,35368.0,35372.0,35000.0,35363.0,137806096285,3896874,1060,33370.0,35372.0
2021-02-14,37484.0,37484.0,34980.0,36151.0,548776390329,15180157,5601,35363.0,35860.0
2021-02-15,35900.0,38000.0,35428.0,36422.0,305739278625,8394467,4070,36151.0,36090.0
2021-02-16,36980.0,36980.0,35694.0,35917.0,157049805805,4372582,2369,36422.0,35694.0
2021-02-17,35420.0,35998.0,35199.0,35410.0,40512594740,1149110,621,35917.0,35199.0
2021-02-20,34702.0,34702.0,34702.0,34807.0,41700664658,1201679,362,35410.0,34702.0
2021-02-21,34111.0,34111.0,34111.0,34762.0,3137154559,91969,87,34807.0,34111.0
2021-02-22,34067.0,34067.0,34067.0,34733.0,2001368116,58748,84,34762.0,34067.0
2021-02-23,34039.0,34039.0,34039.0,34508.0,15558341886,457074,179,34733.0,34039.0
2021-02-24,33818.0,34702.0,33818.0,33846.0,61522705143,1817737,703,34508.0,33818.0
2021-02-27,33170.0,33170.0,33170.0,33825.0,1527312650,46045,68,33846.0,33170.0
2021-02-28,33149.0,33149.0,33149.0,33786.0,2844084753,85797,47,33825.0,33149.0
2021-03-01,33111.0,33111.0,33111.0,33715.0,5178593511,156401,111,33786.0,33111.0
2021-03-02,33041.0,33041.0,33041.0,33600.0,8315031978,251658,142,33715.0,33041.0
2021-03-03,32928.0,32928.0,32928.0,33550.0,3591885024,109083,83,33600.0,32928.0
2021-03-06,32879.0,32879.0,32879.0,33497.0,3863085226,117494,67,33550.0,32879.0
2021-03-07,32828.0,32828.0,32828.0,33458.0,2834106896,86332,83,33497.0,32828.0
2021-03-08,32789.0,32789.0,32789.0,33321.0,10001104046,305014,198,33458.0,32789.0
2021-03-09,32655.0,32655.0,32655.0,33246.0,5479835550,167810,137,33321.0,32655.0
2021-03-10,32582.0,32582.0,32582.0,33194.0,3814244412,117066,96,33246.0,32582.0
2021-03-13,32531.0,32531.0,32531.0,33030.0,12107517704,372184,142,33194.0,32531.0
2021-03-14,32370.0,32370.0,32370.0,32937.0,6895554510,213023,170,33030.0,32370.0
2021-03-15,32279.0,32279.0,32279.0,32838.0,7297862273,226087,160,32937.0,32279.0
2021-03-16,32182.0,34590.0,32182.0,32902.0,881202144601,26782912,8662,32838.0,32990.0
2021-03-17,34000.0,34300.0,32244.0,32579.0,328550918048,10084839,4080,32902.0,32260.0
2021-03-27,31928.0,33458.0,31928.0,32357.0,304498595745,9410543,4365,32579.0,32860.0
2021-03-28,33290.0,33520.0,32430.0,32937.0,165764245524,5032819,2722,32357.0,32960.0
2021-03-30,32900.0,33490.0,32279.0,32569.0,106408124694,3267119,2277,32937.0,32279.0
2021-03-31,32055.0,32569.0,31918.0,31934.0,66519675831,2083021,788,32569.0,31918.0
2021-04-03,31296.0,31296.0,31296.0,31853.0,6223491264,198859,145,31934.0,31296.0
2021-04-04,31216.0,31216.0,31216.0,31740.0,8702021888,278768,69,31853.0,31216.0
2021-04-05,31106.0,31106.0,31106.0,31693.0,3632092090,116765,82,31740.0,31106.0
2021-04-06,31060.0,31060.0,31060.0,31638.0,4192789400,134990,97,31693.0,31060.0
2021-04-07,31006.0,31006.0,31006.0,31629.0,686565858,22143,57,31638.0,31006.0
2021-04-10,30997.0,30997.0,30997.0,31623.0,495890006,15998,28,31629.0,30997.0
2021-04-11,30991.0,30991.0,30991.0,31599.0,1869594057,60327,29,31623.0,30991.0
2021-04-12,30968.0,30968.0,30968.0,31583.0,1273775776,41132,51,31599.0,30968.0
2021-04-13,30952.0,30952.0,30952.0,31477.0,8187051616,264508,170,31583.0,30952.0
2021-04-14,30848.0,30848.0,30848.0,31459.0,1398463232,45334,42,31477.0,30848.0
2021-04-17,30830.0,30830.0,30830.0,31454.0,357812980,11606,28,31459.0,30830.0
2021-04-18,30825.0,30825.0,30825.0,31452.0,121820400,3952,13,31454.0,30825.0
2021-04-19,30823.0,30823.0,30823.0,31438.0,1074520603,34861,20,31452.0,30823.0
2021-04-20,30810.0,30810.0,30810.0,31416.0,1740148800,56480,46,31438.0,30810.0
2021-04-21,30474.0,30474.0,30474.0,31409.0,346946490,11385,18,31416.0,30474.0
2021-04-24,30467.0,30467.0,30467.0,31401.0,396802208,13024,20,31409.0,30467.0
2021-04-25,30459.0,30459.0,30459.0,31396.0,250982160,8240,17,31401.0,30459.0
2021-04-26,30455.0,30455.0,30455.0,31390.0,324558935,10657,25,31396.0,30455.0
2021-04-27,30449.0,30449.0,30449.0,31361.0,1501988272,49328,49,31390.0,30449.0
2021-04-28,30421.0,30421.0,30421.0,31338.0,1173337970,38570,46,31361.0,30421.0
2021-05-01,30398.0,30398.0,30398.0,31333.0,266468868,8766,15,31338.0,30398.0
2021-05-02,30394.0,30394.0,30394.0,31329.0,193427416,6364,13,31333.0,30394.0
2021-05-03,30390.0,30390.0,30390.0,31326.0,165412770,5443,10,31329.0,30390.0
2021-05-05,30387.0,30387.0,30387.0,31310.0,818018040,26920,33,31326.0,30387.0
2021-05-08,30371.0,30371.0,30371.0,31283.0,1409032174,46394,16,31310.0,30371.0
2021-05-09,30345.0,30345.0,30345.0,31279.0,190263150,6270,12,31283.0,30345.0
2021-05-10,30341.0,30341.0,30341.0,31272.0,353199581,11641,19,31279.0,30341.0
2021-05-11,30334.0,30334.0,30334.0,31254.0,945844454,31181,49,31272.0,30334.0
2021-05-12,30317.0,30317.0,30317.0,31228.0,1359353646,44838,41,31254.0,30317.0
2021-05-15,29667.0,29667.0,29667.0,31158.0,1499785518,50554,59,31228.0,29667.0
2021-05-16,29601.0,29601.0,29601.0,31139.0,399939111,13511,21,31158.0,29601.0
2021-05-17,29583.0,29583.0,29583.0,31098.0,880774659,29773,22,31139.0,29583.0
2021-05-18,29544.0,29544.0,29544.0,31034.0,1353203832,45803,27,31098.0,29544.0
2021-05-19,29483.0,29483.0,29483.0,31008.0,546614820,18540,17,31034.0,29483.0
2021-05-22,29458.0,29458.0,29458.0,30996.0,254723326,8647,9,31008.0,29458.0
2021-05-23,29447.0,29447.0,29447.0,30979.0,366703491,12453,9,30996.0,29447.0
2021-05-24,29431.0,29431.0,29431.0,30941.0,815827320,27720,11,30979.0,29431.0
2021-05-25,29394.0,29394.0,29394.0,30895.0,976292316,33214,27,30941.0,29394.0
2021-05-26,29351.0,29351.0,29351.0,30839.0,1182375684,40284,27,30895.0,29351.0
2021-05-29,29298.0,29298.0,29298.0,30700.0,2957457312,100944,117,30839.0,29298.0
2021-05-30,29165.0,29165.0,29165.0,30491.0,4451453950,152630,98,30700.0,29165.0
2021-05-31,28967.0,28967.0,28967.0,30479.0,264932182,9146,22,30491.0,28967.0
2021-06-01,28956.0,28956.0,28956.0,30441.0,798896040,27590,27,30479.0,28956.0
2021-06-02,28919.0,28919.0,28919.0,30373.0,1443405128,49912,43,30441.0,28919.0
2021-06-07,28855.0,28855.0,28855.0,30336.0,779892940,27028,49,30373.0,28855.0
2021-06-08,28820.0,28820.0,28820.0,30296.0,844973580,29319,42,30336.0,28820.0
2021-06-09,27267.0,27267.0,27267.0,28981.0,13260705576,486328,366,30296.0,27267.0
2021-06-12,27532.0,27532.0,27532.0,28938.0,905389820,32885,39,28981.0,27532.0
2021-06-13,27492.0,27492.0,27492.0,28903.0,746215356,27143,22,28938.0,27492.0
2021-06-14,27458.0,27458.0,27458.0,28867.0,771322678,28091,34,28903.0,27458.0
2021-06-15,27424.0,27424.0,27424.0,27424.0,85618770112,3122038,137,28867.0,27424.0
2021-06-16,26053.0,26053.0,26053.0,26053.0,116600748613,4475521,268,27424.0,26053.0
2021-06-19,24751.0,25760.0,24751.0,24908.0,1313933577342,52752116,11430,26053.0,25090.0
2021-06-20,25500.0,26153.0,24450.0,25736.0,511349317930,19868707,7118,24908.0,26153.0
2021-06-21,26200.0,27022.0,26000.0,26859.0,133226209233,4960264,1435,25736.0,27022.0
2021-06-22,28201.0,28201.0,28201.0,28201.0,83905561069,2975269,713,26859.0,28201.0
2021-06-23,29611.0,29611.0,29611.0,29611.0,41101607772,1388052,487,28201.0,29611.0
2021-06-26,31091.0,31091.0,31091.0,31091.0,42573123937,1369307,434,29611.0,31091.0
2021-06-27,32645.0,32645.0,30000.0,32436.0,1772533492322,54647149,13553,31091.0,32440.0
2021-06-28,31501.0,33870.0,30815.0,32083.0,981276558237,30585502,9812,32436.0,31450.0
2021-06-29,32600.0,33300.0,31202.0,32237.0,452649531641,14041516,5528,32083.0,32000.0
2021-06-30,33190.0,33190.0,30626.0,31439.0,576634147028,18341122,7512,32237.0,30750.0
2021-07-03,29880.0,31200.0,29868.0,29951.0,108091809364,3608911,1589,31439.0,29868.0
2021-07-04,28454.0,31300.0,28454.0,29718.0,903609487038,30405779,10141,29951.0,30700.0
2021-07-05,30875.0,31203.0,30630.0,31147.0,858237409482,27554324,6172,29718.0,31203.0
2021-07-06,31265.0,32100.0,29750.0,30549.0,738026286408,24158881,10423,31147.0,29830.0
2021-07-28,15980.0,15980.0,15980.0,15980.0,206805393720,12941514,674,12060.0,15980.0
2021-07-31,16779.0,16779.0,16779.0,16779.0,104812993383,6246677,1031,15980.0,16779.0
2021-08-01,17617.0,17617.0,17617.0,17617.0,50404245338,2861114,581,16779.0,17617.0
2021-08-02,18497.0,18497.0,18497.0,18497.0,53576153566,2896478,579,17617.0,18497.0
2021-08-03,19421.0,19421.0,19000.0,19400.0,1629556686566,83998796,12607,18497.0,19112.0
2021-08-04,19270.0,20370.0,19000.0,19991.0,646194462369,32324191,8127,19400.0,20370.0
2021-08-07,20792.0,20990.0,20146.0,20748.0,344149961140,16587290,4465,19991.0,20990.0
2021-08-08,21785.0,21785.0,21785.0,21648.0,52932517665,2429769,618,20748.0,21785.0
2021-08-09,22730.0,22730.0,22730.0,22730.0,82680034050,3637485,615,21648.0,22730.0
2021-08-10,23866.0,23866.0,23293.0,23846.0,765335781949,32094819,5100,22730.0,23866.0
2021-08-11,24500.0,25038.0,23350.0,24815.0,666513345485,26858953,6813,23846.0,25038.0
2021-08-14,26055.0,26055.0,25488.0,26047.0,294910104613,11322436,2585,24815.0,26055.0
2021-08-15,27349.0,27349.0,27349.0,27349.0,88388357932,3231868,852,26047.0,27349.0
2021-08-24,28716.0,28716.0,28716.0,27678.0,19346371224,673714,162,27349.0,28716.0
2021-08-25,29061.0,29061.0,29061.0,29061.0,87061466898,2995818,940,27678.0,29061.0
2021-08-28,30514.0,30514.0,30514.0,30514.0,88878646538,2912717,842,29061.0,30514.0
2021-08-30,28989.0,28989.0,28989.0,28989.0,145091452428,5005052,1776,30514.0,28989.0
2021-08-31,27540.0,30438.0,27540.0,29373.0,3009579423543,102459393,16547,28989.0,30438.0
2021-09-01,30841.0,30841.0,30027.0,30807.0,415516604553,13487843,2934,29373.0,30841.0
2021-09-04,32347.0,32347.0,30900.0,32305.0,887727308778,27479328,5332,30807.0,32300.0
2021-09-05,32100.0,33920.0,30800.0,33194.0,2934277819298,88396899,34068,32305.0,33400.0
2021-09-06,33145.0,34000.0,31535.0,31926.0,1781148633703,55789837,21200,33194.0,31535.0
2021-09-07,31250.0,31530.0,30330.0,30613.0,971435814437,31732979,11269,31926.0,30330.0
2021-09-08,30000.0,32143.0,30000.0,31897.0,463267269628,14523817,5644,30613.0,32143.0
2021-09-11,33491.0,33491.0,32350.0,33302.0,1624885279335,48792020,16323,31897.0,33491.0
2021-09-12,33968.0,34967.0,32001.0,33967.0,1392704407540,41001921,18341,33302.0,34967.0
2021-09-13,35665.0,35665.0,35655.0,35665.0,279168449815,7827527,1592,33967.0,35665.0
2021-09-21,36480.0,37448.0,36480.0,37319.0,2429948498332,65112453,16640,35665.0,37448.0
2021-09-22,37700.0,39184.0,35454.0,36560.0,2086252616627,57063859,24618,37319.0,35454.0
2021-09-25,34732.0,34732.0,34732.0,35059.0,77984245848,2245314,1361,36560.0,34732.0
2021-09-26,33307.0,33307.0,33307.0,34587.0,24546892623,736989,631,35059.0,33307.0
2021-09-28,32858.0,32858.0,32858.0,33867.0,37439358082,1139429,667,34587.0,32858.0
2021-09-29,32174.0,32174.0,32174.0,33371.0,25797885376,801824,602,33867.0,32174.0
2021-10-02,30404.0,30404.0,30404.0,30404.0,232194101436,7636959,1753,28957.0,30404.0
2021-10-03,31924.0,31924.0,28899.0,30435.0,2061406629931,67731603,22620,30404.0,29350.0
2021-10-04,30000.0,30180.0,28914.0,29090.0,195917353402,6734847,3202,30435.0,28914.0
2021-10-06,28886.0,30500.0,27636.0,28990.0,1812268446979,62513419,22490,29090.0,29796.0
2021-10-09,29407.0,29900.0,27541.0,28119.0,777683411047,27657143,11108,28990.0,27541.0
2021-10-10,27800.0,27800.0,26714.0,26793.0,829265106084,30951382,9194,28119.0,26714.0
2021-10-11,26280.0,27800.0,25454.0,26051.0,847785167305,32543299,10969,26793.0,25454.0
2021-10-12,25250.0,25250.0,24749.0,24775.0,293794807812,11858641,2514,26051.0,24749.0
2021-10-13,24289.0,24400.0,23537.0,23657.0,328862276364,13901185,3609,24775.0,23537.0
2021-10-16,22900.0,24839.0,22900.0,24502.0,846092273160,34531807,9441,23657.0,24775.0
2021-10-17,24600.0,24600.0,23277.0,23482.0,164319185154,6997692,2606,24502.0,23277.0
2021-10-18,22308.0,23000.0,22308.0,22366.0,819865427758,36656770,7506,23482.0,22376.0
2021-10-19,22500.0,22990.0,21250.0,21928.0,706800362558,32233065,10399,22366.0,21304.0
2021-10-20,21330.0,23024.0,21150.0,22374.0,897219582936,40101095,11335,21928.0,23000.0
2021-10-23,22920.0,23400.0,21700.0,22806.0,607571353194,26640439,9359,22374.0,22820.0
2021-10-25,22300.0,23946.0,22000.0,23579.0,494610266332,20976972,5591,22806.0,23946.0
2021-10-26,24757.0,24757.0,24110.0,24748.0,286807110697,11589149,1820,23579.0,24757.0
2021-10-27,25985.0,25985.0,25985.0,25985.0,141445371795,5443347,909,24748.0,25985.0
2021-10-30,27284.0,27284.0,24686.0,25847.0,1391373284815,53831963,13943,25985.0,24686.0
2021-10-31,24555.0,24555.0,24555.0,25305.0,28825163610,1173902,556,25847.0,24555.0
2021-11-01,25500.0,26570.0,25489.0,26341.0,1054902390023,40047440,10628,25305.0,26570.0
2021-11-02,26700.0,27658.0,26350.0,27403.0,729469248663,26620075,8970,26341.0,27658.0
2021-11-03,27544.0,28730.0,26444.0,27570.0,868566451198,31503870,12973,27403.0,26900.0
2021-11-06,27020.0,28780.0,26888.0,27956.0,891629817684,31894462,14420,27570.0,27510.0
2021-11-07,27520.0,28520.0,26559.0,27350.0,933482804032,34130797,11995,27956.0,26559.0
2021-11-08,25983.0,27100.0,25983.0,26209.0,710419304309,27105730,7671,27350.0,25983.0
2021-11-09,25460.0,27290.0,24899.0,25604.0,1108013792207,43275224,15610,26209.0,25040.0
2021-11-10,25391.0,25990.0,24324.0,24641.0,726028649050,29464218,11555,25604.0,24366.0
2021-11-13,23550.0,24373.0,23409.0,23481.0,431963349345,18396497,6031,24641.0,23409.0
2021-11-14,23482.0,23990.0,22557.0,23200.0,488656119781,21062514,8275,23481.0,22779.0
2021-11-15,23200.0,23430.0,22040.0,22433.0,533118731601,23764875,6808,23200.0,22040.0
2021-11-16,21570.0,23549.0,21312.0,22595.0,803867703884,35576510,11403,22433.0,22890.0
2021-11-17,23000.0,23700.0,22900.0,23371.0,355067107171,15192943,6176,22595.0,23300.0
2021-11-20,23550.0,23680.0,22203.0,22312.0,423904512798,18998724,5869,23371.0,22203.0
2021-11-21,22201.0,22800.0,21355.0,22017.0,379601777032,17241672,6244,22312.0,22025.0
2021-11-22,22600.0,23000.0,21900.0,22369.0,270088976952,12074408,4908,22017.0,22040.0
2021-11-23,22300.0,22300.0,21251.0,21525.0,251020269829,11661981,5948,22369.0,21268.0
2021-11-24,21700.0,22334.0,20449.0,21234.0,602901412256,28393284,8956,21525.0,22112.0
2021-11-27,22000.0,22205.0,21300.0,21880.0,458363288229,20948990,7139,21234.0,21700.0
2021-11-28,21700.0,22200.0,20787.0,21307.0,336861205843,15809680,5944,21880.0,20789.0
2021-11-29,20700.0,21172.0,20242.0,20358.0,274367267270,13476962,4207,21307.0,20242.0
2021-11-30,20000.0,20000.0,19341.0,19413.0,248808312723,12816519,4001,20358.0,19341.0
2021-12-01,18670.0,18710.0,18443.0,18478.0,160929174025,8709185,2725,19413.0,18443.0
2021-12-04,17955.0,18470.0,17555.0,17721.0,228729543911,12907587,3028,18478.0,17555.0
2021-12-05,17880.0,18607.0,17420.0,18283.0,155557154323,8508294,2136,17721.0,18607.0
2021-12-06,19197.0,19197.0,18487.0,19018.0,487997383188,25659314,5839,18283.0,18666.0
2021-12-07,18068.0,19680.0,18068.0,18522.0,1606980225683,86758357,16542,19018.0,18450.0
2021-12-08,18500.0,19440.0,18200.0,18874.0,712064799999,37727570,10517,18522.0,18720.0
2021-12-11,18800.0,19250.0,17931.0,18478.0,574368562402,31084446,8453,18874.0,18130.0
2021-12-12,18100.0,18400.0,17555.0,17584.0,353264451757,20090473,4345,18478.0,17555.0
2021-12-13,17020.0,18100.0,16705.0,17131.0,441932409305,25796610,6052,17584.0,16705.0
2021-12-14,16600.0,16710.0,16275.0,16364.0,760437514902,46471191,9006,17131.0,16340.0
2021-12-15,16440.0,17005.0,15760.0,16371.0,548200971030,33485720,8476,16364.0,16481.0
2021-12-18,16900.0,17189.0,16520.0,17149.0,238719000937,13920537,2255,16371.0,17189.0
2021-12-19,18000.0,18006.0,17540.0,17938.0,1894803579991,105633398,15494,17149.0,18006.0
2021-12-20,18230.0,18800.0,17532.0,18122.0,811920571053,44801846,9492,17938.0,17649.0
2021-12-21,17850.0,18695.0,17510.0,18116.0,532392612330,29387814,6953,18122.0,18100.0
2021-12-22,18116.0,19021.0,18116.0,18896.0,761871314955,40320244,7509,18116.0,18990.0
2021-12-25,18988.0,19300.0,17952.0,18436.0,800020366178,43395578,11446,18896.0,17990.0
2021-12-26,17720.0,18600.0,17610.0,18036.0,314154279660,17417954,4667,18436.0,17999.0
2021-12-27,18250.0,18600.0,17600.0,18031.0,304424934760,16883394,5860,18036.0,17881.0
2021-12-28,18000.0,18932.0,17601.0,18576.0,572091273163,30797153,5738,18031.0,18932.0
2021-12-29,19220.0,19400.0,18540.0,18985.0,857394751674,45161127,10462,18576.0,18720.0
2022-01-01,18550.0,19150.0,18200.0,18760.0,420578544875,22419003,5974,18985.0,18480.0
2022-01-02,18500.0,19100.0,18265.0,18645.0,298943223491,16033089,5173,18760.0,18422.0
2022-01-03,18450.0,18940.0,17895.0,18265.0,308757475068,16904430,5055,18645.0,18000.0
2022-01-04,18000.0,18000.0,17352.0,17428.0,296833314174,17031621,4214,18265.0,17352.0
2022-01-05,17050.0,17400.0,16557.0,16754.0,487586190767,29102309,7596,17428.0,16632.0
2022-01-08,16700.0,17350.0,15990.0,16550.0,305441089300,18459857,5746,16754.0,16280.0
2022-01-09,16200.0,16450.0,15730.0,15790.0,446157543320,28254376,6430,16550.0,15730.0
2022-01-10,15360.0,16500.0,15110.0,16020.0,380832712970,23777770,6760,15790.0,16210.0
2022-01-11,16250.0,16580.0,15330.0,15810.0,331293486470,20955983,5595,16020.0,15490.0
2022-01-12,15690.0,15970.0,15020.0,15270.0,377661873350,24729827,6432,15810.0,15020.0
2022-01-15,15270.0,15270.0,14510.0,14720.0,171941678250,11681790,3066,15270.0,14510.0
2022-01-16,14300.0,14460.0,13990.0,14040.0,430770326530,30685180,5171,14720.0,14030.0
2022-01-17,14200.0,14740.0,14000.0,14480.0,453214711800,31297491,6324,14040.0,14190.0
2022-01-18,14100.0,15000.0,13760.0,14040.0,292898919760,20867952,3268,14480.0,13760.0
2022-01-19,13810.0,14320.0,13400.0,13890.0,331444613730,23860271,4837,14040.0,13970.0
2022-01-22,14300.0,14400.0,13200.0,13650.0,313641167330,22977062,5647,13890.0,13200.0
2022-01-23,13170.0,13180.0,12970.0,13050.0,33100210730,2548337,748,13650.0,12970.0
2022-01-25,12400.0,12400.0,12400.0,12670.0,20121604000,1622710,276,13050.0,12400.0
2022-01-26,12680.0,13140.0,12040.0,12460.0,538996325650,43272372,8177,12670.0,12750.0
2022-01-29,12550.0,13080.0,12550.0,13020.0,175378995730,13470396,1767,12460.0,13080.0
2022-01-30,13580.0,13660.0,13020.0,13320.0,357715156570,26846969,5442,13020.0,13160.0
2022-01-31,13050.0,13980.0,12750.0,13740.0,471201035540,34299212,6211,13320.0,13970.0
2022-02-01,14200.0,14260.0,13350.0,13780.0,347454387280,25218770,5325,13740.0,13460.0
2022-02-02,13500.0,13650.0,13100.0,13270.0,368364708440,27762871,5622,13780.0,13150.0
2022-02-05,13390.0,13480.0,12610.0,12870.0,271000050180,21051572,4725,13270.0,12750.0
2022-02-06,12500.0,12500.0,12230.0,12270.0,175266651180,14287664,2705,12870.0,12230.0
2022-02-07,11660.0,12190.0,11660.0,11750.0,436618029330,37154133,5943,12270.0,11710.0
2022-02-08,11730.0,12180.0,11270.0,11670.0,258693463940,22166953,5125,11750.0,11460.0
2022-02-09,11640.0,12250.0,11360.0,12060.0,614672997100,50980553,6860,11670.0,12250.0
2022-02-12,12250.0,12290.0,11460.0,11810.0,449897790050,38109913,5972,12060.0,11480.0
2022-02-13,11400.0,11500.0,11220.0,11250.0,263756221510,23444294,4099,11810.0,11220.0
2022-02-14,10920.0,11500.0,10910.0,11240.0,254599933850,22656088,4045,11250.0,11250.0
2022-02-16,11380.0,11480.0,10680.0,10910.0,190540213120,17464039,4049,11240.0,10900.0
2022-02-19,10930.0,11220.0,10500.0,10870.0,211476804870,19452231,4042,10910.0,10820.0
2022-02-20,10890.0,11400.0,10670.0,11050.0,296592495850,26841928,4697,10870.0,11340.0
2022-02-21,11440.0,11600.0,11400.0,11580.0,611718191160,52823554,4038,11050.0,11600.0
2022-02-22,11790.0,11800.0,11170.0,11420.0,309551786510,27096708,5578,11580.0,11220.0
2022-02-23,11190.0,11650.0,11020.0,11360.0,199728261080,17586923,3455,11420.0,11340.0
2022-02-26,11220.0,11300.0,10800.0,10870.0,270476474450,24886029,4447,11360.0,10800.0
2022-02-27,10790.0,11400.0,10550.0,11100.0,228064737420,20552425,4748,10870.0,11290.0
2022-02-28,11340.0,11540.0,11130.0,11260.0,138865466900,12331354,2937,11100.0,11170.0
2022-03-02,11300.0,11620.0,11050.0,11320.0,199343429560,17605271,4043,11260.0,11300.0
2022-03-05,11250.0,11800.0,11250.0,11560.0,205235424790,17758831,3342,11320.0,11430.0
2022-03-06,11600.0,11980.0,11310.0,11690.0,260038131370,22243319,4903,11560.0,11850.0
2022-03-07,11700.0,11990.0,11300.0,11620.0,226638536510,19506144,4423,11690.0,11380.0
2022-03-08,11270.0,11490.0,11040.0,11200.0,160198396730,14297618,3432,11620.0,11090.0
2022-03-09,11310.0,11420.0,11070.0,11240.0,177143508830,15760400,3241,11200.0,11190.0
2022-03-12,11000.0,11000.0,10680.0,10730.0,198946475430,18547650,3581,11240.0,10680.0
2022-03-13,10520.0,11040.0,10520.0,10740.0,136224038690,12686330,3136,10730.0,10650.0
2022-03-14,10770.0,10890.0,10510.0,10650.0,125304246270,11760403,2585,10740.0,10550.0
2022-03-15,10650.0,10860.0,10510.0,10730.0,108510058500,10116585,2339,10650.0,10700.0
2022-03-16,10820.0,11260.0,10820.0,11240.0,226538096340,20154259,2850,10730.0,11260.0
2022-03-19,11510.0,11800.0,11510.0,11760.0,275730124740,23442971,3314,11240.0,11800.0
2022-03-26,12000.0,12300.0,11300.0,11680.0,297050382050,25433660,5488,11760.0,11400.0
2022-03-27,11500.0,11980.0,11350.0,11700.0,254777510510,21774221,4163,11680.0,11630.0
2022-03-28,0.0,0.0,0.0,11700.0,254777510510,21774221,4163,11700.0,11630.0
2022-03-29,12280.0,12280.0,11950.0,12230.0,790499915580,64629602,7227,11700.0,12260.0
2022-03-30,12220.0,12840.0,12000.0,12610.0,227794689100,18061710,2634,12230.0,12840.0
2022-04-03,13240.0,13240.0,13070.0,13240.0,182847101310,13811304,1123,12610.0,13240.0
2022-04-04,13900.0,13900.0,13130.0,13620.0,1155597414280,84847538,11415,13240.0,13350.0
2022-04-05,13480.0,14300.0,13200.0,14020.0,610155583480,43518236,4866,13620.0,14300.0
2022-04-06,14600.0,14720.0,13560.0,14350.0,1205195339960,83969579,11826,14020.0,13870.0
2022-04-09,13990.0,14890.0,13640.0,14240.0,745246618640,52346376,8124,14350.0,14400.0
2022-04-10,14350.0,14950.0,14350.0,14770.0,488733205130,33083356,5694,14240.0,14740.0
2022-04-11,14790.0,14900.0,14040.0,14360.0,549006375010,38227258,7286,14770.0,14210.0
2022-04-12,13890.0,14210.0,13650.0,13670.0,344563532530,25197996,3350,14360.0,13650.0
2022-04-13,13050.0,13900.0,13050.0,13490.0,338470657840,25083160,4442,13670.0,13600.0
2022-04-16,13790.0,14060.0,13560.0,13830.0,283284227190,20486253,3512,13490.0,13890.0
2022-04-17,14100.0,14520.0,13750.0,14390.0,643577880810,44733123,5289,13830.0,14520.0
2022-04-18,14940.0,15190.0,14330.0,14810.0,530647185200,35824705,6419,14390.0,14590.0
2022-04-19,14500.0,15220.0,14450.0,14790.0,348867715760,23583908,4584,14810.0,14580.0
2022-04-20,14700.0,15110.0,14120.0,14440.0,346626737750,24012807,4877,14790.0,14290.0
2022-04-24,14350.0,14770.0,14200.0,14460.0,244893880350,16932827,3303,14440.0,14410.0
2022-04-25,14300.0,15030.0,14150.0,14660.0,346480351170,23636672,4711,14460.0,14510.0
2022-04-26,14700.0,14980.0,14450.0,14620.0,290687758930,19879615,4673,14660.0,14490.0
2022-04-27,14530.0,14950.0,14380.0,14610.0,262770400720,17986709,4696,14620.0,14440.0
2022-04-30,14300.0,14840.0,14300.0,14570.0,368912223370,25311724,4994,14610.0,14380.0
2022-05-01,14330.0,14730.0,14330.0,14520.0,312034082620,21488023,4445,14570.0,14400.0
2022-05-02,14460.0,15220.0,14290.0,14920.0,558378996360,37416527,6864,14520.0,15090.0
2022-05-07,15430.0,15810.0,15430.0,15770.0,676567351300,42894561,6348,14920.0,15810.0
2022-05-08,16500.0,16500.0,15770.0,16130.0,616399629960,38218148,8100,15770.0,15920.0
2022-05-09,16000.0,16000.0,15170.0,15330.0,607645651820,39641266,7786,16130.0,15170.0
2022-05-10,15050.0,15920.0,15000.0,15600.0,336386265110,21558751,4466,15330.0,15520.0
2022-05-11,15970.0,16100.0,15440.0,15710.0,381309035500,24270542,5148,15600.0,15570.0
2022-05-14,15800.0,15990.0,14990.0,15240.0,513258086210,33672952,7072,15710.0,15100.0
2022-05-15,15000.0,15820.0,14550.0,15330.0,541921322340,35358949,7310,15240.0,15570.0
2022-05-16,15870.0,16240.0,15570.0,16050.0,553749068110,34510072,7716,15330.0,15960.0
2022-05-17,16150.0,16150.0,15090.0,15390.0,485766595670,31564212,6809,16050.0,15290.0
2022-05-18,15100.0,15580.0,14770.0,15130.0,236985769260,15661490,4090,15390.0,15190.0
2022-05-21,15210.0,15390.0,14690.0,15040.0,249274985700,16575223,3613,15130.0,14930.0
2022-05-22,15000.0,15380.0,14880.0,15050.0,228585544140,15185492,2940,15040.0,14960.0
2022-05-23,15040.0,15050.0,14150.0,14230.0,525870375470,36950323,5828,15050.0,14220.0
2022-05-24,14000.0,14600.0,13710.0,14090.0,224983986080,15973181,3286,14230.0,14030.0
2022-05-25,13900.0,14450.0,13800.0,13990.0,240519447100,17193669,3837,14090.0,14010.0
2022-05-28,14050.0,14200.0,13160.0,13280.0,371768182830,27990658,5173,13990.0,13170.0
2022-05-29,12830.0,13790.0,12490.0,13020.0,436283308620,33509078,5637,13280.0,13540.0
2022-05-30,13200.0,13670.0,12880.0,13200.0,263132304340,19941018,4442,13020.0,13060.0
2022-05-31,13090.0,13370.0,12850.0,13100.0,168102045640,12832349,3126,13200.0,12980.0
2022-06-01,13000.0,13100.0,12780.0,12910.0,255574766390,19794740,4165,13100.0,12940.0
2022-06-12,12220.0,12870.0,12050.0,12360.0,181544347520,14688458,2811,12810.0,12370.0
2022-06-13,12400.0,12910.0,12370.0,12660.0,255714828030,20192622,3675,12360.0,12640.0
2022-06-14,12700.0,13000.0,12370.0,12680.0,204597067360,16135200,3210,12660.0,12380.0
2022-06-15,12490.0,12490.0,11980.0,12150.0,210268367480,17305793,3973,12680.0,12220.0
2022-06-18,12200.0,12470.0,11430.0,11590.0,275294952790,23756854,4250,12150.0,11460.0
2022-06-19,11530.0,11820.0,11210.0,11530.0,164150448440,14241755,3130,11590.0,11450.0
2022-06-20,11320.0,11820.0,11320.0,11590.0,219290599290,18926674,3260,11530.0,11520.0
2022-06-21,11450.0,11680.0,11150.0,11360.0,145441816610,12804225,2689,11590.0,11390.0
2022-06-22,11260.0,11550.0,11090.0,11390.0,156472100340,13739356,2395,11360.0,11500.0
2022-06-25,11500.0,12070.0,11500.0,11990.0,425412801580,35470882,5188,11390.0,12070.0
2022-06-26,12180.0,12300.0,11500.0,11880.0,166057794350,13981134,2767,11990.0,11840.0
2022-06-27,11510.0,12100.0,11510.0,11820.0,147927389770,12516719,2306,11880.0,11850.0
2022-06-28,12000.0,12100.0,11670.0,11890.0,98682677920,8301491,1993,11820.0,11740.0
2022-06-29,11910.0,12240.0,11650.0,11960.0,142067601580,11877413,2471,11890.0,12070.0
2022-07-02,11960.0,12000.0,11500.0,11700.0,122908341800,10501914,2250,11960.0,11520.0
2022-07-03,11550.0,11790.0,11450.0,11570.0,135551377660,11720624,2323,11700.0,11520.0
2022-07-04,11580.0,11710.0,11390.0,11550.0,146338555190,12671292,2424,11570.0,11490.0
2022-07-05,11590.0,11590.0,11260.0,11390.0,166777604840,14641862,2602,11550.0,11400.0
2022-07-06,11500.0,11500.0,10900.0,11080.0,158968847290,14351212,2846,11390.0,11060.0
2022-07-09,11050.0,11150.0,10460.0,10690.0,248245148560,23222535,4302,11080.0,10700.0
2022-07-11,10860.0,10950.0,10280.0,10570.0,170718553380,16154293,3534,10690.0,10360.0
2022-07-12,10990.0,11200.0,10860.0,11170.0,215586194120,19306380,2368,10570.0,11200.0
2022-07-13,11310.0,11700.0,11130.0,11370.0,231296928900,20346834,3398,11170.0,11190.0
2022-07-16,11150.0,11230.0,10750.0,10890.0,126054038430,11578289,2762,11370.0,10780.0
2022-07-17,10920.0,10920.0,10400.0,10480.0,136136893390,12989316,2786,10890.0,10450.0
2022-07-19,10550.0,10750.0,10330.0,10510.0,104232253140,9912950,2308,10480.0,10500.0
2022-07-20,10590.0,10950.0,10500.0,10700.0,87365946850,8168350,1857,10510.0,10650.0
2022-07-23,10720.0,11130.0,10720.0,10920.0,87004630490,7970103,2013,10700.0,10850.0
2022-07-24,10930.0,10950.0,10270.0,10370.0,206692557060,19926029,4037,10920.0,10300.0
2022-07-25,10390.0,10390.0,9750.0,9830.0,196788777070,20009649,3374,10370.0,9880.0
2022-07-26,9710.0,10160.0,9700.0,9920.0,161212376040,16255784,2730,9830.0,9930.0
2022-07-27,9800.0,10090.0,9750.0,9890.0,134753918080,13628743,2039,9920.0,9880.0
2022-07-30,9990.0,10150.0,9380.0,9700.0,160130432300,16509941,2940,9890.0,9490.0
2022-07-31,9480.0,9590.0,9120.0,9140.0,248897916730,27238873,3427,9700.0,9140.0
2022-08-01,9140.0,9590.0,9080.0,9290.0,138253242290,14876866,2496,9140.0,9190.0
2022-08-02,9100.0,9270.0,8740.0,8840.0,237588104330,26865752,4295,9290.0,8990.0
2022-08-03,8980.0,9150.0,8850.0,9000.0,134438267400,14930586,2409,8840.0,9130.0
2022-08-06,9270.0,9540.0,9160.0,9520.0,272848529300,28673606,2587,9000.0,9540.0
2022-08-09,9600.0,9910.0,9260.0,9600.0,155078142930,16151659,2862,9520.0,9450.0
2022-08-10,9350.0,9670.0,9160.0,9350.0,102822433620,10991812,2363,9600.0,9310.0
2022-08-13,9480.0,9910.0,9400.0,9860.0,161760769150,16412466,1942,9350.0,9910.0
2022-08-14,10100.0,10150.0,9530.0,9780.0,162641345480,16628691,2936,9860.0,9580.0
2022-08-15,9660.0,10090.0,9400.0,9790.0,158166330260,16156111,2935,9780.0,9880.0
2022-08-16,10000.0,10090.0,9560.0,9790.0,135793183300,13869900,2162,9790.0,9600.0
2022-08-17,9640.0,9980.0,9620.0,9760.0,88942371220,9112181,1638,9790.0,9740.0
2022-08-20,9760.0,9840.0,9440.0,9560.0,103753182680,10850659,1746,9760.0,9470.0
2022-08-21,9540.0,10130.0,9400.0,10080.0,283173711270,28079326,2293,9560.0,10130.0
2022-08-22,10680.0,10680.0,10500.0,10680.0,156886942570,14692751,855,10080.0,10680.0
2022-08-23,11320.0,11320.0,11320.0,11320.0,97523939480,8615189,593,10680.0,11320.0
2022-08-24,11990.0,11990.0,11340.0,11670.0,1065224848230,91294588,9770,11320.0,11420.0
2022-08-27,11420.0,12330.0,11320.0,11900.0,632456387450,53130356,7346,11670.0,11650.0
2022-08-28,11650.0,11820.0,11190.0,11440.0,253617454530,22176049,4338,11900.0,11280.0
2022-08-29,11300.0,11970.0,11280.0,11720.0,325352471760,27754834,4667,11440.0,11640.0
2022-08-30,11720.0,12000.0,11370.0,11640.0,202331096810,17380024,3326,11720.0,11580.0
2022-08-31,11610.0,11650.0,11320.0,11460.0,166508438180,14535014,2268,11640.0,11390.0
2022-09-03,11400.0,11540.0,10660.0,10790.0,234438075220,21735195,3782,11460.0,10670.0
2022-09-04,10660.0,11000.0,10600.0,10780.0,125081911000,11604652,2154,10790.0,10670.0
2022-09-05,10580.0,10980.0,10580.0,10850.0,137553539890,12672017,2287,10780.0,10710.0
2022-09-06,10850.0,10940.0,10360.0,10660.0,133096236190,12486916,2472,10850.0,10610.0
2022-09-07,10740.0,10740.0,10090.0,10300.0,248275176730,24096245,4101,10660.0,10290.0
2022-09-19,8700.0,8700.0,8150.0,8360.0,106477556540,12735158,2235,8580.0,8270.0
2022-09-20,8360.0,8360.0,7900.0,8070.0,136540095110,16910061,2773,8360.0,7960.0
2022-09-21,8000.0,8010.0,7690.0,7800.0,141760903430,18167455,2702,8070.0,7920.0
2022-09-24,7800.0,7800.0,7260.0,7350.0,202984445760,27608057,3182,7800.0,7260.0
2022-09-26,7350.0,7860.0,7350.0,7790.0,165776367930,21272150,1916,7350.0,7860.0
2022-09-28,8210.0,8330.0,8050.0,8300.0,328625267400,39579192,2388,7790.0,8330.0
2022-10-01,8300.0,8300.0,7720.0,7830.0,273919246700,34965840,4088,8300.0,7720.0
2022-10-02,7690.0,8230.0,7690.0,8080.0,267955123380,33169415,4057,7830.0,8230.0
2022-10-03,8250.0,8590.0,8120.0,8350.0,219448806500,26293503,3571,8080.0,8250.0
2022-10-04,8230.0,8930.0,8230.0,8750.0,327508950830,37434981,4527,8350.0,8930.0
2022-10-08,8980.0,9350.0,8880.0,9100.0,325746889490,35785901,4385,8750.0,8980.0
2022-10-09,8870.0,8990.0,8470.0,8550.0,285823266410,33413251,3893,9100.0,8650.0
2022-10-10,8660.0,8950.0,8480.0,8740.0,178674980910,20451940,2985,8550.0,8880.0
2022-10-11,8950.0,8980.0,8630.0,8800.0,143565153310,16309141,2332,8740.0,8690.0
2022-10-12,8600.0,8750.0,8470.0,8570.0,105862482700,12351565,2180,8800.0,8600.0
2022-10-15,8610.0,8720.0,8320.0,8510.0,104242731650,12245205,1955,8570.0,8390.0
2022-10-16,8320.0,8390.0,7980.0,8090.0,198748601560,24573794,2805,8510.0,8050.0
2022-10-17,8010.0,8480.0,8010.0,8240.0,124017309430,15054971,2272,8090.0,8370.0
2022-10-18,8440.0,8450.0,8130.0,8250.0,94887129620,11500418,1739,8240.0,8180.0
2022-10-19,8120.0,8200.0,7980.0,8060.0,105233606190,13061625,2377,8250.0,8020.0
2022-10-22,8070.0,8420.0,8020.0,8220.0,133593745590,16247838,2479,8060.0,8120.0
2022-10-23,8220.0,8220.0,8020.0,8080.0,83914081700,10381376,1781,8220.0,8120.0
2022-10-24,8040.0,8200.0,7700.0,7890.0,128140857530,16238271,2622,8080.0,7810.0
2022-10-25,7890.0,8060.0,7630.0,7780.0,103500295810,13298031,2545,7890.0,7730.0
2022-10-26,7780.0,7820.0,7270.0,7380.0,173362424440,23495937,3017,7780.0,7410.0
2022-10-29,7520.0,7870.0,7310.0,7550.0,190970973440,25305882,3082,7380.0,7450.0
2022-10-30,7300.0,7850.0,7250.0,7550.0,224395052780,29716911,3362,7550.0,7810.0
2022-10-31,7800.0,8070.0,7720.0,7920.0,304945607990,38485760,3556,7550.0,8070.0
2022-11-01,8080.0,8200.0,7850.0,8010.0,211530959600,26403715,3252,7920.0,7940.0
2022-11-02,7830.0,8080.0,7690.0,7880.0,172135609550,21851293,2942,8010.0,7880.0
2022-11-05,8000.0,8430.0,7910.0,8350.0,428943446410,51370441,4551,7880.0,8390.0
2022-11-06,8420.0,8860.0,8230.0,8590.0,426957406040,49722251,5003,8350.0,8860.0
2022-11-07,8870.0,9190.0,8820.0,9150.0,243113286830,26557542,2252,8590.0,9190.0
2022-11-08,9790.0,9790.0,9260.0,9610.0,914877766300,95212386,8427,9150.0,9430.0
2022-11-09,9330.0,9930.0,9260.0,9710.0,564536790610,58116633,6004,9610.0,9850.0
2022-11-12,9940.0,9940.0,9460.0,9710.0,342785314160,35303098,4649,9710.0,9480.0
2022-11-13,9360.0,9750.0,9300.0,9490.0,280580981180,29573284,3699,9710.0,9400.0
2022-11-14,9330.0,9530.0,8830.0,9070.0,422395169550,46565302,4621,9490.0,9030.0
2022-11-15,9010.0,9240.0,9010.0,9110.0,254763792970,27962959,3104,9070.0,9110.0
2022-11-16,9150.0,9580.0,8980.0,9350.0,324849333210,34761744,3738,9110.0,9460.0
2022-11-19,9480.0,9570.0,8950.0,9250.0,246471126240,26634996,3240,9350.0,9310.0
2022-11-20,9420.0,9870.0,9400.0,9670.0,289064925500,29889188,3456,9250.0,9650.0
2022-11-21,9680.0,9790.0,9450.0,9590.0,219774466610,22925651,2868,9670.0,9470.0
2022-11-22,9510.0,9780.0,9360.0,9590.0,168417700030,17562726,2481,9590.0,9750.0
2022-11-23,9790.0,9810.0,9500.0,9640.0,166833436900,17302631,2401,9590.0,9530.0
2022-11-26,9490.0,9800.0,9470.0,9590.0,121643205250,12679970,1871,9640.0,9480.0
2022-11-27,9590.0,9630.0,9300.0,9470.0,202853810760,21413149,2498,9590.0,9470.0
2022-11-28,9700.0,9770.0,9440.0,9600.0,195063395030,20312610,2808,9470.0,9530.0
2022-11-29,9650.0,9700.0,9450.0,9620.0,124698304230,12967177,1806,9600.0,9640.0
2022-11-30,9700.0,9780.0,9500.0,9640.0,124476422710,12915785,1776,9620.0,9530.0
2022-12-03,9600.0,9610.0,9370.0,9460.0,90800507310,9594515,1967,9640.0,9410.0
2022-12-04,9410.0,9670.0,9330.0,9450.0,165462812490,17518063,2519,9460.0,9410.0
2022-12-05,9360.0,9480.0,9120.0,9260.0,177309346680,19151155,2926,9450.0,9200.0
2022-12-06,9200.0,9470.0,9110.0,9300.0,155489294120,16713403,2441,9260.0,9220.0
2022-12-07,9280.0,9580.0,9200.0,9350.0,167722663180,17940414,2302,9300.0,9240.0
2022-12-10,9210.0,9260.0,9000.0,9070.0,166026455470,18304623,2540,9350.0,9100.0
2022-12-11,9150.0,9460.0,9010.0,9330.0,257388108620,27588003,2880,9070.0,9420.0
2022-12-12,9500.0,9980.0,9430.0,9840.0,453660425230,46095098,3466,9330.0,9980.0
2022-12-13,10520.0,10520.0,10440.0,10520.0,887462481880,84395820,4975,9840.0,10520.0
2022-12-14,10650.0,11180.0,10610.0,10840.0,693074082720,63941605,7701,10520.0,10800.0
2022-12-17,10910.0,11590.0,10850.0,11410.0,1134519109290,99449079,9415,10840.0,11480.0
2022-12-18,11570.0,11740.0,11150.0,11360.0,933599149770,82158361,11190,11410.0,11310.0
2022-12-19,11360.0,11910.0,11070.0,11470.0,749186921190,65326012,7702,11360.0,11460.0
2022-12-20,11530.0,11530.0,10960.0,11210.0,607265079340,54178568,5951,11470.0,11330.0
2022-12-21,11400.0,11800.0,11370.0,11560.0,394159986770,34103774,4386,11210.0,11490.0
2022-12-24,11770.0,12290.0,11560.0,12040.0,496405520250,41239026,5105,11560.0,12180.0
2022-12-25,12250.0,12450.0,11760.0,12000.0,744777203820,62072182,8072,12040.0,11820.0
2022-12-26,11980.0,12050.0,11580.0,11790.0,557137135690,47261738,6503,12000.0,11730.0
2022-12-28,11900.0,12350.0,11900.0,12040.0,872932094850,72492138,7839,11790.0,12050.0
2022-12-31,11850.0,11850.0,11200.0,11310.0,810100091330,71629939,8663,12040.0,11200.0
2023-01-01,11200.0,11500.0,10670.0,10970.0,661076985670,60277213,7722,11310.0,10900.0
2023-01-02,11060.0,11430.0,11000.0,11250.0,517615351980,45991820,5345,10970.0,11200.0
2023-01-03,11250.0,11440.0,10810.0,11050.0,567716669390,51368201,7769,11250.0,10840.0
2023-01-04,10830.0,11690.0,10650.0,11300.0,527606019480,46678551,6685,11050.0,11280.0
2023-01-07,11500.0,11620.0,11240.0,11410.0,528456955890,46303861,6460,11300.0,11430.0
2023-01-08,11590.0,12200.0,11500.0,12070.0,1349963569320,111813005,9517,11410.0,12200.0
2023-01-09,12400.0,12580.0,12030.0,12340.0,783849435820,63516017,7155,12070.0,12290.0
2023-01-10,12300.0,12770.0,11970.0,12240.0,918226683930,75025053,9259,12340.0,12060.0
2023-01-11,12070.0,12400.0,11560.0,11940.0,732459400580,61323406,8041,12240.0,11600.0
2023-01-14,11400.0,11760.0,11150.0,11490.0,499882690570,43494479,5881,11940.0,11590.0
2023-01-16,11750.0,12250.0,11750.0,12070.0,551442902110,45688077,5931,11490.0,12190.0
2023-01-17,12260.0,12400.0,11630.0,11970.0,713602620320,59601958,7921,12070.0,11740.0
2023-01-18,11700.0,11900.0,11510.0,11660.0,527068277380,45191043,6906,11970.0,11570.0
2023-01-21,11790.0,11870.0,10900.0,11240.0,504304693140,44862359,6525,11660.0,11080.0
2023-01-22,11120.0,11500.0,10670.0,11190.0,480949884550,42965321,5865,11240.0,11400.0
2023-01-23,11530.0,11710.0,10810.0,11320.0,349148192680,30839115,4838,11190.0,11270.0
2023-01-24,11390.0,11470.0,11000.0,11170.0,263295780030,23576036,3556,11320.0,11110.0
2023-01-25,11020.0,11290.0,10390.0,10550.0,628478786480,59561142,7862,11170.0,10390.0
2023-01-28,10570.0,10630.0,9990.0,10260.0,544137171430,53023074,6063,10550.0,10180.0
2023-01-29,10180.0,10180.0,9550.0,9620.0,501673054640,52144342,5539,10260.0,9560.0
2023-01-30,9600.0,9950.0,8960.0,9340.0,562618934300,60218016,6538,9620.0,9500.0
2023-01-31,9590.0,9670.0,9210.0,9440.0,362836327190,38437725,4517,9340.0,9390.0
2023-02-01,9610.0,9610.0,9090.0,9280.0,303986627570,32744702,4537,9440.0,9290.0
2023-02-05,9400.0,9400.0,8640.0,8900.0,464261562210,52157222,6128,9280.0,8690.0
2023-02-06,8600.0,9120.0,8420.0,8860.0,392651326430,44309131,5046,8900.0,9100.0
2023-02-07,9160.0,9470.0,9120.0,9320.0,386864408680,41489385,4425,8860.0,9410.0
2023-02-08,9480.0,9580.0,8960.0,9130.0,351919064420,38544957,5083,9320.0,9020.0
2023-02-12,9190.0,9190.0,8710.0,8850.0,239831548760,27090979,3469,9130.0,8850.0
2023-02-13,8980.0,9050.0,8760.0,8910.0,243548365120,27327205,3221,8850.0,8860.0
2023-02-14,8810.0,8910.0,8520.0,8650.0,236505963840,27351666,3988,8910.0,8550.0
2023-02-15,8500.0,8590.0,8350.0,8430.0,182422337700,21635949,3243,8650.0,8450.0
2023-02-19,8520.0,8890.0,8520.0,8690.0,216721115050,24930586,3499,8430.0,8690.0
2023-02-20,8840.0,9290.0,8840.0,9170.0,259724894480,28338600,2326,8690.0,9290.0
2023-02-21,9700.0,9810.0,9320.0,9670.0,685555874400,70929097,6819,9170.0,9550.0
2023-02-22,9550.0,9690.0,9250.0,9410.0,319336117380,33949553,3895,9670.0,9510.0
2023-02-25,9950.0,10060.0,9900.0,10040.0,103774370980,10336150,914,9410.0,10060.0
2023-02-26,10740.0,10740.0,10310.0,10650.0,1425342402690,133785682,9051,10040.0,10520.0
2023-02-27,10500.0,11150.0,10310.0,10810.0,790922974700,73175405,7756,10650.0,10890.0
2023-02-28,10900.0,11560.0,10650.0,11430.0,955028494280,83552645,7140,10810.0,11560.0
2023-03-01,11600.0,12090.0,11000.0,11560.0,1393001170380,120453540,11816,11430.0,11150.0
2023-03-04,11170.0,11710.0,10980.0,11320.0,610848902040,53939269,6301,11560.0,11330.0
2023-03-05,11490.0,12000.0,11490.0,11750.0,623270784590,53028858,5248,11320.0,11550.0
2023-03-06,11610.0,12450.0,11160.0,11970.0,928568019870,77560394,7919,11750.0,12220.0
2023-03-07,12400.0,12800.0,12240.0,12600.0,1325126829310,105198616,9638,11970.0,12800.0
2023-03-11,13000.0,13340.0,13000.0,13140.0,43756250890,3329461,305,12600.0,13340.0
2023-03-12,12990.0,12990.0,12230.0,12430.0,461129211680,37104001,3877,13140.0,12230.0
2023-03-13,12210.0,12850.0,11970.0,12400.0,603325201710,48672713,6970,12430.0,12170.0
2023-03-14,12150.0,13100.0,12150.0,12790.0,645473593790,50447419,8107,12400.0,13060.0
2023-03-15,13190.0,13680.0,12990.0,13570.0,1405134925510,103516233,8369,12790.0,13680.0
2023-03-18,14000.0,14510.0,13840.0,14490.0,1365201009140,94233187,6521,13570.0,14510.0
2023-03-19,14930.0,14930.0,13700.0,14040.0,1102537045960,78530788,11672,14490.0,13730.0
2023-03-25,13850.0,14750.0,13600.0,14040.0,1150965670450,81991843,11583,14040.0,13690.0
2023-03-26,13450.0,13450.0,13060.0,13130.0,115982325530,8836738,1524,14040.0,13060.0
2023-03-28,14000.0,14190.0,13630.0,13920.0,599216089140,43055293,6121,13510.0,13890.0
2023-03-29,14150.0,14660.0,13860.0,14380.0,892775566950,62101983,9313,13920.0,14530.0
2023-04-03,14370.0,15380.0,13700.0,15050.0,1083398493160,72001045,9092,14380.0,15380.0
2023-04-04,16100.0,16100.0,15350.0,15910.0,2128785673620,133777840,12996,15050.0,15620.0
2023-04-05,15500.0,16620.0,15300.0,16170.0,1006425451700,62235046,9178,15910.0,16230.0
2023-04-08,16290.0,17100.0,15750.0,16510.0,1145018998550,69337775,10624,16170.0,16040.0
2023-04-09,16050.0,16800.0,15800.0,16130.0,1343264724040,83251687,13871,16510.0,16040.0
2023-04-10,16140.0,16550.0,15010.0,15550.0,1702084835890,109444014,14620,16130.0,15120.0
2023-04-11,15110.0,15840.0,14880.0,15360.0,890648795810,57971152,8378,15550.0,15600.0
2023-04-15,16010.0,16430.0,15800.0,16350.0,1080670735570,66101186,6876,15360.0,16430.0
2023-04-16,17000.0,17090.0,16430.0,16770.0,1033053672400,61596050,9432,16350.0,16570.0
2023-04-17,16500.0,17180.0,16220.0,16740.0,949185892750,56689597,9066,16770.0,16490.0
2023-04-18,16730.0,17790.0,16730.0,17250.0,1267889473700,73493645,9665,16740.0,17250.0
2023-04-19,17290.0,17850.0,16860.0,17280.0,1082041588550,62602645,8625,17250.0,17060.0
2023-04-24,17000.0,17180.0,16430.0,16740.0,1171769287570,70009616,11108,17280.0,16700.0
2023-04-25,16720.0,17500.0,16160.0,16710.0,1086303116850,65004463,10902,16740.0,16170.0
2023-04-26,16120.0,16650.0,15900.0,16170.0,1215587257820,75176607,11710,16710.0,15980.0
2023-04-29,16300.0,16770.0,15850.0,16120.0,1276535209700,79174944,10619,16170.0,16280.0
2023-04-30,16600.0,17240.0,16600.0,17190.0,2011746030250,117039267,8828,16120.0,17240.0
2023-05-01,18040.0,18390.0,17280.0,17930.0,1883329101000,105012272,13044,17190.0,18170.0
2023-05-02,18420.0,18850.0,18140.0,18510.0,956885526440,51704251,8016,17930.0,18400.0
2023-05-03,18800.0,18800.0,17530.0,18010.0,1698603127610,94307830,16009,18510.0,17700.0
2023-05-06,18160.0,18630.0,17650.0,18070.0,1614694719920,89368695,14148,18010.0,17700.0
2023-05-07,16810.0,16810.0,16810.0,16810.0,105441212490,6272529,695,18070.0,16810.0
2023-05-08,15640.0,15640.0,15640.0,15640.0,160861638440,10285271,1086,16810.0,15640.0
2023-05-09,14550.0,15500.0,14550.0,14860.0,1606297938780,108092375,12430,15640.0,15310.0
2023-05-10,15140.0,15430.0,13820.0,14100.0,809004121030,57378688,7271,14860.0,13820.0
2023-05-13,13600.0,14200.0,13120.0,13310.0,1008904666200,75773009,8448,14100.0,13620.0
2023-05-14,14090.0,14240.0,13700.0,14090.0,689559506460,48925308,5065,13310.0,14240.0
2023-05-15,14690.0,14690.0,13740.0,14180.0,662521804560,46727558,5995,14090.0,13990.0
2023-05-17,14120.0,14990.0,13910.0,14500.0,547305843500,37750808,4962,14180.0,14710.0
2023-05-20,14990.0,15070.0,14050.0,14400.0,508492112770,35323677,5117,14500.0,14180.0
2023-05-21,14690.0,14690.0,14450.0,14590.0,40708966380,2782722,347,14400.0,14580.0
2023-05-22,14970.0,15210.0,14510.0,14860.0,632031983530,42537573,5511,14590.0,15050.0
2023-05-23,15290.0,15900.0,15100.0,15840.0,1515363580790,95637390,8913,14860.0,15750.0
2023-05-24,15800.0,15960.0,15250.0,15540.0,567053686530,36482916,6122,15840.0,15360.0
2023-05-27,15500.0,15500.0,14610.0,14920.0,596584002110,39994057,6952,15540.0,14700.0
2023-05-28,14320.0,14680.0,13880.0,13980.0,827856663300,59204398,6849,14920.0,14210.0
2023-05-29,14130.0,14450.0,14000.0,14140.0,320462462580,22668145,3720,13980.0,14020.0
2023-05-30,14280.0,14350.0,13840.0,14040.0,465709652770,33164464,6120,14140.0,13900.0
2023-05-31,13980.0,14010.0,13400.0,13670.0,287608510240,21038663,3680,14040.0,13660.0
2023-06-03,13750.0,14250.0,13470.0,13920.0,291488729000,20934822,3500,13670.0,14080.0
2023-06-06,14300.0,14890.0,13860.0,14490.0,601998457610,41551747,6080,13920.0,14700.0
2023-06-07,14800.0,14900.0,14280.0,14610.0,273497950370,18722434,3364,14490.0,14300.0
2023-06-10,13890.0,14190.0,13590.0,13620.0,473810610930,34797025,4977,14610.0,13590.0
2023-06-11,13080.0,14280.0,13080.0,13920.0,429323330460,30834911,5991,13620.0,14140.0
2023-06-12,14240.0,14700.0,13280.0,13890.0,602624056340,43377920,6657,13920.0,13760.0
2023-06-13,13890.0,14300.0,13750.0,14040.0,365809133550,26047027,3550,13890.0,14100.0
2023-06-14,14210.0,14760.0,14100.0,14420.0,335481209560,23269860,3776,14040.0,14220.0
2023-06-17,14600.0,14720.0,14020.0,14320.0,333071627250,23255987,4213,14420.0,14050.0
2023-06-18,13980.0,14200.0,13710.0,13900.0,293391471500,21110432,3404,14320.0,13810.0
2023-06-19,14000.0,14200.0,13400.0,13740.0,289746009370,21085500,4313,13900.0,13420.0
2023-06-20,13480.0,13750.0,13220.0,13540.0,252140827750,18624284,2917,13740.0,13550.0
2023-06-21,13700.0,14000.0,13350.0,13610.0,297277772020,21842188,3819,13540.0,13450.0
2023-06-24,13220.0,13700.0,13160.0,13350.0,263104550850,19708808,3861,13610.0,13190.0
2023-06-25,13470.0,14280.0,13310.0,14030.0,638728256710,45514472,5936,13350.0,13960.0
2023-06-26,14140.0,14200.0,13570.0,13840.0,444383231960,32104081,6369,14030.0,13640.0
2023-07-03,13510.0,14490.0,13510.0,14010.0,263651079360,18823779,3076,13790.0,13990.0
2023-07-04,14260.0,14660.0,13990.0,14320.0,380085869180,26543911,4739,14010.0,14150.0
2023-07-05,13940.0,14470.0,13940.0,14240.0,277312773760,19477368,3423,14320.0,14090.0
2023-07-08,14220.0,14340.0,13750.0,13960.0,227344118700,16283931,3908,14240.0,13780.0
2023-07-09,14000.0,14000.0,13470.0,13630.0,323934725050,23764905,3786,13960.0,13570.0
2023-07-10,13410.0,13650.0,13210.0,13410.0,275082999850,20508848,3592,13630.0,13340.0
2023-07-11,13420.0,13590.0,12730.0,13040.0,442384722040,33917535,4419,13410.0,12790.0
2023-07-12,12610.0,12930.0,12130.0,12390.0,423404046730,34168248,5421,13040.0,12540.0
2023-07-15,12600.0,12850.0,11980.0,12370.0,265871237420,21500321,3718,12390.0,12040.0
2023-07-16,12110.0,12300.0,11510.0,11630.0,299881178210,25782276,3882,12370.0,11510.0
2023-07-17,11570.0,11570.0,10820.0,10960.0,433468625410,39555596,5294,11630.0,11290.0
2023-07-18,11350.0,11720.0,11290.0,11620.0,302152607060,25994388,3005,10960.0,11720.0
2023-07-19,11900.0,12340.0,11320.0,11830.0,505445836610,42726113,5354,11620.0,11420.0
2023-07-22,11340.0,11540.0,11010.0,11060.0,313668975820,28348563,3830,11830.0,11010.0
2023-07-23,10980.0,11350.0,10740.0,11060.0,231670015310,20953817,2753,11060.0,11060.0
2023-07-24,11240.0,11550.0,11060.0,11230.0,159684363250,14218743,2286,11060.0,11160.0
2023-07-25,11240.0,11540.0,11050.0,11310.0,192623460200,17029516,2451,11230.0,11140.0
2023-07-26,11290.0,11460.0,11050.0,11280.0,130104266900,11538960,1736,11310.0,11310.0
2023-07-29,11510.0,11510.0,11010.0,11200.0,120914771580,10792051,1900,11280.0,11030.0
2023-07-30,10950.0,11190.0,10500.0,10700.0,160565157820,15002666,2897,11200.0,10600.0
2023-07-31,10700.0,11010.0,10610.0,10780.0,138372204400,12838277,1880,10700.0,10830.0
2023-08-01,10890.0,11260.0,10890.0,11090.0,146877643850,13244451,2048,10780.0,11200.0
2023-08-05,11330.0,11710.0,11230.0,11520.0,175761950750,15260482,2465,11090.0,11660.0
2023-08-06,11670.0,11800.0,11300.0,11560.0,216797212650,18747975,2463,11520.0,11590.0
2023-08-07,11510.0,12000.0,11380.0,11620.0,177489484480,15269323,2420,11560.0,11440.0
2023-08-08,11440.0,11550.0,11000.0,11180.0,149347585480,13359029,2381,11620.0,11170.0
2023-08-09,11110.0,11320.0,10870.0,10990.0,129323833790,11764089,2395,11180.0,10920.0
2023-08-12,10770.0,10870.0,10230.0,10310.0,292864524860,28408539,3826,10990.0,10270.0
2023-08-13,10020.0,10800.0,10020.0,10450.0,183087566170,17522892,2564,10310.0,10580.0
2023-08-14,10780.0,10800.0,10330.0,10560.0,146823435190,13904353,1971,10450.0,10340.0
2023-08-15,10350.0,10480.0,10050.0,10190.0,126205062180,12381131,1972,10560.0,10200.0
2023-08-16,10420.0,10420.0,10030.0,10170.0,136208429310,13393487,2185,10190.0,10130.0
2023-08-19,10170.0,10300.0,9690.0,9890.0,149082916750,15072656,2891,10170.0,9750.0
2023-08-20,9640.0,10200.0,9640.0,9980.0,179628917240,17989999,2435,9890.0,10080.0
2023-08-21,10220.0,10440.0,9850.0,10100.0,109754058500,10869612,1885,9980.0,9880.0
2023-08-22,10000.0,10080.0,9560.0,9710.0,129809996250,13370567,2278,10100.0,9620.0
2023-08-23,9760.0,10350.0,9650.0,10030.0,123837070610,12345942,2053,9710.0,10330.0
2023-08-26,10400.0,10730.0,10250.0,10640.0,290248370930,27286506,2567,10030.0,10730.0
2023-08-27,11010.0,11380.0,10640.0,11180.0,353994548130,31664941,3867,10640.0,11240.0
2023-08-28,11350.0,11660.0,11000.0,11270.0,333384933970,29575595,3893,11180.0,11040.0
2023-08-29,11040.0,11630.0,11000.0,11310.0,203766673750,18018809,2611,11270.0,11200.0
2023-08-30,11200.0,11520.0,11100.0,11310.0,173629739220,15345912,2387,11310.0,11280.0
2023-09-02,11210.0,11410.0,10850.0,11100.0,206297209780,18578803,2952,11310.0,10960.0
2023-09-03,11080.0,11460.0,10870.0,11210.0,332056233020,29621046,3155,11100.0,11200.0
2023-09-04,11340.0,11870.0,11180.0,11630.0,322954319500,27776100,3428,11210.0,11630.0
2023-09-05,11660.0,12100.0,11380.0,11680.0,286343998630,24505745,3272,11630.0,11470.0
2023-09-09,11470.0,11470.0,10870.0,11010.0,279508899450,25384781,3527,11680.0,10870.0
2023-09-10,11010.0,11150.0,10710.0,10920.0,141496128640,12956465,2236,11010.0,10770.0
2023-09-11,10920.0,11070.0,10750.0,10860.0,168430930690,15503952,1721,10920.0,10800.0
2023-09-12,10600.0,11060.0,10600.0,10860.0,257439302710,23707298,2727,10860.0,10750.0
2023-09-13,10950.0,10950.0,10700.0,10790.0,159860488770,14817322,1494,10860.0,10840.0
2023-09-17,10950.0,11540.0,10800.0,11430.0,561428056020,49114972,2946,10790.0,11540.0
2023-09-18,11870.0,11980.0,11510.0,11780.0,670490965280,56929460,5883,11430.0,11630.0
2023-09-19,11600.0,11930.0,11400.0,11730.0,298482751740,25441089,2883,11780.0,11610.0
2023-09-20,11790.0,11790.0,11310.0,11490.0,305010930700,26543100,2635,11730.0,11380.0
2023-09-23,11380.0,11670.0,11300.0,11430.0,185321585090,16212783,2039,11490.0,11370.0
2023-09-25,11450.0,11490.0,10880.0,11050.0,319954848540,28958082,4050,11430.0,10890.0
2023-10-02,9030.0,9450.0,8840.0,9420.0,471860442020,50074510,2778,8840.0,9450.0
2023-10-04,9550.0,9580.0,9180.0,9340.0,254808596930,27274912,3451,9420.0,9320.0
2023-10-07,9310.0,9320.0,8950.0,9080.0,199399085930,21965661,2604,9340.0,9010.0
2023-10-08,8990.0,8990.0,8450.0,8490.0,204671801790,24115537,2423,9080.0,8450.0
2023-10-09,8200.0,8660.0,8170.0,8370.0,246271260590,29429406,3313,8490.0,8310.0
2023-10-10,8380.0,8770.0,8280.0,8550.0,142508558880,16658364,1926,8370.0,8690.0
2023-10-11,8800.0,8800.0,8350.0,8550.0,132585463960,15498297,1923,8550.0,8410.0
2023-10-14,8390.0,8530.0,8040.0,8240.0,139762042570,16970357,2266,8550.0,8180.0
2023-10-15,8250.0,8430.0,8150.0,8280.0,76108151890,9194338,1390,8240.0,8300.0
2023-10-16,8390.0,8850.0,8300.0,8780.0,318816574000,36317100,2650,8280.0,8850.0
2023-10-17,8980.0,9090.0,8690.0,8860.0,236755530240,26715167,2903,8780.0,8710.0
2023-10-18,8400.0,8760.0,8370.0,8540.0,139285938080,16311860,1932,8860.0,8570.0
2023-10-21,8600.0,8850.0,8540.0,8660.0,96444984140,11141616,1411,8540.0,8580.0
2023-10-22,8690.0,8840.0,8560.0,8680.0,100745562970,11608478,1549,8660.0,8560.0
2023-10-23,8660.0,8660.0,8400.0,8500.0,98949062150,11636231,1426,8680.0,8400.0
2023-10-24,8500.0,8500.0,8080.0,8200.0,139776420080,17039546,2333,8500.0,8160.0
2023-10-25,8190.0,8350.0,8110.0,8220.0,66468390600,8090845,1150,8200.0,8250.0
2023-10-28,8020.0,8030.0,7650.0,7680.0,264480605990,34440375,3212,8220.0,7650.0
2023-10-29,7600.0,7910.0,7510.0,7770.0,133156440840,17135501,2383,7680.0,7760.0
2023-10-30,7800.0,8140.0,7750.0,7970.0,149937697470,18824384,2088,7770.0,7910.0
2023-10-31,8000.0,8020.0,7640.0,7780.0,122663103820,15770466,2425,7970.0,7650.0
2023-11-01,7540.0,7600.0,7240.0,7410.0,164765561460,22241924,2541,7780.0,7500.0
2023-11-04,7780.0,7920.0,7740.0,7880.0,348816853700,44281677,2428,7410.0,7920.0
2023-11-05,8070.0,8270.0,7910.0,8080.0,250512687570,30985811,2903,7880.0,7960.0
2023-11-06,7870.0,8520.0,7870.0,8300.0,204146568750,24605314,2659,8080.0,8330.0
2023-11-07,8370.0,8800.0,8310.0,8550.0,262435384220,30682654,2667,8300.0,8620.0
2023-11-08,8680.0,8680.0,8370.0,8480.0,209980319710,24765195,2301,8550.0,8390.0
2023-11-11,8490.0,8680.0,8300.0,8460.0,123258739780,14563754,1761,8480.0,8400.0
2023-11-12,8620.0,8620.0,8300.0,8470.0,134734357050,15908950,1590,8460.0,8480.0
2023-11-13,8500.0,8940.0,8500.0,8730.0,249100045150,28547612,2384,8470.0,8600.0
2023-11-14,8550.0,8700.0,8430.0,8540.0,140381151950,16443976,1731,8730.0,8450.0
2023-11-15,8520.0,8660.0,8400.0,8510.0,124436355220,14627835,1514,8540.0,8430.0
2023-11-18,8540.0,8570.0,8280.0,8360.0,137766983460,16475876,1823,8510.0,8340.0
2023-11-19,8340.0,8620.0,8250.0,8440.0,106690730290,12644856,1474,8360.0,8330.0
2023-11-20,8270.0,8350.0,8140.0,8230.0,116406702410,14147764,1990,8440.0,8180.0
2023-11-21,8300.0,8310.0,8170.0,8230.0,100799528660,12254533,1308,8230.0,8220.0
2023-11-22,8300.0,8480.0,8200.0,8330.0,97712961470,11729478,1494,8230.0,8250.0
2023-11-25,8300.0,8430.0,7990.0,8160.0,210904112310,25841578,2628,8330.0,8090.0
2023-11-26,8200.0,8300.0,8110.0,8190.0,110463809870,13493910,1823,8160.0,8160.0
2023-11-27,8200.0,8300.0,8000.0,8100.0,204803379700,25291139,2699,8190.0,8070.0
2023-11-28,8080.0,8520.0,8030.0,8340.0,243199800130,29159113,2902,8100.0,8430.0
2023-11-29,8420.0,8750.0,8370.0,8580.0,227945615680,26553315,2681,8340.0,8620.0
2023-12-02,8740.0,8900.0,8600.0,8760.0,263864533370,30127106,2914,8580.0,8610.0
2023-12-03,8700.0,9050.0,8570.0,8830.0,268404279890,30386886,3006,8760.0,8980.0
2023-12-04,9060.0,9400.0,8910.0,9190.0,352371189310,38354603,3582,8830.0,9010.0
2023-12-05,9010.0,9500.0,8900.0,9240.0,274606942210,29704772,3252,9190.0,9130.0
2023-12-06,9130.0,9140.0,8900.0,9000.0,227012804860,25228589,2765,9240.0,8920.0
2023-12-09,8780.0,9040.0,8640.0,8810.0,179093736440,20335398,2388,9000.0,8670.0
2023-12-10,8790.0,9020.0,8680.0,8860.0,192564459510,21742025,2305,8810.0,8760.0
2023-12-11,8810.0,9000.0,8720.0,8830.0,151619125620,17179952,1951,8860.0,8770.0
2023-12-12,8750.0,9190.0,8750.0,9000.0,268179838040,29791292,2839,8830.0,8900.0
2023-12-13,8970.0,9070.0,8840.0,8910.0,106155668210,11911706,1458,9000.0,8880.0
2023-12-16,8880.0,9060.0,8790.0,8930.0,181567986520,20325144,2047,8910.0,8930.0
2023-12-18,8950.0,9400.0,8950.0,9220.0,360037086710,39034550,3638,8930.0,9130.0
2023-12-19,9150.0,9390.0,9060.0,9210.0,214265924390,23270621,2542,9220.0,9080.0
2023-12-20,9020.0,9200.0,8990.0,9080.0,172387582990,18988789,1792,9210.0,9060.0
2023-12-23,9150.0,9370.0,8960.0,9220.0,193189009780,20949737,2483,9080.0,9140.0
2023-12-24,9210.0,9210.0,8980.0,9060.0,159997368390,17651649,1884,9220.0,9010.0
2023-12-25,9000.0,9150.0,8860.0,8950.0,138894597040,15523162,2068,9060.0,8890.0
2023-12-26,8900.0,8900.0,8660.0,8750.0,167152467910,19093173,2177,8950.0,8660.0
2023-12-27,8620.0,8870.0,8620.0,8760.0,147710744130,16868137,1940,8750.0,8790.0
2023-12-30,8830.0,9050.0,8690.0,8840.0,121588099440,13757416,1988,8760.0,8720.0
2023-12-31,8900.0,8900.0,8630.0,8720.0,132153759380,15147641,1717,8840.0,8690.0
2024-01-01,8690.0,8740.0,8460.0,8550.0,197816525650,23130306,2871,8720.0,8470.0
2024-01-02,8420.0,8560.0,8400.0,8460.0,121231877470,14337721,1791,8550.0,8470.0
2024-01-03,8440.0,8600.0,8380.0,8460.0,114967172240,13582303,1811,8460.0,8440.0
2024-01-06,8390.0,8600.0,8310.0,8450.0,142632122460,16888909,2122,8460.0,8510.0
2024-01-07,8510.0,8660.0,8410.0,8510.0,110500873940,12991478,1820,8450.0,8430.0
2024-01-08,8430.0,8690.0,8320.0,8510.0,156223288410,18347254,1828,8510.0,8530.0
2024-01-09,8470.0,8590.0,8410.0,8470.0,126178585670,14889864,1525,8510.0,8420.0
2024-01-10,8550.0,8660.0,8470.0,8580.0,145850660530,16991003,1749,8470.0,8600.0
2024-01-13,8680.0,8970.0,8460.0,8790.0,285469638360,32488482,3116,8580.0,8720.0
2024-01-14,8880.0,9090.0,8790.0,8930.0,212123933400,23767158,2602,8790.0,8870.0
2024-01-15,8870.0,9040.0,8650.0,8800.0,175454692000,19933451,2322,8930.0,8700.0
2024-01-16,8650.0,8700.0,8490.0,8550.0,129358783740,15134098,2000,8800.0,8520.0
2024-01-17,8600.0,8600.0,8390.0,8460.0,139948642530,16544072,2062,8550.0,8400.0
2024-01-20,8500.0,8580.0,8040.0,8230.0,237782025740,28882146,3039,8460.0,8140.0
2024-01-21,8130.0,8200.0,8010.0,8090.0,122528357750,15146060,1896,8230.0,8130.0
2024-01-22,8190.0,8250.0,7860.0,8010.0,134553094940,16803254,2170,8090.0,7960.0
2024-01-23,7890.0,7990.0,7540.0,7730.0,169862119380,21973779,2620,8010.0,7800.0
2024-01-24,7960.0,8020.0,7780.0,7880.0,77517009790,9833962,1371,7730.0,7900.0
2024-01-27,8000.0,8090.0,7850.0,7950.0,121944354370,15331575,1719,7880.0,7930.0
2024-01-28,8060.0,8060.0,7890.0,7940.0,108513193730,13659846,1677,7950.0,7980.0
2024-01-29,7860.0,8100.0,7700.0,7930.0,210111299620,26500862,2548,7940.0,7990.0
2024-01-30,7990.0,8040.0,7650.0,7810.0,215242579710,27574661,2763,7930.0,7840.0
2024-01-31,7850.0,7920.0,7700.0,7800.0,121935307600,15624091,1685,7810.0,7760.0
2024-02-03,7800.0,8080.0,7760.0,7940.0,127228026880,16026445,1567,7800.0,7960.0
2024-02-04,8040.0,8080.0,7840.0,7940.0,113613546240,14304904,1403,7940.0,7890.0
2024-02-05,8000.0,8150.0,7890.0,8010.0,127185049120,15882062,1751,7940.0,8020.0
2024-02-06,8000.0,8110.0,7830.0,7930.0,127295786080,16055233,1556,8010.0,7860.0
2024-02-07,7980.0,7980.0,7850.0,7890.0,73567005880,9326157,1370,7930.0,7910.0
2024-02-10,7880.0,7970.0,7800.0,7850.0,82962971740,10564164,1458,7890.0,7830.0
2024-02-12,7870.0,7970.0,7750.0,7820.0,100847433830,12888717,1598,7850.0,7780.0
2024-02-13,7900.0,7900.0,7710.0,7760.0,72064481070,9291206,1186,7820.0,7720.0
2024-02-14,7750.0,7860.0,7590.0,7700.0,107103321960,13915795,1778,7760.0,7760.0
2024-02-17,7720.0,7910.0,7600.0,7710.0,152833117740,19829149,1999,7700.0,7650.0
2024-02-18,7680.0,7860.0,7670.0,7760.0,108941291440,14029929,1454,7710.0,7790.0
2024-02-19,7800.0,8110.0,7800.0,7930.0,150520732730,18991836,1929,7760.0,7840.0
2024-02-20,7860.0,7930.0,7720.0,7800.0,81203283330,10408392,1443,7930.0,7760.0
2024-02-21,7750.0,7890.0,7710.0,7760.0,69508715470,8955852,1244,7800.0,7730.0
2024-02-24,7770.0,7790.0,7600.0,7660.0,96799164800,12644070,1714,7760.0,7640.0
2024-02-26,7730.0,7730.0,7350.0,7490.0,139976090380,18687692,2236,7660.0,7460.0
2024-02-27,7430.0,7600.0,7300.0,7450.0,100538404360,13492984,1581,7490.0,7530.0
2024-02-28,7630.0,7690.0,7450.0,7540.0,80595287500,10689372,1294,7450.0,7480.0
2024-03-02,7550.0,8060.0,7490.0,7950.0,309830078840,38981976,2685,7540.0,8060.0
2024-03-03,8300.0,8440.0,8150.0,8300.0,306728929250,36967299,2668,7950.0,8220.0
2024-03-04,8270.0,8440.0,7970.0,8140.0,228813468640,28101160,2741,8300.0,8000.0
2024-03-05,8040.0,8440.0,8030.0,8270.0,216445007720,26174587,2198,8140.0,8130.0
2024-03-06,8110.0,8280.0,8070.0,8130.0,91007238190,11195882,1415,8270.0,8100.0
2024-03-10,8250.0,8280.0,8010.0,8120.0,74375571250,9154119,1120,8130.0,8090.0
2024-03-11,8030.0,8340.0,8030.0,8170.0,175849793460,21511222,2315,8120.0,8130.0
2024-03-12,8250.0,8440.0,8010.0,8220.0,151198100010,18402738,2235,8170.0,8070.0
2024-03-13,8100.0,8180.0,7850.0,7980.0,117412514370,14706602,2054,8220.0,7910.0
2024-03-16,7960.0,8100.0,7850.0,7960.0,99204047310,12462020,1690,7980.0,7860.0
2024-03-17,7890.0,8240.0,7890.0,8040.0,152426651020,18955057,1696,7960.0,8000.0
2024-03-18,8000.0,8180.0,7990.0,8090.0,249056245660,30777477,2526,8040.0,8150.0
2024-03-24,8300.0,8650.0,8250.0,8470.0,242258299030,28614137,2548,8090.0,8650.0
2024-03-25,8800.0,8950.0,8540.0,8680.0,281892458570,32493037,3283,8470.0,8590.0
2024-03-26,8660.0,8660.0,8450.0,8540.0,137807978990,16135387,1852,8680.0,8490.0
2024-03-27,8520.0,8640.0,8370.0,8490.0,101920293920,12006464,1701,8540.0,8460.0
2024-03-30,8420.0,8590.0,8370.0,8450.0,83946513970,9932791,1298,8490.0,8490.0
2024-04-02,8010.0,8450.0,7930.0,8120.0,154710997740,19048326,2214,8450.0,8160.0
2024-04-03,8120.0,8230.0,7980.0,8050.0,102420898390,12716319,1729,8120.0,8020.0
2024-04-06,8050.0,8050.0,7490.0,7680.0,262902426800,34219247,3663,8050.0,7570.0
2024-04-07,7660.0,7890.0,7580.0,7720.0,175214080500,22710776,2395,7680.0,7850.0
2024-04-08,7950.0,8140.0,7870.0,7990.0,167432225260,20958242,2028,7720.0,7890.0
2024-04-09,8020.0,8020.0,7820.0,7900.0,111236916930,14077425,1628,7990.0,7850.0
2024-04-13,7450.0,7600.0,7350.0,7380.0,246283260130,33385086,3063,7900.0,7350.0
2024-04-14,7310.0,7310.0,7310.0,7310.0,18556500790,2538509,260,7380.0,7310.0
2024-04-15,7370.0,7380.0,7370.0,7380.0,54893767230,7439793,478,7310.0,7380.0
2024-04-16,7450.0,7450.0,7310.0,7350.0,213797741100,29076461,1812,7380.0,7410.0
2024-04-17,7370.0,7420.0,7370.0,7420.0,107474345410,14485183,748,7350.0,7420.0
2024-04-20,7840.0,7930.0,7740.0,7920.0,146937051140,18558641,1140,7420.0,7930.0
2024-04-21,8360.0,8360.0,8050.0,8190.0,224275804340,27396116,2818,7920.0,8080.0
2024-04-22,8200.0,8330.0,8000.0,8190.0,163118034160,19923926,1885,8190.0,8090.0
2024-04-23,8100.0,8240.0,8050.0,8120.0,115921782210,14274148,1469,8190.0,8050.0
2024-04-24,8200.0,8330.0,8080.0,8200.0,92136698080,11240207,1377,8120.0,8210.0
2024-04-27,8200.0,8460.0,8110.0,8280.0,108426099280,13098370,1723,8200.0,8180.0
2024-04-28,8120.0,8240.0,7980.0,8040.0,76384628530,9501865,1328,8280.0,8020.0
2024-04-29,8070.0,8180.0,7820.0,7970.0,116594564610,14633143,1604,8040.0,7900.0
2024-04-30,7850.0,8070.0,7770.0,7860.0,70153871250,8927787,1052,7970.0,7790.0
2024-05-01,7790.0,7950.0,7790.0,7870.0,59106184670,7512724,866,7860.0,7860.0
2024-05-05,7990.0,8100.0,7770.0,7870.0,57752960950,7340085,1025,7870.0,7810.0
2024-05-06,7760.0,7780.0,7590.0,7650.0,90776409670,11869203,1555,7870.0,7600.0
2024-05-07,7770.0,7770.0,7500.0,7570.0,85745273720,11331563,1184,7650.0,7570.0
2024-05-08,7500.0,7610.0,7470.0,7520.0,100877460200,13412667,1181,7570.0,7540.0
2024-05-11,7550.0,7620.0,7400.0,7460.0,68298784560,9158524,1179,7520.0,7420.0
2024-05-12,7500.0,7650.0,7310.0,7450.0,102512204600,13762217,1625,7460.0,7330.0
2024-05-13,7340.0,7470.0,7100.0,7220.0,98642696320,13653851,1686,7450.0,7310.0
2024-05-14,7340.0,7450.0,7180.0,7310.0,100242339470,13720493,1158,7220.0,7210.0
2024-05-15,7200.0,7350.0,7050.0,7220.0,118052124590,16348673,1783,7310.0,7280.0
2024-05-18,7440.0,7440.0,7140.0,7250.0,67481742930,9305247,1255,7220.0,7170.0
2024-05-19,7110.0,7200.0,6750.0,6880.0,101666040680,14780742,1976,7250.0,6980.0
2024-05-21,6770.0,7000.0,6770.0,6910.0,62468510430,9036264,855,6880.0,6890.0
2024-05-25,6990.0,7000.0,6780.0,6810.0,52428343800,7703870,805,6910.0,6780.0
2024-05-26,6680.0,6680.0,6680.0,6680.0,15127467880,2264591,307,6810.0,6680.0
2024-05-27,6550.0,6670.0,6550.0,6560.0,98149091420,14967151,956,6680.0,6600.0
2024-05-28,6570.0,6690.0,6570.0,6680.0,110308258550,16504697,858,6560.0,6690.0
2024-05-29,6780.0,6810.0,6700.0,6800.0,90969113600,13369967,742,6680.0,6810.0
2024-06-01,6840.0,6930.0,6670.0,6690.0,148119907220,22153789,1607,6800.0,6670.0
2024-06-02,6560.0,6730.0,6560.0,6560.0,79624767160,12130675,838,6690.0,6590.0
2024-06-10,6600.0,6640.0,6520.0,6600.0,41717232540,6323996,440,6510.0,6600.0
2024-06-11,6660.0,6670.0,6470.0,6500.0,109768583880,16896396,1448,6600.0,6470.0
2024-06-12,6380.0,6430.0,6370.0,6380.0,39496824050,6195396,441,6500.0,6370.0
2024-06-15,6260.0,6280.0,6260.0,6260.0,35207379300,5623779,316,6380.0,6260.0
2024-06-16,6140.0,6140.0,6140.0,6140.0,23161743940,3772271,603,6260.0,6140.0
2024-06-18,6020.0,6120.0,6020.0,6040.0,193125640420,31987020,1904,6140.0,6090.0
2024-06-19,6090.0,6160.0,6060.0,6140.0,90789376630,14787007,1084,6040.0,6160.0
2024-06-22,6220.0,6260.0,6050.0,6130.0,86350706500,14082525,1137,6140.0,6140.0
2024-06-23,6140.0,6200.0,6010.0,6090.0,67339679760,11058831,1060,6130.0,6090.0
2024-06-24,6150.0,6210.0,6100.0,6190.0,45010819500,7269773,404,6090.0,6210.0
2024-06-26,6310.0,6310.0,6310.0,6310.0,16033810960,2541016,238,6190.0,6310.0
2024-06-29,6570.0,6680.0,6330.0,6550.0,158206349290,24138122,1742,6310.0,6400.0
2024-06-30,6320.0,6460.0,6160.0,6190.0,111419990740,18003616,1091,6550.0,6160.0
2024-07-01,6010.0,6400.0,6010.0,6230.0,65511028980,10520685,967,6190.0,6290.0
2024-07-02,6200.0,6500.0,6200.0,6380.0,64073474590,10039026,902,6230.0,6350.0
2024-07-03,6350.0,6420.0,6220.0,6330.0,66583187280,10513523,957,6380.0,6420.0
2024-07-06,6700.0,6700.0,6700.0,6700.0,19226614800,2869644,204,6330.0,6700.0
2024-07-07,7100.0,7100.0,6960.0,7100.0,571410911440,80533082,2901,6700.0,7100.0
2024-07-08,7110.0,7420.0,7050.0,7240.0,268854973190,37120375,2594,7100.0,7140.0
2024-07-09,7110.0,7190.0,6930.0,7030.0,126749148140,18027216,1566,7240.0,7110.0
2024-07-10,6910.0,7110.0,6740.0,6870.0,86712715980,12628643,1044,7030.0,6750.0
2024-07-13,6730.0,6910.0,6630.0,6740.0,72501910490,10763561,1001,6870.0,6740.0
2024-07-14,6700.0,6860.0,6620.0,6680.0,63232224110,9465057,969,6740.0,6680.0
2024-07-17,6630.0,7080.0,6630.0,7040.0,294754183560,41863492,1689,6680.0,7080.0
2024-07-29,5270.0,5350.0,5270.0,5270.0,141873676730,26920367,903,5600.0,5270.0
2024-07-30,5000.0,5430.0,5000.0,5170.0,191997988970,37105993,2317,5270.0,5200.0
2024-07-31,4860.0,4960.0,4860.0,4860.0,147387864240,30321365,1619,5170.0,4870.0
2024-08-03,4869.0,4869.0,4569.0,4574.0,72625415494,15879091,636,4860.0,4569.0
2024-08-04,4529.0,4569.0,4529.0,4530.0,67806313334,14968905,701,4574.0,4529.0
2024-08-05,4485.0,4485.0,4485.0,4509.0,10836764640,2416224,136,4530.0,4485.0
2024-08-06,4464.0,4464.0,4464.0,4504.0,2404372896,538614,100,4509.0,4464.0
2024-08-10,4459.0,4490.0,4459.0,4463.0,97525438445,21854417,1217,4504.0,4459.0
2024-08-11,4419.0,4421.0,4419.0,4434.0,15410983187,3487375,245,4463.0,4419.0
2024-08-12,4390.0,4390.0,4390.0,4429.0,2387773680,543912,75,4434.0,4390.0
2024-08-13,4385.0,4385.0,4385.0,4421.0,4061185290,926154,75,4429.0,4385.0
2024-08-14,4379.0,4465.0,4379.0,4454.0,76987168596,17286713,804,4421.0,4465.0
2024-08-17,4543.0,4543.0,4501.0,4539.0,23008347002,5064614,271,4454.0,4543.0
2024-08-18,4629.0,4629.0,4629.0,4579.0,10748681499,2322031,212,4539.0,4629.0
2024-08-19,4670.0,4670.0,4488.0,4526.0,92516997501,20440439,1275,4579.0,4488.0
2024-08-20,4436.0,4436.0,4436.0,4436.0,25924662708,5844153,291,4526.0,4436.0
2024-08-21,4348.0,4400.0,4348.0,4357.0,158187023376,36309242,1954,4436.0,4386.0
2024-08-24,4404.0,4444.0,4390.0,4439.0,76641731410,17265026,664,4357.0,4444.0
2024-08-26,4470.0,4490.0,4351.0,4377.0,111394523913,25447839,1614,4439.0,4351.0
2024-08-27,4351.0,4370.0,4290.0,4308.0,89273496790,20722045,1477,4377.0,4330.0
2024-08-28,4308.0,4394.0,4302.0,4381.0,74209682745,16939752,815,4308.0,4394.0
2024-08-31,4468.0,4468.0,4468.0,4428.0,12639770940,2828955,204,4381.0,4468.0
2024-09-01,4516.0,4516.0,4417.0,4499.0,165212961703,36719223,1928,4428.0,4516.0
2024-09-03,4516.0,4588.0,4440.0,4567.0,126673498356,27737066,1360,4499.0,4588.0
2024-09-07,4640.0,4704.0,4593.0,4690.0,150112674622,32003768,1373,4567.0,4704.0
2024-09-08,4770.0,4815.0,4550.0,4631.0,114146201365,24646282,1624,4690.0,4624.0
2024-09-09,4624.0,4769.0,4541.0,4754.0,135490406349,28500458,1257,4631.0,4769.0
2024-09-10,4808.0,4896.0,4769.0,4871.0,96147385917,19738599,1151,4754.0,4895.0
2024-09-11,5015.0,5017.0,4920.0,5009.0,52563598530,10494240,577,4871.0,5017.0
2024-09-14,5150.0,5150.0,4890.0,5070.0,170309822890,33589909,1817,5009.0,4960.0
2024-09-15,4940.0,5080.0,4920.0,4980.0,134882662460,27102904,1643,5070.0,4920.0
2024-09-16,4960.0,5120.0,4880.0,5080.0,125716052100,24736016,1559,4980.0,5080.0
2024-09-17,5070.0,5230.0,5070.0,5220.0,109649160460,21012943,1571,5080.0,5230.0
2024-09-18,5240.0,5370.0,5110.0,5270.0,194869856800,36974867,1831,5220.0,5220.0
2024-09-22,5220.0,5290.0,5120.0,5160.0,163889424600,31763846,1800,5270.0,5120.0
2024-09-23,5120.0,5310.0,5070.0,5280.0,101945208660,19322665,1175,5160.0,5310.0
2024-09-24,5320.0,5430.0,5210.0,5420.0,260188523020,47975769,1401,5280.0,5350.0
2024-09-25,5440.0,5440.0,5260.0,5280.0,301854897180,57124191,2705,5420.0,5260.0
2024-09-28,5230.0,5230.0,5230.0,5280.0,2029977430,388141,51,5280.0,5230.0
2024-09-29,5230.0,5230.0,5230.0,5230.0,27314522260,5222662,192,5280.0,5230.0
2024-09-30,5180.0,5180.0,5180.0,5200.0,14886858980,2873911,149,5230.0,5180.0
2024-10-01,5150.0,5150.0,5150.0,5200.0,2164385350,420269,44,5200.0,5150.0
2024-10-02,5150.0,5150.0,5150.0,5200.0,989011150,192041,40,5200.0,5150.0
2024-10-05,5150.0,5150.0,5150.0,5200.0,1186405500,230370,32,5200.0,5150.0
2024-10-06,5150.0,5150.0,5150.0,5200.0,937346350,182009,23,5200.0,5150.0
2024-10-07,5150.0,5150.0,5150.0,5200.0,683214450,132663,47,5200.0,5150.0
2024-10-08,5150.0,5150.0,5150.0,5190.0,4181753650,811991,91,5200.0,5150.0
2024-10-09,5140.0,5140.0,5140.0,5180.0,7330251660,1426119,86,5190.0,5140.0
2024-10-12,5030.0,5140.0,5030.0,5050.0,311505466500,61715225,2847,5180.0,5030.0
2024-10-13,5020.0,5120.0,4900.0,4930.0,71849656020,14561479,942,5050.0,4900.0
2024-10-14,4790.0,4790.0,4790.0,4800.0,22817907450,4763655,238,4930.0,4790.0
2024-10-15,4660.0,4660.0,4660.0,4760.0,6804569280,1460208,134,4800.0,4660.0
2024-10-16,4620.0,4620.0,4620.0,4660.0,16870392000,3651600,222,4760.0,4620.0
2024-10-19,4521.0,4521.0,4521.0,4627.0,5670997728,1254368,119,4660.0,4521.0
2024-10-20,4489.0,4489.0,4489.0,4609.0,3156121631,703079,77,4627.0,4489.0
2024-10-21,4471.0,4471.0,4471.0,4532.0,13213642581,2955411,171,4609.0,4471.0
2024-10-22,4397.0,4397.0,4397.0,4495.0,6381814594,1451402,154,4532.0,4397.0
2024-10-23,4361.0,4361.0,4361.0,4470.0,4333691418,993738,117,4495.0,4361.0
2024-10-26,4362.0,4604.0,4362.0,4552.0,104672671795,22995500,824,4470.0,4604.0
2024-10-27,4688.0,4688.0,4688.0,4688.0,42098980704,8980158,259,4552.0,4688.0
2024-10-28,4828.0,4828.0,4550.0,4682.0,300364809138,64148269,3157,4688.0,4570.0
2024-10-29,4542.0,4550.0,4542.0,4542.0,29619832792,6521314,352,4682.0,4542.0
2024-10-30,4406.0,4610.0,4406.0,4473.0,183097120866,40932124,1817,4542.0,4485.0
2024-11-02,4371.0,4579.0,4339.0,4415.0,172894779038,39162721,2128,4473.0,4339.0
2024-11-03,4283.0,4283.0,4283.0,4318.0,16602908161,3876467,230,4415.0,4283.0
2024-11-04,4189.0,4280.0,4189.0,4193.0,162852889707,38841672,1619,4318.0,4239.0
2024-11-05,4250.0,4280.0,4094.0,4162.0,55430501236,13317945,1273,4193.0,4140.0
2024-11-06,4068.0,4275.0,4038.0,4127.0,129827329179,31455874,1888,4162.0,4173.0
2024-11-09,4249.0,4250.0,4170.0,4248.0,23813119310,5606066,263,4127.0,4250.0
2024-11-10,4375.0,4375.0,4375.0,4375.0,23913601250,5465966,185,4248.0,4375.0
2024-11-11,4506.0,4506.0,4406.0,4496.0,252604916824,56184684,2107,4375.0,4456.0
2024-11-12,4510.0,4630.0,4384.0,4595.0,207890350182,45238593,1749,4496.0,4557.0
2024-11-13,4597.0,4732.0,4500.0,4708.0,112409379530,23875650,910,4595.0,4732.0
2024-11-16,4849.0,4849.0,4849.0,4818.0,19932852186,4110714,233,4708.0,4849.0
2024-11-17,4962.0,4962.0,4860.0,4953.0,520356737224,105068257,3195,4818.0,4962.0
2024-11-18,5100.0,5101.0,4982.0,5092.0,133591780259,26235507,733,4953.0,5101.0
2024-11-19,5244.0,5244.0,4950.0,5164.0,577434603325,111810324,3816,5092.0,5024.0
2024-11-20,5012.0,5160.0,5010.0,5032.0,282937219790,56231283,2223,5164.0,5039.0
2024-11-23,5090.0,5170.0,4950.0,5110.0,238522423970,46704276,2504,5032.0,5100.0
2024-11-24,5210.0,5260.0,5160.0,5250.0,153956665140,29312829,1081,5110.0,5260.0
2024-11-25,5400.0,5400.0,5350.0,5400.0,123407217580,22858246,820,5250.0,5400.0
2024-11-26,5560.0,5560.0,5370.0,5520.0,942412904880,170732765,4567,5400.0,5500.0
2024-11-27,5550.0,5680.0,5450.0,5660.0,462657082860,81688525,2544,5520.0,5680.0
2024-11-30,5800.0,5820.0,5500.0,5700.0,443904960380,77906628,3327,5660.0,5590.0
2024-12-01,5590.0,5650.0,5530.0,5550.0,222189569630,40008182,1230,5700.0,5600.0
2024-12-02,5710.0,5710.0,5710.0,5710.0,108394014900,18983190,557,5550.0,5710.0
2024-12-03,5880.0,5880.0,5800.0,5880.0,498608364460,84813197,1967,5710.0,5880.0
2024-12-04,5980.0,6050.0,5890.0,6030.0,370559013060,61428904,1430,5880.0,6050.0
2024-12-07,6210.0,6210.0,6000.0,6150.0,1037837979310,168880143,6248,6030.0,6090.0
2024-12-08,6150.0,6330.0,5970.0,6200.0,528275973460,85210123,4067,6150.0,6320.0
2024-12-09,6380.0,6380.0,6380.0,6380.0,92888257440,14559288,456,6200.0,6380.0
2024-12-10,6570.0,6570.0,6450.0,6570.0,874552712930,133164089,3751,6380.0,6570.0
2024-12-11,6570.0,6760.0,6550.0,6690.0,430834898760,64372338,3201,6570.0,6760.0
2024-12-14,6890.0,6890.0,6890.0,6840.0,27931694830,4053947,416,6690.0,6890.0
2024-12-15,7040.0,7040.0,7000.0,7040.0,410110990530,58257785,1726,6840.0,7040.0
2024-12-16,7250.0,7250.0,6850.0,7150.0,1157125195830,161847053,6401,7040.0,6920.0
2024-12-17,6940.0,7120.0,6940.0,6970.0,388918886400,55819915,2536,7150.0,6940.0
2024-12-18,6770.0,7050.0,6770.0,6820.0,630500572410,92474640,4210,6970.0,6900.0
2024-12-21,7010.0,7020.0,6910.0,7010.0,90566765460,12915432,710,6820.0,7020.0
2024-12-22,7150.0,7150.0,6800.0,6850.0,726602778620,106131083,4927,7010.0,6800.0
2024-12-23,6750.0,7000.0,6650.0,6830.0,462655649460,67755797,3964,6850.0,6950.0
2024-12-24,7030.0,7030.0,6740.0,6900.0,455437731690,65993486,3330,6830.0,6840.0
2024-12-25,6800.0,6860.0,6700.0,6710.0,640851717630,95560047,4222,6900.0,6700.0
2024-12-28,6770.0,6790.0,6510.0,6520.0,879753310790,134871674,5833,6710.0,6510.0
2024-12-29,6400.0,6520.0,6330.0,6360.0,451589275000,70957387,3830,6520.0,6350.0
2024-12-30,6300.0,6550.0,6210.0,6510.0,752175868320,115513826,4065,6360.0,6550.0
2024-12-31,6650.0,6700.0,6450.0,6660.0,643131437920,96617256,3877,6510.0,6650.0
2025-01-01,6690.0,6730.0,6470.0,6580.0,377105064420,57344480,4340,6660.0,6650.0
2025-01-04,6680.0,6770.0,6680.0,6770.0,239760201780,35428569,1635,6580.0,6770.0
2025-01-05,6790.0,6790.0,6570.0,6610.0,507108681150,76698562,4348,6770.0,6570.0
2025-01-06,6470.0,6720.0,6430.0,6600.0,304596391050,46142573,2910,6610.0,6680.0
2025-01-07,6700.0,6790.0,6620.0,6740.0,410073623010,60886452,3160,6600.0,6790.0
2025-01-08,6850.0,6940.0,6710.0,6850.0,545827239380,79675944,3845,6740.0,6940.0
2025-01-11,6980.0,7010.0,6650.0,6690.0,473907549810,70841784,3557,6850.0,6650.0
2025-01-12,6490.0,6590.0,6490.0,6490.0,124531670200,19183366,1126,6690.0,6490.0
2025-01-13,6300.0,6540.0,6300.0,6360.0,307390809500,48357839,3405,6490.0,6350.0
2025-01-15,6480.0,6480.0,6230.0,6330.0,253349476930,40054932,2705,6360.0,6300.0
2025-01-18,6330.0,6360.0,6150.0,6200.0,236227540460,38116788,2157,6330.0,6150.0
2025-01-19,6100.0,6380.0,6100.0,6310.0,290681115630,46064034,2453,6200.0,6310.0
2025-01-20,6340.0,6470.0,6130.0,6220.0,169691553780,27292803,1604,6310.0,6130.0
2025-01-21,6110.0,6350.0,6050.0,6220.0,165898418800,26687091,1813,6220.0,6290.0
2025-01-22,6330.0,6400.0,6310.0,6380.0,228463997130,35785801,1798,6220.0,6400.0
2025-01-25,6530.0,6530.0,6200.0,6330.0,160421847780,25337404,1784,6380.0,6270.0
2025-01-26,6480.0,6480.0,6150.0,6210.0,188711863090,30380412,1929,6330.0,6180.0
2025-01-27,6100.0,6180.0,6030.0,6060.0,111729954730,18449332,1321,6210.0,6030.0
2025-01-29,6140.0,6150.0,5880.0,5920.0,242512207610,40995207,2289,6060.0,5910.0
2025-02-01,5850.0,5910.0,5750.0,5760.0,162504467830,28215746,1444,5920.0,5750.0
2025-02-02,5670.0,5850.0,5590.0,5690.0,166876856470,29326392,2091,5760.0,5640.0
2025-02-03,5600.0,5730.0,5520.0,5580.0,121735853490,21823146,1924,5690.0,5610.0
2025-02-04,5560.0,5740.0,5560.0,5730.0,151128010570,26364317,1009,5580.0,5740.0
2025-02-05,5740.0,5840.0,5560.0,5700.0,120750123900,21196657,1379,5730.0,5760.0
2025-02-09,5540.0,5870.0,5540.0,5750.0,272088822920,47351129,2505,5700.0,5560.0
2025-02-11,5650.0,5710.0,5580.0,5590.0,95870332630,17147333,1003,5750.0,5580.0
2025-02-15,5430.0,5430.0,5430.0,5430.0,45108329490,8307243,278,5590.0,5430.0
2025-02-16,5270.0,5270.0,5270.0,5270.0,70955696330,13464079,492,5430.0,5270.0
2025-02-17,5120.0,5310.0,5120.0,5170.0,231313345330,44703815,2490,5270.0,5150.0
2025-02-18,5130.0,5290.0,5130.0,5190.0,124955841580,24062141,1214,5170.0,5230.0
2025-02-19,5230.0,5290.0,5040.0,5140.0,120437947040,23454282,1592,5190.0,5080.0
2025-02-22,5110.0,5120.0,4990.0,5000.0,135004893540,26995057,1515,5140.0,4990.0
2025-02-23,5070.0,5150.0,5070.0,5150.0,161129281730,31299286,1180,5000.0,5150.0
2025-02-24,5280.0,5300.0,5260.0,5300.0,82321313250,15539478,583,5150.0,5300.0
2025-02-25,5450.0,5450.0,5350.0,5440.0,249675652570,45890146,1937,5300.0,5440.0
2025-02-26,5440.0,5540.0,5290.0,5420.0,153669569020,28349373,1735,5440.0,5340.0
2025-03-01,5340.0,5560.0,5300.0,5490.0,186604410560,33998842,1421,5420.0,5430.0
2025-03-02,5430.0,5610.0,5410.0,5540.0,121334788250,21908324,1354,5490.0,5570.0
2025-03-03,5380.0,5380.0,5380.0,5380.0,50704627760,9424652,282,5540.0,5380.0
2025-03-04,5240.0,5460.0,5220.0,5260.0,156120774040,29691036,1554,5380.0,5220.0
2025-03-05,5120.0,5240.0,5110.0,5120.0,154413724280,30144665,1477,5260.0,5120.0
2025-03-08,5020.0,5110.0,4970.0,4990.0,39555756820,7931111,505,5120.0,4970.0
2025-03-09,4850.0,4850.0,4850.0,4850.0,25363293250,5229545,398,4990.0,4850.0
2025-03-10,4710.0,4930.0,4710.0,4740.0,215363567690,45471438,2352,4850.0,4710.0
2025-03-11,4700.0,4760.0,4600.0,4610.0,97126248130,21072072,1079,4740.0,4600.0
2025-03-12,4510.0,4740.0,4510.0,4710.0,134231157260,28502873,1414,4610.0,4740.0
2025-03-15,4851.0,4851.0,4851.0,4851.0,46180355760,9519760,297,4710.0,4851.0
2025-03-16,4996.0,4996.0,4851.0,4983.0,226414065527,45438041,1757,4851.0,4996.0
2025-03-17,4900.0,4980.0,4834.0,4879.0,102418634745,20992998,1058,4983.0,4834.0
2025-03-18,4733.0,4733.0,4733.0,4733.0,39138648963,8269311,313,4879.0,4733.0
2025-03-25,4733.0,4874.0,4733.0,4869.0,108824714779,22352788,741,4733.0,4874.0
2025-03-26,5015.0,5015.0,4860.0,4925.0,94538950268,19197323,1081,4869.0,4880.0
2025-03-29,4870.0,4870.0,4778.0,4794.0,99969849145,20851879,1285,4925.0,4790.0
2025-03-30,4800.0,4937.0,4777.0,4889.0,90171862912,18442077,1156,4794.0,4930.0
2025-04-05,4999.0,4999.0,4777.0,4871.0,101436670275,20826650,1273,4889.0,4793.0
2025-04-06,4747.0,4850.0,4725.0,4743.0,95484444687,20129961,1227,4871.0,4725.0
2025-04-07,4720.0,4769.0,4601.0,4618.0,100607012178,21786781,1130,4743.0,4602.0
2025-04-08,4756.0,4756.0,4756.0,4756.0,42501199748,8936333,257,4618.0,4756.0
2025-04-09,4898.0,4898.0,4759.0,4839.0,150349221417,31069199,1353,4756.0,4863.0
2025-04-12,4901.0,4980.0,4840.0,4926.0,101126093594,20527500,1161,4839.0,4938.0
2025-04-13,5073.0,5073.0,5073.0,5073.0,48219580293,9505141,213,4926.0,5073.0
2025-04-14,5225.0,5225.0,5190.0,5225.0,202105078831,38680442,1071,5073.0,5225.0
2025-04-15,5300.0,5310.0,5075.0,5194.0,221820526345,42709652,2408,5225.0,5151.0
2025-04-16,5194.0,5349.0,5116.0,5336.0,180962156175,33915877,1073,5194.0,5349.0
2025-04-19,5490.0,5490.0,5490.0,5490.0,77513617440,14119056,406,5336.0,5490.0
2025-04-20,5650.0,5650.0,5650.0,5640.0,27717775650,4905801,167,5490.0,5650.0
2025-04-21,5800.0,5800.0,5800.0,5800.0,100980082200,17410359,517,5640.0,5800.0
2025-04-22,5900.0,5970.0,5810.0,5940.0,378038788730,63651720,2211,5800.0,5900.0
2025-04-23,6000.0,6110.0,5820.0,6060.0,466579234840,77037299,3279,5940.0,6110.0
2025-04-26,6240.0,6240.0,6030.0,6210.0,387235147740,62392355,2419,6060.0,6240.0
2025-04-27,6050.0,6390.0,6030.0,6230.0,698621471000,112156292,4017,6210.0,6370.0
2025-04-28,6370.0,6410.0,6330.0,6390.0,143550856330,22461928,1072,6230.0,6410.0
2025-04-29,6570.0,6580.0,6410.0,6570.0,236300242750,35974383,1109,6390.0,6580.0
2025-04-30,6760.0,6760.0,6710.0,6760.0,414490583760,61317443,1540,6570.0,6760.0
2025-05-03,6560.0,6690.0,6560.0,6560.0,473095092700,72096371,2347,6760.0,6560.0
2025-05-04,6370.0,6740.0,6370.0,6570.0,638747235260,97259950,4051,6560.0,6670.0
2025-05-05,6760.0,6760.0,6530.0,6710.0,576057898290,85888756,3077,6570.0,6600.0
2025-05-06,6850.0,6910.0,6530.0,6840.0,813568206710,118908175,4649,6710.0,6910.0
2025-05-07,7030.0,7040.0,6710.0,6920.0,538325930430,77789921,4027,6840.0,6800.0
2025-05-10,6720.0,6720.0,6720.0,6720.0,66920327040,9958382,554,6920.0,6720.0
2025-05-11,6520.0,6550.0,6520.0,6520.0,322989762670,49530378,1876,6720.0,6520.0
2025-05-12,6710.0,6710.0,6710.0,6710.0,52133163830,7769473,337,6520.0,6710.0
2025-05-13,6910.0,6910.0,6700.0,6860.0,668993707530,97525884,3107,6710.0,6890.0
2025-05-14,6700.0,6990.0,6660.0,6720.0,378962436590,56411035,3029,6860.0,6660.0
2025-05-17,6720.0,6790.0,6520.0,6590.0,631290650310,95766165,3226,6720.0,6600.0
2025-05-18,6720.0,6780.0,6540.0,6710.0,268420819310,39991777,1956,6590.0,6780.0
2025-05-19,6850.0,6910.0,6550.0,6720.0,425341729690,63261019,3169,6710.0,6570.0
2025-05-20,6630.0,6630.0,6520.0,6520.0,63743042070,9769094,646,6720.0,6520.0
2025-05-21,6330.0,6330.0,6330.0,6340.0,32418088530,5121341,351,6520.0,6330.0
2025-05-24,6340.0,6490.0,6150.0,6210.0,435897885270,70177236,3599,6340.0,6150.0
2025-05-25,6130.0,6190.0,6030.0,6050.0,64770055280,10710348,642,6210.0,6030.0
2025-05-26,5910.0,6180.0,5870.0,5900.0,357145338190,60514812,2725,6050.0,6010.0
2025-05-27,6030.0,6060.0,5730.0,5920.0,191982796030,32403880,1814,5900.0,5980.0
2025-05-28,5980.0,6050.0,5850.0,5970.0,119526963970,20012058,1295,5920.0,6000.0
2025-05-31,6080.0,6080.0,5820.0,5920.0,72637136910,12276223,940,5970.0,5860.0
2025-06-01,5820.0,5890.0,5750.0,5750.0,169170452170,29405132,1490,5920.0,5750.0
2025-06-02,5890.0,5920.0,5710.0,5800.0,178228903370,30724140,1639,5750.0,5730.0
2025-06-10,5610.0,5610.0,5610.0,5610.0,31028304120,5530892,273,5780.0,5610.0
2025-06-11,5450.0,5550.0,5450.0,5450.0,113503317140,20817412,890,5610.0,5450.0
2025-06-28,5290.0,5290.0,5290.0,5370.0,14801266590,2797971,70,5450.0,5290.0
2025-06-29,5210.0,5210.0,5210.0,5240.0,21711065110,4167191,93,5370.0,5210.0
2025-06-30,5090.0,5090.0,5090.0,5230.0,2089852200,410580,55,5240.0,5090.0
2025-07-01,5080.0,5080.0,5080.0,5210.0,4080154400,803180,49,5230.0,5080.0
2025-07-02,5060.0,5200.0,5060.0,5090.0,936834520770,184130346,3098,5210.0,5170.0
2025-07-07,5220.0,5220.0,4940.0,4960.0,417511990630,84112964,2391,5090.0,4940.0
2025-07-08,4820.0,4840.0,4820.0,4820.0,31571694890,6548744,329,4960.0,4820.0
2025-07-09,4680.0,4680.0,4680.0,4720.0,17282767320,3692899,190,4820.0,4680.0
2025-07-12,4672.0,4859.0,4626.0,4684.0,243164073586,51910486,2648,4720.0,4662.0
2025-07-13,4630.0,4739.0,4544.0,4574.0,272075564019,59482395,2691,4684.0,4620.0
2025-07-14,4480.0,4639.0,4470.0,4546.0,122155973495,26869100,1743,4574.0,4540.0
2025-07-15,4600.0,4663.0,4500.0,4558.0,90086151136,19763487,1089,4546.0,4560.0
2025-07-16,4597.0,4694.0,4501.0,4676.0,209329376723,44769258,1552,4558.0,4694.0
2025-07-19,4681.0,4816.0,4681.0,4812.0,239615021791,49790550,1364,4676.0,4816.0
2025-07-20,4865.0,4880.0,4668.0,4713.0,201514296959,42753082,1894,4812.0,4668.0
2025-07-21,4649.0,4790.0,4649.0,4737.0,159989754079,33775204,1480,4713.0,4718.0
2025-07-22,4783.0,4810.0,4699.0,4743.0,291505605442,61460770,1507,4737.0,4720.0
2025-07-23,4640.0,4750.0,4601.0,4630.0,168026659465,36293343,1421,4743.0,4601.0
2025-07-26,4597.0,4678.0,4492.0,4535.0,188522651177,41569809,1646,4630.0,4496.0
2025-07-27,4500.0,4540.0,4399.0,4409.0,159575878556,36192557,1139,4535.0,4399.0
2025-07-28,4450.0,4450.0,4277.0,4278.0,103732820753,24245776,646,4409.0,4277.0
2025-07-29,4150.0,4150.0,4150.0,4150.0,22269431200,5366128,230,4278.0,4150.0
2025-07-30,4026.0,4127.0,4026.0,4029.0,149452360904,37095583,1669,4150.0,4026.0
2025-08-02,3909.0,4007.0,3909.0,3917.0,148987070088,38040424,1657,4029.0,3909.0
2025-08-03,3850.0,3996.0,3800.0,3837.0,129284279075,33697873,1298,3917.0,3800.0
2025-08-04,3839.0,3952.0,3820.0,3929.0,157413838336,40068143,1329,3837.0,3952.0
2025-08-05,4035.0,4035.0,3812.0,3845.0,244214235898,63508240,1443,3929.0,3812.0
2025-08-06,3752.0,3821.0,3730.0,3769.0,94324098606,25026281,845,3845.0,3750.0
2025-08-09,3800.0,3882.0,3800.0,3871.0,80259932667,20733480,887,3769.0,3851.0
2025-08-10,3975.0,3975.0,3850.0,3880.0,72110843665,18584644,626,3871.0,3862.0
2025-08-11,3820.0,3890.0,3764.0,3806.0,91312704641,23994184,795,3880.0,3795.0
2025-08-12,3755.0,3755.0,3692.0,3694.0,165069199357,44690422,1006,3806.0,3694.0
2025-08-13,3600.0,3730.0,3584.0,3587.0,86649008277,24156330,835,3694.0,3599.0
2025-08-16,3481.0,3598.0,3480.0,3502.0,59860579601,17094526,796,3587.0,3553.0
2025-08-17,3588.0,3607.0,3521.0,3582.0,15375946141,4269288,218,3502.0,3607.0
2025-08-18,3689.0,3689.0,3603.0,3678.0,76078936743,20685158,752,3582.0,3682.0
2025-08-19,3691.0,3720.0,3573.0,3654.0,32451414644,8880083,556,3678.0,3601.0
2025-08-20,3545.0,3640.0,3545.0,3549.0,158467177969,44649635,1137,3654.0,3561.0
2025-08-23,3530.0,3630.0,3490.0,3554.0,35452582636,9974910,578,3549.0,3575.0
2025-08-25,3501.0,3600.0,3448.0,3458.0,83125606432,24035310,830,3554.0,3448.0
2025-08-26,3446.0,3446.0,3355.0,3362.0,82180880202,24446854,985,3458.0,3399.0
2025-08-27,3384.0,3462.0,3282.0,3400.0,52873507729,15552769,692,3362.0,3341.0
2025-08-30,3298.0,3359.0,3298.0,3302.0,80381543772,24342915,769,3400.0,3321.0
2025-08-31,3276.0,3401.0,3260.0,3390.0,45109695774,13307002,478,3302.0,3401.0
2025-09-02,3490.0,3491.0,3440.0,3490.0,46894880526,13436831,317,3390.0,3491.0
2025-09-03,3594.0,3594.0,3594.0,3594.0,39954400962,11116973,314,3490.0,3594.0
2025-09-06,3701.0,3701.0,3541.0,3663.0,127479546729,34799792,1188,3594.0,3581.0
2025-09-07,3565.0,3772.0,3565.0,3748.0,169993409209,45350372,1257,3663.0,3769.0
2025-09-08,3848.0,3860.0,3785.0,3859.0,336259316780,87140904,1912,3748.0,3860.0
2025-09-09,3943.0,3943.0,3744.0,3836.0,152542482904,39761748,1584,3859.0,3781.0
2025-09-13,3879.0,3879.0,3730.0,3794.0,78911786796,20799648,876,3836.0,3806.0
2025-09-14,3800.0,3907.0,3755.0,3905.0,174149732934,44591566,1015,3794.0,3907.0
2025-09-15,4009.0,4022.0,3827.0,3918.0,143575016157,36641205,1231,3905.0,3869.0
2025-09-16,3821.0,3859.0,3801.0,3802.0,117904964837,31011127,744,3918.0,3801.0
