date,open,high,low,adjClose,value,volume,count,yesterday,close
2013-11-12,2600.0,2600.0,2200.0,2500.0,100000000,40000,3,1000.0,2600.0
2014-01-22,1600.0,1600.0,1600.0,1600.0,48000000,30000,3,2500.0,1600.0
2014-01-27,1400.0,1610.0,1400.0,1598.0,32790300,20523,4,1600.0,1601.0
2014-01-29,1580.0,1599.0,1580.0,1582.0,19769000,12500,2,1598.0,1599.0
2014-02-02,1599.0,1599.0,1599.0,1599.0,10873200,6800,1,1582.0,1599.0
2014-02-03,1300.0,1599.0,1300.0,1381.0,20655600,14961,3,1599.0,1599.0
2014-02-18,1380.0,1380.0,1380.0,1380.0,16986420,12309,1,1381.0,1380.0
2014-02-26,1380.0,1380.0,1380.0,1380.0,10143000,7350,1,1380.0,1380.0
2014-03-04,1400.0,1400.0,1200.0,1262.0,63090900,50000,6,1380.0,1200.0
2014-03-09,1200.0,1200.0,1200.0,1200.0,19791600,16493,2,1262.0,1200.0
2014-03-15,1090.0,1090.0,1090.0,1090.0,10900000,10000,1,1200.0,1090.0
2014-03-17,1090.0,1090.0,1090.0,1090.0,1580500,1450,1,1090.0,1090.0
2014-03-30,1440.0,1440.0,1400.0,1401.0,176856000,126240,2,1090.0,1400.0
2014-04-05,1200.0,1200.0,1200.0,1200.0,5550000,4625,1,1401.0,1200.0
2014-04-06,1799.0,1799.0,1799.0,1799.0,37728628,20972,5,1200.0,1799.0
2014-04-07,1799.0,1799.0,1799.0,1799.0,4974235,2765,1,1799.0,1799.0
2014-04-08,1799.0,1799.0,1799.0,1799.0,103748330,57670,3,1799.0,1799.0
2014-04-09,1799.0,1800.0,1799.0,1799.0,100894207,56076,5,1799.0,1799.0
2014-04-12,1979.0,2000.0,1979.0,1993.0,89929000,45127,5,1799.0,1979.0
2014-04-13,2100.0,2100.0,1970.0,1989.0,40761210,20493,3,1993.0,1970.0
2014-04-15,2100.0,2150.0,2100.0,2102.0,6499950,3093,2,1989.0,2150.0
2014-04-16,2150.0,2150.0,2000.0,2007.0,42244000,21047,3,2102.0,2000.0
2014-04-19,2000.0,2000.0,1970.0,1992.0,219006000,109953,2,2007.0,1970.0
2014-04-20,1970.0,2000.0,1970.0,1994.0,24938790,12507,2,1992.0,2000.0
2014-04-21,1970.0,1970.0,1970.0,1970.0,19700000,10000,1,1994.0,1970.0
2014-04-26,2000.0,2000.0,1970.0,1983.0,17850000,9000,2,1970.0,1970.0
2014-04-27,2000.0,2000.0,2000.0,2000.0,4000000,2000,1,1983.0,2000.0
2014-04-28,2000.0,2000.0,2000.0,2000.0,10000000,5000,1,2000.0,2000.0
2014-04-30,2000.0,2000.0,2000.0,2000.0,67610000,33805,5,2000.0,2000.0
2014-05-03,1800.0,1800.0,1800.0,1800.0,9000000,5000,1,2000.0,1800.0
2014-05-05,1850.0,1850.0,1850.0,1850.0,4060750,2195,1,1800.0,1850.0
2014-05-12,1520.0,1520.0,1520.0,1520.0,7546800,4965,2,1850.0,1520.0
2014-05-24,1900.0,1900.0,1900.0,1900.0,5700000,3000,1,1520.0,1900.0
2014-05-25,1650.0,1650.0,1600.0,1620.0,20730000,12800,2,1900.0,1600.0
2014-05-26,1600.0,1600.0,1600.0,1600.0,16846400,10529,1,1620.0,1600.0
2014-05-31,1900.0,1900.0,1800.0,1833.0,5500000,3000,2,1600.0,1800.0
2014-06-01,1600.0,1600.0,1400.0,1446.0,84986100,58786,6,1833.0,1600.0
2014-06-02,1500.0,1500.0,1500.0,1500.0,75000000,50000,1,1446.0,1500.0
2014-06-03,1880.0,1880.0,1880.0,1880.0,9400000,5000,1,1500.0,1880.0
2014-06-07,1500.0,1500.0,1500.0,1500.0,204877500,136585,6,1880.0,1500.0
2014-06-08,1500.0,1500.0,1500.0,1500.0,37500000,25000,2,1500.0,1500.0
2014-06-09,1500.0,1500.0,1500.0,1500.0,37500000,25000,1,1500.0,1500.0
2014-06-11,1500.0,1500.0,1500.0,1500.0,15000000,10000,1,1500.0,1500.0
2014-06-14,1455.0,1455.0,1455.0,1455.0,7275000,5000,1,1500.0,1455.0
2014-06-15,1799.0,1799.0,1799.0,1799.0,17990000,10000,1,1455.0,1799.0
2014-06-16,1700.0,1700.0,1700.0,1700.0,20400000,12000,1,1799.0,1700.0
2014-06-25,1699.0,1699.0,1699.0,1699.0,10194000,6000,1,1700.0,1699.0
2014-06-30,1690.0,1690.0,1690.0,1690.0,5070000,3000,1,1699.0,1690.0
2014-07-01,1555.0,1555.0,1555.0,1555.0,10056185,6467,2,1690.0,1555.0
2014-07-02,1555.0,1555.0,1555.0,1555.0,5493815,3533,1,1555.0,1555.0
2014-07-05,1470.0,1475.0,1455.0,1470.0,40364485,27467,3,1555.0,1455.0
2014-07-06,1553.0,1610.0,1550.0,1577.0,104573770,66307,4,1470.0,1610.0
2014-07-07,1670.0,1700.0,1670.0,1689.0,107418745,63585,6,1577.0,1700.0
2014-07-09,2000.0,2220.0,1900.0,2130.0,418180850,196312,15,1689.0,2200.0
2014-07-12,2250.0,2500.0,2250.0,2308.0,30000000,13000,2,2130.0,2500.0
2014-07-13,2220.0,2220.0,1700.0,1969.0,86494170,43919,5,2308.0,2090.0
2014-07-26,2200.0,2200.0,2091.0,2109.0,12655000,6000,2,1969.0,2091.0
2014-07-27,1950.0,1950.0,1950.0,1950.0,19500000,10000,1,2109.0,1950.0
2014-07-28,1760.0,1950.0,1760.0,1833.0,205871620,112313,3,1950.0,1950.0
2014-08-02,1761.0,1761.0,1761.0,1761.0,2641500,1500,1,1833.0,1761.0
2014-08-03,2000.0,2000.0,2000.0,2000.0,99234000,49617,3,1761.0,2000.0
2014-08-06,1771.0,1771.0,1771.0,1771.0,8855000,5000,1,2000.0,1771.0
2014-08-09,1771.0,1771.0,1771.0,1771.0,21011144,11864,1,1771.0,1771.0
2014-08-11,1781.0,1781.0,1781.0,1781.0,14014689,7869,1,1771.0,1781.0
2014-08-12,1781.0,1990.0,1780.0,1848.0,57481367,31105,7,1781.0,1990.0
2014-08-13,2000.0,2000.0,1980.0,1990.0,120290330,60451,5,1848.0,1990.0
2014-08-18,2200.0,2200.0,2000.0,2115.0,231833200,109606,6,1990.0,2000.0
2014-08-19,2149.0,2200.0,2140.0,2160.0,38772050,17954,5,2115.0,2149.0
2014-08-20,2149.0,2149.0,2149.0,2149.0,601720,280,1,2160.0,2149.0
2014-08-27,2200.0,2450.0,2200.0,2417.0,8362000,3460,2,2149.0,2450.0
2014-08-31,2480.0,2498.0,2480.0,2492.0,16300920,6540,2,2417.0,2498.0
2014-09-03,1901.0,1901.0,1901.0,1901.0,40453280,21280,1,2492.0,1901.0
2014-09-09,2200.0,2200.0,2200.0,2200.0,81180000,36900,1,1901.0,2200.0
2014-09-16,1928.0,1928.0,1928.0,1928.0,1365024,708,1,2200.0,1928.0
2014-09-17,1928.0,1928.0,1928.0,1928.0,2188280,1135,1,1928.0,1928.0
2014-09-22,1951.0,1951.0,1951.0,1951.0,22729150,11650,1,1928.0,1951.0
2014-09-28,1928.0,1928.0,1928.0,1928.0,1446000,750,1,1951.0,1928.0
2014-10-04,1900.0,1900.0,1900.0,1900.0,7600000,4000,1,1928.0,1900.0
2014-10-06,1932.0,2050.0,1932.0,2047.0,32911328,16079,3,1900.0,2050.0
2014-10-07,2350.0,2380.0,2350.0,2365.0,2364670,1000,2,2047.0,2380.0
2014-10-08,2251.0,2251.0,2251.0,2251.0,308387,137,1,2365.0,2251.0
2014-10-11,2400.0,3000.0,2300.0,2521.0,485357470,192538,21,2251.0,3000.0
2014-10-12,2681.0,2999.0,2650.0,2686.0,186877500,69570,5,2521.0,2999.0
2014-10-14,2650.0,2650.0,2650.0,2650.0,400150,151,1,2686.0,2650.0
2014-10-15,2700.0,2999.0,2640.0,2664.0,151239849,56780,6,2650.0,2999.0
2014-10-18,2610.0,2610.0,2610.0,2610.0,54961380,21058,3,2664.0,2610.0
2014-10-19,2570.0,2680.0,2361.0,2552.0,294107638,115258,13,2610.0,2361.0
2014-10-20,2650.0,2700.0,2361.0,2651.0,347124685,130943,8,2552.0,2700.0
2014-10-22,2500.0,2750.0,2500.0,2686.0,104472250,38899,4,2651.0,2750.0
2014-10-28,2502.0,2700.0,2502.0,2684.0,33125400,12342,3,2686.0,2700.0
2014-11-01,2590.0,2600.0,2590.0,2595.0,4889560,1884,2,2684.0,2600.0
2014-11-02,2502.0,2502.0,2501.0,2502.0,39274700,15700,2,2595.0,2501.0
2014-11-05,2503.0,2503.0,2503.0,2503.0,10762900,4300,1,2502.0,2503.0
2014-11-08,2500.0,2500.0,2400.0,2452.0,103000000,42000,2,2503.0,2400.0
2014-11-09,2504.0,2504.0,2500.0,2503.0,45559200,18200,4,2452.0,2500.0
2014-11-10,2600.0,2600.0,2600.0,2600.0,52000000,20000,1,2503.0,2600.0
2014-11-11,2501.0,2501.0,2501.0,2501.0,1820728,728,1,2600.0,2501.0
2014-11-12,2501.0,2501.0,2501.0,2501.0,24887451,9951,2,2501.0,2501.0
2014-11-15,2501.0,2501.0,2500.0,2500.0,33003200,13200,3,2501.0,2500.0
2014-11-16,2500.0,2500.0,2500.0,2500.0,8000000,3200,1,2500.0,2500.0
2014-11-18,2590.0,2600.0,2301.0,2509.0,79779300,31800,4,2500.0,2499.0
2014-11-19,2315.0,2315.0,2315.0,2315.0,694500,300,1,2509.0,2315.0
2014-11-23,2320.0,2320.0,2320.0,2320.0,18560000,8000,2,2315.0,2320.0
2014-11-25,2320.0,2320.0,2320.0,2320.0,464000,200,1,2320.0,2320.0
2014-11-26,2325.0,2325.0,2303.0,2311.0,101325580,43844,6,2320.0,2320.0
2014-12-01,2300.0,2300.0,2300.0,2300.0,3450000,1500,1,2311.0,2300.0
2014-12-02,2300.0,2300.0,2300.0,2300.0,13473400,5858,1,2300.0,2300.0
2014-12-27,2100.0,2100.0,2100.0,2100.0,5250000,2500,1,2300.0,2100.0
2015-01-04,2190.0,2540.0,2190.0,2535.0,30189340,11911,3,2100.0,2540.0
2015-01-07,2205.0,2205.0,2205.0,2205.0,22050,10,1,2535.0,2205.0
2015-01-11,2206.0,2210.0,2206.0,2209.0,15462000,7000,2,2205.0,2210.0
2015-01-12,2200.0,2205.0,2200.0,2202.0,40764550,18510,2,2209.0,2205.0
2015-01-18,2202.0,2202.0,2200.0,2200.0,905661000,411655,11,2202.0,2200.0
2015-01-19,2445.0,2500.0,2440.0,2469.0,117415230,47563,10,2200.0,2500.0
2015-01-20,2690.0,2690.0,2690.0,2690.0,3039700,1130,1,2469.0,2690.0
2015-01-21,2899.0,2899.0,2700.0,2720.0,90847305,33396,4,2690.0,2700.0
2015-01-24,2690.0,2690.0,2690.0,2690.0,5614030,2087,1,2720.0,2690.0
2015-02-08,2210.0,2210.0,2170.0,2197.0,35158840,16000,4,2690.0,2170.0
2015-02-09,2180.0,2180.0,2120.0,2163.0,21629550,10000,3,2197.0,2120.0
2015-02-25,2490.0,2490.0,2400.0,2475.0,29700000,12000,2,2163.0,2400.0
2015-03-02,2120.0,2120.0,2120.0,2120.0,3531920,1666,2,2475.0,2120.0
2015-03-07,2500.0,2500.0,2500.0,2500.0,10000000,4000,1,2120.0,2500.0
2015-03-14,2569.0,2569.0,2569.0,2569.0,10276000,4000,1,2500.0,2569.0
2015-03-16,2500.0,2569.0,2500.0,2537.0,13540100,5336,2,2569.0,2569.0
2015-03-18,2350.0,2350.0,2350.0,2350.0,479400,204,1,2537.0,2350.0
2015-04-04,2350.0,2600.0,2350.0,2577.0,28350000,11000,6,2350.0,2600.0
2015-04-05,2890.0,3000.0,2890.0,2927.0,163899000,56000,7,2577.0,2890.0
2015-04-06,2850.0,3200.0,2850.0,3192.0,143650000,45000,4,2927.0,3200.0
2015-04-07,2400.0,2400.0,2400.0,2400.0,15600000,6500,2,3192.0,2400.0
2015-04-11,3100.0,3100.0,3100.0,3100.0,9954100,3211,1,2400.0,3100.0
2015-04-13,2280.0,2280.0,2280.0,2280.0,84567480,37091,1,3100.0,2280.0
2015-04-14,2281.0,2281.0,2280.0,2281.0,27822211,12200,3,2280.0,2281.0
2015-04-20,2281.0,2281.0,2281.0,2281.0,3327979,1459,1,2281.0,2281.0
2015-05-09,2280.0,2280.0,2280.0,2280.0,27360000,12000,1,2281.0,2280.0
2015-05-24,2282.0,2282.0,2282.0,2282.0,3735634,1637,1,2280.0,2282.0
2015-05-26,2220.0,2280.0,2074.0,2150.0,96750000,45000,5,2282.0,2074.0
2015-06-10,2439.0,2439.0,2439.0,2439.0,7317000,3000,1,2150.0,2439.0
2015-09-09,2700.0,2700.0,2700.0,2700.0,18900000,7000,1,2439.0,2700.0
2015-09-13,2500.0,2510.0,2500.0,2503.0,224967500,89867,3,2700.0,2500.0
2015-09-14,2000.0,2000.0,2000.0,2000.0,249780000,124890,3,2503.0,2000.0
2015-09-16,2000.0,2700.0,2000.0,2490.0,494741200,198712,4,2000.0,2700.0
2015-09-20,2010.0,2010.0,2000.0,2003.0,62090000,31000,5,2490.0,2000.0
2015-09-23,1900.0,1911.0,1900.0,1901.0,264288000,138990,4,2003.0,1911.0
2015-09-26,1912.0,2020.0,1800.0,1848.0,529371980,286490,14,1901.0,1824.0
2015-09-27,1910.0,1910.0,1910.0,1910.0,955000,500,1,1848.0,1910.0
2015-10-04,1900.0,1900.0,1900.0,1900.0,3800000,2000,1,1910.0,1900.0
2015-10-07,1711.0,1950.0,1600.0,1627.0,315464650,193887,20,1900.0,1651.0
2015-10-10,1514.0,1515.0,1490.0,1511.0,173623820,114910,6,1627.0,1515.0
2015-10-18,1510.0,1510.0,1501.0,1507.0,128085000,85000,4,1511.0,1505.0
2015-10-26,1500.0,1500.0,1400.0,1404.0,50560000,36000,5,1507.0,1400.0
2015-10-31,1410.0,1795.0,1410.0,1641.0,247014400,150560,8,1404.0,1785.0
2015-11-01,1808.0,1950.0,1750.0,1828.0,357734000,195710,19,1641.0,1750.0
2015-11-02,1900.0,2000.0,1899.0,1916.0,153249500,80000,18,1828.0,2000.0
2015-11-03,2000.0,2200.0,2000.0,2048.0,176100000,86000,13,1916.0,2200.0
2015-11-04,2350.0,2400.0,2300.0,2344.0,82043000,35000,7,2048.0,2303.0
2015-11-07,2450.0,2500.0,2303.0,2483.0,484045000,194910,20,2344.0,2500.0
2015-11-08,2599.0,2750.0,2500.0,2678.0,373398506,139410,26,2483.0,2749.0
2015-11-09,2600.0,3000.0,2600.0,2870.0,290023020,101040,19,2678.0,3000.0
2015-11-10,3000.0,3200.0,2998.0,3080.0,281446800,91380,10,2870.0,3200.0
2015-11-11,3300.0,3388.0,2801.0,2918.0,2013687327,690138,58,3080.0,2831.0
2015-11-14,3020.0,3050.0,2900.0,2978.0,105207454,35330,12,2918.0,3050.0
2015-11-15,3100.0,3100.0,3050.0,3083.0,92500000,30000,3,2978.0,3050.0
2015-11-16,3150.0,3400.0,3050.0,3248.0,431463616,132844,20,3083.0,3350.0
2015-11-17,3215.0,3500.0,3170.0,3271.0,222418000,68000,9,3248.0,3170.0
2015-11-18,3450.0,3450.0,3050.0,3109.0,449744550,144639,17,3271.0,3073.0
2015-11-21,3150.0,3350.0,2902.0,3203.0,169174860,52817,10,3109.0,3330.0
2015-11-22,3300.0,3300.0,3010.0,3092.0,347249747,112294,18,3203.0,3090.0
2015-11-23,3099.0,3100.0,3090.0,3092.0,104282200,33722,9,3092.0,3090.0
2015-11-24,3090.0,3170.0,3090.0,3104.0,367726100,118481,8,3092.0,3170.0
2015-11-25,3160.0,3169.0,3160.0,3165.0,18829900,5950,5,3104.0,3160.0
2015-11-28,3011.0,3011.0,2950.0,2962.0,399855000,135000,5,3165.0,2951.0
2015-11-29,3090.0,3090.0,2922.0,3027.0,142270000,47000,5,2962.0,3000.0
2015-11-30,3100.0,3100.0,3000.0,3068.0,194665000,63450,6,3027.0,3000.0
2015-12-01,3050.0,3050.0,3036.0,3040.0,97278910,32000,5,3068.0,3036.0
2015-12-05,3050.0,3195.0,3050.0,3110.0,224595300,72226,11,3040.0,3180.0
2015-12-06,3194.0,3264.0,3180.0,3209.0,142622744,44446,6,3110.0,3264.0
2015-12-09,3271.0,3352.0,3100.0,3246.0,182109400,56098,18,3209.0,3100.0
2015-12-13,3100.0,3100.0,3100.0,3100.0,15500000,5000,1,3246.0,3100.0
2015-12-14,3040.0,3040.0,3040.0,3040.0,9120000,3000,1,3100.0,3040.0
2015-12-15,3040.0,3110.0,3040.0,3073.0,73183680,23817,6,3040.0,3060.0
2015-12-16,3350.0,3360.0,3121.0,3284.0,125769700,38300,9,3073.0,3300.0
2015-12-19,3299.0,3299.0,3299.0,3299.0,23894657,7243,1,3284.0,3299.0
2015-12-20,3201.0,3290.0,3110.0,3230.0,207056500,64110,13,3299.0,3250.0
2015-12-21,3240.0,3280.0,3240.0,3252.0,93097500,28630,3,3230.0,3280.0
2015-12-22,3280.0,3390.0,3280.0,3340.0,258491100,77390,12,3252.0,3370.0
2015-12-23,3500.0,3685.0,3370.0,3483.0,341031000,97920,17,3340.0,3600.0
2015-12-26,3685.0,4000.0,3600.0,3759.0,644583000,171500,16,3483.0,4000.0
2015-12-27,4810.0,4810.0,4050.0,4592.0,204177010,44464,17,3759.0,4810.0
2015-12-28,4800.0,5020.0,4730.0,4837.0,714836410,147779,28,4592.0,5020.0
2015-12-30,5021.0,6000.0,5021.0,5362.0,457614515,85337,28,4837.0,5550.0
2016-01-02,5880.0,6000.0,5600.0,5754.0,186482590,32412,14,5362.0,5990.0
2016-01-03,5610.0,5610.0,5022.0,5349.0,750078863,140222,37,5754.0,5250.0
2016-01-04,5270.0,5270.0,4999.0,5023.0,529918280,105501,28,5349.0,5000.0
2016-01-05,5000.0,5120.0,4560.0,5000.0,413723378,82752,36,5023.0,5000.0
2016-01-16,5000.0,5100.0,5000.0,5049.0,41335500,8187,4,5000.0,5001.0
2016-01-17,5349.0,5350.0,5000.0,5266.0,55295500,10500,6,5049.0,5000.0
2016-01-20,4200.0,4500.0,4200.0,4243.0,216912500,51125,7,5266.0,4210.0
2016-01-24,3800.0,3900.0,3520.0,3615.0,161551000,44690,6,4243.0,3520.0
2016-01-26,3780.0,3790.0,3403.0,3633.0,97816784,26926,8,3615.0,3750.0
2016-01-27,3600.0,3600.0,3600.0,3600.0,36036000,10010,3,3633.0,3600.0
2016-01-30,3600.0,3800.0,3600.0,3759.0,184671600,49127,8,3600.0,3800.0
2016-01-31,3900.0,4000.0,3900.0,3950.0,86413400,21876,9,3759.0,4000.0
2016-02-01,3950.0,4120.0,3800.0,3894.0,144070000,37000,9,3950.0,4120.0
2016-02-02,3654.0,3710.0,3654.0,3658.0,39300240,10744,2,3894.0,3710.0
2016-02-03,3800.0,3850.0,3700.0,3754.0,120051600,31976,9,3658.0,3800.0
2016-02-06,3750.0,4049.0,3750.0,3883.0,186585040,48048,9,3754.0,4048.0
2016-02-07,4047.0,4100.0,4000.0,4049.0,77366460,19107,6,3883.0,4000.0
2016-02-08,4270.0,4319.0,4270.0,4305.0,200180000,46500,6,4049.0,4300.0
2016-02-09,4300.0,4310.0,4300.0,4301.0,93156870,21659,5,4305.0,4300.0
2016-02-10,4000.0,4310.0,4000.0,4098.0,316202710,77152,18,4301.0,4200.0
2016-02-13,4160.0,4200.0,4021.0,4106.0,168253559,40979,11,4098.0,4021.0
2016-02-14,4150.0,4150.0,4010.0,4050.0,79062941,19521,6,4106.0,4010.0
2016-02-15,3850.0,4000.0,3850.0,3956.0,76373000,19307,7,4050.0,4000.0
2016-02-16,4000.0,4000.0,4000.0,4000.0,39600000,9900,1,3956.0,4000.0
2016-02-17,4100.0,4100.0,4100.0,4100.0,20500000,5000,1,4000.0,4100.0
2016-02-20,4600.0,4600.0,4100.0,4354.0,192071842,44109,7,4100.0,4301.0
2016-02-21,4510.0,4510.0,4241.0,4410.0,68799600,15600,3,4354.0,4241.0
2016-02-22,4240.0,4600.0,4240.0,4394.0,62885300,14312,4,4410.0,4400.0
2016-02-23,4403.0,4403.0,4403.0,4403.0,3126130,710,1,4394.0,4403.0
2016-02-24,4501.0,4650.0,4402.0,4540.0,139236228,30670,5,4403.0,4650.0
2016-02-27,4990.0,5000.0,4680.0,4925.0,63306720,12854,6,4540.0,4680.0
2016-02-28,4600.0,4700.0,4600.0,4646.0,194381840,41838,5,4925.0,4600.0
2016-02-29,4511.0,4690.0,4511.0,4550.0,184171200,40480,3,4646.0,4690.0
2016-03-01,4332.0,4332.0,4330.0,4331.0,37546320,8670,4,4550.0,4330.0
2016-03-02,4230.0,4230.0,4000.0,4035.0,25820960,6400,3,4331.0,4100.0
2016-03-05,4035.0,4035.0,4000.0,4027.0,104700000,26000,2,4035.0,4000.0
2016-03-06,4000.0,4000.0,3800.0,3905.0,86134000,22056,5,4027.0,3800.0
2016-03-07,3950.0,3950.0,3950.0,3950.0,17909300,4534,1,3905.0,3950.0
2016-03-09,3503.0,3723.0,3500.0,3576.0,219909270,61490,13,3950.0,3500.0
2016-03-12,3503.0,3503.0,3503.0,3503.0,5779950,1650,1,3576.0,3503.0
2016-03-14,3400.0,3400.0,3300.0,3367.0,50500000,15000,2,3503.0,3300.0
2016-03-16,3307.0,3307.0,3306.0,3307.0,6613872,2000,2,3367.0,3306.0
2016-03-28,3307.0,3307.0,3307.0,3307.0,22613266,6838,1,3307.0,3307.0
2016-04-05,3840.0,3900.0,3840.0,3867.0,204677000,52930,4,3307.0,3900.0
2016-04-06,4000.0,4000.0,4000.0,4000.0,40040000,10010,2,3867.0,4000.0
2016-04-09,4000.0,4000.0,4000.0,4000.0,22100000,5525,3,4000.0,4000.0
2016-04-10,4200.0,4200.0,4199.0,4200.0,26038800,6200,2,4000.0,4199.0
2016-04-11,4190.0,4190.0,4190.0,4190.0,17891300,4270,1,4200.0,4190.0
2016-04-12,3700.0,3700.0,3420.0,3489.0,77275830,22151,7,4190.0,3500.0
2016-04-13,3351.0,3500.0,3322.0,3366.0,193405500,57463,7,3489.0,3355.0
2016-04-16,3120.0,3270.0,3120.0,3170.0,47550000,15000,3,3366.0,3120.0
2016-04-20,2399.0,2510.0,2399.0,2423.0,79969500,33010,5,3170.0,2450.0
2016-04-25,2700.0,3000.0,2700.0,2978.0,81103280,27236,3,2423.0,2980.0
2016-04-26,3350.0,3400.0,3100.0,3341.0,188007700,56267,13,2978.0,3250.0
2016-04-27,3150.0,3150.0,3150.0,3150.0,25420500,8070,5,3341.0,3150.0
2016-04-30,3150.0,3150.0,3150.0,3150.0,324450,103,1,3150.0,3150.0
2016-05-02,3150.0,3150.0,3150.0,3150.0,53109000,16860,4,3150.0,3150.0
2016-05-03,3450.0,3452.0,3450.0,3451.0,59349400,17200,3,3150.0,3452.0
2016-05-08,3000.0,3000.0,3000.0,3000.0,30000000,10000,1,3451.0,3000.0
2016-05-09,3300.0,3300.0,3300.0,3300.0,44655600,13532,3,3000.0,3300.0
2016-05-15,3000.0,3290.0,3000.0,3045.0,195620000,64240,5,3300.0,3290.0
2016-05-21,3100.0,3300.0,3000.0,3223.0,77663300,24099,7,3045.0,3297.0
2016-05-23,3000.0,3379.0,2763.0,2874.0,237968400,82802,11,3223.0,3379.0
2016-05-25,2880.0,2880.0,2880.0,2880.0,28800000,10000,1,2874.0,2880.0
2016-05-30,2900.0,3060.0,2900.0,2998.0,120124680,40068,11,2880.0,2990.0
2016-05-31,3000.0,3000.0,3000.0,3000.0,42123000,14041,1,2998.0,3000.0
2016-06-01,3010.0,3010.0,2990.0,2992.0,6920510,2313,2,3000.0,2990.0
2016-06-07,2900.0,2900.0,2900.0,2900.0,5800000,2000,1,2992.0,2900.0
2016-06-14,3290.0,3300.0,3290.0,3296.0,42850000,13000,2,2900.0,3300.0
2016-06-15,3200.0,3300.0,3200.0,3238.0,19207600,5932,2,3296.0,3300.0
2016-06-18,3298.0,3300.0,3298.0,3299.0,59380000,18000,3,3238.0,3300.0
2016-06-19,3300.0,3449.0,3300.0,3401.0,41835000,12300,3,3299.0,3400.0
2016-06-20,3499.0,3640.0,3499.0,3609.0,166014000,46000,5,3401.0,3640.0
2016-07-02,3300.0,3300.0,3010.0,3081.0,195806800,63546,12,3609.0,3010.0
2016-07-03,2900.0,3100.0,2900.0,3002.0,36020000,12000,6,3081.0,3100.0
2016-07-05,3000.0,3050.0,3000.0,3041.0,34856000,11462,2,3002.0,3050.0
2016-07-11,3040.0,3040.0,2920.0,2920.0,8790400,3010,2,3041.0,2920.0
2016-07-12,2920.0,2920.0,2900.0,2904.0,70135000,24150,5,2920.0,2900.0
2016-07-18,2650.0,2660.0,2400.0,2557.0,400949618,156801,15,2904.0,2410.0
2016-10-19,2595.0,2595.0,2550.0,2550.0,154180725,60455,2,2557.0,2550.0
2016-10-23,2150.0,2160.0,2132.0,2147.0,89875486,41853,5,2550.0,2150.0
2016-10-26,2200.0,2200.0,2200.0,2200.0,44000000,20000,1,2147.0,2200.0
2016-10-29,2400.0,2400.0,2200.0,2244.0,56848800,25337,2,2200.0,2200.0
2016-10-30,2121.0,2151.0,2121.0,2137.0,109949859,51443,12,2244.0,2121.0
2016-10-31,2122.0,2122.0,2121.0,2121.0,84860000,40000,2,2137.0,2121.0
2016-11-01,2102.0,2102.0,2101.0,2102.0,46234000,22000,2,2121.0,2101.0
2016-11-02,2070.0,2070.0,2000.0,2033.0,87400000,43000,4,2102.0,2040.0
2016-11-07,2000.0,2000.0,2000.0,2000.0,38178000,19089,1,2033.0,2000.0
2016-11-08,2100.0,2100.0,2100.0,2100.0,30893100,14711,6,2000.0,2100.0
2016-11-14,2243.0,2244.0,2000.0,2140.0,109628330,51224,5,2100.0,2010.0
2016-11-16,2140.0,2140.0,2140.0,2140.0,10122200,4730,1,2140.0,2140.0
2016-11-22,2200.0,2200.0,2200.0,2200.0,5104000,2320,1,2140.0,2200.0
2016-11-23,2270.0,2350.0,2140.0,2319.0,161058510,69446,17,2200.0,2320.0
2016-12-04,2150.0,2150.0,2101.0,2109.0,86470495,40995,6,2319.0,2101.0
2016-12-05,2100.0,2100.0,2010.0,2034.0,68413250,33630,5,2109.0,2010.0
2016-12-06,2031.0,2031.0,2031.0,2031.0,6015822,2962,1,2034.0,2031.0
2016-12-10,2052.0,2052.0,2032.0,2051.0,21536000,10500,2,2031.0,2032.0
2016-12-11,2032.0,2032.0,2010.0,2021.0,80850298,40000,6,2051.0,2010.0
2016-12-12,2097.0,2097.0,2000.0,2032.0,73720972,36276,9,2021.0,2031.0
2016-12-13,2002.0,2002.0,2002.0,2002.0,5005000,2500,1,2032.0,2002.0
2016-12-18,2002.0,2002.0,2000.0,2001.0,66990000,33485,5,2002.0,2000.0
2016-12-19,2001.0,2001.0,2001.0,2001.0,16008000,8000,2,2001.0,2001.0
2016-12-20,1990.0,1990.0,1990.0,1990.0,6232680,3132,1,2001.0,1990.0
2016-12-21,2063.0,2064.0,2063.0,2064.0,54689500,26500,2,1990.0,2064.0
2016-12-24,2060.0,2080.0,2060.0,2079.0,51970000,25000,2,2064.0,2080.0
2016-12-25,2060.0,2060.0,2060.0,2060.0,402727940,195499,1,2079.0,2060.0
2016-12-26,2063.0,2063.0,2062.0,2062.0,53622000,26000,4,2060.0,2062.0
2016-12-28,2063.0,2119.0,2060.0,2091.0,95148500,45500,6,2062.0,2119.0
2016-12-31,2021.0,2021.0,2010.0,2016.0,40317250,20000,4,2091.0,2010.0
2017-01-01,2010.0,2010.0,2002.0,2007.0,40638500,20250,4,2016.0,2002.0
2017-01-02,1992.0,1992.0,1992.0,1992.0,4023840,2020,1,2007.0,1992.0
2017-01-03,1993.0,1993.0,1990.0,1992.0,25892000,13000,3,1992.0,1990.0
2017-01-04,1938.0,1938.0,1906.0,1925.0,143432000,74500,10,1992.0,1937.0
2017-01-07,1881.0,1881.0,1770.0,1803.0,77520000,43000,5,1925.0,1875.0
2017-01-08,1766.0,1900.0,1753.0,1775.0,45647383,25711,4,1803.0,1900.0
2017-01-09,1761.0,1761.0,1761.0,1761.0,35220000,20000,1,1775.0,1761.0
2017-01-17,1821.0,1821.0,1821.0,1821.0,1833747,1007,1,1761.0,1821.0
2017-01-21,1822.0,1822.0,1801.0,1818.0,71895490,39554,3,1821.0,1801.0
2017-01-22,1801.0,1801.0,1775.0,1786.0,12962470,7256,2,1818.0,1775.0
2017-01-23,1800.0,1800.0,1777.0,1785.0,173011420,96939,5,1786.0,1777.0
2017-01-25,1800.0,1800.0,1800.0,1800.0,63900000,35500,3,1785.0,1800.0
2017-01-29,1762.0,1762.0,1752.0,1759.0,215122617,122289,8,1800.0,1753.0
2017-01-31,1731.0,1731.0,1710.0,1721.0,15622342,9075,3,1759.0,1710.0
2017-02-05,1714.0,1714.0,1714.0,1714.0,4461542,2603,3,1721.0,1714.0
2017-02-07,1714.0,1714.0,1701.0,1710.0,66985366,39165,4,1714.0,1701.0
2017-02-11,1701.0,1701.0,1701.0,1701.0,3402000,2000,1,1710.0,1701.0
2017-02-13,1701.0,1701.0,1700.0,1700.0,54471535,32035,3,1701.0,1701.0
2017-02-14,1701.0,1701.0,1700.0,1701.0,42513000,25000,3,1700.0,1701.0
2017-02-15,1701.0,1701.0,1701.0,1701.0,595350,350,1,1701.0,1701.0
2017-02-19,1651.0,1701.0,1650.0,1655.0,9172727,5543,3,1701.0,1650.0
2017-02-21,1650.0,1650.0,1650.0,1650.0,24750000,15000,2,1655.0,1650.0
2017-03-01,1651.0,1651.0,1651.0,1651.0,2549144,1544,1,1650.0,1651.0
2017-03-04,1650.0,1650.0,1650.0,1650.0,2475000,1500,1,1651.0,1650.0
2017-03-06,1651.0,1651.0,1600.0,1628.0,48587340,29840,5,1650.0,1600.0
2017-03-07,1551.0,1551.0,1551.0,1551.0,12097800,7800,1,1628.0,1551.0
2017-03-13,1650.0,1706.0,1650.0,1692.0,231054863,136549,17,1551.0,1706.0
2017-03-14,1861.0,1861.0,1861.0,1861.0,97894183,52603,2,1692.0,1861.0
2017-03-15,2047.0,2047.0,2047.0,2047.0,686054097,335151,57,1861.0,2047.0
2017-03-18,2246.0,2251.0,2120.0,2228.0,353012099,158442,21,2047.0,2251.0
2017-03-25,2449.0,2450.0,2448.0,2449.0,456318848,186301,37,2228.0,2450.0
2017-03-27,2693.0,2693.0,2693.0,2693.0,20210965,7505,7,2449.0,2693.0
2017-03-29,2962.0,2962.0,2424.0,2733.0,1780100825,651437,123,2693.0,2609.0
2017-04-03,2465.0,2940.0,2465.0,2621.0,436066413,166399,49,2733.0,2700.0
2017-04-04,2849.0,2883.0,2640.0,2815.0,848124938,301339,81,2621.0,2883.0
2017-04-05,2730.0,2905.0,2730.0,2759.0,174622645,63284,17,2815.0,2800.0
2017-04-08,2720.0,2790.0,2484.0,2498.0,270485530,108272,35,2759.0,2484.0
2017-04-09,2740.0,2740.0,2600.0,2679.0,369787797,138055,43,2498.0,2650.0
2017-04-10,2944.0,2945.0,2426.0,2603.0,308846871,118648,51,2679.0,2600.0
2017-04-12,2550.0,2799.0,2413.0,2700.0,670926380,248526,74,2603.0,2799.0
2017-04-15,2852.0,2970.0,2852.0,2945.0,404486000,137330,23,2700.0,2970.0
2017-04-16,3239.0,3239.0,3200.0,3237.0,1868831837,577288,59,2945.0,3239.0
2017-04-17,3530.0,3530.0,2914.0,2927.0,283917296,96990,26,3237.0,3199.0
2017-04-18,3188.0,3188.0,3177.0,3184.0,10694192,3359,3,2927.0,3177.0
2017-04-19,3346.0,3502.0,3258.0,3350.0,113270990,33808,17,3184.0,3258.0
2017-04-22,3250.0,3250.0,3015.0,3059.0,432810124,141474,34,3350.0,3015.0
2017-04-23,2850.0,2999.0,2754.0,2757.0,114351133,41477,16,3059.0,2754.0
2017-04-24,2482.0,2750.0,2482.0,2495.0,369138934,147940,61,2757.0,2737.0
2017-04-26,2495.0,2496.0,2400.0,2491.0,140093000,56233,6,2495.0,2400.0
2017-04-29,2680.0,2700.0,2503.0,2669.0,54794220,20533,11,2491.0,2700.0
2017-04-30,2927.0,2929.0,2890.0,2923.0,82336144,28166,12,2669.0,2919.0
2017-05-01,2631.0,2641.0,2631.0,2636.0,68539440,26000,13,2923.0,2632.0
2017-05-02,2896.0,2896.0,2800.0,2807.0,82964430,29559,11,2636.0,2808.0
2017-05-03,2943.0,2943.0,2869.0,2896.0,3921626,1354,3,2807.0,2869.0
2017-05-06,2750.0,2999.0,2750.0,2790.0,14353165,5145,5,2896.0,2850.0
2017-05-07,2799.0,2890.0,2777.0,2882.0,75496847,26200,9,2790.0,2890.0
2017-05-08,2595.0,2880.0,2594.0,2608.0,67741477,25979,12,2882.0,2595.0
2017-05-13,2749.0,2749.0,2500.0,2666.0,191549364,71855,15,2608.0,2680.0
2017-05-14,2699.0,2700.0,2691.0,2696.0,73676025,27326,9,2666.0,2700.0
2017-05-15,2799.0,2868.0,2750.0,2816.0,70714840,25110,18,2696.0,2750.0
2017-05-16,2850.0,2879.0,2552.0,2832.0,101530118,35855,13,2816.0,2850.0
2017-05-17,2869.0,3069.0,2615.0,2957.0,481290462,162753,72,2832.0,3056.0
2017-05-20,2780.0,3252.0,2780.0,3221.0,1408956330,437435,97,2957.0,3252.0
2017-05-21,3543.0,3543.0,3543.0,3543.0,368046840,103880,13,3221.0,3543.0
2017-05-22,3897.0,3897.0,3897.0,3897.0,260452098,66834,6,3543.0,3897.0
2017-05-23,4286.0,4286.0,4220.0,4284.0,2860133539,667598,154,3897.0,4286.0
2017-05-24,4712.0,4712.0,4710.0,4712.0,1201353310,254962,67,4284.0,4712.0
2017-05-27,5183.0,5183.0,5169.0,5183.0,987762817,190590,29,4712.0,5183.0
2017-05-28,5701.0,5701.0,5688.0,5700.0,4990654681,875562,148,5183.0,5701.0
2017-05-29,6000.0,6270.0,5721.0,6210.0,5988729608,964346,318,5700.0,6270.0
2017-05-30,6790.0,6831.0,5589.0,6637.0,6717882760,1012238,297,6210.0,6831.0
2017-05-31,7000.0,7300.0,6615.0,7199.0,12457197648,1730297,523,6637.0,6700.0
2017-06-03,6480.0,7193.0,6480.0,6488.0,3159756349,487041,187,7199.0,6480.0
2017-06-06,6390.0,7136.0,6000.0,6947.0,8868185760,1276587,523,6488.0,7136.0
2017-06-07,7500.0,7549.0,6328.0,6942.0,5947734104,856803,409,6947.0,6400.0
2017-06-10,6700.0,7099.0,6248.0,6602.0,7833120919,1186549,288,6942.0,6248.0
2017-06-11,5944.0,5944.0,5942.0,5942.0,302136074,50847,33,6602.0,5942.0
2017-06-12,5410.0,5410.0,5348.0,5354.0,2064376745,385610,111,5942.0,5348.0
2017-06-13,4819.0,5889.0,4819.0,5390.0,8623305673,1599914,366,5354.0,5889.0
2017-06-14,5929.0,5929.0,5929.0,5929.0,2883456499,486331,77,5390.0,5929.0
2017-06-17,5337.0,6150.0,5337.0,5510.0,3161034023,573658,222,5929.0,5449.0
2017-06-18,5275.0,5677.0,4959.0,5094.0,1776817743,348819,183,5510.0,4959.0
2017-06-19,5303.0,5600.0,4800.0,5411.0,1951895703,360753,189,5094.0,5230.0
2017-06-20,5799.0,5799.0,5111.0,5176.0,475205773,91811,70,5411.0,5161.0
2017-06-21,4671.0,5040.0,4659.0,4778.0,1018998099,213264,95,5176.0,4672.0
2017-06-24,4849.0,5150.0,4800.0,5019.0,1037595536,206727,125,4778.0,4820.0
2017-06-25,5289.0,5520.0,4702.0,5294.0,969840491,183186,125,5019.0,5446.0
2017-06-28,5670.0,5720.0,5066.0,5503.0,344755024,62646,80,5294.0,5391.0
2017-07-01,5675.0,5675.0,4953.0,5089.0,1761929068,346251,137,5503.0,4953.0
2017-07-02,5047.0,5047.0,4600.0,4697.0,755076225,160745,84,5089.0,4622.0
2017-07-03,4980.0,4980.0,4231.0,4352.0,3177794236,730215,222,4697.0,4231.0
2017-07-04,4490.0,4490.0,4061.0,4247.0,2171330080,511206,153,4352.0,4260.0
2017-07-05,4360.0,4671.0,4360.0,4559.0,2500815232,548492,215,4247.0,4560.0
2017-07-08,4210.0,4597.0,4210.0,4336.0,980444721,226097,80,4559.0,4270.0
2017-07-09,4134.0,4233.0,3903.0,4025.0,2237385335,555866,197,4336.0,4140.0
2017-07-10,4106.0,4400.0,3941.0,4241.0,1401070634,330328,155,4025.0,4184.0
2017-07-11,4154.0,4330.0,4040.0,4237.0,669416084,158010,86,4241.0,4200.0
2017-07-12,4250.0,4387.0,4102.0,4283.0,407622775,95171,59,4237.0,4211.0
2017-07-15,4311.0,4400.0,4042.0,4345.0,628361675,144628,73,4283.0,4191.0
2017-07-16,4310.0,4483.0,4260.0,4335.0,1576670419,363748,63,4345.0,4271.0
2017-07-17,4550.0,4698.0,4165.0,4573.0,2958724850,646939,237,4335.0,4680.0
2017-07-18,5030.0,5030.0,4752.0,4981.0,3104087083,623128,160,4573.0,5030.0
2017-07-19,5300.0,5479.0,5300.0,5400.0,1519385273,281353,166,4981.0,5379.0
2017-07-22,5515.0,5515.0,4860.0,4948.0,1308031429,264375,163,5400.0,4860.0
2017-07-23,4700.0,5249.0,4500.0,5065.0,1468217766,289854,149,4948.0,5050.0
2017-07-24,4660.0,4949.0,4559.0,4646.0,1745240910,375670,168,5065.0,4562.0
2017-07-25,4514.0,4888.0,4302.0,4519.0,1591245188,352103,139,4646.0,4440.0
2017-07-26,4440.0,4849.0,4440.0,4716.0,807110496,171148,89,4519.0,4760.0
2017-07-29,4762.0,4801.0,4585.0,4687.0,390626310,83349,77,4716.0,4705.0
2017-07-30,4600.0,4695.0,4400.0,4458.0,1004370831,225278,99,4687.0,4549.0
2017-07-31,4670.0,4740.0,4550.0,4705.0,788236716,167524,102,4458.0,4580.0
2017-08-01,4405.0,5175.0,4405.0,5138.0,3171110341,617134,171,4705.0,5175.0
2017-08-02,5651.0,5651.0,5651.0,5651.0,720994137,127587,37,5138.0,5651.0
2017-08-06,6216.0,6216.0,5652.0,6000.0,3002011622,500312,179,5651.0,5800.0
2017-08-07,5930.0,6300.0,5600.0,6019.0,2188713644,363615,157,6000.0,6164.0
2017-08-08,6000.0,6496.0,5803.0,6099.0,843191115,138262,97,6019.0,5855.0
2017-08-09,5556.0,5650.0,5490.0,5502.0,993127198,180493,115,6099.0,5490.0
2017-08-12,5011.0,5715.0,4960.0,5278.0,678738083,128586,111,5502.0,5080.0
2017-08-13,5540.0,5540.0,4760.0,4931.0,668383286,135539,62,5278.0,4760.0
2017-08-14,5095.0,5200.0,4814.0,5027.0,327669971,65177,56,4931.0,5000.0
2017-08-15,5100.0,5100.0,4805.0,4913.0,551675057,112298,82,5027.0,4864.0
2017-08-16,5148.0,5148.0,4990.0,5010.0,438447381,87508,44,4913.0,5001.0
2017-08-19,4950.0,4950.0,4509.0,4540.0,1884191980,415007,217,5010.0,4509.0
2017-08-20,4088.0,4598.0,4088.0,4407.0,366787799,83226,92,4540.0,4500.0
2017-08-21,4360.0,4700.0,4360.0,4587.0,877209948,191256,87,4407.0,4699.0
2017-10-18,4000.0,4400.0,4000.0,4015.0,1284432000,319908,130,4587.0,4400.0
2017-10-21,4776.0,4776.0,4776.0,4776.0,1214723064,254339,177,4015.0,4776.0
2017-10-23,4777.0,4850.0,4777.0,4784.0,720261497,150569,57,4776.0,4850.0
2017-10-25,4929.0,4950.0,4929.0,4933.0,460981332,93457,60,4784.0,4950.0
2017-10-28,5639.0,5639.0,5619.0,5636.0,1157210538,205342,91,4933.0,5619.0
2017-10-30,8999.0,8999.0,7500.0,8711.0,899448587,103255,54,5636.0,7500.0
2017-11-01,7999.0,7999.0,6866.0,7667.0,815142874,106324,50,8711.0,6866.0
2017-11-04,6500.0,6800.0,6500.0,6527.0,1539067900,235787,86,7667.0,6800.0
2017-11-06,7000.0,7000.0,7000.0,7000.0,2759302000,394186,125,6527.0,7000.0
2017-11-08,6500.0,6850.0,6500.0,6501.0,1176123550,180908,98,7000.0,6850.0
2017-11-11,6990.0,6990.0,6500.0,6942.0,288068980,41495,30,6501.0,6500.0
2017-11-13,6940.0,6940.0,6499.0,6693.0,47009020,7024,10,6942.0,6499.0
2017-11-15,6660.0,6660.0,6200.0,6545.0,96198880,14697,16,6693.0,6200.0
2017-11-18,5999.0,6450.0,5999.0,6047.0,548732758,90745,18,6545.0,6450.0
2017-11-20,6488.0,6488.0,6400.0,6487.0,251910992,38834,34,6047.0,6400.0
2017-11-25,6000.0,6000.0,6000.0,6000.0,218910000,36485,33,6487.0,6000.0
2017-11-29,6000.0,6000.0,5999.0,5999.0,248368537,41399,33,6000.0,5999.0
2017-12-02,5999.0,5999.0,5500.0,5633.0,31956487,5673,6,5999.0,5500.0
2017-12-04,5633.0,5633.0,5170.0,5459.0,74962273,13731,15,5633.0,5170.0
2017-12-09,5200.0,5201.0,5200.0,5200.0,185268600,35628,32,5459.0,5201.0
2017-12-11,5800.0,5800.0,5100.0,5160.0,125131900,24251,15,5200.0,5100.0
2017-12-13,4500.0,4700.0,4500.0,4506.0,380714400,84496,36,5160.0,4700.0
2017-12-18,5000.0,5300.0,5000.0,5027.0,165025000,32825,29,4506.0,5300.0
2017-12-20,5590.0,5590.0,5200.0,5302.0,74562150,14064,9,5027.0,5200.0
2017-12-23,5490.0,5490.0,5490.0,5490.0,20532600,3740,5,5302.0,5490.0
2017-12-25,5490.0,5490.0,5000.0,5249.0,93261860,17769,9,5490.0,5000.0
2017-12-27,5249.0,5400.0,5249.0,5308.0,76047455,14326,17,5249.0,5400.0
2018-01-03,5450.0,5450.0,5390.0,5447.0,30935550,5679,12,5308.0,5390.0
2018-01-10,5248.0,5248.0,5248.0,5248.0,11545600,2200,2,5447.0,5248.0
2018-01-13,5200.0,5200.0,5200.0,5200.0,20207200,3886,11,5248.0,5200.0
2018-01-17,4980.0,5000.0,4980.0,4983.0,261091560,52394,36,5200.0,5000.0
2018-01-20,5179.0,5179.0,5167.0,5179.0,37452008,7232,6,4983.0,5167.0
2018-01-22,5170.0,5170.0,5170.0,5170.0,160787000,31100,24,5179.0,5170.0
2018-01-24,5190.0,5190.0,5190.0,5190.0,125224320,24128,18,5170.0,5190.0
2018-01-27,5191.0,5191.0,5191.0,5191.0,4157991,801,4,5190.0,5191.0
2018-01-29,5191.0,5191.0,5191.0,5191.0,24844126,4786,8,5191.0,5191.0
2018-01-31,5190.0,5190.0,5000.0,5122.0,92968000,18149,9,5191.0,5000.0
2018-02-03,5122.0,5122.0,5122.0,5122.0,320918910,62655,53,5122.0,5122.0
2018-02-05,5122.0,5122.0,5122.0,5122.0,50979266,9953,6,5122.0,5122.0
2018-02-07,4500.0,5122.0,4500.0,4524.0,227545046,50297,15,5122.0,5122.0
2018-02-10,5140.0,5300.0,5140.0,5170.0,360602660,69749,24,4524.0,5300.0
2018-02-12,5500.0,5500.0,5500.0,5500.0,317025500,57641,49,5170.0,5500.0
2018-02-14,5649.0,5650.0,5649.0,5649.0,330972013,58588,38,5500.0,5650.0
2018-02-17,5650.0,5650.0,5650.0,5650.0,82896800,14672,16,5649.0,5650.0
2018-02-19,5650.0,5650.0,5650.0,5650.0,226983100,40174,32,5650.0,5650.0
2018-02-21,6210.0,6211.0,6210.0,6210.0,1137996584,183244,72,5650.0,6211.0
2018-02-24,6830.0,6831.0,6830.0,6830.0,657777810,96307,44,6210.0,6831.0
2018-02-26,7340.0,7340.0,6799.0,7331.0,439544608,59961,27,6830.0,6799.0
2018-03-03,6797.0,6797.0,6797.0,6797.0,29641717,4361,5,7331.0,6797.0
2018-03-07,5999.0,5999.0,5500.0,5772.0,173509630,30062,20,6797.0,5500.0
2018-03-28,5772.0,5772.0,5520.0,5709.0,146946600,26550,9,5772.0,5520.0
2018-04-07,5708.0,5708.0,5708.0,5708.0,272631204,47763,21,5709.0,5708.0
2018-04-09,6190.0,6190.0,5700.0,5982.0,520946780,87082,9,5708.0,5700.0
2018-04-16,6130.0,6130.0,6000.0,6129.0,307700000,50200,5,5982.0,6000.0
2018-04-30,5988.0,5988.0,5979.0,5985.0,3411630,570,2,6129.0,5979.0
2018-05-05,5979.0,5979.0,5648.0,5754.0,3601848,626,4,5985.0,5648.0
2018-05-07,5970.0,5970.0,5970.0,5970.0,120402960,20168,2,5754.0,5970.0
2018-05-14,5957.0,5957.0,5957.0,5957.0,1191400,200,1,5970.0,5957.0
2018-05-19,5286.0,5286.0,5286.0,5286.0,102928992,19472,21,5957.0,5286.0
2018-05-21,5287.0,5287.0,5287.0,5287.0,2114800,400,2,5286.0,5287.0
2018-05-23,4511.0,4511.0,4511.0,4511.0,35050470,7770,7,5287.0,4511.0
2018-05-26,4511.0,4511.0,4511.0,4511.0,45317506,10046,8,4511.0,4511.0
2018-05-28,5280.0,5280.0,5180.0,5275.0,309832840,58738,9,4511.0,5180.0
2018-05-30,5270.0,5270.0,5270.0,5270.0,15931210,3023,6,5275.0,5270.0
2018-06-02,5270.0,5270.0,5270.0,5270.0,9486000,1800,4,5270.0,5270.0
2018-06-09,5270.0,5270.0,5270.0,5270.0,3899800,740,3,5270.0,5270.0
2018-06-11,4222.0,5000.0,4222.0,4227.0,214050376,50638,6,5270.0,5000.0
2018-06-18,5286.0,5286.0,5286.0,5286.0,592846044,112154,25,4227.0,5286.0
2018-06-20,5277.0,5277.0,5277.0,5277.0,86442537,16381,5,5286.0,5277.0
2018-06-23,5266.0,5266.0,5266.0,5266.0,2190656,416,2,5277.0,5266.0
2018-06-27,5000.0,5000.0,5000.0,5000.0,19985000,3997,10,5266.0,5000.0
2018-06-30,5200.0,5200.0,5000.0,5057.0,3540000,700,2,5000.0,5000.0
2018-07-02,4989.0,4989.0,4989.0,4989.0,5238450,1050,2,5057.0,4989.0
2018-07-04,4880.0,4880.0,4880.0,4880.0,8540000,1750,3,4989.0,4880.0
2018-07-07,4880.0,4880.0,4880.0,4880.0,26840000,5500,3,4880.0,4880.0
2018-07-11,4877.0,4877.0,4877.0,4877.0,2438500,500,1,4880.0,4877.0
2018-07-30,4877.0,4877.0,4876.0,4876.0,6919587,1419,4,4877.0,4876.0
2018-08-01,4111.0,4111.0,4111.0,4111.0,1898093921,461711,82,4876.0,4111.0
2018-08-04,4100.0,4100.0,4100.0,4100.0,11459500,2795,3,4111.0,4100.0
2018-08-06,4300.0,4580.0,4300.0,4374.0,1244030120,284426,75,4100.0,4580.0
2018-08-08,5800.0,5817.0,5800.0,5800.0,2409632800,415451,111,4374.0,5817.0
2018-08-11,5979.0,5979.0,5979.0,5979.0,467402346,78174,42,5800.0,5979.0
2018-08-13,5939.0,5939.0,5939.0,5939.0,37386005,6295,7,5979.0,5939.0
2018-08-15,5200.0,5200.0,5200.0,5200.0,58468800,11244,18,5939.0,5200.0
2018-08-18,5200.0,5200.0,5200.0,5200.0,138278400,26592,7,5200.0,5200.0
2018-08-20,4646.0,4646.0,4646.0,4646.0,35718448,7688,5,5200.0,4646.0
2018-08-25,5200.0,5200.0,5200.0,5200.0,316529200,60871,38,4646.0,5200.0
2018-08-27,5900.0,5900.0,5150.0,5846.0,362245600,61964,10,5200.0,5150.0
2018-08-29,5690.0,5690.0,5150.0,5463.0,100948090,18479,10,5846.0,5150.0
2018-09-01,5600.0,5600.0,4900.0,5323.0,224781200,42226,14,5463.0,4900.0
2018-09-03,5000.0,5450.0,5000.0,5009.0,756439650,151029,59,5323.0,5450.0
2018-09-05,5009.0,5498.0,5009.0,5133.0,847716979,165161,31,5009.0,5498.0
2018-09-08,5500.0,5950.0,5500.0,5558.0,598379700,107661,34,5133.0,5950.0
2018-09-10,7010.0,7010.0,7010.0,7010.0,1502986060,214406,90,5558.0,7010.0
2018-09-12,7010.0,7010.0,7010.0,7010.0,512080500,73050,19,7010.0,7010.0
2018-09-24,7010.0,7880.0,7010.0,7535.0,334875200,44440,15,7010.0,7880.0
2018-09-26,9750.0,10106.0,9750.0,9758.0,3302579500,338434,119,7535.0,10106.0
2018-09-29,10200.0,10200.0,10200.0,10200.0,237394800,23274,10,9758.0,10200.0
2018-10-01,13000.0,13500.0,13000.0,13006.0,4307262500,331164,110,10200.0,13500.0
2018-10-03,12998.0,12998.0,12690.0,12992.0,781080756,60122,16,13006.0,12690.0
2018-10-06,12670.0,12670.0,10000.0,10998.0,61366950,5580,7,12992.0,10000.0
2018-10-08,9990.0,9990.0,9990.0,9990.0,124345530,12447,8,10998.0,9990.0
2018-10-10,9000.0,9000.0,8000.0,8889.0,808818000,90993,29,9990.0,8000.0
2018-10-13,8889.0,8889.0,8870.0,8871.0,64624600,7285,6,8889.0,8870.0
2018-10-15,8888.0,8888.0,8888.0,8888.0,1288875544,145013,68,8871.0,8888.0
2018-10-17,9900.0,9900.0,9888.0,9899.0,278591700,28143,18,8888.0,9888.0
2018-10-20,9899.0,9899.0,9899.0,9899.0,977437159,98741,45,9899.0,9899.0
2018-10-22,10900.0,10900.0,9999.0,10572.0,219913033,20801,15,9899.0,9999.0
2018-10-27,8800.0,8800.0,7700.0,7833.0,228864900,29217,19,10572.0,7700.0
2018-10-29,9900.0,9900.0,9000.0,9849.0,261198000,26520,14,7833.0,9000.0
2018-11-03,8000.0,8200.0,8000.0,8001.0,1420926000,177583,77,9849.0,8200.0
2018-11-05,8001.0,8001.0,7512.0,7949.0,187969146,23646,22,8001.0,7512.0
2018-11-10,9000.0,9000.0,9000.0,9000.0,111528000,12392,11,7949.0,9000.0
2018-11-14,8500.0,8500.0,8500.0,8500.0,111928000,13168,6,9000.0,8500.0
2018-11-19,7100.0,7100.0,7100.0,7100.0,2920556600,411346,151,8500.0,7100.0
2018-11-21,6990.0,6990.0,6701.0,6963.0,379454080,54492,41,7100.0,6701.0
2018-11-24,7200.0,7200.0,7150.0,7196.0,333088000,46290,13,6963.0,7150.0
2018-11-26,7999.0,7999.0,7500.0,7797.0,104912000,13456,9,7196.0,7500.0
2018-11-28,6500.0,6500.0,6500.0,6500.0,208123500,32019,17,7797.0,6500.0
2018-12-01,6500.0,6500.0,6500.0,6500.0,66768000,10272,12,6500.0,6500.0
2018-12-03,6500.0,6500.0,6500.0,6500.0,210879500,32443,26,6500.0,6500.0
2018-12-17,6500.0,7000.0,6500.0,6645.0,594399000,89446,36,6500.0,7000.0
2018-12-19,7878.0,7878.0,7200.0,7857.0,503088096,64032,18,6645.0,7200.0
2018-12-22,7000.0,7000.0,7000.0,7000.0,282758000,40394,9,7857.0,7000.0
2018-12-24,7000.0,7000.0,6789.0,6908.0,333483487,48276,31,7000.0,6789.0
2018-12-26,6511.0,6600.0,6511.0,6511.0,1321092112,202892,58,6908.0,6600.0
2018-12-29,6900.0,6900.0,6750.0,6900.0,383287650,55552,29,6511.0,6750.0
2018-12-31,6894.0,6894.0,6894.0,6894.0,623700180,90470,52,6900.0,6894.0
2019-01-02,6995.0,6995.0,6847.0,6928.0,61488625,8875,13,6894.0,6847.0
2019-01-09,6796.0,6796.0,6570.0,6706.0,101924426,15199,7,6928.0,6570.0
2019-01-14,6421.0,6421.0,6421.0,6421.0,305768020,47620,55,6706.0,6421.0
2019-01-16,7003.0,7890.0,7003.0,7158.0,884889388,123622,55,6421.0,7890.0
2019-01-19,7880.0,7880.0,7880.0,7880.0,117979360,14972,6,7158.0,7880.0
2019-01-21,9000.0,9000.0,9000.0,9000.0,2295324000,255036,117,7880.0,9000.0
2019-01-23,11000.0,13000.0,11000.0,11274.0,1567197000,139009,102,9000.0,13000.0
2019-01-26,14700.0,14700.0,14700.0,14700.0,6666450000,453500,226,11274.0,14700.0
2019-01-29,16170.0,17787.0,15000.0,17293.0,2462507436,142401,150,14700.0,17787.0
2019-01-30,18300.0,18300.0,15564.0,16265.0,2504962313,154007,172,17293.0,15564.0
2019-02-02,14639.0,14639.0,14639.0,14639.0,2323926611,158749,157,16265.0,14639.0
2019-02-03,13176.0,15840.0,13176.0,13736.0,7992478071,581848,437,14639.0,14570.0
2019-02-04,14950.0,15109.0,13500.0,15089.0,3267418835,216542,137,13736.0,15109.0
2019-02-05,16000.0,16597.0,15990.0,16545.0,2965413218,179230,166,15089.0,16597.0
2019-02-06,17860.0,18199.0,17000.0,18129.0,6218927254,343037,311,16545.0,18199.0
2019-02-10,19900.0,19941.0,19000.0,19872.0,10550589610,530937,396,18129.0,19941.0
2019-02-12,20000.0,21859.0,19915.0,21176.0,9467212923,447083,355,19872.0,21859.0
2019-02-13,22999.0,23290.0,19059.0,21910.0,8720787707,398036,581,21176.0,22987.0
2019-02-16,23993.0,24101.0,23000.0,23974.0,11742421227,489805,523,21910.0,24101.0
2019-02-17,24950.0,26371.0,24181.0,25599.0,12285585171,479923,612,23974.0,26371.0
2019-02-18,28125.0,28158.0,26667.0,28109.0,4514621124,160611,161,25599.0,28158.0
2019-02-19,30919.0,30919.0,30919.0,30919.0,375294822,12138,36,28109.0,30919.0
2019-02-20,34010.0,34010.0,34010.0,34010.0,261196800,7680,16,30919.0,34010.0
2019-02-23,37411.0,41152.0,37411.0,40312.0,4239700460,105173,130,34010.0,41152.0
2019-02-24,44343.0,44343.0,37000.0,43037.0,21969936623,510491,1044,40312.0,43400.0
2019-02-25,46000.0,46000.0,38734.0,41047.0,25065537768,610654,1195,43037.0,41500.0
2019-02-26,42300.0,44500.0,39500.0,43364.0,12488279659,287984,700,41047.0,44000.0
2019-02-27,45000.0,45000.0,41000.0,42749.0,6394065717,149572,528,43364.0,42001.0
2019-03-02,42200.0,42200.0,38475.0,39290.0,21167915607,538764,807,42749.0,38475.0
2019-03-03,36001.0,39555.0,35361.0,36209.0,15503071759,428150,583,39290.0,35361.0
2019-03-04,33020.0,34551.0,32589.0,32762.0,14937068847,455925,599,36209.0,32589.0
2019-03-05,31999.0,36038.0,30690.0,34625.0,27489991667,793927,701,32762.0,36038.0
2019-03-06,38087.0,38087.0,38087.0,38087.0,908984342,23866,48,34625.0,38087.0
2019-03-09,41895.0,41895.0,37030.0,39889.0,31229980226,782926,1075,38087.0,40400.0
2019-03-10,40480.0,43750.0,40212.0,42145.0,15057201881,357270,693,39889.0,42699.0
2019-03-11,44200.0,44990.0,39000.0,41846.0,13086362470,312724,791,42145.0,39500.0
2019-03-12,39330.0,41600.0,37662.0,38564.0,20521291552,532130,663,41846.0,37662.0
2019-03-13,35155.0,38400.0,35010.0,36455.0,14377627774,394397,609,38564.0,35505.0
2019-03-16,35700.0,39000.0,34708.0,36831.0,8394232035,227914,586,36455.0,35500.0
2019-03-17,35950.0,35950.0,33150.0,33841.0,7663245602,226449,539,36831.0,33501.0
2019-03-18,33148.0,36479.0,32010.0,34863.0,6758019343,193844,489,33841.0,35000.0
2019-03-19,36300.0,36300.0,34001.0,34584.0,3533269443,102166,228,34863.0,34209.0
2019-03-25,35552.0,35553.0,33599.0,34119.0,2963249116,86850,226,34584.0,34584.0
2019-03-26,33837.0,34899.0,32000.0,33169.0,4005338317,120755,344,34119.0,33165.0
2019-03-27,33400.0,33400.0,31377.0,32504.0,2488185819,76551,201,33169.0,32521.0
2019-03-30,32005.0,33050.0,31700.0,32171.0,4793745318,149007,306,32504.0,32450.0
2019-03-31,32468.0,34500.0,31128.0,32814.0,9378727915,285815,427,32171.0,33398.0
2019-04-06,33500.0,34500.0,32101.0,33915.0,5589765714,164815,250,32814.0,33600.0
2019-04-07,34000.0,34000.0,31140.0,32218.0,13262095927,411641,605,33915.0,32000.0
2019-04-08,32002.0,32950.0,31140.0,32061.0,3018452449,94146,258,32218.0,32100.0
2019-04-09,32210.0,32899.0,31000.0,31584.0,5246663642,166118,295,32061.0,31809.0
2019-04-10,31600.0,33150.0,31600.0,32316.0,4785029034,148068,278,31584.0,32511.0
2019-04-13,33052.0,33900.0,32031.0,33422.0,7112537212,212809,462,32316.0,33640.0
2019-04-14,34000.0,35439.0,34000.0,35015.0,8506992567,242954,411,33422.0,35400.0
2019-04-15,35900.0,37150.0,32005.0,34944.0,8418530890,240918,408,35015.0,33791.0
2019-04-16,35000.0,35000.0,32005.0,32762.0,3583233651,109372,301,34944.0,32500.0
2019-04-17,32160.0,33900.0,31200.0,32456.0,2310592326,71192,158,32762.0,32661.0
2019-04-20,33599.0,34000.0,32522.0,33236.0,3045390577,91629,222,32456.0,33500.0
2019-04-22,33990.0,33990.0,32200.0,32662.0,2489987927,76234,122,33236.0,32223.0
2019-04-23,33200.0,33850.0,32028.0,32206.0,1630753478,50635,141,32662.0,32390.0
2019-04-24,32600.0,32900.0,31803.0,32181.0,2006413743,62347,99,32206.0,32002.0
2019-04-27,31290.0,33600.0,31290.0,32897.0,3005558610,91363,248,32181.0,33100.0
2019-04-28,32521.0,33330.0,31500.0,32719.0,4659469687,142407,234,32897.0,32940.0
2019-04-29,33000.0,35900.0,32000.0,33307.0,10689856285,320952,437,32719.0,34500.0
2019-04-30,35400.0,36637.0,34700.0,36271.0,10694414834,294846,370,33307.0,36637.0
2019-05-01,38800.0,38800.0,36000.0,36845.0,11188415279,303659,502,36271.0,36299.0
2019-05-04,36010.0,38650.0,36010.0,36994.0,4770234007,128945,301,36845.0,36300.0
2019-05-05,37470.0,37470.0,33700.0,34861.0,4434940558,127218,376,36994.0,34002.0
2019-05-06,34749.0,34749.0,31502.0,32880.0,3987349034,121271,240,34861.0,32900.0
2019-05-07,33000.0,34200.0,29701.0,31942.0,5015584609,157023,230,32880.0,31950.0
2019-05-08,31012.0,33600.0,31012.0,32251.0,2487007804,77113,158,31942.0,32490.0
2019-05-11,33332.0,34297.0,31650.0,33177.0,3766091075,113516,199,32251.0,32580.0
2019-05-12,33768.0,33770.0,30000.0,31491.0,2063916037,65540,155,33177.0,32000.0
2019-05-13,31001.0,32969.0,31000.0,32350.0,4304078142,133048,165,31491.0,32001.0
2019-05-14,32990.0,35000.0,32000.0,33540.0,3221840364,96061,221,32350.0,34000.0
2019-05-15,35200.0,35200.0,33130.0,34191.0,5268487786,154090,223,33540.0,34300.0
2019-05-18,35250.0,35250.0,33000.0,33768.0,2668966840,79039,184,34191.0,33220.0
2019-05-19,33500.0,33550.0,32300.0,32860.0,2005273544,61024,160,33768.0,32760.0
2019-05-20,33500.0,35000.0,31510.0,33236.0,4276700673,128675,209,32860.0,35000.0
2019-05-21,34500.0,36559.0,32700.0,35773.0,13433916678,375535,541,33236.0,36559.0
2019-05-22,38900.0,38900.0,36000.0,37637.0,14025981331,372664,631,35773.0,37655.0
2019-05-25,38900.0,38900.0,36502.0,37658.0,7504613690,199285,361,37637.0,37995.0
2019-05-26,38690.0,41423.0,38000.0,40524.0,8296807535,204737,454,37658.0,40956.0
2019-05-28,41000.0,43498.0,39000.0,40887.0,13593959203,332477,492,40524.0,41799.0
2019-05-29,40887.0,42999.0,39000.0,40008.0,5593332245,139805,244,40887.0,39000.0
2019-06-01,38300.0,40950.0,36008.0,37786.0,7453617718,197258,381,40008.0,37701.0
2019-06-02,37000.0,39967.0,35000.0,36068.0,5849645951,162185,358,37786.0,35501.0
2019-06-03,35500.0,35500.0,32600.0,33286.0,9095418254,273249,465,36068.0,33000.0
2019-06-08,34899.0,34899.0,31500.0,32903.0,2712691559,82445,208,33286.0,33000.0
2019-06-09,33000.0,34886.0,33000.0,34325.0,3233093824,94191,194,32903.0,34199.0
2019-06-10,34325.0,37000.0,34000.0,34548.0,2509019488,72625,150,34325.0,34050.0
2019-06-11,35999.0,35999.0,31857.0,32595.0,3926573009,120464,235,34548.0,32950.0
2019-06-12,34000.0,34498.0,32501.0,33631.0,3493368271,103873,194,32595.0,34055.0
2019-06-15,34190.0,35498.0,32000.0,33181.0,11836394074,356726,456,33631.0,33930.0
2019-06-16,33999.0,33999.0,30991.0,31770.0,13344471807,420035,585,33181.0,31983.0
2019-06-17,31500.0,32420.0,31000.0,31637.0,3262109470,103112,222,31770.0,32265.0
2019-06-18,32000.0,34129.0,32000.0,33400.0,8300070883,248503,431,31637.0,34000.0
2019-06-19,35300.0,35300.0,32500.0,34154.0,5586186706,163559,328,33400.0,34100.0
2019-06-22,34450.0,34949.0,32000.0,33708.0,4648169870,137896,319,34154.0,34450.0
2019-06-23,33611.0,34999.0,32510.0,34029.0,3205777759,94206,271,33708.0,33701.0
2019-06-24,35430.0,35430.0,34005.0,34816.0,6450181346,185265,314,34029.0,34399.0
2019-06-25,33610.0,35610.0,33610.0,34858.0,3239326458,92930,194,34816.0,35491.0
2019-06-26,34201.0,36000.0,34201.0,34949.0,4103932794,117428,245,34858.0,34400.0
2019-06-30,35000.0,35000.0,33680.0,34296.0,2988385659,87136,196,34949.0,34480.0
2019-07-01,35780.0,35780.0,33730.0,34526.0,2017607374,58437,114,34296.0,34313.0
2019-07-02,34500.0,37978.0,34500.0,37309.0,14652176628,392728,505,34526.0,37978.0
2019-07-03,39900.0,40900.0,38100.0,39317.0,14151140232,359928,650,37309.0,38900.0
2019-07-06,40000.0,40000.0,35800.0,37133.0,5575198544,150142,347,39317.0,36041.0
2019-07-07,36041.0,39860.0,36041.0,37994.0,5991559644,157699,398,37133.0,39189.0
2019-07-08,39186.0,40310.0,36800.0,38790.0,4439035675,114437,382,37994.0,37950.0
2019-07-09,37960.0,39003.0,36011.0,37851.0,5508261554,145526,297,38790.0,37800.0
2019-07-10,37000.0,38389.0,36061.0,36891.0,4619871626,125230,314,37851.0,38000.0
2019-07-31,38995.0,38995.0,34000.0,37715.0,12774267683,338702,516,36891.0,37550.0
2019-08-03,39900.0,41486.0,36050.0,40889.0,19969111466,488370,490,37715.0,41486.0
2019-08-04,44977.0,44977.0,44977.0,44977.0,3992023589,88757,61,40889.0,44977.0
2019-08-05,49474.0,49474.0,46001.0,48803.0,31224232571,639805,771,44977.0,49474.0
2019-08-06,53683.0,53683.0,50826.0,53674.0,22033580999,410508,482,48803.0,53683.0
2019-08-07,54000.0,56000.0,49000.0,51717.0,34262728835,662508,1183,53674.0,51000.0
2019-08-10,48010.0,56888.0,48010.0,54791.0,20664458623,377150,743,51717.0,56888.0
2019-08-11,60100.0,60100.0,55500.0,57861.0,20571309596,355528,743,54791.0,56199.0
2019-08-13,56800.0,57800.0,52075.0,54007.0,16100281235,298113,646,57861.0,54000.0
2019-08-14,54000.0,58500.0,49000.0,55913.0,14381498641,257213,517,54007.0,56000.0
2019-08-17,57990.0,58000.0,53007.0,55886.0,9102006426,162868,297,55913.0,54051.0
2019-08-18,54791.0,54800.0,50331.0,51619.0,10687701421,207049,547,55886.0,51100.0
2019-08-19,51000.0,52000.0,49022.0,50061.0,10105576569,201864,554,51619.0,49500.0
2019-08-21,50000.0,53887.0,49100.0,51219.0,10969115474,214161,417,50061.0,53198.0
2019-08-24,53170.0,53170.0,50100.0,51516.0,6530268128,126761,289,51219.0,50559.0
2019-08-25,51000.0,53000.0,47111.0,50278.0,13430342562,267122,570,51516.0,52890.0
2019-08-26,53850.0,55305.0,53699.0,55150.0,13373258153,242489,253,50278.0,55305.0
2019-08-27,56000.0,60665.0,56000.0,60378.0,26015430913,430877,579,55150.0,60665.0
2019-08-28,54341.0,59999.0,54341.0,54818.0,26812165478,489111,557,60378.0,54341.0
2019-08-31,49337.0,49337.0,49337.0,49337.0,3058548641,61993,97,54818.0,49337.0
2019-09-01,47857.0,47857.0,47857.0,47857.0,415494474,8682,20,49337.0,47857.0
2019-09-02,46422.0,46422.0,46422.0,46422.0,479399994,10327,13,47857.0,46422.0
2019-09-03,45030.0,45030.0,45030.0,45030.0,953330130,21171,35,46422.0,45030.0
2019-09-04,43680.0,43680.0,43680.0,43680.0,7178764320,164349,190,45030.0,43680.0
2019-09-16,41933.0,41933.0,41933.0,41933.0,139888488,3336,12,43680.0,41933.0
2019-09-17,41095.0,41095.0,41095.0,41095.0,6060115270,147466,95,41933.0,41095.0
2019-09-18,41095.0,41095.0,41095.0,41095.0,65258860,1588,5,41095.0,41095.0
2019-09-21,41095.0,41095.0,41095.0,41095.0,117079655,2849,7,41095.0,41095.0
2019-09-22,41095.0,41095.0,41095.0,41095.0,9451850,230,2,41095.0,41095.0
2019-09-23,41095.0,41095.0,39452.0,40963.0,1291231585,31522,54,41095.0,39452.0
2019-09-24,38663.0,38663.0,38663.0,38663.0,1106883027,28629,30,40963.0,38663.0
2019-09-25,37890.0,37890.0,37890.0,37890.0,737377290,19461,30,38663.0,37890.0
2019-09-28,37133.0,37133.0,37133.0,37133.0,103044075,2775,15,37890.0,37133.0
2019-09-29,36391.0,36391.0,36391.0,36391.0,175222665,4815,20,37133.0,36391.0
2019-09-30,35664.0,35664.0,35664.0,35664.0,6053072400,169725,137,36391.0,35664.0
2019-10-01,34951.0,34951.0,34951.0,34951.0,1105954493,31643,45,35664.0,34951.0
2019-10-02,34252.0,34252.0,34252.0,34252.0,236955336,6918,19,34951.0,34252.0
2019-10-05,33567.0,34937.0,33567.0,33794.0,14451363971,427631,531,34252.0,33640.0
2019-10-06,34468.0,34468.0,33567.0,34268.0,1559006078,45495,122,33794.0,34442.0
2019-10-07,34953.0,34953.0,34953.0,34953.0,1008429003,28851,43,34268.0,34953.0
2019-10-08,35652.0,35652.0,34254.0,35192.0,2197198998,62434,153,34953.0,35649.0
2019-10-09,35193.0,35790.0,34489.0,34892.0,1685104692,48295,117,35192.0,34600.0
2019-10-12,34600.0,35000.0,34195.0,34212.0,1307814738,38227,105,34892.0,34195.0
2019-10-13,33650.0,33650.0,33528.0,33529.0,693310150,20678,48,34212.0,33528.0
2019-10-14,32859.0,32859.0,32859.0,32859.0,429828579,13081,31,33529.0,32859.0
2019-10-15,32202.0,32202.0,32202.0,32202.0,30656304,952,5,32859.0,32202.0
2019-10-16,31558.0,31558.0,31558.0,31558.0,60086432,1904,5,32202.0,31558.0
2019-10-20,30296.0,30296.0,30296.0,30296.0,642214608,21198,30,31558.0,30296.0
2019-10-21,29691.0,29691.0,29691.0,29691.0,58045905,1955,13,30296.0,29691.0
2019-10-22,29098.0,29098.0,29098.0,29098.0,729690546,25077,57,29691.0,29098.0
2019-10-23,28517.0,28517.0,28517.0,28517.0,479199668,16804,45,29098.0,28517.0
2019-10-26,27377.0,29657.0,27377.0,28460.0,6609807192,232253,312,28517.0,28901.0
2019-10-28,29029.0,29029.0,29029.0,29029.0,304223920,10480,25,28460.0,29029.0
2019-10-30,29609.0,29609.0,29609.0,29609.0,143307560,4840,12,29029.0,29609.0
2019-11-02,30201.0,30201.0,29017.0,30103.0,2800676869,93035,158,29609.0,30100.0
2019-11-03,30705.0,30705.0,29501.0,29685.0,3740860188,126018,236,30103.0,29501.0
2019-11-04,30190.0,30190.0,29092.0,29120.0,4720760690,162112,305,29685.0,29420.0
2019-11-05,29300.0,29702.0,28539.0,29545.0,3618982424,122489,166,29120.0,29702.0
2019-11-09,30135.0,30135.0,30135.0,30135.0,391423515,12989,30,29545.0,30135.0
2019-11-10,30737.0,30737.0,30737.0,30737.0,954629746,31058,33,30135.0,30737.0
2019-11-11,31351.0,31351.0,30123.0,30869.0,4366978424,141469,190,30737.0,31351.0
2019-11-12,32103.0,32103.0,31103.0,32100.0,1779335826,55431,101,30869.0,32103.0
2019-11-13,32742.0,32742.0,32742.0,32742.0,916710516,27998,64,32100.0,32742.0
2019-11-16,33396.0,33396.0,32088.0,32707.0,3163058735,96710,214,32742.0,33395.0
2019-11-17,32089.0,33340.0,32053.0,32061.0,1462116264,45604,72,32707.0,32056.0
2019-11-18,31420.0,32700.0,31420.0,32343.0,1535722128,47482,69,32061.0,32665.0
2019-11-19,32340.0,32989.0,31743.0,32787.0,1042126148,31785,75,32343.0,32900.0
2019-11-20,32979.0,32979.0,32223.0,32644.0,605192366,18539,57,32787.0,32900.0
2019-11-24,32000.0,32000.0,32000.0,32000.0,193760000,6055,14,32644.0,32000.0
2019-11-25,32396.0,32640.0,32396.0,32620.0,2920466682,89531,118,32000.0,32640.0
2019-11-26,33272.0,33272.0,31968.0,33067.0,2260001111,68347,104,32620.0,33272.0
2019-11-27,33728.0,33728.0,33728.0,33728.0,439914304,13043,27,33067.0,33728.0
2019-11-30,35077.0,35077.0,35077.0,35077.0,639383556,18228,45,33728.0,35077.0
2019-12-01,35778.0,35778.0,34391.0,35566.0,2852576066,80206,161,35077.0,35778.0
2019-12-02,36277.0,36277.0,34855.0,35376.0,3774793540,106705,218,35566.0,34873.0
2019-12-03,35376.0,36083.0,35376.0,35997.0,4034536799,112080,182,35376.0,36083.0
2019-12-04,36500.0,36716.0,35278.0,35835.0,4416175429,123236,264,35997.0,36000.0
2019-12-07,36549.0,36551.0,35119.0,36032.0,7020377228,194838,306,35835.0,36551.0
2019-12-08,36752.0,36752.0,36752.0,36752.0,1570890736,42743,90,36032.0,36752.0
2019-12-09,37487.0,37487.0,37487.0,37487.0,656284909,17507,36,36752.0,37487.0
2019-12-10,38986.0,38986.0,37510.0,38556.0,4091479212,106117,205,37487.0,38986.0
2019-12-11,39327.0,39327.0,37895.0,39303.0,2412321569,61377,66,38556.0,39327.0
2019-12-14,40089.0,40089.0,40089.0,40089.0,454849794,11346,19,39303.0,40089.0
2019-12-15,40890.0,40890.0,40890.0,40890.0,888049020,21718,33,40089.0,40890.0
2019-12-16,42525.0,42525.0,42519.0,42525.0,1540337650,36222,76,40890.0,42525.0
2019-12-17,43375.0,43375.0,43375.0,43375.0,199004500,4588,15,42525.0,43375.0
2019-12-18,44242.0,44242.0,44242.0,44242.0,1754018332,39646,36,43375.0,44242.0
2019-12-21,45126.0,45126.0,45126.0,45126.0,971788410,21535,43,44242.0,45126.0
2019-12-22,46931.0,46931.0,46931.0,46931.0,724896226,15446,28,45126.0,46931.0
2019-12-23,47869.0,47869.0,45993.0,47280.0,11599417204,245337,243,46931.0,47869.0
2019-12-24,48225.0,48225.0,48225.0,48225.0,864240225,17921,30,47280.0,48225.0
2019-12-25,49189.0,49189.0,49000.0,49185.0,3803347164,77327,167,48225.0,49189.0
2019-12-28,51152.0,51152.0,51152.0,51152.0,1037669472,20286,29,49185.0,51152.0
2019-12-29,52175.0,52175.0,50132.0,51984.0,9766119577,187866,348,51152.0,52005.0
2019-12-30,53000.0,53000.0,50945.0,51726.0,12405858828,239838,544,51984.0,50945.0
2019-12-31,50699.0,51000.0,50692.0,50702.0,1451494167,28628,79,51726.0,50692.0
2020-01-01,49688.0,49688.0,49688.0,49688.0,1798159032,36189,81,50702.0,49688.0
2020-01-05,47701.0,47701.0,47701.0,47701.0,267984218,5618,20,49688.0,47701.0
2020-01-07,46747.0,46747.0,46747.0,46747.0,220084876,4708,11,47701.0,46747.0
2020-01-11,45813.0,47681.0,45813.0,46866.0,20352422581,434266,566,46747.0,47681.0
2020-01-12,47803.0,47803.0,45929.0,46803.0,5779476047,123485,316,46866.0,45932.0
2020-01-13,45901.0,46700.0,45867.0,45902.0,7147755078,155719,246,46803.0,46599.0
2020-01-14,44994.0,45999.0,44984.0,45014.0,5114051983,113610,200,45902.0,44984.0
2020-01-15,44114.0,45477.0,44114.0,44163.0,6831160046,154682,273,45014.0,44114.0
2020-01-18,45025.0,45046.0,43280.0,44339.0,9241886445,208438,387,44163.0,43667.0
2020-01-19,44454.0,45225.0,43453.0,44447.0,10702291358,240785,456,44339.0,45003.0
2020-01-20,45335.0,45335.0,45335.0,45335.0,3273912360,72216,121,44447.0,45335.0
2020-01-21,46241.0,46241.0,45910.0,46241.0,2238136032,48402,81,45335.0,46241.0
2020-01-22,47165.0,47165.0,47165.0,47165.0,1829954835,38799,89,46241.0,47165.0
2020-01-25,49050.0,49050.0,47202.0,48314.0,5570945784,115306,279,47165.0,48010.0
2020-01-26,48314.0,48315.0,47348.0,47439.0,4671398445,98472,201,48314.0,47348.0
2020-01-27,47210.0,47450.0,46491.0,46593.0,3449682644,74039,160,47439.0,46491.0
2020-01-28,46130.0,46130.0,45662.0,45679.0,3292940466,72089,134,46593.0,45662.0
2020-02-01,43852.0,46444.0,43852.0,44498.0,6492850415,145912,341,45679.0,44450.0
2020-02-02,44400.0,45387.0,43750.0,45213.0,4658395326,103033,228,44498.0,45387.0
2020-02-03,46117.0,46117.0,44500.0,45978.0,6406476355,139338,208,45213.0,46117.0
2020-02-04,46750.0,46750.0,45059.0,45272.0,3547626644,78362,226,45978.0,45060.0
2020-02-05,45000.0,46177.0,44367.0,45230.0,5561186702,122953,283,45272.0,45220.0
2020-02-08,46134.0,46134.0,44340.0,45117.0,5005326699,110941,255,45230.0,44599.0
2020-02-09,44400.0,46019.0,44215.0,45315.0,10346707190,228327,412,45117.0,45200.0
2020-02-10,45098.0,46221.0,45098.0,46107.0,7750630911,168100,237,45315.0,46221.0
2020-02-12,47027.0,47027.0,45505.0,46432.0,3275355907,70541,194,46107.0,46900.0
2020-02-15,47200.0,47360.0,46100.0,47042.0,7142657386,151836,305,46432.0,47360.0
2020-02-16,47901.0,47982.0,47050.0,47936.0,4018583794,83833,174,47042.0,47982.0
2020-02-17,48800.0,48800.0,46978.0,47211.0,5135872870,108786,260,47936.0,46978.0
2020-02-18,46499.0,47500.0,46267.0,46409.0,4170431029,89862,229,47211.0,46998.0
2020-02-19,46000.0,47337.0,46000.0,47275.0,7067547894,149499,236,46409.0,47337.0
2020-02-22,47275.0,48220.0,47275.0,48004.0,8659001949,180380,120,47275.0,48220.0
2020-02-23,48964.0,48964.0,48964.0,48964.0,3515223488,71792,106,48004.0,48964.0
2020-02-24,50922.0,50922.0,49021.0,50863.0,9638532223,189500,234,48964.0,50922.0
2020-02-25,51880.0,51880.0,51880.0,51880.0,1845734760,35577,67,50863.0,51880.0
2020-02-26,52917.0,52917.0,52917.0,52917.0,3709270032,70096,98,51880.0,52917.0
2020-02-29,51859.0,52000.0,51859.0,51860.0,8332408845,160671,155,52917.0,52000.0
2020-03-01,52897.0,52897.0,52896.0,52897.0,9944741494,188002,127,51860.0,52896.0
2020-03-02,53954.0,53954.0,51840.0,52240.0,11503736045,220209,331,52897.0,51840.0
2020-03-03,52230.0,53284.0,51196.0,52013.0,30191736950,580464,470,52240.0,53284.0
2020-03-04,53053.0,53053.0,52521.0,53043.0,11837357934,223164,305,52013.0,53052.0
2020-03-07,54103.0,54103.0,51983.0,53391.0,5072639457,94396,189,53043.0,53889.0
2020-03-09,54445.0,54445.0,52324.0,52663.0,8738909945,166248,223,53391.0,53496.0
2020-03-10,51621.0,53600.0,51610.0,52543.0,3968904368,75794,117,52663.0,51610.0
2020-03-11,51493.0,51493.0,51493.0,52476.0,621880961,12077,41,52543.0,51493.0
2020-03-14,51427.0,51427.0,51427.0,52365.0,1033734127,20101,38,52476.0,51427.0
2020-03-15,50271.0,50271.0,50271.0,52257.0,494566098,9838,43,52365.0,50271.0
2020-03-16,51212.0,53000.0,51212.0,52053.0,2231979668,43455,87,52257.0,51212.0
2020-03-17,52053.0,52053.0,51012.0,52043.0,112998780,2209,19,52053.0,51012.0
2020-03-18,51003.0,51003.0,51003.0,51901.0,1323884871,25957,44,52043.0,51003.0
2020-03-24,49826.0,52100.0,49825.0,50977.0,5554370079,110449,314,51901.0,50896.0
2020-03-25,50895.0,51880.0,49958.0,50227.0,9201830783,183343,351,50977.0,49958.0
2020-03-28,50490.0,51200.0,49223.0,49843.0,14306191533,287025,640,50227.0,50500.0
2020-03-29,50839.0,50839.0,48847.0,49648.0,5668896770,114512,397,49843.0,49498.0
2020-03-30,50599.0,50599.0,48656.0,49356.0,3660488508,74898,221,49648.0,49899.0
2020-04-04,48400.0,50343.0,48400.0,50054.0,7911338488,157426,208,49356.0,50343.0
2020-04-05,51014.0,51055.0,51000.0,50498.0,4629335995,90688,118,50054.0,51055.0
2020-04-06,51507.0,51507.0,50000.0,50868.0,4183161198,81352,140,50498.0,51460.0
2020-04-07,51885.0,51885.0,49851.0,51278.0,10466217332,204109,318,50868.0,51499.0
2020-04-08,52197.0,52303.0,50400.0,51414.0,5173579135,100355,158,51278.0,51000.0
2020-04-11,50723.0,51990.0,50500.0,51239.0,3076075801,60493,130,51414.0,50700.0
2020-04-12,51899.0,52263.0,50500.0,52172.0,28224614932,540994,227,51239.0,52263.0
2020-04-13,53215.0,53215.0,51131.0,52394.0,6859219629,130645,183,52172.0,53215.0
2020-04-14,53441.0,53441.0,51349.0,52142.0,18351676705,351959,200,52394.0,51600.0
2020-04-15,53014.0,53184.0,51102.0,52744.0,7819908175,147726,185,52142.0,52500.0
2020-04-18,53798.0,53798.0,51792.0,53315.0,19623395781,368065,248,52744.0,52200.0
2020-04-19,54378.0,54378.0,52412.0,53092.0,9700225140,182736,158,53315.0,52412.0
2020-04-20,52212.0,54153.0,52031.0,53417.0,17811017317,333431,226,53092.0,54153.0
2020-04-21,54480.0,54485.0,52500.0,53991.0,20771917607,384727,231,53417.0,54485.0
2020-04-22,54490.0,55070.0,52950.0,54147.0,19845920030,366519,105,53991.0,55070.0
2020-04-25,56312.0,56312.0,56312.0,54850.0,3378551064,59997,103,54147.0,56312.0
2020-04-26,55947.0,55947.0,53850.0,55448.0,16101595903,290392,136,54850.0,55947.0
2020-04-27,56556.0,56556.0,56556.0,55765.0,2983781448,52758,50,55448.0,56556.0
2020-04-28,56880.0,56880.0,56880.0,55930.0,1556976240,27373,38,55765.0,56880.0
2020-04-29,58167.0,58167.0,58167.0,56481.0,2647471005,45515,67,55930.0,58167.0
2020-05-02,57610.0,57610.0,55355.0,56879.0,18872717571,331805,217,56481.0,57610.0
2020-05-03,58016.0,58016.0,58016.0,58016.0,15692399744,270484,69,56879.0,58016.0
2020-05-04,59176.0,59176.0,59176.0,58415.0,3607783192,60967,53,58016.0,59176.0
2020-05-05,60751.0,60751.0,56079.0,58444.0,44544756535,762172,151,58415.0,60751.0
2020-05-06,59612.0,59612.0,59612.0,58549.0,950215280,15940,25,58444.0,59612.0
2020-05-09,59719.0,59719.0,59719.0,58691.0,1240602506,20774,28,58549.0,59719.0
2020-05-10,59864.0,59864.0,59864.0,59297.0,5280723168,88212,32,58691.0,59864.0
2020-05-11,61668.0,61668.0,61668.0,59552.0,1132471152,18364,30,59297.0,61668.0
2020-05-12,60743.0,60743.0,60743.0,60278.0,6325715277,104139,89,59552.0,60743.0
2020-05-13,61483.0,61483.0,61483.0,60527.0,2168136512,35264,34,60278.0,61483.0
2020-05-16,61737.0,61737.0,61737.0,60656.0,1088299836,17628,41,60527.0,61737.0
2020-05-17,63082.0,63082.0,63082.0,61116.0,1976548306,31333,33,60656.0,63082.0
2020-05-18,62338.0,62338.0,62338.0,61203.0,735214372,11794,16,61116.0,62338.0
2020-05-19,62427.0,62427.0,62427.0,61336.0,1120814358,17954,18,61203.0,62427.0
2020-05-20,62562.0,62562.0,62562.0,61362.0,222783282,3561,23,61336.0,62562.0
2020-05-23,63816.0,63816.0,63816.0,61471.0,463112712,7257,13,61362.0,63816.0
2020-05-26,62700.0,62700.0,62700.0,61539.0,567560400,9052,17,61471.0,62700.0
2020-05-27,62769.0,62769.0,62769.0,61580.0,341275053,5437,11,61539.0,62769.0
2020-05-30,62811.0,62811.0,62811.0,61714.0,1106918253,17623,11,61580.0,62811.0
2020-05-31,64182.0,64182.0,64181.0,62455.0,3128871971,48750,68,61714.0,64182.0
2020-06-01,63704.0,63704.0,63704.0,62493.0,310684408,4877,15,62455.0,63704.0
2020-06-02,63742.0,63742.0,61244.0,62684.0,3748679294,59490,84,62493.0,63742.0
2020-06-06,63937.0,63937.0,63937.0,62737.0,430551758,6734,12,62684.0,63937.0
2020-06-07,65246.0,65246.0,62005.0,62489.0,13700484116,219246,45,62737.0,62005.0
2020-06-08,61240.0,63738.0,61240.0,62557.0,2712474286,43234,79,62489.0,63738.0
2020-06-09,63807.0,63808.0,63807.0,62868.0,2532539320,39690,21,62557.0,63808.0
2020-06-10,64125.0,64125.0,61658.0,62924.0,737125725,11583,43,62868.0,64125.0
2020-06-13,64182.0,64182.0,61952.0,63069.0,1261930281,19688,35,62924.0,64182.0
2020-06-14,64330.0,64330.0,64330.0,63207.0,1122751490,17453,26,63069.0,64330.0
2020-06-15,64471.0,64471.0,64471.0,63234.0,215010785,3335,11,63207.0,64471.0
2020-06-16,64498.0,64498.0,64498.0,63270.0,287919072,4464,15,63234.0,64498.0
2020-06-20,64535.0,64535.0,64535.0,63383.0,912266760,14136,22,63270.0,64535.0
2020-06-21,65918.0,65918.0,65918.0,65057.0,6878213710,104345,42,63383.0,65918.0
2020-06-22,66358.0,66358.0,66358.0,65108.0,408367132,6154,14,65057.0,66358.0
2020-06-23,66410.0,66410.0,66410.0,65284.0,1420377080,21388,29,65108.0,66410.0
2020-06-24,66589.0,66589.0,66589.0,65292.0,66589000,1000,8,65284.0,66589.0
2020-06-27,67903.0,67903.0,67903.0,65343.0,204591739,3013,9,65292.0,67903.0
2020-06-28,66649.0,66649.0,64037.0,64086.0,40878871731,637877,33,65343.0,66649.0
2020-06-29,65367.0,65367.0,65367.0,64349.0,2053635039,31417,24,64086.0,65367.0
2020-06-30,65635.0,65635.0,65635.0,64488.0,1085931075,16545,15,64349.0,65635.0
2020-07-01,67067.0,67067.0,67067.0,64644.0,621845224,9272,21,64488.0,67067.0
2020-07-04,65936.0,65936.0,65936.0,64688.0,344317792,5222,13,64644.0,65936.0
2020-07-05,65981.0,65981.0,65981.0,64765.0,610654155,9255,18,64688.0,65981.0
2020-07-06,66060.0,66060.0,66060.0,64825.0,476424720,7212,9,64765.0,66060.0
2020-07-07,67418.0,67418.0,67418.0,65796.0,3906670846,57947,24,64825.0,67418.0
2020-07-08,67111.0,67111.0,67111.0,66486.0,5445386540,81140,33,65796.0,67111.0
2020-07-13,67815.0,67815.0,67815.0,66505.0,147022920,2168,8,66486.0,67815.0
2020-07-14,67835.0,67835.0,67835.0,66599.0,720475535,10621,20,66505.0,67835.0
2020-07-15,67930.0,67930.0,67930.0,66699.0,767337280,11296,9,66599.0,67930.0
2020-07-25,68032.0,68032.0,68032.0,66723.0,181101184,2662,8,66699.0,68032.0
2020-07-26,68057.0,68057.0,68057.0,66859.0,1040999872,15296,36,66723.0,68057.0
2020-07-27,68196.0,68196.0,68196.0,66930.0,541544436,7941,19,66859.0,68196.0
2020-07-28,68268.0,68268.0,68268.0,66972.0,319289436,4677,19,66930.0,68268.0
2020-07-29,69650.0,69650.0,69650.0,68803.0,7139264300,102502,43,66972.0,69650.0
2020-08-01,70179.0,70179.0,70179.0,69089.0,2123125287,30253,25,68803.0,70179.0
2020-08-02,70470.0,70470.0,70470.0,69177.0,655159590,9297,20,69089.0,70470.0
2020-08-04,70558.0,70560.0,70000.0,69411.0,1750078117,24807,84,69177.0,70560.0
2020-08-05,70798.0,70799.0,70798.0,70546.0,8415309618,118862,34,69411.0,70799.0
2020-08-09,71956.0,71956.0,71956.0,70612.0,474261996,6591,28,70546.0,71956.0
2020-08-10,73436.0,73436.0,71400.0,71031.0,1658146826,22642,60,70612.0,73436.0
2020-08-11,72451.0,72451.0,72451.0,71442.0,2972809432,41032,34,71031.0,72451.0
2020-08-12,72870.0,72870.0,72870.0,71485.0,312247950,4285,13,71442.0,72870.0
2020-08-15,72914.0,72914.0,72913.0,72043.0,3980885458,54597,70,71485.0,72914.0
2020-08-16,74924.0,74924.0,74924.0,72138.0,346973044,4631,16,72043.0,74924.0
2020-08-17,73580.0,73580.0,73580.0,72296.0,1128054980,15331,19,72138.0,73580.0
2020-08-18,73741.0,73741.0,73741.0,72556.0,1858936869,25209,40,72296.0,73741.0
2020-08-19,74007.0,74007.0,74007.0,72604.0,344058543,4649,14,72556.0,74007.0
2020-08-22,75508.0,75508.0,75508.0,72872.0,958272028,12691,20,72604.0,75508.0
2020-08-23,74329.0,74329.0,74329.0,72976.0,732289308,9852,19,72872.0,74329.0
2020-08-24,74435.0,74435.0,74435.0,73024.0,337637160,4536,17,72976.0,74435.0
2020-08-25,74484.0,74484.0,74484.0,73565.0,3798088128,50992,11,73024.0,74484.0
2020-08-26,76507.0,76507.0,76507.0,74893.0,4757740809,62187,30,73565.0,76507.0
2020-08-31,76390.0,76390.0,76390.0,74995.0,692017010,9059,13,74893.0,76390.0
2020-09-01,76494.0,76494.0,76494.0,75357.0,2469073332,32278,20,74995.0,76494.0
2020-09-02,76864.0,76864.0,76864.0,75373.0,109454336,1424,7,75357.0,76864.0
2020-09-08,76880.0,76880.0,76880.0,75586.0,1444344560,18787,12,75373.0,76880.0
2020-09-09,77097.0,77097.0,77097.0,75660.0,498277911,6463,21,75586.0,77097.0
2020-09-12,77173.0,77173.0,77173.0,75854.0,1309548637,16969,17,75660.0,77173.0
2020-09-13,77371.0,77371.0,77371.0,76137.0,1909438909,24679,15,75854.0,77371.0
2020-09-14,79182.0,79182.0,79182.0,77885.0,6008726070,75885,24,76137.0,79182.0
2020-09-15,79442.0,79442.0,79442.0,78469.0,3939131570,49585,26,77885.0,79442.0
2020-09-16,80038.0,80038.0,80038.0,78519.0,338000474,4223,11,78469.0,80038.0
2020-09-19,80089.0,80089.0,80089.0,78541.0,140636284,1756,14,78519.0,80089.0
2020-09-20,81682.0,81682.0,81682.0,78755.0,708836396,8678,19,78541.0,81682.0
2020-09-21,80330.0,80330.0,80330.0,78755.0,1365610,17,2,78755.0,80330.0
2020-09-22,80330.0,80330.0,80330.0,78772.0,108284840,1348,3,78755.0,80330.0
2020-09-23,80347.0,80347.0,80347.0,78784.0,79302489,987,5,78772.0,80347.0
2020-09-26,81935.0,81935.0,81935.0,78872.0,291852470,3562,4,78784.0,81935.0
2020-09-27,80449.0,80449.0,80449.0,78939.0,431769783,5367,3,78872.0,80449.0
2020-09-28,80517.0,80517.0,80517.0,78952.0,81885789,1017,5,78939.0,80517.0
2020-09-29,80531.0,80531.0,80531.0,78965.0,84477019,1049,5,78952.0,80531.0
2020-09-30,82123.0,82123.0,82123.0,79387.0,1393627310,16970,14,78965.0,82123.0
2020-10-03,80974.0,80974.0,80974.0,79390.0,22105902,273,1,79387.0,80974.0
2020-10-04,80977.0,80977.0,80977.0,79467.0,497765619,6147,14,79390.0,80977.0
2020-10-05,81056.0,81056.0,81056.0,79879.0,2647937408,32668,12,79467.0,81056.0
2020-10-07,83074.0,83074.0,83074.0,79922.0,142388836,1714,5,79879.0,83074.0
2020-10-10,81520.0,81520.0,81520.0,79947.0,161735680,1984,8,79922.0,81520.0
2020-10-11,81545.0,81545.0,81545.0,79984.0,237622130,2914,4,79947.0,81545.0
2020-10-12,81583.0,81583.0,81583.0,80003.0,118458516,1452,5,79984.0,81583.0
2020-10-13,83203.0,83203.0,83203.0,80280.0,902336535,10845,16,80003.0,83203.0
2020-10-14,81885.0,81885.0,81885.0,80384.0,665151855,8123,7,80280.0,81885.0
2020-10-18,81991.0,81991.0,81991.0,80421.0,232936431,2841,5,80384.0,81991.0
2020-10-19,82029.0,82029.0,82029.0,80458.0,233044389,2841,6,80421.0,82029.0
2020-10-20,82067.0,82067.0,82067.0,80458.0,656536,8,2,80458.0,82067.0
2020-10-21,82067.0,82067.0,82067.0,80825.0,2331605537,28411,32,80458.0,82067.0
2020-10-24,84058.0,84058.0,84058.0,81193.0,1184713452,14094,17,80825.0,84058.0
2020-10-26,82816.0,82816.0,82816.0,81196.0,21200896,256,3,81193.0,82816.0
2020-10-27,82819.0,82819.0,82819.0,81202.0,37931102,458,3,81196.0,82819.0
2020-10-28,82826.0,82826.0,82826.0,81393.0,1206691994,14569,17,81202.0,82826.0
2020-10-31,84648.0,84648.0,84648.0,81414.0,67210512,794,4,81393.0,84648.0
2020-11-01,83042.0,83042.0,83042.0,81417.0,18352282,221,1,81414.0,83042.0
2020-11-02,83045.0,83045.0,83045.0,81422.0,28567480,344,2,81417.0,83045.0
2020-11-04,83050.0,83050.0,83050.0,81476.0,337930450,4069,5,81422.0,83050.0
2020-11-07,84735.0,84735.0,84735.0,81768.0,931661325,10995,9,81476.0,84735.0
2020-11-08,83403.0,83403.0,83403.0,81786.0,113428080,1360,3,81768.0,83403.0
2020-11-09,83421.0,83421.0,83421.0,81790.0,25860510,310,2,81786.0,83421.0
2020-11-10,83425.0,83425.0,83425.0,81816.0,162762175,1951,5,81790.0,83425.0
2020-11-11,85088.0,85088.0,85088.0,82470.0,2087804256,24537,14,81816.0,85088.0
2020-11-14,84119.0,84119.0,84119.0,82472.0,11440184,136,1,82470.0,84119.0
2020-11-16,84121.0,84121.0,84121.0,82478.0,39536870,470,4,82472.0,84121.0
2020-11-17,85777.0,85777.0,85777.0,82709.0,728332507,8491,7,82478.0,85777.0
2020-11-18,84363.0,84363.0,84363.0,82711.0,11726457,139,2,82709.0,84363.0
2020-11-21,84365.0,84365.0,84365.0,82722.0,70866600,840,4,82711.0,84365.0
2020-11-23,86030.0,86030.0,86030.0,84398.0,5269681620,61254,13,82722.0,86030.0
2020-11-24,86085.0,86085.0,86085.0,84426.0,170534385,1981,5,84398.0,86085.0
2020-11-25,86114.0,86114.0,86114.0,85014.0,3629188416,42144,5,84426.0,86114.0
2020-11-28,86714.0,86714.0,86714.0,85030.0,95992398,1107,2,85014.0,86714.0
2020-11-29,88431.0,88431.0,88431.0,85038.0,23345784,264,2,85030.0,88431.0
2020-12-01,86738.0,86738.0,86738.0,85060.0,135051066,1557,5,85038.0,86738.0
2020-12-02,86761.0,86761.0,86761.0,85170.0,659210078,7598,10,85060.0,86761.0
2020-12-05,86873.0,86873.0,86873.0,85175.0,29536820,340,1,85170.0,86873.0
2020-12-06,86878.0,86878.0,86878.0,85178.0,20763842,239,2,85175.0,86878.0
2020-12-07,88585.0,88585.0,88585.0,85550.0,1135571115,12819,21,85178.0,88585.0
2020-12-08,87261.0,87261.0,87261.0,85550.0,872610,10,1,85550.0,87261.0
2020-12-09,87261.0,87261.0,87261.0,85561.0,68499885,785,9,85550.0,87261.0
2020-12-12,87272.0,87272.0,87272.0,86475.0,5450136400,62450,31,85561.0,87272.0
2020-12-13,89934.0,89934.0,89934.0,86542.0,203430708,2262,7,86475.0,89934.0
2020-12-14,88272.0,88272.0,88272.0,86549.0,40516848,459,4,86542.0,88272.0
2020-12-15,88279.0,88279.0,88279.0,86561.0,72035664,816,3,86549.0,88279.0
2020-12-16,88292.0,88292.0,88292.0,86576.0,91647096,1038,4,86561.0,88292.0
2020-12-19,90039.0,90039.0,90039.0,87011.0,1306285812,14508,12,86576.0,90039.0
2020-12-20,88751.0,88751.0,88751.0,87012.0,4970056,56,2,87011.0,88751.0
2020-12-21,88752.0,88752.0,88752.0,87026.0,80853072,911,3,87012.0,88752.0
2020-12-23,88766.0,88766.0,88766.0,87035.0,50330322,567,2,87026.0,88766.0
2020-12-26,88775.0,88775.0,88775.0,87036.0,3817325,43,1,87035.0,88775.0
2020-12-27,88776.0,88776.0,88776.0,87113.0,452047392,5092,7,87036.0,88776.0
2020-12-28,88855.0,88855.0,88855.0,87136.0,133815630,1506,3,87113.0,88855.0
2020-12-29,90621.0,90621.0,90621.0,87291.0,464523246,5126,9,87136.0,90621.0
2020-12-30,89036.0,89036.0,89036.0,87308.0,98295744,1104,2,87291.0,89036.0
2021-01-02,89054.0,89054.0,89054.0,87431.0,718754834,8071,8,87308.0,89054.0
2021-01-03,89179.0,89179.0,89179.0,87444.0,76426403,857,5,87431.0,89179.0
2021-01-04,90941.0,90941.0,90941.0,87479.0,105127796,1156,4,87444.0,90941.0
2021-01-05,89228.0,89228.0,89228.0,87482.0,15257988,171,2,87479.0,89228.0
2021-01-06,89231.0,89231.0,89231.0,87514.0,188991258,2118,3,87482.0,89231.0
2021-01-09,89264.0,89264.0,89264.0,87595.0,471938768,5287,3,87514.0,89264.0
2021-01-10,91098.0,91098.0,91098.0,87622.0,80166240,880,4,87595.0,91098.0
2021-01-11,89374.0,89374.0,89374.0,87623.0,5183692,58,2,87622.0,89374.0
2021-01-13,89375.0,89375.0,89375.0,87631.0,44061875,493,5,87623.0,89375.0
2021-01-16,91136.0,91136.0,91136.0,87707.0,226381824,2484,7,87631.0,91136.0
2021-01-26,89461.0,89461.0,89461.0,87744.0,213722329,2389,1,87707.0,89461.0
2021-01-27,89498.0,89498.0,89498.0,87776.0,186692828,2086,6,87744.0,89498.0
2021-01-30,89531.0,89531.0,89531.0,87818.0,242987134,2714,11,87776.0,89531.0
2021-01-31,89574.0,89574.0,89574.0,87823.0,27857514,311,3,87818.0,89574.0
2021-02-01,91335.0,91335.0,91335.0,87928.0,310630335,3401,6,87823.0,91335.0
2021-02-03,89686.0,89686.0,89686.0,87928.0,986546,11,2,87928.0,89686.0
2021-02-07,89686.0,89686.0,89686.0,87929.0,7802682,87,3,87928.0,89686.0
2021-02-08,91446.0,91446.0,91446.0,88181.0,746199360,8160,3,87929.0,91446.0
2021-02-09,89944.0,89944.0,89944.0,88188.0,43353008,482,3,88181.0,89944.0
2021-02-13,89951.0,89951.0,89951.0,88223.0,201760093,2243,3,88188.0,89951.0
2021-02-14,89987.0,89987.0,89987.0,88243.0,112843698,1254,2,88223.0,89987.0
2021-02-15,91772.0,91772.0,91772.0,88707.0,1367311028,14899,6,88243.0,91772.0
2021-02-17,90481.0,90481.0,90481.0,88709.0,9952910,110,1,88707.0,90481.0
2021-02-20,90483.0,90483.0,90483.0,88784.0,433413570,4790,5,88709.0,90483.0
2021-02-21,92335.0,92335.0,92335.0,89025.0,707101430,7658,3,88784.0,92335.0
2021-02-22,90805.0,90805.0,90805.0,89027.0,9988550,110,1,89025.0,90805.0
2021-03-09,90807.0,90807.0,90807.0,89043.0,90807000,1000,1,89027.0,90807.0
2021-03-10,90823.0,90823.0,90823.0,89080.0,214433103,2361,6,89043.0,90823.0
2021-03-13,90861.0,90861.0,90861.0,89217.0,787128843,8663,9,89080.0,90861.0
2021-03-14,91001.0,91001.0,91001.0,89227.0,58695645,645,5,89217.0,91001.0
2021-03-15,92796.0,92796.0,92796.0,89249.0,65606772,707,3,89227.0,92796.0
2021-03-27,91033.0,91033.0,91033.0,89265.0,91124033,1001,3,89249.0,91033.0
2021-03-28,92835.0,92835.0,92835.0,89305.0,116043750,1250,5,89265.0,92835.0
2021-03-31,91091.0,91091.0,91091.0,89340.0,202768566,2226,15,89305.0,91091.0
2021-04-03,91126.0,91126.0,91126.0,89420.0,455630000,5000,5,89340.0,91126.0
2021-04-04,92996.0,92996.0,92996.0,89471.0,149909552,1612,7,89420.0,92996.0
2021-04-05,91260.0,91260.0,91260.0,89519.0,273780000,3000,2,89471.0,91260.0
2021-04-06,91309.0,91309.0,91309.0,89526.0,40175960,440,4,89519.0,91309.0
2021-04-10,93107.0,93107.0,93107.0,89526.0,93107,1,1,89526.0,93107.0
2021-04-11,91316.0,91316.0,91316.0,89532.0,36526400,400,1,89526.0,91316.0
2021-04-12,91322.0,91322.0,91322.0,89540.0,43469272,476,2,89532.0,91322.0
2021-04-14,93121.0,93121.0,93121.0,89552.0,34920375,375,3,89540.0,93121.0
2021-04-17,91343.0,91343.0,91343.0,89701.0,847663040,9280,8,89552.0,91343.0
2021-04-18,91495.0,91495.0,91495.0,89701.0,182990,2,1,89701.0,91495.0
2021-04-19,91495.0,91495.0,91495.0,89710.0,51054210,558,1,89701.0,91495.0
2021-04-20,93298.0,93298.0,93298.0,89891.0,524614654,5623,30,89710.0,93298.0
2021-04-24,91688.0,91688.0,91688.0,89906.0,87286976,952,6,89891.0,91688.0
2021-04-25,91704.0,91704.0,91704.0,89909.0,16873536,184,1,89906.0,91704.0
2021-05-01,91707.0,91707.0,91707.0,89910.0,5502420,60,1,89909.0,91707.0
2021-05-02,93506.0,93506.0,93506.0,89912.0,6358408,68,2,89910.0,93506.0
2021-05-03,91710.0,91710.0,91710.0,89916.0,22927500,250,2,89912.0,91710.0
2021-05-05,91714.0,91714.0,91714.0,89918.0,9629970,105,6,89916.0,91714.0
2021-05-08,91716.0,91716.0,91716.0,89985.0,381997140,4165,6,89918.0,91716.0
2021-05-09,93584.0,93584.0,93584.0,90020.0,100134880,1070,11,89985.0,93584.0
2021-05-10,91820.0,91820.0,91820.0,90021.0,6151940,67,1,90020.0,91820.0
2021-05-11,91821.0,91821.0,91821.0,90022.0,7345680,80,1,90021.0,91821.0
2021-05-15,93622.0,93622.0,93622.0,90077.0,79391456,848,4,90022.0,93622.0
2021-05-16,91878.0,91878.0,91878.0,91878.0,5837744364,63538,11,90077.0,91878.0
2021-05-17,93715.0,93715.0,93715.0,91906.0,79376605,847,3,91878.0,93715.0
2021-05-19,95582.0,95582.0,95582.0,92445.0,778706554,8147,5,91906.0,95582.0
2021-05-22,94293.0,94293.0,94293.0,92469.0,66099393,701,2,92445.0,94293.0
2021-05-24,94318.0,94318.0,94318.0,92477.0,23013592,244,2,92469.0,94318.0
2021-05-25,96176.0,96176.0,96176.0,92950.0,665153216,6916,12,92477.0,96176.0
2021-05-26,94809.0,94809.0,94809.0,92956.0,17444856,184,2,92950.0,94809.0
2021-05-29,94815.0,94815.0,94815.0,92964.0,21617820,228,1,92956.0,94815.0
2021-05-30,94823.0,94823.0,94823.0,93143.0,490424556,5172,4,92964.0,94823.0
2021-05-31,96868.0,96868.0,96868.0,94532.0,1942687740,20055,3,93143.0,96868.0
2021-06-01,96422.0,96422.0,96422.0,94620.0,241055000,2500,6,94532.0,96422.0
2021-06-02,96512.0,96512.0,96512.0,94690.0,193024000,2000,1,94620.0,96512.0
2021-06-08,98477.0,98477.0,98477.0,94707.0,23240572,236,3,94690.0,98477.0
2021-06-14,98495.0,98495.0,98495.0,94825.0,162221265,1647,2,94707.0,98495.0
2021-06-20,96721.0,96721.0,96721.0,95036.0,568719480,5880,5,94825.0,96721.0
2021-06-21,98837.0,98837.0,98837.0,95234.0,271999424,2752,5,95036.0,98837.0
2021-06-26,97138.0,97138.0,97138.0,95238.0,11170870,115,2,95234.0,97138.0
2021-06-27,99047.0,99047.0,99047.0,95315.0,104890773,1059,5,95238.0,99047.0
2021-06-28,97221.0,97221.0,97221.0,95316.0,1944420,20,1,95315.0,97221.0
2021-06-29,97222.0,97222.0,97222.0,95356.0,107624754,1107,4,95316.0,97222.0
2021-06-30,97263.0,97263.0,97263.0,95371.0,38905200,400,1,95356.0,97263.0
2021-07-03,99185.0,99185.0,99185.0,95794.0,576463220,5812,4,95371.0,99185.0
2021-07-06,97709.0,97709.0,97709.0,95980.0,496459429,5081,5,95794.0,97709.0
2021-07-07,99819.0,99819.0,99819.0,96099.0,162804789,1631,6,95980.0,99819.0
2021-07-14,98020.0,98020.0,98020.0,96207.0,287590680,2934,7,96099.0,98020.0
2021-07-17,98131.0,98131.0,98131.0,96325.0,312449104,3184,2,96207.0,98131.0
2021-08-04,98251.0,98251.0,98251.0,96900.0,1522890500,15500,4,96325.0,98251.0
2021-08-07,98838.0,98838.0,98838.0,96922.0,57622554,583,4,96900.0,98838.0
2021-08-08,98860.0,98860.0,98860.0,96926.0,11665480,118,1,96922.0,98860.0
2021-08-09,98864.0,98864.0,98864.0,97310.0,1009698032,10213,7,96926.0,98864.0
2021-08-10,101202.0,101202.0,101202.0,97613.0,406730838,4019,3,97310.0,101202.0
2021-08-11,99565.0,99565.0,99565.0,97614.0,1493475,15,1,97613.0,99565.0
2021-08-14,99566.0,99566.0,99566.0,97995.0,996356962,10007,4,97614.0,99566.0
2021-08-15,99954.0,99954.0,99954.0,98123.0,335845440,3360,6,97995.0,99954.0
2021-08-22,102047.0,102047.0,102047.0,98123.0,102047,1,1,98123.0,102047.0
2021-08-28,102047.0,102047.0,102047.0,98343.0,285833647,2801,5,98123.0,102047.0
2021-08-29,100309.0,100309.0,100309.0,98428.0,215664350,2150,6,98343.0,100309.0
2021-08-30,100396.0,100396.0,100396.0,98568.0,357208968,3558,4,98428.0,100396.0
2021-08-31,100539.0,100539.0,100539.0,98609.0,105465411,1049,4,98568.0,100539.0
2021-09-01,102553.0,102553.0,102553.0,98723.0,147676320,1440,10,98609.0,102553.0
2021-09-04,100697.0,100697.0,100697.0,98724.0,2114637,21,1,98723.0,100697.0
2021-09-05,100698.0,100698.0,100698.0,98767.0,110667102,1099,3,98724.0,100698.0
2021-09-06,100742.0,100742.0,100742.0,98787.0,50371000,500,1,98767.0,100742.0
2021-09-07,102738.0,102738.0,102738.0,99030.0,315919350,3075,5,98787.0,102738.0
2021-09-08,101010.0,101010.0,101010.0,99040.0,26565630,263,3,99030.0,101010.0
2021-09-11,101020.0,101020.0,101020.0,99153.0,287907000,2850,3,99040.0,101020.0
2021-09-12,101136.0,101136.0,101136.0,99155.0,4551120,45,2,99153.0,101136.0
2021-09-13,103121.0,103121.0,103121.0,99229.0,96830619,939,5,99155.0,103121.0
2021-09-14,101213.0,101213.0,101213.0,99249.0,50606500,500,1,99229.0,101213.0
2021-09-15,101233.0,101233.0,101233.0,99249.0,101233,1,1,99249.0,101233.0
2021-09-19,103218.0,103218.0,103218.0,99250.0,1548270,15,1,99249.0,103218.0
2021-09-20,101235.0,101235.0,101235.0,99253.0,7086450,70,2,99250.0,101235.0
2021-09-22,101238.0,101238.0,101238.0,99281.0,70866600,700,2,99253.0,101238.0
2021-09-25,103252.0,103252.0,103252.0,99822.0,703868884,6817,7,99281.0,103252.0
2021-09-26,101818.0,101818.0,101818.0,99835.0,33701758,331,1,99822.0,101818.0
2021-09-28,101831.0,101831.0,101831.0,99837.0,5600705,55,3,99835.0,101831.0
2021-10-02,103830.0,103830.0,103830.0,99869.0,41947320,404,4,99837.0,103830.0
2021-10-03,101866.0,101866.0,101866.0,99882.0,32291522,317,2,99869.0,101866.0
2021-10-06,101879.0,101879.0,101879.0,100264.0,973555724,9556,9,99882.0,101879.0
2021-10-09,104274.0,104274.0,104274.0,100267.0,4066686,39,1,100264.0,104274.0
2021-10-10,102272.0,102272.0,102272.0,100307.0,102272000,1000,2,100267.0,102272.0
2021-10-11,102313.0,102313.0,102313.0,100310.0,8594292,84,1,100307.0,102313.0
2021-10-13,104322.0,104322.0,104322.0,100313.0,4068558,39,1,100310.0,104322.0
2021-10-16,102319.0,102319.0,102319.0,100313.0,102319,1,1,100313.0,102319.0
2021-10-17,102319.0,102319.0,102319.0,100427.0,290279003,2837,4,100313.0,102319.0
2021-10-18,102435.0,102435.0,102435.0,100428.0,2663310,26,2,100427.0,102435.0
2021-10-31,102436.0,102436.0,102436.0,100448.0,51218000,500,1,100428.0,102436.0
2021-11-02,102456.0,102456.0,102456.0,100459.0,28072944,274,4,100448.0,102456.0
2021-11-03,104477.0,104477.0,104477.0,100550.0,117432148,1124,3,100459.0,104477.0
2021-11-09,104572.0,104572.0,104572.0,100553.0,4078308,39,1,100550.0,104572.0
2021-11-10,102564.0,102564.0,102564.0,100561.0,20512800,200,1,100553.0,102564.0
2021-11-13,102572.0,102572.0,102572.0,100766.0,521168332,5081,3,100561.0,102572.0
2021-11-15,104796.0,104796.0,104796.0,100855.0,115275600,1100,5,100766.0,104796.0
2021-11-17,102872.0,102872.0,102872.0,100863.0,20574400,200,1,100855.0,102872.0
2021-11-21,104897.0,104897.0,104897.0,100863.0,104897,1,1,100863.0,104897.0
2021-12-15,103888.0,103888.0,103888.0,100864.0,2077760,20,1,100863.0,103888.0
2021-12-18,103889.0,103889.0,103889.0,100909.0,77605083,747,2,100864.0,103889.0
2021-12-19,105954.0,105954.0,105954.0,100910.0,1059540,10,1,100909.0,105954.0
2021-12-20,103937.0,103937.0,103937.0,100911.0,1039370,10,1,100910.0,103937.0
2021-12-21,103938.0,103938.0,103938.0,100925.0,24841182,239,2,100911.0,103938.0
2021-12-25,105971.0,105971.0,105971.0,101091.0,173792440,1640,8,100925.0,105971.0
2021-12-28,104123.0,104123.0,104123.0,101091.0,312369,3,1,101091.0,104123.0
2021-12-29,106145.0,106145.0,106145.0,101101.0,10083775,95,4,101091.0,106145.0
2022-01-02,104134.0,104134.0,104134.0,101104.0,5206700,50,1,101101.0,104134.0
2022-01-04,106159.0,106159.0,106159.0,101258.0,161361680,1520,3,101104.0,106159.0
2022-01-09,104250.0,104250.0,104250.0,101350.0,156375000,1500,2,101258.0,104250.0
2022-01-10,106400.0,106400.0,106400.0,101350.0,2128000,20,2,101350.0,106400.0
2022-01-11,104350.0,104350.0,104350.0,104350.0,1252200,12,3,101350.0,104350.0
2022-01-12,107450.0,107450.0,107450.0,107450.0,54799500,510,3,104350.0,107450.0
2022-01-15,110650.0,110650.0,110650.0,110650.0,331950,3,3,107450.0,110650.0
2022-01-16,116150.0,116150.0,116150.0,116150.0,232300,2,2,110650.0,116150.0
2022-01-17,119600.0,119600.0,119600.0,119600.0,74032400,619,3,116150.0,119600.0
2022-01-18,123150.0,123150.0,123150.0,123150.0,184848150,1501,3,119600.0,123150.0
2022-01-19,126800.0,126800.0,126800.0,126800.0,3043200,24,2,123150.0,126800.0
2022-01-22,133100.0,133100.0,133100.0,133100.0,22760100,171,5,126800.0,133100.0
2022-01-23,137050.0,137050.0,137050.0,137050.0,274100,2,2,133100.0,137050.0
2022-01-24,141150.0,141150.0,141150.0,141150.0,12703500,90,4,137050.0,141150.0
2022-01-25,145350.0,145350.0,145350.0,145350.0,8430300,58,5,141150.0,145350.0
2022-01-26,152600.0,152600.0,152600.0,152600.0,237750800,1558,5,145350.0,152600.0
2022-01-29,157150.0,157150.0,157150.0,157150.0,314300,2,2,152600.0,157150.0
2022-01-30,161850.0,161850.0,161850.0,161850.0,178520550,1103,4,157150.0,161850.0
2022-01-31,166700.0,166700.0,166700.0,166700.0,333400,2,2,161850.0,166700.0
2022-02-01,175000.0,175000.0,175000.0,175000.0,2834125000,16195,34,166700.0,175000.0
2022-02-02,180250.0,180250.0,180250.0,180250.0,363203750,2015,6,175000.0,180250.0
2022-02-05,185650.0,185650.0,185650.0,185650.0,10396400,56,2,180250.0,185650.0
2022-02-06,191200.0,191200.0,191200.0,191200.0,767094400,4012,10,185650.0,191200.0
2022-02-07,200750.0,200750.0,200750.0,200750.0,438036500,2182,9,191200.0,200750.0
2022-02-08,206750.0,206750.0,206750.0,206750.0,663460750,3209,6,200750.0,206750.0
2022-02-09,212950.0,212950.0,212950.0,212950.0,136713900,642,10,206750.0,212950.0
2022-02-12,219300.0,219300.0,206600.0,213100.0,11591324450,54390,210,212950.0,206600.0
2022-02-13,206750.0,206750.0,206750.0,212800.0,433761500,2098,24,213100.0,206750.0
2022-02-14,206450.0,206450.0,206450.0,212750.0,102605650,497,9,212800.0,206450.0
2022-02-16,202150.0,202150.0,202150.0,212400.0,297969100,1474,24,212750.0,202150.0
2022-02-19,206050.0,206050.0,206050.0,212300.0,144028950,699,16,212400.0,206050.0
2022-02-20,205950.0,205950.0,205950.0,212000.0,451442400,2192,43,212300.0,205950.0
2022-02-21,205650.0,205650.0,205650.0,211600.0,634430250,3085,20,212000.0,205650.0
2022-02-22,201050.0,201050.0,201050.0,211050.0,474679050,2361,46,211600.0,201050.0
2022-02-23,204750.0,204750.0,204750.0,211000.0,61425000,300,6,211050.0,204750.0
2022-02-26,204700.0,204700.0,204700.0,210950.0,46466900,227,8,211000.0,204700.0
2022-02-27,204650.0,204650.0,204650.0,210650.0,489727450,2393,11,210950.0,204650.0
2022-02-28,200150.0,200150.0,200150.0,210350.0,291418400,1456,15,210650.0,200150.0
2022-03-02,204050.0,204050.0,204050.0,210250.0,116308500,570,3,210350.0,204050.0
2022-03-05,203950.0,203950.0,203950.0,210100.0,197219650,967,5,210250.0,203950.0
2022-03-06,203800.0,203800.0,203800.0,210100.0,16915400,83,4,210100.0,203800.0
2022-03-07,199600.0,199600.0,199600.0,209250.0,786224400,3939,34,210100.0,199600.0
2022-03-08,203000.0,203000.0,203000.0,209200.0,113883000,561,9,209250.0,203000.0
2022-03-09,202950.0,202950.0,202950.0,209100.0,129279150,637,21,209200.0,202950.0
2022-03-12,202850.0,202850.0,202850.0,209050.0,47669750,235,8,209100.0,202850.0
2022-03-13,198600.0,198600.0,198600.0,207950.0,1020406800,5138,64,209050.0,198600.0
2022-03-15,201750.0,201750.0,201750.0,201750.0,411368250,2039,10,207950.0,201750.0
2022-03-16,195700.0,195700.0,195700.0,195700.0,1142692300,5839,61,201750.0,195700.0
2022-03-19,185950.0,185950.0,185950.0,185950.0,834729550,4489,65,195700.0,185950.0
2022-03-26,180400.0,180400.0,180400.0,180400.0,1164842800,6457,60,185950.0,180400.0
2022-03-27,175000.0,185800.0,175000.0,176850.0,20192048900,114181,129,180400.0,185800.0
2022-03-29,182150.0,182150.0,182150.0,179350.0,4314404900,23686,71,176850.0,182150.0
2022-03-30,184700.0,184700.0,184700.0,183150.0,6527113300,35339,37,179350.0,184700.0
2022-04-03,192300.0,192300.0,192300.0,185550.0,2502784500,13015,21,183150.0,192300.0
2022-04-04,191100.0,191100.0,191100.0,187500.0,3383234400,17704,31,185550.0,191100.0
2022-04-05,193100.0,193100.0,193100.0,189000.0,2574023000,13330,13,187500.0,193100.0
2022-04-06,194650.0,194650.0,194650.0,189550.0,984929000,5060,12,189000.0,194650.0
2022-04-09,199000.0,199000.0,199000.0,192500.0,3116937000,15663,17,189550.0,199000.0
2022-04-10,198250.0,198250.0,198250.0,192700.0,341584750,1723,12,192500.0,198250.0
2022-04-11,198450.0,198450.0,198450.0,193150.0,815034150,4107,16,192700.0,198450.0
2022-04-12,198900.0,198900.0,198900.0,193500.0,610225200,3068,16,193150.0,198900.0
2022-04-13,203150.0,203150.0,203150.0,194150.0,671613900,3306,14,193500.0,203150.0
2022-04-16,199950.0,199950.0,199950.0,194550.0,711022200,3556,13,194150.0,199950.0
2022-04-17,200350.0,200350.0,200350.0,196600.0,3530167000,17620,30,194550.0,200350.0
2022-04-18,202450.0,202450.0,202450.0,197150.0,913656850,4513,19,196600.0,202450.0
2022-04-19,207000.0,207000.0,207000.0,198400.0,1289196000,6228,21,197150.0,207000.0
2022-04-20,204350.0,204350.0,204350.0,199150.0,1318261850,6451,20,198400.0,204350.0
2022-04-24,205100.0,205100.0,205100.0,199200.0,57633100,281,7,199150.0,205100.0
2022-04-25,205150.0,205150.0,205150.0,199700.0,851987950,4153,12,199200.0,205150.0
2022-04-26,205650.0,205650.0,205650.0,199750.0,91514250,445,6,199700.0,205650.0
2022-04-27,205700.0,205700.0,205700.0,200600.0,1478777300,7189,21,199750.0,205700.0
2022-04-30,206600.0,206600.0,206600.0,206600.0,630543200,3052,9,200600.0,206600.0
2022-05-01,212750.0,212750.0,212750.0,212750.0,34678250,163,2,206600.0,212750.0
2022-05-02,219100.0,219100.0,219100.0,219100.0,109769100,501,2,212750.0,219100.0
2022-05-07,225650.0,225650.0,225650.0,225650.0,80557050,357,7,219100.0,225650.0
2022-05-08,232400.0,232400.0,218900.0,232200.0,13317725000,57359,130,225650.0,232400.0
2022-05-09,239150.0,239150.0,239150.0,239150.0,12396818550,51837,86,232200.0,239150.0
2022-05-10,246300.0,246300.0,232150.0,245950.0,27389849350,111356,385,239150.0,246300.0
2022-05-11,252850.0,253300.0,238600.0,248150.0,25074010350,101049,563,245950.0,253300.0
2022-05-14,255550.0,255550.0,240750.0,252250.0,16662006250,66047,360,248150.0,255450.0
2022-05-15,259800.0,259800.0,251050.0,257700.0,8517210950,32892,118,252250.0,259800.0
2022-05-16,265400.0,265400.0,265400.0,261300.0,5025614400,18936,83,257700.0,265400.0
2022-05-17,269100.0,269100.0,267900.0,269100.0,11421996600,42446,165,261300.0,269100.0
2022-05-18,277150.0,277150.0,276000.0,276300.0,9959623250,35936,169,269100.0,277150.0
2022-05-21,284550.0,284550.0,284550.0,279850.0,4431866250,15575,62,276300.0,284550.0
2022-05-22,288200.0,288200.0,288200.0,280650.0,981321000,3405,30,279850.0,288200.0
2022-06-07,289050.0,289050.0,289050.0,282400.0,2173077900,7518,20,280650.0,289050.0
2022-06-08,290850.0,290850.0,290850.0,288000.0,6838756050,23513,37,282400.0,290850.0
2022-06-11,296600.0,296600.0,279400.0,285750.0,35314660650,123582,649,288000.0,279400.0
2022-06-12,277200.0,277200.0,277200.0,284700.0,1184475600,4273,44,285750.0,277200.0
2022-06-13,276200.0,276200.0,276200.0,283850.0,981891000,3555,15,284700.0,276200.0
2022-06-14,275350.0,275350.0,275350.0,283650.0,235148900,854,12,283850.0,275350.0
2022-06-15,275150.0,275150.0,275150.0,283300.0,406946850,1479,14,283650.0,275150.0
2022-06-18,274850.0,274850.0,274850.0,283250.0,31058050,113,5,283300.0,274850.0
2022-06-19,274800.0,274800.0,274800.0,283200.0,79417200,289,10,283250.0,274800.0
2022-06-20,269050.0,269050.0,269050.0,282550.0,443125350,1647,29,283200.0,269050.0
2022-06-21,274100.0,274100.0,274100.0,282400.0,153770100,561,11,282550.0,274100.0
2022-06-22,273950.0,273950.0,273950.0,282350.0,85198450,311,8,282400.0,273950.0
2022-06-25,273900.0,273900.0,273900.0,282300.0,56971200,208,9,282350.0,273900.0
2022-06-26,273850.0,273850.0,273850.0,282300.0,23551100,86,4,282300.0,273850.0
2022-06-27,273850.0,273850.0,273850.0,281750.0,609863950,2227,17,282300.0,273850.0
2022-06-28,267700.0,267700.0,267700.0,276950.0,3243185500,12115,58,281750.0,267700.0
2022-06-29,268650.0,268650.0,268650.0,276100.0,1000989900,3726,24,276950.0,268650.0
2022-07-02,267850.0,267850.0,267850.0,276100.0,10714000,40,2,276100.0,267850.0
2022-07-03,267850.0,267850.0,267850.0,276000.0,133121450,497,13,276100.0,267850.0
2022-07-31,270500.0,270500.0,270500.0,275600.0,349756500,1293,9,276000.0,270500.0
2022-08-01,270100.0,270100.0,270100.0,274950.0,556946200,2062,6,275600.0,270100.0
2022-08-02,269500.0,269500.0,269500.0,274900.0,32340000,120,5,274950.0,269500.0
2022-08-03,269450.0,269450.0,269450.0,274900.0,5389000,20,1,274900.0,269450.0
2022-08-10,269450.0,269450.0,269450.0,274900.0,5389000,20,1,274900.0,269450.0
2022-08-13,269450.0,269450.0,269450.0,274700.0,172448000,640,23,274900.0,269450.0
2022-08-14,269250.0,269250.0,269250.0,274650.0,26925000,100,3,274700.0,269250.0
2022-08-15,269200.0,269200.0,269200.0,274650.0,18574800,69,2,274650.0,269200.0
2022-08-16,269200.0,269200.0,269200.0,274650.0,16690400,62,3,274650.0,269200.0
2022-08-17,263700.0,263700.0,263700.0,274300.0,146880900,557,16,274650.0,263700.0
2022-08-20,268850.0,268850.0,268850.0,274300.0,5377000,20,1,274300.0,268850.0
2022-08-21,268850.0,268850.0,268850.0,274300.0,5108150,19,1,274300.0,268850.0
2022-08-22,268850.0,268850.0,268850.0,274300.0,16131000,60,3,274300.0,268850.0
2022-08-23,268850.0,268850.0,268850.0,274250.0,23927650,89,4,274300.0,268850.0
2022-08-24,268800.0,268800.0,268800.0,274150.0,84403200,314,6,274250.0,268800.0
2022-08-27,263200.0,263200.0,263200.0,272050.0,911461600,3463,38,274150.0,263200.0
2022-08-28,266650.0,266650.0,266650.0,272000.0,37864300,142,6,272050.0,266650.0
2022-08-29,266600.0,266600.0,266600.0,271050.0,854986200,3207,12,272000.0,266600.0
2022-08-30,265650.0,265650.0,265650.0,269600.0,1281761250,4825,35,271050.0,265650.0
2022-08-31,264250.0,264250.0,264250.0,269150.0,396639250,1501,11,269600.0,264250.0
2022-09-03,263800.0,263800.0,263800.0,269100.0,49858200,189,4,269150.0,263800.0
2022-09-04,263750.0,263750.0,263750.0,268850.0,223923750,849,4,269100.0,263750.0
2022-09-05,263500.0,263500.0,263500.0,268800.0,46376000,176,3,268850.0,263500.0
2022-09-07,263450.0,263450.0,263450.0,263450.0,505297100,1918,8,268800.0,263450.0
2022-09-10,258200.0,258200.0,258200.0,258200.0,298221000,1155,4,263450.0,258200.0
2022-09-18,253050.0,253050.0,253050.0,253050.0,396023250,1565,4,258200.0,253050.0
2022-09-19,248000.0,248000.0,248000.0,248000.0,99448000,401,5,253050.0,248000.0
2022-09-20,243050.0,243050.0,243050.0,243050.0,104268450,429,8,248000.0,243050.0
2022-09-24,238200.0,247900.0,238200.0,241950.0,34265812650,141616,496,243050.0,238200.0
2022-09-26,237150.0,246750.0,237150.0,244550.0,9446029750,38630,168,241950.0,246750.0
2022-09-28,249400.0,249400.0,249400.0,247200.0,2789539000,11185,17,244550.0,249400.0
2022-10-01,252100.0,252100.0,242300.0,249300.0,14568398250,58441,305,247200.0,242300.0
2022-10-04,244350.0,244350.0,244350.0,248950.0,368235450,1507,11,249300.0,244350.0
2022-10-08,244000.0,244000.0,244000.0,248700.0,265960000,1090,9,248950.0,244000.0
2022-10-09,243750.0,243750.0,243750.0,248500.0,182812500,750,4,248700.0,243750.0
2022-10-10,238600.0,243750.0,238600.0,238650.0,16598347400,69549,181,248500.0,238600.0
2022-10-11,233950.0,243400.0,233950.0,242050.0,8041711150,33224,190,238650.0,243400.0
2022-10-12,246800.0,246850.0,241150.0,245200.0,3433716050,13925,129,242050.0,246850.0
2022-10-15,250100.0,250100.0,250100.0,247350.0,2215135700,8857,15,245200.0,250100.0
2022-10-16,252250.0,252250.0,242450.0,243800.0,10082907900,41357,214,247350.0,245000.0
2022-10-17,245000.0,248100.0,238950.0,241450.0,3573331850,14855,79,243800.0,238950.0
2022-10-18,236650.0,246200.0,236650.0,238250.0,14642746750,61465,112,241450.0,236650.0
2022-10-19,243000.0,243000.0,233500.0,236550.0,2595932400,11043,99,238250.0,239900.0
2022-10-22,241100.0,241100.0,231850.0,232950.0,3854646450,16615,106,236550.0,231850.0
2022-10-23,228450.0,228450.0,228300.0,232050.0,940392650,4119,35,232950.0,228300.0
2022-10-24,227450.0,227450.0,227450.0,232050.0,22745000,100,2,232050.0,227450.0
2022-10-25,227450.0,227450.0,227450.0,232050.0,21607750,95,4,232050.0,227450.0
2022-10-26,227450.0,227450.0,227450.0,231000.0,1082207100,4758,160,232050.0,227450.0
2022-10-29,226400.0,228300.0,226400.0,230300.0,760213100,3356,39,231000.0,226400.0
2022-10-30,225700.0,225700.0,225700.0,230300.0,13542000,60,2,230300.0,225700.0
2022-10-31,225700.0,225700.0,225700.0,230150.0,154604500,685,10,230300.0,225700.0
2022-11-01,225550.0,225550.0,225550.0,230050.0,131721200,584,3,230150.0,225550.0
2022-11-02,225450.0,225450.0,225450.0,230000.0,27054000,120,5,230050.0,225450.0
2022-11-05,225400.0,225400.0,225400.0,229900.0,90610800,402,9,230000.0,225400.0
2022-11-06,220750.0,224500.0,220750.0,220850.0,6729683350,30472,129,229900.0,220750.0
2022-11-07,216450.0,223900.0,216450.0,218150.0,4300319250,19736,161,220850.0,216450.0
2022-11-08,213850.0,216450.0,213800.0,214650.0,3761516950,17593,67,218150.0,213800.0
2022-11-09,210400.0,218600.0,210400.0,211150.0,3793283350,18026,104,214650.0,210400.0
2022-11-12,206950.0,215350.0,206950.0,212300.0,4992557350,23517,147,211150.0,215350.0
2022-11-13,216500.0,216500.0,216500.0,215550.0,3955455000,18270,83,212300.0,216500.0
2022-11-14,219850.0,219850.0,219850.0,217100.0,1879937350,8551,7,215550.0,219850.0
2022-11-15,221400.0,221400.0,221400.0,217250.0,175570200,793,8,217100.0,221400.0
2022-11-16,221550.0,221550.0,221550.0,219950.0,3282706350,14817,15,217250.0,221550.0
2022-11-19,224300.0,224300.0,224300.0,220450.0,608974500,2715,11,219950.0,224300.0
2022-11-20,224850.0,224850.0,224850.0,220650.0,211583850,941,11,220450.0,224850.0
2022-11-21,225050.0,225050.0,225050.0,221350.0,789925500,3510,17,220650.0,225050.0
2022-12-06,225750.0,225750.0,222650.0,225750.0,23492431500,104071,217,221350.0,225750.0
2022-12-07,230250.0,230250.0,227000.0,228600.0,3328065750,14455,146,225750.0,230250.0
2022-12-10,233150.0,233150.0,233150.0,233150.0,8877652550,38077,91,228600.0,233150.0
2022-12-11,237800.0,237800.0,237800.0,234850.0,1880284600,7907,13,233150.0,237800.0
2022-12-12,239500.0,239500.0,239500.0,236000.0,1317729000,5502,27,234850.0,239500.0
2022-12-13,240700.0,240700.0,239500.0,237800.0,2007723800,8342,97,236000.0,240700.0
2022-12-14,241900.0,242550.0,233050.0,240100.0,4352626900,18092,123,237800.0,242550.0
2022-12-17,244900.0,244900.0,244900.0,241200.0,1159846400,4736,58,240100.0,244900.0
2022-12-18,246000.0,246000.0,241600.0,243500.0,2592008800,10546,86,241200.0,246000.0
2022-12-19,248350.0,248350.0,243600.0,245450.0,2130788800,8584,78,243500.0,248350.0
2022-12-20,250350.0,250350.0,248400.0,246550.0,1161274200,4639,79,245450.0,250350.0
2022-12-21,251450.0,251450.0,251450.0,247500.0,1010577550,4019,36,246550.0,251450.0
2022-12-24,252450.0,252450.0,247550.0,250000.0,3431796500,13662,110,247500.0,252450.0
2022-12-25,255000.0,255000.0,255000.0,251450.0,1508580000,5916,58,250000.0,255000.0
2022-12-26,256450.0,256450.0,256450.0,252650.0,1225574550,4779,38,251450.0,256450.0
2022-12-28,257700.0,257700.0,257700.0,253400.0,792942900,3077,23,252650.0,257700.0
2022-12-31,258450.0,258450.0,258000.0,256250.0,2901072900,11225,57,253400.0,258450.0
2023-01-01,261350.0,261350.0,261350.0,261350.0,5314029550,20333,75,256250.0,261350.0
2023-01-02,266550.0,266550.0,266550.0,264800.0,3467815500,13010,63,261350.0,266550.0
2023-01-03,270050.0,270050.0,270050.0,265200.0,386171500,1430,6,264800.0,270050.0
2023-01-04,270500.0,270500.0,270500.0,269150.0,3969858000,14676,31,265200.0,270500.0
2023-01-07,274500.0,274500.0,274500.0,272800.0,3477915000,12670,37,269150.0,274500.0
2023-01-08,278250.0,278250.0,278250.0,273950.0,1083505500,3894,14,272800.0,278250.0
2023-01-09,279400.0,279400.0,279400.0,277850.0,3735857400,13371,50,273950.0,279400.0
2023-01-10,283400.0,283400.0,283400.0,278400.0,526557200,1858,9,277850.0,283400.0
2023-01-11,283950.0,283950.0,283950.0,283950.0,5849086050,20599,88,278400.0,283950.0
2023-01-14,289600.0,289600.0,284300.0,288850.0,21432548850,74202,470,283950.0,289600.0
2023-01-16,294600.0,294600.0,294600.0,293250.0,3988884000,13540,56,288850.0,294600.0
2023-01-17,299100.0,299100.0,294100.0,298750.0,12799795550,42848,294,293250.0,299100.0
2023-01-18,293050.0,304700.0,293050.0,303000.0,8630966400,28484,179,298750.0,304700.0
2023-01-21,309050.0,309050.0,309050.0,304600.0,1340040800,4336,29,303000.0,309050.0
2023-01-22,310650.0,310650.0,310550.0,310300.0,4812587800,15492,96,304600.0,310650.0
2023-01-23,316500.0,316500.0,316500.0,310850.0,451645500,1427,17,310300.0,316500.0
2023-01-24,317050.0,317050.0,317050.0,311300.0,376021300,1186,10,310850.0,317050.0
2023-01-25,317500.0,317500.0,311850.0,317400.0,12764211100,40212,99,311300.0,317500.0
2023-01-28,323700.0,323700.0,321050.0,320600.0,5233827000,16172,75,317400.0,323700.0
2023-01-29,327000.0,327000.0,314200.0,318050.0,9298402200,29256,43,320600.0,314200.0
2023-02-05,311700.0,311700.0,311700.0,318000.0,62340000,200,1,318050.0,311700.0
2023-02-06,311650.0,311650.0,311650.0,317650.0,549127300,1762,4,318000.0,311650.0
2023-02-07,311300.0,311300.0,311300.0,317500.0,230362000,740,4,317650.0,311300.0
2023-02-12,311150.0,311150.0,311150.0,317450.0,62230000,200,2,317500.0,311150.0
2023-02-14,304800.0,304800.0,304800.0,317300.0,131064000,430,2,317450.0,304800.0
2023-02-15,311000.0,311000.0,311000.0,317250.0,104496000,336,2,317300.0,311000.0
2023-02-19,310950.0,310950.0,310950.0,317200.0,50684850,163,1,317250.0,310950.0
2023-02-20,310900.0,310900.0,310900.0,317050.0,223848000,720,3,317200.0,310900.0
2023-02-21,310750.0,310750.0,310750.0,316800.0,422309250,1359,3,317050.0,310750.0
2023-02-22,310500.0,310500.0,310500.0,316750.0,100912500,325,2,316800.0,310500.0
2023-02-25,304100.0,304100.0,304100.0,316200.0,412359600,1356,8,316750.0,304100.0
2023-02-27,309900.0,309900.0,309900.0,316150.0,101027400,326,2,316200.0,309900.0
2023-03-01,309850.0,309850.0,309850.0,316100.0,75913250,245,1,316150.0,309850.0
2023-03-05,303500.0,303500.0,303500.0,315550.0,408814500,1347,4,316100.0,303500.0
2023-03-06,309250.0,309250.0,309250.0,315500.0,50098500,162,1,315550.0,309250.0
2023-03-07,309200.0,309200.0,309200.0,309200.0,50399600,163,1,315500.0,309200.0
2023-03-11,303050.0,303050.0,303050.0,303050.0,121220000,400,2,309200.0,303050.0
2023-03-13,297000.0,297000.0,297000.0,297000.0,50490000,170,1,303050.0,297000.0
2023-03-19,291100.0,291100.0,291100.0,291100.0,50942500,175,1,297000.0,291100.0
2023-03-25,285300.0,285300.0,285300.0,285300.0,160909200,564,4,291100.0,285300.0
2023-03-26,279600.0,279600.0,279600.0,279600.0,133928400,479,4,285300.0,279600.0
2023-03-28,268600.0,268600.0,268600.0,268600.0,1986028400,7394,26,274050.0,268600.0
2023-03-29,263250.0,263250.0,263250.0,263250.0,1283870250,4877,17,268600.0,263250.0
2023-04-03,258000.0,258000.0,258000.0,258000.0,1815288000,7036,16,263250.0,258000.0
2023-04-04,252850.0,263150.0,252850.0,259800.0,33501346400,128941,365,258000.0,263150.0
2023-04-05,264950.0,264950.0,261800.0,264950.0,14111632600,53264,138,259800.0,264950.0
2023-04-08,270200.0,270200.0,259700.0,262200.0,38340338050,146223,674,264950.0,262900.0
2023-04-09,257150.0,264850.0,257150.0,259400.0,9899981050,38163,186,262200.0,259900.0
2023-04-10,257000.0,261500.0,255150.0,258400.0,6447512900,25001,168,259400.0,255700.0
2023-04-11,255250.0,255250.0,253250.0,253400.0,10624571900,41926,172,258400.0,253250.0
2023-04-15,248400.0,258450.0,248400.0,256650.0,9251022650,36000,150,253400.0,258450.0
2023-04-16,261750.0,261750.0,251550.0,255050.0,8927179150,35033,136,256650.0,252200.0
2023-04-17,252250.0,260100.0,249950.0,255200.0,7277322850,28513,152,255050.0,259350.0
2023-04-18,260000.0,260300.0,260000.0,258600.0,6920679100,26590,106,255200.0,260300.0
2023-04-19,263750.0,263750.0,263000.0,262250.0,7400171500,28058,93,258600.0,263750.0
2023-04-24,267450.0,267450.0,262300.0,267050.0,13009428900,48719,101,262250.0,267450.0
2023-04-25,272350.0,272350.0,272350.0,271550.0,8793364450,32287,49,267050.0,272350.0
2023-04-26,276950.0,276950.0,276950.0,276950.0,13479987350,48673,99,271550.0,276950.0
2023-04-29,282450.0,282450.0,282300.0,282450.0,13444749950,47601,104,276950.0,282450.0
2023-04-30,288050.0,288050.0,276850.0,278650.0,20824903150,74729,189,282450.0,276850.0
2023-05-01,273100.0,273100.0,273100.0,275200.0,6112797300,22383,78,278650.0,273100.0
2023-05-02,269700.0,279700.0,269700.0,270550.0,34197150350,126389,343,275200.0,269800.0
2023-05-03,275000.0,275950.0,265250.0,275550.0,16445877750,59683,187,270550.0,274000.0
2023-05-06,281050.0,281050.0,270200.0,275950.0,8376076250,30346,139,275550.0,272850.0
2023-05-07,270500.0,270800.0,270450.0,271550.0,7904418100,29220,94,275950.0,270450.0
2023-05-08,266150.0,266150.0,266150.0,270300.0,2253492050,8467,12,271550.0,266150.0
2023-05-09,264900.0,264900.0,264900.0,268950.0,2389133100,9019,18,270300.0,264900.0
2023-05-10,263600.0,263600.0,263600.0,268750.0,348215600,1321,6,268950.0,263600.0
2023-05-13,263400.0,263400.0,263400.0,268500.0,486763200,1848,10,268750.0,263400.0
2023-05-14,263150.0,263150.0,263150.0,267050.0,2619658250,9955,26,268500.0,263150.0
2023-05-15,261750.0,271700.0,261750.0,262250.0,9108819400,34777,86,267050.0,261750.0
2023-05-17,259000.0,267450.0,257050.0,262500.0,9045347950,34455,123,262250.0,257100.0
2023-05-20,257300.0,267650.0,257300.0,261350.0,3693266100,14235,95,262500.0,261600.0
2023-05-21,266350.0,266550.0,256550.0,265350.0,9123856050,34327,121,261350.0,266550.0
2023-05-22,270650.0,270650.0,266450.0,268950.0,10976170350,40808,110,265350.0,270650.0
2023-05-23,263650.0,270000.0,263600.0,264500.0,8533005100,32354,89,268950.0,263600.0
2023-05-24,259250.0,268950.0,259250.0,263950.0,2465494500,9399,47,264500.0,260500.0
2023-05-27,269100.0,269100.0,258700.0,261700.0,8511166950,32567,99,263950.0,258700.0
2023-05-28,266400.0,266450.0,256500.0,259250.0,4825659000,18794,31,261700.0,256500.0
2023-05-29,254100.0,255300.0,254100.0,255300.0,7390837700,29085,73,259250.0,254100.0
2023-05-30,259000.0,259000.0,250200.0,251400.0,7342938400,29339,67,255300.0,250250.0
2023-05-31,256300.0,256400.0,246400.0,252550.0,7764651800,30711,107,251400.0,256400.0
2023-06-03,248000.0,257600.0,248000.0,254450.0,4588826300,17872,63,252550.0,257600.0
2023-06-06,251150.0,259500.0,251150.0,255500.0,2475023500,9561,47,254450.0,259500.0
2023-06-07,251200.0,260600.0,251050.0,257950.0,5652400200,21739,65,255500.0,260600.0
2023-06-10,263100.0,263100.0,252900.0,262200.0,11409252350,43516,134,257950.0,261200.0
2023-06-11,265000.0,267400.0,258000.0,263700.0,3808524350,14304,88,262200.0,267400.0
2023-06-12,268950.0,268950.0,258450.0,261150.0,6969492400,26808,66,263700.0,258450.0
2023-06-13,257000.0,257000.0,255950.0,259700.0,2808488150,10972,38,261150.0,255950.0
2023-06-14,254550.0,255550.0,254550.0,258400.0,2524333650,9916,45,259700.0,254550.0
2023-06-17,253250.0,263500.0,253250.0,256900.0,4625184900,18124,62,258400.0,253250.0
2023-06-18,261000.0,261000.0,251800.0,255500.0,2813831650,11167,40,256900.0,251800.0
2023-06-19,251150.0,251150.0,250400.0,254450.0,1997032600,7973,29,255500.0,250400.0
2023-06-20,249500.0,259200.0,249400.0,253200.0,4330292900,17210,74,254450.0,249400.0
2023-06-21,258150.0,258150.0,248150.0,253150.0,2918149350,11530,66,253200.0,258100.0
2023-06-24,249500.0,255000.0,248100.0,252350.0,2660984800,10636,45,253150.0,248100.0
2023-06-25,247350.0,247350.0,247350.0,247350.0,13482059100,54506,121,252350.0,247350.0
2023-06-26,252100.0,252100.0,242450.0,245350.0,8167725100,33341,69,247350.0,242450.0
2023-06-27,245500.0,250250.0,240450.0,242400.0,14232300200,58714,90,245350.0,240450.0
2023-06-28,237700.0,247200.0,237700.0,243950.0,3517469350,14257,53,242400.0,247200.0
2023-07-01,248800.0,248800.0,248800.0,244750.0,1716222400,6898,13,243950.0,248800.0
2023-07-02,249600.0,249600.0,246600.0,247350.0,5622577100,22538,61,244750.0,249600.0
2023-07-03,252250.0,252250.0,252250.0,247700.0,738840250,2929,17,247350.0,252250.0
2023-07-04,252650.0,252650.0,248850.0,249350.0,3462778300,13707,63,247700.0,252650.0
2023-07-05,254000.0,254300.0,249400.0,251000.0,4837092300,19124,91,249350.0,254300.0
2023-07-08,256000.0,256000.0,246750.0,252550.0,3291457850,12864,40,251000.0,256000.0
2023-07-09,257600.0,257600.0,253450.0,256100.0,7506236150,29161,85,252550.0,257600.0
2023-07-10,261200.0,261200.0,258200.0,260800.0,9595805600,36738,83,256100.0,261200.0
2023-07-12,266000.0,266000.0,266000.0,261500.0,1382136000,5196,24,260800.0,266000.0
2023-07-17,266700.0,266700.0,256300.0,259850.0,7735231000,29825,80,261500.0,256300.0
2023-07-18,254700.0,265000.0,254700.0,258000.0,23139992250,89686,239,259850.0,264900.0
2023-08-01,262900.0,262900.0,262750.0,260450.0,5317334200,20226,60,257750.0,262900.0
2023-08-05,265650.0,265650.0,255250.0,260050.0,7185415550,27645,97,260450.0,255250.0
2023-08-06,254850.0,258000.0,254850.0,257000.0,5797115900,22744,65,260050.0,254850.0
2023-08-07,251900.0,262100.0,251900.0,256100.0,11145555050,43519,142,257000.0,251950.0
2023-08-08,251000.0,257000.0,251000.0,252100.0,7609074000,30310,49,256100.0,251000.0
2023-08-09,247200.0,247200.0,247100.0,249450.0,5003454550,20247,46,252100.0,247100.0
2023-08-12,244500.0,244500.0,244500.0,248450.0,1933261500,7907,18,249450.0,244500.0
2023-08-13,243500.0,250000.0,243500.0,246200.0,4431243500,18196,73,248450.0,250000.0
2023-08-14,250000.0,250000.0,241300.0,241600.0,10283924150,42566,151,246200.0,241300.0
2023-08-15,236800.0,240000.0,236800.0,238800.0,5716996350,24125,75,241600.0,236800.0
2023-08-16,234050.0,234050.0,234050.0,237800.0,1975850100,8442,31,238800.0,234050.0
2023-08-19,233050.0,233050.0,233050.0,236950.0,1743680100,7482,30,237800.0,233050.0
2023-08-20,232250.0,241600.0,232250.0,236800.0,4113826950,17390,58,236950.0,240150.0
2023-08-21,241400.0,241400.0,232100.0,235550.0,7053687350,30007,51,236800.0,232100.0
2023-08-22,230850.0,230850.0,230850.0,235150.0,809821800,3508,6,235550.0,230850.0
2023-08-23,230450.0,230450.0,230450.0,233900.0,2604085000,11300,30,235150.0,230450.0
2023-08-26,229250.0,229250.0,229250.0,233150.0,1603833000,6996,16,233900.0,229250.0
2023-08-27,228500.0,228500.0,228500.0,232950.0,438034500,1917,5,233150.0,228500.0
2023-08-28,228300.0,228300.0,228300.0,232700.0,554769000,2430,6,232950.0,228300.0
2023-08-29,228050.0,228050.0,228050.0,232400.0,579018950,2539,5,232700.0,228050.0
2023-08-30,227800.0,232900.0,227800.0,230300.0,4607939550,20214,92,232400.0,232900.0
2023-09-02,234900.0,234900.0,234900.0,231600.0,2934370800,12492,41,230300.0,234900.0
2023-09-03,236200.0,236200.0,236200.0,232200.0,1384132000,5860,11,231600.0,236200.0
2023-09-04,236800.0,236800.0,236800.0,232550.0,742368000,3135,8,232200.0,236800.0
2023-09-05,237200.0,237200.0,237200.0,233550.0,2236796000,9430,26,232550.0,237200.0
2023-09-09,238200.0,238200.0,238200.0,234600.0,2272666200,9541,15,233550.0,238200.0
2023-09-10,239250.0,239250.0,239250.0,234900.0,682101750,2851,13,234600.0,239250.0
2023-09-11,239550.0,239550.0,239550.0,235100.0,448198050,1871,9,234900.0,239550.0
2023-09-12,239800.0,239800.0,237100.0,237600.0,5542516500,23118,41,235100.0,239800.0
2023-09-13,242350.0,242350.0,242300.0,242300.0,10246722200,42281,57,237600.0,242350.0
2023-09-17,247100.0,247100.0,247100.0,243100.0,1695600200,6862,24,242300.0,247100.0
2023-09-18,247950.0,247950.0,238250.0,243500.0,14123942650,58008,126,243100.0,238250.0
2023-09-19,238650.0,238650.0,238650.0,243450.0,99994350,419,1,243500.0,238650.0
2023-09-25,238600.0,238600.0,238600.0,242250.0,2441593800,10233,28,243450.0,238600.0
2023-09-26,237450.0,237550.0,237450.0,241350.0,1840033300,7749,24,242250.0,237450.0
2023-09-27,236550.0,245950.0,236550.0,240100.0,2823407550,11912,20,241350.0,236550.0
2023-09-30,235400.0,242850.0,235300.0,239800.0,3279091400,13706,41,240100.0,235450.0
2023-10-01,244400.0,244400.0,235050.0,237650.0,4647837500,19753,63,239800.0,236000.0
2023-10-02,232900.0,238550.0,232900.0,237350.0,736570650,3154,14,237650.0,232900.0
2023-10-04,232650.0,241800.0,232650.0,236300.0,4355455500,18537,56,237350.0,241350.0
2023-10-07,231600.0,240300.0,231600.0,236150.0,3240426150,13737,47,236300.0,233100.0
2023-10-08,231450.0,231450.0,231450.0,235950.0,376106250,1625,6,236150.0,231450.0
2023-10-09,231250.0,231250.0,231250.0,235950.0,50643750,219,1,235950.0,231250.0
2023-10-10,231250.0,231250.0,231250.0,235750.0,455100000,1968,3,235950.0,231250.0
2023-10-11,231050.0,231050.0,231050.0,235700.0,53141500,230,1,235750.0,231050.0
2023-10-14,231000.0,231000.0,231000.0,235650.0,108570000,470,3,235700.0,231000.0
2023-10-15,226250.0,234700.0,226250.0,228600.0,7906604250,34820,33,235650.0,233800.0
2023-10-16,224050.0,233150.0,224050.0,229050.0,1371656050,5920,28,228600.0,232500.0
2023-10-17,233600.0,233600.0,229200.0,229900.0,1944897650,8337,23,229050.0,229200.0
2023-10-18,233900.0,233900.0,225350.0,229400.0,4484584000,19602,42,229900.0,225350.0
2023-10-21,224900.0,232900.0,224900.0,229400.0,278645350,1217,9,229400.0,232250.0
2023-10-22,224900.0,232750.0,224850.0,228950.0,1025858800,4560,20,229400.0,232750.0
2023-10-23,225000.0,233100.0,224500.0,229150.0,1382298850,6004,31,228950.0,231000.0
2023-10-24,233200.0,233700.0,226500.0,230300.0,3921131200,16896,60,229150.0,233600.0
2023-10-25,234900.0,234900.0,227000.0,230850.0,1563382800,6682,38,230300.0,234900.0
2023-10-28,227000.0,235450.0,227000.0,232300.0,4153028550,17714,46,230850.0,235450.0
2023-10-29,232300.0,236900.0,232300.0,233700.0,3211622000,13561,20,232300.0,236900.0
2023-10-30,237950.0,238350.0,237000.0,235000.0,2873218200,12056,34,233700.0,238350.0
2023-10-31,238000.0,239700.0,238000.0,236150.0,2591343800,10813,48,235000.0,239700.0
2023-11-01,238100.0,240850.0,238100.0,237550.0,3331985700,13857,36,236150.0,240850.0
2023-11-04,239150.0,242300.0,239150.0,238900.0,3038870100,12549,38,237550.0,242300.0
2023-11-05,243650.0,243650.0,243650.0,239350.0,928062850,3809,31,238900.0,243650.0
2023-11-06,244100.0,244100.0,244100.0,239550.0,418387400,1714,19,239350.0,244100.0
2023-11-07,244300.0,244300.0,244200.0,241750.0,4814061350,19706,45,239550.0,244250.0
2023-11-08,241000.0,246400.0,236950.0,241750.0,6273925500,25955,97,241750.0,246400.0
2023-11-11,238500.0,246300.0,238100.0,242100.0,2749156850,11314,42,241750.0,242500.0
2023-11-12,241000.0,246900.0,241000.0,244450.0,5523451050,22415,60,242100.0,246900.0
2023-11-13,240000.0,249300.0,240000.0,245400.0,2019071400,8099,34,244450.0,249300.0
2023-11-14,250300.0,250300.0,246100.0,247300.0,4235538200,16942,48,245400.0,250300.0
2023-11-15,246000.0,252200.0,246000.0,249650.0,5446263700,21630,85,247300.0,252200.0
2023-11-18,254600.0,254600.0,250500.0,254550.0,10076459950,39580,82,249650.0,250500.0
2023-11-19,249500.0,259500.0,249500.0,255350.0,2811793450,10918,42,254550.0,255200.0
2023-11-20,250500.0,258900.0,250500.0,255650.0,2504675050,9761,56,255350.0,253500.0
2023-11-21,254700.0,260700.0,254550.0,258600.0,7383936500,28418,57,255650.0,260450.0
2023-12-09,263750.0,263750.0,253450.0,258800.0,5589022650,21580,50,258600.0,262600.0
2023-12-10,254000.0,262350.0,253650.0,257500.0,4620658600,18046,73,258800.0,258000.0
2023-12-11,252350.0,252350.0,252350.0,256750.0,1463882350,5801,17,257500.0,252350.0
2023-12-12,252650.0,261550.0,251650.0,255250.0,5368632050,21137,77,256750.0,251650.0
2023-12-13,250150.0,250150.0,250150.0,254850.0,781218450,3123,8,255250.0,250150.0
2023-12-16,249800.0,249800.0,249800.0,252850.0,3924857600,15712,28,254850.0,249800.0
2023-12-18,247800.0,257850.0,247800.0,251600.0,3407334350,13667,32,252850.0,247800.0
2023-12-19,246600.0,254800.0,246600.0,251500.0,525736850,2103,10,251600.0,246600.0
2023-12-20,246500.0,246500.0,246500.0,251400.0,173536000,704,2,251500.0,246500.0
2023-12-24,246400.0,252000.0,246400.0,247950.0,7723600950,31271,32,251400.0,246400.0
2023-12-25,245000.0,252300.0,243000.0,247750.0,982181250,3992,15,247950.0,243000.0
2023-12-26,242800.0,251800.0,242800.0,247750.0,1360496000,5495,14,247750.0,251050.0
2023-12-27,252500.0,252500.0,242800.0,247550.0,1311315750,5328,19,247750.0,251650.0
2023-12-30,242900.0,242900.0,242600.0,247050.0,945475200,3897,18,247550.0,242600.0
2023-12-31,242150.0,246300.0,242150.0,246800.0,647822600,2664,13,247050.0,242150.0
2024-01-01,241900.0,243000.0,241900.0,246350.0,905627900,3741,16,246800.0,241900.0
2024-01-02,241450.0,241450.0,241450.0,246250.0,224548500,930,6,246350.0,241450.0
2024-01-06,241350.0,241350.0,241350.0,246200.0,60337500,250,1,246250.0,241350.0
2024-01-07,241300.0,241300.0,241300.0,245700.0,996569000,4130,5,246200.0,241300.0
2024-01-08,240800.0,240800.0,240800.0,245000.0,1413977600,5872,6,245700.0,240800.0
2024-01-09,240100.0,240100.0,240100.0,244950.0,111166300,463,5,245000.0,240100.0
2024-01-13,240100.0,240100.0,240100.0,244950.0,50180900,209,1,244950.0,240100.0
2024-01-14,240100.0,240100.0,240100.0,244400.0,1095816400,4564,6,244950.0,240100.0
2024-01-15,239550.0,243000.0,239550.0,242800.0,3279612000,13690,25,244400.0,239550.0
2024-01-16,237950.0,243800.0,237950.0,241550.0,3049373200,12769,25,242800.0,242800.0
2024-01-17,236750.0,243700.0,236750.0,240350.0,2783239450,11728,17,241550.0,242000.0
2024-01-20,240350.0,243700.0,235550.0,240350.0,1527171850,6352,33,240350.0,242950.0
2024-01-21,235550.0,245100.0,235550.0,240400.0,1320483900,5486,31,240350.0,235650.0
2024-01-22,235600.0,244500.0,235600.0,240150.0,709080300,2992,17,240400.0,244300.0
2024-01-23,235450.0,244950.0,235350.0,239700.0,27436299400,114451,72,240150.0,240000.0
2024-01-24,244400.0,244450.0,240150.0,240050.0,1204757250,4969,14,239700.0,241000.0
2024-01-27,244200.0,244200.0,235250.0,239400.0,1415701800,6009,24,240050.0,235250.0
2024-01-28,234650.0,237000.0,234650.0,238950.0,1186453400,5035,13,239400.0,236900.0
2024-01-29,234200.0,239900.0,234200.0,237350.0,3443561200,14693,14,238950.0,239900.0
2024-01-30,232650.0,232650.0,232650.0,236000.0,2830885200,12168,10,237350.0,232650.0
2024-03-30,231400.0,240550.0,231300.0,235500.0,1305079100,5617,28,236000.0,240350.0
2024-04-02,239950.0,239950.0,230800.0,235100.0,1243232000,5348,19,235500.0,237750.0
2024-04-03,230400.0,239250.0,230400.0,234950.0,836167100,3588,17,235100.0,230600.0
2024-04-06,236500.0,239600.0,230300.0,234500.0,3154926350,13510,34,234950.0,239600.0
2024-04-07,229850.0,239000.0,229850.0,234400.0,1280470650,5475,14,234500.0,233000.0
2024-04-08,239050.0,239050.0,233000.0,234350.0,238825100,1024,4,234400.0,233000.0
2024-04-09,229750.0,238900.0,229700.0,234550.0,678647800,2860,10,234350.0,238500.0
2024-04-13,229900.0,229900.0,229900.0,234000.0,1162834200,5058,18,234550.0,229900.0
2024-04-14,231800.0,231800.0,231700.0,234000.0,101043200,436,2,234000.0,231700.0
2024-04-15,231700.0,236300.0,231700.0,233850.0,1371309350,5886,19,234000.0,232000.0
2024-04-16,231550.0,236100.0,231550.0,233700.0,913521800,3931,8,233850.0,231550.0
2024-04-17,235850.0,236000.0,231400.0,234050.0,1858651050,7891,12,233700.0,236000.0
2024-04-20,238650.0,238650.0,229500.0,233950.0,168581100,734,3,234050.0,229500.0
2024-04-21,229300.0,229350.0,229300.0,232350.0,3392299300,14794,22,233950.0,229300.0
2024-04-22,227850.0,227850.0,227750.0,230200.0,4534569800,19910,26,232350.0,227750.0
2024-04-23,225600.0,230000.0,225600.0,229900.0,757763200,3347,15,230200.0,225600.0
2024-04-24,234400.0,234400.0,225350.0,226950.0,6257888700,27765,22,229900.0,225350.0
2024-04-27,222500.0,231300.0,222450.0,222500.0,11363305250,51073,24,226950.0,222450.0
2024-04-28,222500.0,226950.0,222500.0,222800.0,1117931500,4966,17,222500.0,226950.0
2024-04-29,218350.0,227250.0,218350.0,222750.0,174920500,799,5,222800.0,218400.0
2024-04-30,218400.0,227200.0,218400.0,222850.0,246844300,1091,9,222750.0,227200.0
2024-05-01,218500.0,227300.0,218450.0,222300.0,2257442250,10237,14,222850.0,227300.0
2024-05-05,218000.0,224900.0,218000.0,218100.0,19833290000,90930,6,222300.0,224900.0
2024-05-06,213750.0,222450.0,213750.0,215950.0,5697769700,26572,11,218100.0,213850.0
2024-05-07,211650.0,220250.0,211650.0,216850.0,2810703800,12831,30,215950.0,211650.0
2024-05-08,221100.0,221150.0,221100.0,216900.0,132020900,597,4,216850.0,221150.0
2024-05-11,212600.0,220900.0,212600.0,216950.0,829572900,3814,7,216900.0,212600.0
2024-05-12,212650.0,221250.0,212650.0,216700.0,741912900,3470,19,216950.0,212650.0
2024-05-13,212450.0,220950.0,212400.0,216600.0,214799950,1011,10,216700.0,220950.0
2024-05-14,212300.0,220000.0,212300.0,216650.0,251063000,1150,5,216600.0,220000.0
2024-05-15,212400.0,212400.0,212350.0,216500.0,358246400,1687,5,216650.0,212350.0
2024-05-18,216500.0,220800.0,212200.0,215600.0,2914109700,13650,15,216500.0,212200.0
2024-05-19,211350.0,219800.0,211350.0,214350.0,2860046200,13532,12,215600.0,211350.0
2024-05-21,210100.0,210100.0,210100.0,214350.0,56727000,270,2,214350.0,210100.0
2024-05-25,210100.0,210100.0,210100.0,214350.0,4412100,21,1,214350.0,210100.0
2024-05-26,210100.0,210100.0,210100.0,214350.0,40759400,194,1,214350.0,210100.0
2024-05-27,210100.0,210100.0,210100.0,214350.0,21010000,100,1,214350.0,210100.0
2024-05-28,210100.0,213000.0,210100.0,214150.0,477530800,2266,13,214350.0,210100.0
2024-05-29,218400.0,218400.0,209900.0,214100.0,539668000,2528,5,214150.0,209900.0
2024-06-02,209850.0,0.0,0.0,213800.0,737203050,3513,1,214100.0,209850.0
2024-06-08,209550.0,209550.0,209550.0,213800.0,54692550,261,2,213800.0,209550.0
2024-06-09,209550.0,0.0,0.0,213600.0,498309900,2378,2,213800.0,209550.0
2024-06-10,209350.0,209350.0,209350.0,213500.0,261687500,1250,2,213600.0,209350.0
2024-06-15,209250.0,209250.0,209250.0,213500.0,41850000,200,1,213500.0,209250.0
2024-06-16,209250.0,209250.0,209250.0,213500.0,41850000,200,1,213500.0,209250.0
2024-06-22,209250.0,209250.0,209250.0,213450.0,64239750,307,2,213500.0,209250.0
2024-06-24,209200.0,213450.0,209200.0,212600.0,1961271250,9375,9,213450.0,209200.0
2024-06-26,208350.0,208450.0,208350.0,212350.0,532582900,2556,13,212600.0,208350.0
2024-06-29,208150.0,212350.0,208150.0,212250.0,353468300,1682,7,212350.0,212350.0
2024-06-30,210000.0,210000.0,210000.0,212250.0,42000000,200,1,212250.0,210000.0
2024-07-01,212350.0,212350.0,212350.0,212250.0,87063500,410,2,212250.0,212350.0
2024-07-06,210000.0,215800.0,210000.0,212150.0,708043800,3353,14,212250.0,210000.0
2024-07-07,207950.0,215450.0,207950.0,212150.0,423400,2,2,212150.0,215450.0
2024-07-08,207950.0,207950.0,207950.0,212100.0,83180000,400,2,212150.0,207950.0
2024-07-09,207900.0,207900.0,207900.0,212000.0,182744100,879,6,212100.0,207900.0
2024-07-30,206700.0,206700.0,206700.0,210900.0,41340000,200,1,210900.0,206700.0
2024-07-31,206700.0,206700.0,206700.0,210850.0,91361400,442,2,210900.0,206700.0
2024-08-03,206650.0,206650.0,206650.0,210850.0,50009300,242,1,210850.0,206650.0
2024-09-03,206650.0,206650.0,206650.0,210850.0,51662500,250,1,210850.0,206650.0
2024-09-07,206650.0,206650.0,206650.0,210800.0,119030400,576,4,210850.0,206650.0
2024-09-10,206600.0,206600.0,206600.0,210750.0,138835200,672,1,210800.0,206600.0
2024-09-11,206550.0,206550.0,206550.0,210750.0,50191650,243,1,210750.0,206550.0
2024-09-14,202350.0,219150.0,202350.0,209600.0,3082532900,14884,21,210750.0,219150.0
2024-09-15,213750.0,213750.0,211350.0,210850.0,3514080900,16480,31,209600.0,211350.0
2024-09-16,215050.0,215050.0,215050.0,210900.0,119137700,554,3,210850.0,215050.0
2024-09-17,206700.0,206700.0,206700.0,210800.0,182102700,881,3,210900.0,206700.0
2024-09-22,206600.0,206600.0,206600.0,210750.0,100407600,486,2,210800.0,206600.0
2024-09-23,206550.0,214000.0,206550.0,210450.0,917377600,4419,18,210750.0,206550.0
2024-09-24,206250.0,206250.0,206250.0,210150.0,727237500,3526,10,210450.0,206250.0
2024-09-25,205950.0,205950.0,205950.0,210100.0,144988800,704,2,210150.0,205950.0
2024-09-30,208000.0,208000.0,208000.0,210100.0,104000000,500,3,210100.0,208000.0
2024-10-01,208000.0,208000.0,208000.0,210000.0,435968000,2096,4,210100.0,208000.0
2024-10-02,207900.0,207900.0,207900.0,209900.0,389812500,1875,4,210000.0,207900.0
2024-10-05,211650.0,211950.0,211650.0,210050.0,697411950,3291,13,209900.0,211900.0
2024-10-06,212150.0,212150.0,207950.0,210000.0,285659800,1372,4,210050.0,207950.0
2024-10-07,207900.0,207900.0,207900.0,210000.0,62370000,300,2,210000.0,207900.0
2024-10-09,212100.0,212100.0,207900.0,210000.0,131136600,626,2,210000.0,207900.0
2024-10-12,205800.0,205800.0,205800.0,210000.0,50009400,243,1,210000.0,205800.0
2024-10-13,205800.0,205800.0,205800.0,209950.0,153115200,744,4,210000.0,205800.0
2024-10-19,201600.0,201600.0,201600.0,209850.0,100598400,499,3,209950.0,201600.0
2024-10-29,209950.0,209950.0,209950.0,209850.0,50178050,239,4,209850.0,209950.0
2024-11-04,214000.0,214000.0,214000.0,210050.0,439342000,2053,10,209850.0,214000.0
2024-11-05,214250.0,214250.0,205850.0,209750.0,3586913150,17147,24,210050.0,205850.0
2024-11-06,205850.0,205850.0,205600.0,209700.0,102862500,500,3,209750.0,205600.0
2024-11-09,205550.0,205550.0,205550.0,209650.0,101541700,494,2,209700.0,205550.0
2024-11-10,205500.0,205500.0,205500.0,209300.0,821178000,3996,15,209650.0,205500.0
2024-11-11,205150.0,205150.0,205150.0,208200.0,2579556100,12574,6,209300.0,205150.0
2024-11-12,204050.0,204050.0,204050.0,208150.0,169565550,831,3,208200.0,204050.0
2024-11-13,204000.0,204000.0,204000.0,208100.0,149328000,732,3,208150.0,204000.0
2024-11-18,203950.0,203950.0,203950.0,208050.0,151330900,742,3,208100.0,203950.0
2024-11-19,199750.0,199800.0,199750.0,206450.0,1869919150,9361,26,208050.0,199750.0
2024-11-20,203950.0,203950.0,203950.0,206450.0,17947600,88,2,206450.0,203950.0
2024-11-23,202350.0,202350.0,202350.0,206350.0,201540600,996,4,206450.0,202350.0
2024-11-24,202250.0,204450.0,202250.0,205950.0,1018882650,5027,24,206350.0,202250.0
2024-11-25,201850.0,205750.0,201850.0,205650.0,1424279700,6989,25,205950.0,204500.0
2024-11-26,204500.0,204500.0,201550.0,205300.0,936491500,4641,19,205650.0,202000.0
2024-12-01,201200.0,201200.0,201200.0,205150.0,358337200,1781,7,205300.0,201200.0
2024-12-02,201050.0,207800.0,201050.0,204550.0,1491460450,7411,17,205150.0,207800.0
2024-12-03,208400.0,208600.0,208400.0,204950.0,970152800,4651,17,204550.0,208500.0
2024-12-04,200900.0,201200.0,200900.0,204600.0,845092150,4206,14,204950.0,201200.0
2024-12-07,200600.0,204600.0,200550.0,204400.0,442854600,2207,14,204600.0,204600.0
2024-12-08,200350.0,207650.0,200350.0,204300.0,285416000,1422,11,204400.0,207650.0
2024-12-09,200300.0,208100.0,200300.0,204200.0,367918100,1823,8,204300.0,208050.0
2024-12-10,208000.0,208250.0,207950.0,204300.0,224911200,1081,7,204200.0,208000.0
2024-12-11,200350.0,207000.0,200350.0,204300.0,214735600,1055,8,204300.0,207000.0
2024-12-14,208300.0,208350.0,206000.0,204850.0,1499522250,7204,30,204300.0,208350.0
2024-12-15,208900.0,208900.0,208900.0,205050.0,529979300,2537,9,204850.0,208900.0
2024-12-16,201100.0,201100.0,201050.0,205050.0,4825400,24,3,205050.0,201050.0
2024-12-17,200950.0,201100.0,200950.0,202650.0,6009658100,29884,5,205050.0,201100.0
2024-12-18,201000.0,201000.0,198600.0,201950.0,1742225150,8770,27,202650.0,198600.0
2024-12-21,198000.0,198200.0,197950.0,201550.0,1004320950,5072,9,201950.0,198100.0
2024-12-22,197600.0,197600.0,197550.0,199400.0,5334786800,26999,17,201550.0,197550.0
2024-12-23,195450.0,195450.0,195450.0,199150.0,563873250,2885,9,199400.0,195450.0
2024-12-24,195300.0,195300.0,195200.0,198450.0,1661386700,8511,13,199150.0,195200.0
2024-12-25,194500.0,194500.0,194500.0,198400.0,143930000,740,1,198450.0,194500.0
2024-12-28,194450.0,194450.0,194450.0,198400.0,50168100,258,1,198400.0,194450.0
2024-12-29,194450.0,194450.0,194450.0,198150.0,652574200,3356,8,198400.0,194450.0
2024-12-30,194200.0,194200.0,194200.0,198150.0,56706400,292,2,198150.0,194200.0
2025-01-04,194200.0,194200.0,194200.0,198000.0,340238400,1752,6,198150.0,194200.0
2025-01-05,194050.0,194050.0,194050.0,197950.0,150970900,778,3,198000.0,194050.0
2025-01-06,194000.0,194000.0,194000.0,197900.0,155200000,800,4,197950.0,194000.0
2025-01-07,193950.0,197000.0,193950.0,196400.0,3811129750,19639,39,197900.0,197000.0
2025-01-08,200300.0,200300.0,195000.0,196950.0,2348176900,11812,22,196400.0,200000.0
2025-01-11,193200.0,196500.0,193150.0,196300.0,1822685100,9418,26,196950.0,196500.0
2025-01-12,200100.0,200100.0,192900.0,196150.0,694752200,3572,13,196300.0,192900.0
2025-01-13,192250.0,196500.0,192250.0,195600.0,4824517200,24740,32,196150.0,192250.0
2025-01-15,191700.0,191700.0,191700.0,195300.0,787695300,4109,16,195600.0,191700.0
2025-01-18,191500.0,191500.0,191400.0,194950.0,877812400,4586,18,195300.0,191400.0
2025-01-19,191100.0,191100.0,191100.0,194550.0,964672800,5048,15,194950.0,191100.0
2025-01-20,190800.0,190800.0,190700.0,194000.0,1353116500,7095,22,194550.0,190700.0
2025-01-21,190150.0,190150.0,190150.0,193450.0,1432970400,7536,11,194000.0,190150.0
2025-01-22,189600.0,189600.0,189600.0,193050.0,1036922400,5469,6,193450.0,189600.0
2025-01-29,191150.0,191150.0,191150.0,193050.0,50081300,262,2,193050.0,191150.0
2025-02-01,191150.0,191150.0,191150.0,193050.0,50081300,262,1,193050.0,191150.0
2025-02-03,189200.0,191150.0,189200.0,192300.0,1080054950,5695,16,193050.0,191150.0
2025-02-04,190400.0,190400.0,190400.0,192200.0,283315200,1488,3,192300.0,190400.0
2025-02-09,190300.0,190300.0,190300.0,192200.0,50048900,263,1,192200.0,190300.0
2025-02-19,190300.0,190300.0,190300.0,192200.0,50619800,266,1,192200.0,190300.0
2025-02-22,188400.0,188400.0,188400.0,192100.0,151096800,802,3,192200.0,188400.0
2025-02-24,190200.0,190200.0,190200.0,191550.0,1464349800,7699,14,192100.0,190200.0
2025-02-25,189650.0,193450.0,189650.0,191000.0,1757404750,9251,15,191550.0,193450.0
2025-02-26,189100.0,189100.0,189100.0,190850.0,324495600,1716,6,191000.0,189100.0
2025-03-01,188950.0,188950.0,188950.0,190550.0,769215450,4071,15,190850.0,188950.0
2025-03-02,188650.0,188650.0,188650.0,190400.0,444836700,2358,6,190550.0,188650.0
2025-03-03,188500.0,188500.0,188500.0,190400.0,50141000,266,1,190400.0,188500.0
2025-03-04,188500.0,188500.0,188500.0,190200.0,476151000,2526,10,190400.0,188500.0
2025-03-05,188300.0,188300.0,188300.0,190200.0,52724000,280,1,190200.0,188300.0
2025-03-09,186400.0,186400.0,186400.0,190050.0,186400000,1000,1,190200.0,186400.0
2025-03-15,188150.0,188150.0,188150.0,189600.0,1149972800,6112,12,190050.0,188150.0
2025-03-17,185850.0,185850.0,185850.0,187800.0,2330373150,12539,30,189600.0,185850.0
2025-03-18,185950.0,185950.0,185950.0,187300.0,1300162400,6992,1,187800.0,185950.0
2025-03-25,185450.0,185450.0,185450.0,187300.0,57860400,312,2,187300.0,185450.0
2025-03-29,185450.0,185450.0,185450.0,187300.0,62867550,339,1,187300.0,185450.0
2025-04-06,183600.0,183600.0,183600.0,186950.0,431460000,2350,2,187300.0,183600.0
2025-04-08,185100.0,185100.0,185100.0,186900.0,107172900,579,2,186950.0,185100.0
2025-04-13,185400.0,186500.0,185050.0,186600.0,979117850,5279,21,186900.0,186500.0
2025-04-14,184750.0,184750.0,184750.0,186000.0,1546172750,8369,12,186600.0,184750.0
2025-04-16,184150.0,184150.0,184150.0,185800.0,520960350,2829,5,186000.0,184150.0
2025-04-19,183950.0,184000.0,183950.0,185750.0,196483600,1068,4,185800.0,184000.0
2025-04-20,187600.0,187600.0,183900.0,185600.0,607340200,3291,9,185750.0,183900.0
2025-04-21,183750.0,183750.0,183750.0,185500.0,252656250,1375,5,185600.0,183750.0
2025-04-26,183650.0,187350.0,183650.0,185450.0,248998550,1349,6,185500.0,185450.0
2025-04-28,187300.0,187300.0,183600.0,185450.0,125692100,677,4,185450.0,183600.0
2025-04-29,183600.0,187250.0,183600.0,185150.0,827488850,4507,8,185450.0,187250.0
2025-04-30,183300.0,183300.0,183300.0,185050.0,308860500,1685,6,185150.0,183300.0
2025-05-06,186900.0,186900.0,186900.0,185100.0,104290200,558,3,185050.0,186900.0
2025-05-07,188800.0,188800.0,181400.0,184600.0,783297350,4306,20,185100.0,181400.0
2025-05-10,182800.0,182800.0,182800.0,184600.0,5484000,30,1,184600.0,182800.0
2025-05-12,182800.0,182800.0,182800.0,184600.0,22850000,125,1,184600.0,182800.0
2025-05-14,182800.0,182800.0,182800.0,184600.0,54840000,300,1,184600.0,182800.0
2025-05-17,182750.0,182800.0,182750.0,184600.0,51170550,280,3,184600.0,182800.0
2025-05-18,186400.0,186400.0,182800.0,184400.0,1059697600,5767,20,184600.0,186400.0
2025-05-19,186200.0,186200.0,182600.0,184400.0,115279600,626,5,184400.0,182600.0
2025-05-20,186150.0,186150.0,182600.0,184250.0,567382150,3101,4,184400.0,182600.0
2025-05-26,182450.0,182600.0,182450.0,184150.0,298507350,1635,3,184250.0,182600.0
2025-05-27,182350.0,182350.0,182350.0,184100.0,85704500,470,3,184150.0,182350.0
2025-05-28,182300.0,182350.0,182300.0,184000.0,273647300,1501,3,184100.0,182350.0
2025-05-31,185800.0,185800.0,182200.0,184000.0,106756000,580,2,184000.0,182200.0
2025-06-02,182200.0,182200.0,182200.0,183950.0,92193200,506,4,184000.0,182200.0
2025-06-03,185700.0,185700.0,182150.0,183950.0,54830700,301,2,183950.0,182150.0
2025-06-30,182150.0,182150.0,182150.0,183950.0,910750,5,1,183950.0,182150.0
2025-07-09,182150.0,182150.0,182150.0,183800.0,401458600,2204,7,183950.0,182150.0
2025-07-30,183800.0,183800.0,183800.0,183800.0,183800,1,1,183800.0,183800.0
2025-08-02,182000.0,182000.0,182000.0,183700.0,245154000,1347,3,183800.0,182000.0
2025-08-17,179900.0,179900.0,179900.0,181650.0,89950000,500,2,181700.0,179900.0
2025-09-08,179850.0,179850.0,179850.0,181600.0,99636900,554,1,181650.0,179850.0
2025-09-14,179800.0,179800.0,179800.0,181600.0,35960000,200,1,181600.0,179800.0
2025-09-15,179800.0,179800.0,179800.0,181500.0,262148400,1458,2,181600.0,179800.0
2025-09-17,179700.0,179700.0,179700.0,181500.0,57504000,320,2,181500.0,179700.0
