date,open,high,low,adjClose,value,volume,count,yesterday,close
2018-07-07,700.0,700.0,700.0,700.0,9501104200,13573006,772,838.0,700.0
2018-07-11,700.0,700.0,660.0,675.0,5008680880,7424612,317,700.0,660.0
2018-07-14,649.0,694.0,649.0,657.0,14261046773,21705332,1194,675.0,694.0
2018-07-16,690.0,690.0,664.0,688.0,14690923362,21368397,1170,657.0,664.0
2018-07-18,670.0,670.0,615.0,640.0,4285152325,6706136,314,688.0,615.0
2018-07-21,630.0,651.0,630.0,638.0,7250297397,11366805,583,640.0,651.0
2018-07-23,630.0,630.0,588.0,600.0,3803114784,6342747,377,638.0,588.0
2018-07-25,555.0,555.0,555.0,555.0,13633997910,24565762,1308,600.0,555.0
2018-07-28,560.0,560.0,498.0,515.0,9077224436,17639581,683,555.0,498.0
2018-07-30,520.0,520.0,490.0,504.0,7136139810,14152845,560,515.0,490.0
2018-08-01,540.0,540.0,500.0,518.0,10044914460,19379947,757,504.0,500.0
2018-08-04,501.0,501.0,500.0,501.0,13738430219,27425783,1490,518.0,500.0
2018-08-06,500.0,500.0,460.0,493.0,12152902820,24671885,1182,501.0,460.0
2018-08-08,520.0,520.0,501.0,518.0,11941551938,23033593,1144,493.0,501.0
2018-08-11,521.0,522.0,521.0,521.0,10912018299,20932888,880,518.0,522.0
2018-08-13,550.0,550.0,519.0,544.0,13941336925,25643204,1273,521.0,519.0
2018-08-15,522.0,522.0,522.0,522.0,8084737044,15488002,814,544.0,522.0
2018-08-18,522.0,522.0,522.0,522.0,4378864338,8388629,442,522.0,522.0
2018-08-20,540.0,540.0,530.0,538.0,5678829840,10562205,492,522.0,530.0
2018-08-25,670.0,704.0,670.0,678.0,21160184872,31218458,1450,538.0,704.0
2018-08-27,810.0,810.0,750.0,796.0,20166997740,25343504,1143,678.0,750.0
2018-08-29,717.0,717.0,717.0,717.0,3319284102,4629406,134,796.0,717.0
2018-09-01,717.0,719.0,672.0,690.0,16528497621,23949166,1507,717.0,682.0
2018-09-02,695.0,759.0,695.0,737.0,27114313635,36799677,2328,690.0,759.0
2018-09-03,770.0,809.0,750.0,779.0,22778322742,29226773,2033,737.0,776.0
2018-09-10,856.0,941.0,856.0,899.0,22469675995,24990845,1628,779.0,880.0
2018-09-11,895.0,988.0,840.0,940.0,48505864433,51617925,3430,899.0,988.0
2018-09-12,1025.0,1034.0,1010.0,1030.0,9495147950,9214547,588,940.0,1034.0
2018-09-15,1133.0,1133.0,1110.0,1133.0,38485994638,33973727,1812,1030.0,1133.0
2018-09-16,1200.0,1246.0,1030.0,1207.0,117511385352,97357389,5677,1133.0,1246.0
2018-09-17,1290.0,1290.0,1260.0,1287.0,2132091670,1657011,64,1207.0,1260.0
2018-10-02,1274.0,1401.0,1147.0,1330.0,113069642790,84990183,3464,1287.0,1390.0
2018-10-03,1463.0,1463.0,1463.0,1463.0,39867620485,27250595,1215,1330.0,1463.0
2018-10-06,1609.0,1609.0,1401.0,1598.0,258243487496,161632174,8138,1463.0,1609.0
2018-10-07,1649.0,1757.0,1439.0,1595.0,251552005295,157669215,9301,1598.0,1534.0
2018-10-08,1589.0,1679.0,1472.0,1582.0,90880045045,57457463,3779,1595.0,1607.0
2018-10-09,1660.0,1740.0,1623.0,1717.0,126880534237,73879890,4391,1582.0,1645.0
2018-10-10,1650.0,1739.0,1578.0,1632.0,90472085095,55420062,3662,1717.0,1578.0
2018-10-13,1630.0,1631.0,1469.0,1515.0,24242932328,15999858,1040,1632.0,1469.0
2018-10-14,1364.0,1445.0,1364.0,1368.0,87361196183,63856694,3414,1515.0,1364.0
2018-10-15,1400.0,1504.0,1400.0,1496.0,80066232385,53506924,2926,1368.0,1504.0
2018-10-16,1600.0,1645.0,1550.0,1622.0,98533034044,60732581,3893,1496.0,1630.0
2018-10-17,1570.0,1698.0,1480.0,1624.0,82722967137,50950202,3565,1622.0,1635.0
2018-10-20,1696.0,1779.0,1658.0,1711.0,86647709134,50654024,3792,1624.0,1681.0
2018-10-21,1610.0,1695.0,1540.0,1577.0,102782145936,65157939,4751,1711.0,1540.0
2018-10-22,1529.0,1550.0,1420.0,1449.0,75821125235,52335302,3400,1577.0,1420.0
2018-10-23,1360.0,1381.0,1305.0,1317.0,28763242241,21844990,1225,1449.0,1305.0
2018-10-24,1186.0,1186.0,1186.0,1186.0,19489469212,16432942,828,1317.0,1186.0
2018-10-27,1280.0,1304.0,1190.0,1253.0,54540263501,43518833,2926,1186.0,1240.0
2018-10-28,1263.0,1378.0,1263.0,1342.0,39217344295,29212240,2312,1253.0,1378.0
2018-10-29,1430.0,1476.0,1391.0,1455.0,68514433493,47086341,3199,1342.0,1476.0
2018-10-31,1500.0,1596.0,1450.0,1547.0,116896900173,75563688,4845,1455.0,1560.0
2018-11-03,1540.0,1574.0,1401.0,1498.0,53077225611,35434638,2616,1547.0,1401.0
2018-11-04,1438.0,1526.0,1349.0,1400.0,61401388183,43850437,3091,1498.0,1376.0
2018-11-05,1401.0,1540.0,1401.0,1517.0,65143968731,42945283,3013,1400.0,1540.0
2018-11-06,1588.0,1630.0,1499.0,1562.0,68808483906,44055353,3267,1517.0,1510.0
2018-11-10,1549.0,1662.0,1484.0,1567.0,89289934709,56975717,4357,1562.0,1540.0
2018-11-11,1560.0,1570.0,1459.0,1504.0,45955860210,30550695,2149,1567.0,1520.0
2018-11-12,1540.0,1610.0,1521.0,1582.0,56883846461,35959005,2736,1504.0,1588.0
2018-11-13,1600.0,1630.0,1485.0,1545.0,65364942688,42303242,3396,1582.0,1485.0
2018-11-14,1480.0,1547.0,1430.0,1488.0,32202237703,21641665,1719,1545.0,1470.0
2018-11-17,1480.0,1550.0,1450.0,1494.0,29525055492,19757438,1833,1488.0,1475.0
2018-11-18,1500.0,1529.0,1345.0,1377.0,53937028786,39159353,3285,1494.0,1367.0
2018-11-19,1420.0,1450.0,1322.0,1396.0,30916052530,22138556,1937,1377.0,1376.0
2018-11-20,1355.0,1410.0,1285.0,1324.0,25046183747,18920666,1627,1396.0,1330.0
2018-11-21,1347.0,1449.0,1327.0,1401.0,37519358491,26775215,2159,1324.0,1421.0
2018-11-24,1515.0,1530.0,1451.0,1497.0,42387654236,28314855,2495,1401.0,1516.0
2018-11-26,1520.0,1520.0,1395.0,1431.0,19013088374,13282814,1299,1497.0,1400.0
2018-11-27,1432.0,1477.0,1400.0,1426.0,17531619919,12295555,1423,1431.0,1411.0
2018-11-28,1427.0,1427.0,1325.0,1368.0,15650392628,11436524,1223,1426.0,1370.0
2018-12-01,1371.0,1385.0,1255.0,1289.0,19478540361,15109764,1446,1368.0,1279.0
2018-12-02,1318.0,1402.0,1300.0,1366.0,17068725468,12497465,1113,1289.0,1390.0
2018-12-03,1438.0,1438.0,1311.0,1374.0,24809135271,18062342,1679,1366.0,1344.0
2018-12-04,1365.0,1371.0,1280.0,1323.0,30885933924,23341946,1889,1374.0,1331.0
2018-12-05,1370.0,1455.0,1360.0,1435.0,41846630538,29152311,2283,1323.0,1455.0
2018-12-08,1578.0,1578.0,1550.0,1577.0,43473563628,27563574,1682,1435.0,1578.0
2018-12-09,1720.0,1727.0,1517.0,1611.0,148766326413,92354940,6998,1577.0,1517.0
2018-12-10,1510.0,1625.0,1510.0,1560.0,65716336244,42130521,3093,1611.0,1520.0
2018-12-12,1598.0,1615.0,1527.0,1567.0,43455854675,27733877,2395,1560.0,1530.0
2018-12-15,1522.0,1549.0,1450.0,1488.0,28906305158,19430414,1795,1567.0,1450.0
2018-12-16,1452.0,1500.0,1389.0,1449.0,25851020131,17845458,1646,1488.0,1451.0
2018-12-17,1510.0,1591.0,1470.0,1529.0,58085023907,37988626,3191,1449.0,1486.0
2018-12-18,1500.0,1500.0,1405.0,1424.0,25389418737,17831657,1879,1529.0,1406.0
2018-12-24,1450.0,1466.0,1400.0,1435.0,11855360494,8258943,698,1424.0,1448.0
2018-12-25,1453.0,1480.0,1410.0,1438.0,19256536583,13394629,1157,1435.0,1430.0
2018-12-26,1430.0,1575.0,1416.0,1531.0,72246755592,47184998,3821,1438.0,1540.0
2018-12-29,1550.0,1619.0,1500.0,1544.0,42372873136,27438479,2190,1531.0,1502.0
2018-12-30,1530.0,1630.0,1498.0,1570.0,69663768649,44379762,3264,1544.0,1575.0
2018-12-31,1600.0,1680.0,1590.0,1631.0,71196061332,43662676,3439,1570.0,1600.0
2019-01-01,1610.0,1631.0,1520.0,1585.0,52724147312,33268050,2457,1631.0,1520.0
2019-01-02,1600.0,1671.0,1562.0,1621.0,63817148668,39372881,3165,1585.0,1600.0
2019-01-05,1600.0,1664.0,1576.0,1611.0,50204813608,31172231,2425,1621.0,1580.0
2019-01-06,1603.0,1617.0,1540.0,1565.0,30410289762,19432567,1905,1611.0,1544.0
2019-01-07,1562.0,1630.0,1552.0,1592.0,35213744828,22123007,1919,1565.0,1564.0
2019-01-08,1570.0,1599.0,1501.0,1537.0,35488467314,23084270,2069,1592.0,1530.0
2019-01-09,1568.0,1599.0,1510.0,1544.0,31319928067,20288357,1719,1537.0,1523.0
2019-01-12,1550.0,1591.0,1502.0,1551.0,45973309388,29649929,2257,1544.0,1591.0
2019-01-13,1665.0,1690.0,1604.0,1657.0,93687371072,56540762,5132,1551.0,1604.0
2019-01-14,1597.0,1597.0,1501.0,1535.0,61166421603,39849555,3620,1657.0,1501.0
2019-01-15,1510.0,1562.0,1455.0,1501.0,53401198050,35579929,3005,1535.0,1488.0
2019-01-16,1500.0,1520.0,1431.0,1456.0,42420660209,29128558,2506,1501.0,1457.0
2019-01-19,1498.0,1519.0,1435.0,1480.0,30348559528,20503698,2002,1456.0,1480.0
2019-01-20,1500.0,1507.0,1431.0,1463.0,26261801031,17946910,1484,1480.0,1431.0
2019-01-21,1365.0,1393.0,1317.0,1326.0,65911122344,49704220,3930,1463.0,1317.0
2019-01-22,1338.0,1425.0,1290.0,1372.0,45578406856,33225557,2651,1326.0,1416.0
2019-01-23,1420.0,1451.0,1366.0,1403.0,32959624762,23496804,2181,1372.0,1376.0
2019-01-26,1400.0,1410.0,1320.0,1340.0,27324916800,20388111,1774,1403.0,1322.0
2019-01-27,1321.0,1412.0,1321.0,1372.0,30971151240,22572043,1938,1340.0,1350.0
2019-01-28,1350.0,1440.0,1341.0,1398.0,39861140127,28510148,2157,1372.0,1372.0
2019-01-29,1374.0,1401.0,1340.0,1356.0,21855640801,16118704,1399,1398.0,1340.0
2019-01-30,1369.0,1397.0,1335.0,1362.0,27362197785,20086267,1478,1356.0,1335.0
2019-02-02,1370.0,1376.0,1299.0,1326.0,14779855172,11148777,1095,1362.0,1301.0
2019-02-03,1314.0,1346.0,1260.0,1286.0,18241928765,14184681,1262,1326.0,1271.0
2019-02-04,1299.0,1339.0,1261.0,1290.0,21688374300,16807368,1427,1286.0,1261.0
2019-02-05,1291.0,1291.0,1251.0,1267.0,18337413641,14476117,1299,1290.0,1255.0
2019-02-06,1268.0,1351.0,1234.0,1295.0,41245768906,31851805,2683,1267.0,1330.0
2019-02-10,1330.0,1358.0,1296.0,1322.0,14339532211,10846046,914,1295.0,1300.0
2019-02-12,1328.0,1328.0,1260.0,1281.0,13594261394,10613514,861,1322.0,1260.0
2019-02-13,1270.0,1280.0,1201.0,1243.0,22021694822,17721840,1871,1281.0,1255.0
2019-02-16,1262.0,1293.0,1242.0,1263.0,12625661425,9995330,1074,1243.0,1250.0
2019-02-17,1265.0,1265.0,1200.0,1217.0,15862808459,13030364,1301,1263.0,1217.0
2019-02-18,1239.0,1264.0,1205.0,1231.0,16633255627,13510547,1079,1217.0,1207.0
2019-02-19,1230.0,1258.0,1211.0,1225.0,13126553782,10716740,988,1231.0,1212.0
2019-02-20,1223.0,1233.0,1148.0,1181.0,29571454833,25042955,2412,1225.0,1162.0
2019-02-23,1166.0,1239.0,1147.0,1189.0,50098145656,42151495,3031,1181.0,1239.0
2019-02-24,1230.0,1260.0,1170.0,1215.0,23319341216,19185669,1763,1189.0,1170.0
2019-02-25,1180.0,1241.0,1166.0,1194.0,24743814674,20718857,1822,1215.0,1172.0
2019-02-26,1172.0,1179.0,1150.0,1160.0,14413190283,12427460,983,1194.0,1161.0
2019-02-27,1179.0,1185.0,1155.0,1171.0,19418292780,16586913,1229,1160.0,1183.0
2019-03-02,1184.0,1198.0,1151.0,1172.0,12438867530,10613477,912,1171.0,1155.0
2019-03-03,1169.0,1215.0,1161.0,1186.0,18449488863,15559799,1358,1172.0,1180.0
2019-03-04,1180.0,1216.0,1169.0,1189.0,14400005947,12106691,1081,1186.0,1169.0
2019-03-05,1195.0,1195.0,1150.0,1156.0,14442565700,12492470,935,1189.0,1150.0
2019-03-06,1169.0,1169.0,1118.0,1133.0,25673227406,22654535,1802,1156.0,1125.0
2019-03-09,1135.0,1148.0,1080.0,1113.0,41331841113,37131442,2719,1133.0,1120.0
2019-03-10,1140.0,1146.0,1110.0,1126.0,16912272954,15016619,1133,1113.0,1114.0
2019-03-11,1130.0,1131.0,1090.0,1107.0,28366964442,25619683,1892,1126.0,1098.0
2019-03-12,1100.0,1120.0,1070.0,1087.0,17406415715,16008429,1274,1107.0,1072.0
2019-03-13,1077.0,1110.0,1071.0,1083.0,20062265448,18523112,1480,1087.0,1074.0
2019-03-16,1076.0,1100.0,1070.0,1084.0,18558270386,17127504,1228,1083.0,1080.0
2019-03-17,1090.0,1149.0,1082.0,1121.0,23990451218,21407815,1725,1084.0,1120.0
2019-03-18,1140.0,1160.0,1124.0,1140.0,12463458770,10928649,936,1121.0,1136.0
2019-03-19,1150.0,1163.0,1127.0,1141.0,6911552210,6056838,699,1140.0,1142.0
2019-03-25,1125.0,1222.0,1125.0,1187.0,17366638795,14628234,1192,1141.0,1222.0
2019-03-26,1235.0,1305.0,1230.0,1285.0,33412061459,26007476,2251,1187.0,1305.0
2019-03-27,1300.0,1357.0,1236.0,1270.0,41142463391,32385187,2465,1285.0,1242.0
2019-03-30,1246.0,1330.0,1220.0,1285.0,41466333391,32265842,2419,1270.0,1310.0
2019-03-31,1290.0,1345.0,1250.0,1291.0,25832092726,20005100,1604,1285.0,1266.0
2019-04-06,1259.0,1343.0,1243.0,1304.0,28713513719,22016963,1707,1291.0,1296.0
2019-04-07,1328.0,1390.0,1301.0,1347.0,53881214119,39996704,2884,1304.0,1320.0
2019-04-08,1312.0,1333.0,1255.0,1287.0,32453549315,25225447,1820,1347.0,1268.0
2019-04-09,1255.0,1264.0,1210.0,1229.0,32297372612,26277983,1853,1287.0,1236.0
2019-04-10,1250.0,1291.0,1240.0,1261.0,32218045079,25549737,1713,1229.0,1240.0
2019-04-13,1270.0,1290.0,1226.0,1248.0,19099784870,15301100,1161,1261.0,1227.0
2019-04-14,1240.0,1273.0,1220.0,1240.0,23236682024,18739174,1377,1248.0,1230.0
2019-04-15,1250.0,1295.0,1231.0,1257.0,40291684396,32060658,2264,1240.0,1232.0
2019-04-16,1260.0,1275.0,1218.0,1241.0,22930278450,18476683,1556,1257.0,1218.0
2019-04-17,1221.0,1236.0,1170.0,1202.0,36855331677,30667636,2086,1241.0,1236.0
2019-04-20,1298.0,1322.0,1281.0,1318.0,36618445872,27788428,1641,1202.0,1322.0
2019-04-22,1370.0,1399.0,1259.0,1319.0,59235245338,44919544,3176,1318.0,1264.0
2019-04-23,1265.0,1316.0,1253.0,1279.0,27036028133,21144358,1608,1319.0,1269.0
2019-04-24,1270.0,1330.0,1250.0,1285.0,31214718932,24287574,1800,1279.0,1310.0
2019-04-27,1319.0,1345.0,1290.0,1310.0,30626225635,23372241,1868,1285.0,1290.0
2019-04-28,1300.0,1328.0,1270.0,1286.0,28975117283,22524755,1838,1310.0,1270.0
2019-04-29,1286.0,1348.0,1285.0,1312.0,37910365820,28885503,2306,1286.0,1300.0
2019-04-30,1325.0,1399.0,1305.0,1361.0,63296670721,46510681,3399,1312.0,1384.0
2019-05-01,1389.0,1469.0,1380.0,1434.0,67613995500,47156764,3431,1361.0,1465.0
2019-05-04,1500.0,1577.0,1497.0,1561.0,60515421846,38772065,2304,1434.0,1577.0
2019-05-05,1700.0,1717.0,1577.0,1672.0,172113645122,102942535,6689,1561.0,1670.0
2019-05-06,1648.0,1775.0,1505.0,1599.0,124284856167,77727537,5263,1672.0,1559.0
2019-05-07,1510.0,1587.0,1440.0,1451.0,64433691668,44410990,2919,1599.0,1440.0
2019-05-08,1434.0,1530.0,1360.0,1462.0,69297110166,47409661,3332,1451.0,1510.0
2019-05-11,1550.0,1590.0,1411.0,1516.0,69888595601,46096507,3440,1462.0,1491.0
2019-05-12,1535.0,1550.0,1380.0,1439.0,47799836148,33214455,2500,1516.0,1432.0
2019-05-13,1440.0,1535.0,1430.0,1493.0,56726804709,37983081,2646,1439.0,1511.0
2019-05-14,1543.0,1640.0,1531.0,1595.0,58643122592,36765319,2856,1493.0,1624.0
2019-05-15,1660.0,1670.0,1521.0,1597.0,59278531827,37107669,2805,1595.0,1562.0
2019-05-18,1610.0,1680.0,1571.0,1616.0,48807228295,30197786,2312,1597.0,1571.0
2019-05-19,1570.0,1602.0,1501.0,1539.0,48997946417,31828132,2515,1616.0,1501.0
2019-05-20,1484.0,1484.0,1401.0,1425.0,43381366984,30444773,2416,1539.0,1433.0
2019-05-21,1434.0,1500.0,1432.0,1472.0,28776743590,19554600,1745,1425.0,1450.0
2019-05-22,1469.0,1498.0,1380.0,1421.0,28954890773,20378015,1827,1472.0,1400.0
2019-05-25,1420.0,1437.0,1360.0,1408.0,18890215746,13413357,1078,1421.0,1400.0
2019-05-26,1425.0,1542.0,1425.0,1505.0,51169214666,33989959,2838,1408.0,1505.0
2019-05-28,1549.0,1621.0,1540.0,1579.0,50779312489,32157375,2530,1505.0,1595.0
2019-05-29,1620.0,1670.0,1587.0,1632.0,60453633733,37033718,2939,1579.0,1604.0
2019-06-01,1600.0,1600.0,1502.0,1544.0,69647624611,45107906,3338,1632.0,1507.0
2019-06-02,1490.0,1560.0,1450.0,1501.0,74024378127,49324819,3673,1544.0,1470.0
2019-06-03,1519.0,1529.0,1415.0,1465.0,59046593828,40299914,3241,1501.0,1435.0
2019-06-08,1458.0,1458.0,1389.0,1402.0,37035210483,26416066,2272,1465.0,1403.0
2019-06-09,1500.0,1542.0,1500.0,1538.0,59331496574,38573183,2286,1402.0,1542.0
2019-06-10,1658.0,1691.0,1589.0,1672.0,192951582339,115418323,7395,1538.0,1691.0
2019-06-11,1710.0,1839.0,1691.0,1825.0,196566272410,107709957,7030,1672.0,1839.0
2019-06-12,1950.0,1998.0,1861.0,1937.0,146297976715,75537083,5470,1825.0,1877.0
2019-06-15,1888.0,2130.0,1773.0,2031.0,162358480484,79926556,5713,1937.0,2130.0
2019-06-16,2230.0,2234.0,2050.0,2185.0,178161824561,81535156,5914,2031.0,2071.0
2019-06-17,2100.0,2390.0,2061.0,2270.0,101486784770,44714604,4092,2185.0,2270.0
2019-06-23,2430.0,2430.0,2430.0,2430.0,6492060900,2671630,115,2270.0,2430.0
2019-06-24,2390.0,2495.0,2213.0,2310.0,142345380407,61619735,6148,2430.0,2250.0
2019-06-25,2280.0,2350.0,2120.0,2236.0,93866156581,41986090,4330,2310.0,2180.0
2019-06-26,2200.0,2290.0,2107.0,2195.0,88027523417,40110939,3733,2236.0,2197.0
2019-06-30,2255.0,2377.0,2125.0,2253.0,99611163798,44208032,4140,2195.0,2377.0
2019-07-01,2350.0,2478.0,2331.0,2426.0,107207566071,44197601,4250,2253.0,2478.0
2019-07-02,2550.0,2640.0,2455.0,2559.0,91591996851,35796172,3375,2426.0,2500.0
2019-07-03,2540.0,2540.0,2314.0,2424.0,118001824650,48671502,4908,2559.0,2408.0
2019-07-06,2449.0,2449.0,2202.0,2271.0,68984723607,30381939,3522,2424.0,2245.0
2019-07-07,2260.0,2430.0,2230.0,2319.0,84456777782,36420138,3174,2271.0,2303.0
2019-07-08,2380.0,2430.0,2300.0,2358.0,64654554161,27417050,2563,2319.0,2335.0
2019-07-09,2368.0,2368.0,2202.0,2244.0,77721635450,34638427,3323,2358.0,2222.0
2019-07-10,2248.0,2344.0,2176.0,2253.0,106860640390,47436354,4233,2244.0,2319.0
2019-07-13,2338.0,2339.0,2200.0,2241.0,98895842346,44139313,4359,2253.0,2219.0
2019-07-29,2144.0,2189.0,2010.0,2136.0,33472626164,15673878,1546,2241.0,2168.0
2019-07-30,2185.0,2276.0,2106.0,2182.0,44815798319,20540390,2532,2136.0,2200.0
2019-07-31,2220.0,2249.0,2114.0,2151.0,45857144667,21315745,2401,2182.0,2129.0
2019-08-03,2149.0,2239.0,2122.0,2212.0,42124190632,19046518,2007,2151.0,2219.0
2019-08-04,2280.0,2433.0,2202.0,2386.0,153840241076,64478224,5537,2212.0,2433.0
2019-08-05,2500.0,2624.0,2455.0,2593.0,171109115833,65988844,6415,2386.0,2624.0
2019-08-06,2651.0,2716.0,2452.0,2614.0,152046377772,58168114,5940,2593.0,2650.0
2019-08-07,2699.0,2829.0,2653.0,2763.0,107718855184,38990401,4074,2614.0,2790.0
2019-08-10,2850.0,2850.0,2667.0,2767.0,113623976251,41067761,4638,2763.0,2730.0
2019-08-11,2790.0,2821.0,2650.0,2713.0,84450683210,31127400,4030,2767.0,2660.0
2019-08-13,2738.0,2850.0,2599.0,2751.0,93389481757,33951028,3945,2713.0,2751.0
2019-08-14,2790.0,3026.0,2790.0,2954.0,164572240160,55715473,5115,2751.0,3026.0
2019-08-17,3098.0,3150.0,2922.0,3055.0,123311515135,40365950,4761,2954.0,3000.0
2019-08-18,2956.0,3086.0,2867.0,2960.0,77653930360,26231835,3634,3055.0,2940.0
2019-08-19,3001.0,3129.0,2967.0,3017.0,58901066021,19523896,2327,2960.0,3020.0
2019-08-21,3075.0,3100.0,2974.0,3010.0,86509507718,28739710,3652,3017.0,2975.0
2019-08-24,3028.0,3129.0,2952.0,3054.0,115515074412,37823481,3990,3010.0,3048.0
2019-08-25,3058.0,3083.0,2750.0,2932.0,81939337794,27946941,3486,3054.0,2954.0
2019-08-26,2999.0,3078.0,2982.0,3031.0,78997686890,26062409,3241,2932.0,2993.0
2019-08-27,3000.0,3020.0,2730.0,2877.0,131883660523,45836512,6392,3031.0,2730.0
2019-08-28,2590.0,2590.0,2590.0,2590.0,40201653660,15521874,1822,2877.0,2590.0
2019-08-31,2331.0,2331.0,2331.0,2331.0,16763747805,7191655,714,2590.0,2331.0
2019-09-01,2262.0,2331.0,2262.0,2267.0,173644181001,76603481,5752,2331.0,2262.0
2019-09-02,2199.0,2260.0,2199.0,2203.0,63295530507,28734088,2438,2267.0,2199.0
2019-09-03,2137.0,2265.0,2137.0,2183.0,139876799481,64069295,6578,2203.0,2250.0
2019-09-04,2247.0,2248.0,2230.0,2246.0,76944594844,34256053,3404,2183.0,2248.0
2019-09-16,2380.0,2380.0,2380.0,2380.0,9287909540,3902483,209,2246.0,2380.0
2019-09-17,2451.0,2451.0,2309.0,2358.0,111207290577,47165312,4571,2380.0,2309.0
2019-09-18,2309.0,2309.0,2309.0,2309.0,879733618,381002,91,2358.0,2309.0
2019-09-21,2309.0,2309.0,2309.0,2309.0,9084624269,3934441,253,2309.0,2309.0
2019-09-22,2309.0,2309.0,2309.0,2309.0,1832858801,793789,127,2309.0,2309.0
2019-09-23,2366.0,2451.0,2270.0,2339.0,54994503642,23514626,2496,2309.0,2270.0
2019-09-24,2285.0,2330.0,2202.0,2241.0,66794449620,29806782,3567,2339.0,2215.0
2019-09-25,2185.0,2290.0,2174.0,2203.0,71393113233,32402128,3891,2241.0,2269.0
2019-09-28,2269.0,2269.0,2166.0,2212.0,63939498824,28910660,3477,2203.0,2184.0
2019-09-29,2161.0,2259.0,2146.0,2161.0,97813373738,45259348,4140,2212.0,2200.0
2019-09-30,2220.0,2225.0,2175.0,2220.0,31256478582,14077166,1451,2161.0,2225.0
2019-10-01,2220.0,2258.0,2154.0,2197.0,51174931781,23294588,2492,2220.0,2154.0
2019-10-02,2142.0,2218.0,2140.0,2174.0,30783447927,14156810,1635,2197.0,2180.0
2019-10-05,2200.0,2236.0,2123.0,2190.0,48168157746,21995665,2081,2174.0,2150.0
2019-10-06,2180.0,2255.0,2180.0,2247.0,160069369254,71251755,5181,2190.0,2255.0
2019-10-07,2313.0,2314.0,2231.0,2298.0,79887750349,34758502,3428,2247.0,2298.0
2019-10-08,2338.0,2338.0,2230.0,2263.0,13902031936,6142458,839,2298.0,2230.0
2019-10-09,2197.0,2230.0,2196.0,2197.0,22660916696,10315029,1050,2263.0,2200.0
2019-10-12,2201.0,2260.0,2139.0,2172.0,26010768388,11973171,1680,2197.0,2160.0
2019-10-13,2170.0,2170.0,2107.0,2128.0,19249172027,9044992,1165,2172.0,2107.0
2019-10-14,2065.0,2090.0,2065.0,2065.0,11087574835,5368894,575,2128.0,2065.0
2019-10-15,2004.0,2004.0,2004.0,2004.0,3647857152,1820288,209,2065.0,2004.0
2019-10-16,1944.0,1944.0,1944.0,1944.0,2780454600,1430275,195,2004.0,1944.0
2019-10-20,1847.0,1847.0,1847.0,1847.0,4805770251,2601933,212,1944.0,1847.0
2019-10-21,1792.0,1792.0,1792.0,1792.0,11410418432,6367421,522,1847.0,1792.0
2019-10-22,1739.0,1845.0,1739.0,1788.0,64903376169,36289563,2899,1792.0,1774.0
2019-10-23,1828.0,1828.0,1735.0,1767.0,41616413743,23547573,2118,1788.0,1825.0
2019-10-26,1820.0,1820.0,1820.0,1820.0,2143996400,1178020,152,1767.0,1820.0
2019-10-28,1874.0,1874.0,1874.0,1874.0,693269434,369941,58,1820.0,1874.0
2019-10-30,1930.0,1930.0,1930.0,1930.0,1241690590,643363,60,1874.0,1930.0
2019-11-02,2026.0,2026.0,1950.0,2016.0,75468813128,37431683,3519,1930.0,1990.0
2019-11-03,2017.0,2074.0,1962.0,2018.0,50483018832,25014630,2673,2016.0,2010.0
2019-11-04,1965.0,2017.0,1958.0,1962.0,30888278599,15744505,1441,2018.0,1958.0
2019-11-05,1904.0,1962.0,1904.0,1910.0,31589910427,16542905,1658,1962.0,1904.0
2019-11-09,1958.0,1967.0,1853.0,1909.0,35298297182,18490785,1883,1910.0,1883.0
2019-11-10,1857.0,1896.0,1852.0,1853.0,17646063111,9522717,1008,1909.0,1852.0
2019-11-11,1814.0,1899.0,1814.0,1840.0,30087088438,16352188,1645,1853.0,1879.0
2019-11-12,1889.0,1895.0,1855.0,1886.0,24807006828,13151275,1232,1840.0,1895.0
2019-11-13,1934.0,1942.0,1895.0,1934.0,33957759160,17558218,1716,1886.0,1926.0
2019-11-16,1903.0,1949.0,1876.0,1879.0,21931513951,11671416,1255,1934.0,1876.0
2019-11-17,1823.0,1823.0,1823.0,1823.0,3940487420,2161540,198,1879.0,1823.0
2019-11-18,1769.0,1860.0,1769.0,1794.0,35506014474,19796162,1578,1823.0,1808.0
2019-11-19,1795.0,1845.0,1785.0,1824.0,15399538117,8443558,935,1794.0,1830.0
2019-11-20,1831.0,1874.0,1830.0,1846.0,15829536171,8576824,1018,1824.0,1860.0
2019-11-23,1875.0,1901.0,1866.0,1897.0,28159002600,14846605,1284,1846.0,1901.0
2019-11-24,1950.0,1952.0,1911.0,1941.0,21860434406,11264882,1328,1897.0,1952.0
2019-11-25,1975.0,1992.0,1928.0,1958.0,29105403200,14866766,1652,1941.0,1931.0
2019-11-26,1959.0,1959.0,1900.0,1906.0,32011386532,16792284,1606,1958.0,1900.0
2019-11-27,1860.0,1909.0,1849.0,1855.0,55812765504,30080560,2900,1906.0,1855.0
2019-11-30,1875.0,1910.0,1864.0,1893.0,41408512877,21869370,2239,1855.0,1910.0
2019-12-01,1910.0,1949.0,1901.0,1944.0,41111800439,21145002,2186,1893.0,1949.0
2019-12-02,1949.0,1998.0,1889.0,1959.0,37181876632,18978033,2047,1944.0,1940.0
2019-12-03,1940.0,2017.0,1901.0,1989.0,34846667001,17517418,1380,1959.0,2017.0
2019-12-04,2048.0,2048.0,2018.0,2048.0,49777983841,24309620,2029,1989.0,2048.0
2019-12-07,2109.0,2109.0,2051.0,2102.0,45272061806,21537750,2229,2048.0,2104.0
2019-12-08,2129.0,2163.0,2080.0,2124.0,35609030625,16766452,2148,2102.0,2115.0
2019-12-09,2134.0,2187.0,2108.0,2155.0,50070561088,23233697,2600,2124.0,2187.0
2019-12-10,2200.0,2219.0,2091.0,2167.0,44966791622,20750928,2520,2155.0,2091.0
2019-12-11,2103.0,2159.0,2102.0,2114.0,43433503285,20549321,2250,2167.0,2102.0
2019-12-14,2072.0,2177.0,2070.0,2143.0,85591296972,39932809,4140,2114.0,2177.0
2019-12-15,2207.0,2207.0,2150.0,2203.0,68691802891,31182758,2956,2143.0,2207.0
2019-12-16,2269.0,2269.0,2222.0,2256.0,37138019240,16460693,1568,2203.0,2269.0
2019-12-17,2358.0,2368.0,2287.0,2346.0,77019718714,32831716,3954,2256.0,2358.0
2019-12-18,2370.0,2400.0,2285.0,2339.0,69539132997,29726454,3928,2346.0,2352.0
2019-12-21,2396.0,2409.0,2350.0,2397.0,75597621609,31541757,3772,2339.0,2409.0
2019-12-22,2435.0,2435.0,2335.0,2367.0,63925772846,27010940,3300,2397.0,2346.0
2019-12-23,2383.0,2418.0,2296.0,2337.0,86537405396,37035646,4289,2367.0,2313.0
2019-12-24,2300.0,2350.0,2271.0,2309.0,62703682398,27154436,2859,2337.0,2290.0
2019-12-25,2340.0,2378.0,2270.0,2337.0,83627226364,35782849,3329,2309.0,2378.0
2019-12-28,2407.0,2407.0,2322.0,2402.0,69024361792,28738365,2962,2337.0,2389.0
2019-12-29,2420.0,2474.0,2350.0,2449.0,77771779027,31758019,3306,2402.0,2474.0
2019-12-30,2522.0,2522.0,2480.0,2517.0,45582595318,18106977,1844,2449.0,2496.0
2019-12-31,2530.0,2530.0,2442.0,2455.0,88783713504,36169457,4044,2517.0,2443.0
2020-01-01,2463.0,2500.0,2392.0,2440.0,63896332560,26189975,2948,2455.0,2420.0
2020-01-04,2367.0,2367.0,2367.0,2367.0,688657347,290941,77,2440.0,2367.0
2020-01-05,2296.0,2296.0,2296.0,2296.0,6322451576,2753681,289,2367.0,2296.0
2020-01-07,2228.0,2228.0,2228.0,2228.0,8508110388,3818721,221,2296.0,2228.0
2020-01-08,2184.0,2184.0,2184.0,2184.0,2451489768,1122477,111,2228.0,2184.0
2020-01-11,2227.0,2227.0,2227.0,2227.0,23252360878,10441114,710,2184.0,2227.0
2020-01-12,2293.0,2293.0,2235.0,2287.0,57203923548,25010452,2082,2227.0,2293.0
2020-01-13,2355.0,2355.0,2311.0,2355.0,32707367792,13889767,888,2287.0,2355.0
2020-01-14,2439.0,2442.0,2346.0,2397.0,61358989759,25599364,2693,2355.0,2395.0
2020-01-15,2379.0,2452.0,2326.0,2410.0,70525949593,29262525,3457,2397.0,2419.0
2020-01-18,2455.0,2482.0,2422.0,2466.0,76683174138,31101921,2996,2410.0,2428.0
2020-01-19,2427.0,2507.0,2393.0,2432.0,76848128950,31600948,3525,2466.0,2430.0
2020-01-20,2475.0,2504.0,2390.0,2487.0,46970378371,18886109,1713,2432.0,2504.0
2020-01-22,2800.0,2800.0,2800.0,2800.0,7649070800,2731811,150,2487.0,2800.0
2020-01-25,2884.0,2884.0,2835.0,2876.0,115668331852,40215662,4887,2800.0,2884.0
2020-01-26,2960.0,2960.0,2790.0,2823.0,145697593165,51616174,5790,2876.0,2790.0
2020-01-27,2741.0,2879.0,2739.0,2803.0,103718496548,36998595,4392,2823.0,2831.0
2020-01-28,2850.0,2887.0,2812.0,2875.0,74950454267,26069815,3753,2803.0,2877.0
2020-02-01,2920.0,2920.0,2789.0,2833.0,90556920231,31961163,4098,2875.0,2818.0
2020-02-02,2815.0,2900.0,2770.0,2845.0,87920293596,30906981,3611,2833.0,2856.0
2020-02-03,2890.0,2930.0,2850.0,2906.0,117683458242,40502807,4273,2845.0,2930.0
2020-02-04,2990.0,2993.0,2828.0,2964.0,171865728694,57991145,5258,2906.0,2993.0
2020-02-05,3051.0,3052.0,3002.0,3051.0,70079755168,22968009,2277,2964.0,3052.0
2020-02-08,3139.0,3142.0,3010.0,3124.0,142860525320,45727753,4706,3051.0,3142.0
2020-02-09,3169.0,3278.0,3142.0,3208.0,95374220293,29727544,3728,3124.0,3230.0
2020-02-10,3304.0,3304.0,3112.0,3176.0,114049128691,35911067,4492,3208.0,3180.0
2020-02-12,3211.0,3249.0,3081.0,3166.0,83353360717,26331161,3773,3176.0,3160.0
2020-02-15,3237.0,3237.0,3072.0,3096.0,70427693913,22744457,2922,3166.0,3111.0
2020-02-16,3100.0,3188.0,3100.0,3176.0,92340591925,29073089,3676,3096.0,3179.0
2020-02-17,3259.0,3259.0,3096.0,3172.0,97507271520,30742881,4259,3176.0,3110.0
2020-02-18,3120.0,3198.0,3099.0,3149.0,76449973656,24277850,3259,3172.0,3127.0
2020-02-19,3149.0,3242.0,3070.0,3178.0,82435422798,25939083,4297,3149.0,3180.0
2020-02-22,3083.0,3249.0,3083.0,3146.0,92411403957,29370057,3736,3178.0,3163.0
2020-02-23,3215.0,3240.0,3180.0,3235.0,83763614796,25890623,3331,3146.0,3240.0
2020-02-24,3300.0,3332.0,3140.0,3239.0,88340957356,27275825,4112,3235.0,3269.0
2020-02-25,3295.0,3320.0,3200.0,3250.0,137765780474,42384883,6928,3239.0,3256.0
2020-02-26,3300.0,3300.0,3159.0,3222.0,142499220173,44228780,6358,3250.0,3198.0
2020-02-29,3128.0,3174.0,3126.0,3128.0,77224200244,24687907,2978,3222.0,3126.0
2020-03-01,3085.0,3221.0,3085.0,3196.0,149996839443,46926504,5645,3128.0,3219.0
2020-03-02,3288.0,3291.0,3220.0,3289.0,67661916865,20572092,2794,3196.0,3291.0
2020-03-03,3387.0,3387.0,3370.0,3387.0,34087995184,10064694,1226,3289.0,3387.0
2020-03-04,3488.0,3488.0,3448.0,3488.0,88845515888,25473568,2404,3387.0,3488.0
2020-03-07,3557.0,3577.0,3314.0,3388.0,73510432847,21697303,4053,3488.0,3350.0
2020-03-09,3289.0,3330.0,3287.0,3327.0,11707245501,3558242,692,3388.0,3287.0
2020-03-10,3228.0,3346.0,3228.0,3243.0,50501053239,15571461,2373,3327.0,3228.0
2020-03-11,3154.0,3295.0,3146.0,3219.0,73781269939,22917250,4268,3243.0,3200.0
2020-03-14,3247.0,3247.0,3123.0,3157.0,19910660277,6306240,939,3219.0,3123.0
2020-03-15,3111.0,3111.0,3063.0,3101.0,11445097203,3735781,697,3157.0,3063.0
2020-03-16,3120.0,3190.0,3011.0,3078.0,60253312579,19575663,3621,3101.0,3085.0
2020-03-17,3030.0,3110.0,2986.0,3003.0,34428634646,11464939,1822,3078.0,2986.0
2020-03-18,2913.0,3088.0,2913.0,3003.0,65174700036,21706383,3722,3003.0,3070.0
2020-03-24,3078.0,3089.0,2924.0,3034.0,47278689454,15582575,2646,3003.0,3070.0
2020-03-25,3125.0,3125.0,3119.0,3125.0,47791100055,15293276,1379,3034.0,3125.0
2020-03-28,3218.0,3218.0,3218.0,3218.0,20545449720,6384540,745,3125.0,3218.0
2020-03-29,3314.0,3314.0,3151.0,3268.0,91999671466,28147584,3448,3218.0,3187.0
2020-03-30,3265.0,3265.0,3170.0,3188.0,103856291637,32582237,4467,3268.0,3221.0
2020-04-04,3240.0,3283.0,3190.0,3268.0,113874212057,34849603,4650,3188.0,3280.0
2020-04-05,3360.0,3360.0,3190.0,3274.0,117484496444,35878946,4958,3268.0,3320.0
2020-04-06,3366.0,3372.0,3366.0,3371.0,56309464358,16703845,1442,3274.0,3372.0
2020-04-07,3472.0,3472.0,3472.0,3472.0,21904073744,6308777,591,3371.0,3472.0
2020-04-08,3576.0,3576.0,3576.0,3576.0,22425771864,6271189,637,3472.0,3576.0
2020-04-11,3754.0,3754.0,3600.0,3744.0,129479658755,34583651,2442,3576.0,3754.0
2020-04-12,3856.0,3856.0,3856.0,3856.0,22005154736,5706731,619,3744.0,3856.0
2020-04-13,3971.0,3971.0,3800.0,3908.0,159664664597,40851573,4566,3856.0,3927.0
2020-04-14,3801.0,3970.0,3791.0,3825.0,85301063311,22300101,3229,3908.0,3791.0
2020-04-15,3800.0,3939.0,3800.0,3908.0,99386062317,25433573,3360,3825.0,3900.0
2020-04-18,4025.0,4025.0,4025.0,4025.0,37987515300,9437892,1029,3908.0,4025.0
2020-04-19,4145.0,4145.0,3905.0,4022.0,166584825635,41417798,4663,4025.0,3905.0
2020-04-20,3902.0,4093.0,3902.0,3963.0,145221660789,36647146,3889,4022.0,3950.0
2020-04-21,3940.0,4077.0,3900.0,4013.0,148046857256,36889271,3686,3963.0,4040.0
2020-04-22,4081.0,4133.0,4020.0,4094.0,215782981285,52706663,4123,4013.0,4133.0
2020-04-25,4216.0,4216.0,4216.0,4216.0,37702229264,8942654,1248,4094.0,4216.0
2020-04-26,4342.0,4342.0,4095.0,4274.0,214125737762,50099834,4674,4216.0,4300.0
2020-04-27,4370.0,4370.0,4260.0,4308.0,11518778544,2656152,402,4274.0,4270.0
2020-05-02,4437.0,4437.0,4437.0,4329.0,3336832539,752047,40,4308.0,4437.0
2020-05-03,4458.0,4458.0,4458.0,4458.0,31351437792,7032624,602,4329.0,4458.0
2020-05-04,4591.0,4591.0,4591.0,4591.0,58476921345,12737295,697,4458.0,4591.0
2020-05-05,4728.0,4728.0,4728.0,4728.0,39290015688,8310071,639,4591.0,4728.0
2020-05-06,4964.0,4964.0,4964.0,4964.0,32155580784,6477756,397,4728.0,4964.0
2020-05-09,5112.0,5112.0,5112.0,5033.0,9637270200,1885225,277,4964.0,5112.0
2020-05-10,5183.0,5183.0,5183.0,5179.0,20330234572,3922484,346,5033.0,5183.0
2020-05-11,5334.0,5334.0,5334.0,5322.0,19880079366,3727049,302,5179.0,5334.0
2020-05-12,5588.0,5588.0,5056.0,5510.0,731800256480,132812625,9953,5322.0,5588.0
2020-05-13,5675.0,5675.0,5675.0,5675.0,55094398200,9708264,747,5510.0,5675.0
2020-05-16,5845.0,5845.0,5505.0,5769.0,555663977128,96317998,9679,5675.0,5845.0
2020-05-17,5850.0,5940.0,5596.0,5784.0,272717888667,47154318,5869,5769.0,5845.0
2020-05-18,5957.0,5957.0,5811.0,5951.0,155493790072,26128717,3053,5784.0,5957.0
2020-05-19,6129.0,6129.0,6129.0,6129.0,44280443718,7224742,1052,5951.0,6129.0
2020-05-20,6312.0,6312.0,6129.0,6305.0,208300837743,33035097,3912,6129.0,6312.0
2020-05-23,6580.0,6580.0,5990.0,6098.0,92526610569,15173906,2076,6305.0,5990.0
2020-05-26,5916.0,5916.0,5916.0,5916.0,31222512324,5277639,402,6098.0,5916.0
2020-05-27,5739.0,5739.0,5739.0,5739.0,47607805632,8295488,570,5916.0,5739.0
2020-05-30,5567.0,5844.0,5567.0,5594.0,476526043087,85183810,7228,5739.0,5582.0
2020-05-31,5530.0,5640.0,5427.0,5468.0,95238253717,17416352,2035,5594.0,5427.0
2020-06-01,5304.0,5395.0,5304.0,5310.0,101565600690,19126567,2215,5468.0,5304.0
2020-06-02,5160.0,5467.0,5160.0,5348.0,156322937037,29230651,4177,5310.0,5348.0
2020-06-06,5495.0,5495.0,5200.0,5317.0,190670891229,35861920,5294,5348.0,5401.0
2020-06-07,5400.0,5476.0,5322.0,5452.0,148554878888,27245815,3107,5317.0,5467.0
2020-06-08,5490.0,5500.0,5289.0,5325.0,164728714930,30932748,3602,5452.0,5289.0
2020-06-09,5360.0,5360.0,5166.0,5195.0,133910561073,25776482,3486,5325.0,5288.0
2020-06-10,5320.0,5350.0,5310.0,5346.0,121760854602,22773962,2566,5195.0,5350.0
2020-06-13,5506.0,5506.0,5400.0,5505.0,73002498523,13260113,1551,5346.0,5506.0
2020-06-14,5670.0,5670.0,5408.0,5615.0,184120079500,32791638,3698,5505.0,5670.0
2020-06-15,5800.0,5895.0,5700.0,5878.0,85603806560,14562293,1656,5615.0,5895.0
2020-06-16,6054.0,6054.0,6054.0,6054.0,87481631880,14450220,1557,5878.0,6054.0
2020-06-20,6220.0,6235.0,6100.0,6221.0,129368924049,20795939,2596,6054.0,6235.0
2020-06-21,6300.0,6407.0,6120.0,6265.0,206038844236,32887442,4904,6221.0,6175.0
2020-06-22,6100.0,6390.0,6078.0,6187.0,273318625190,44175120,6672,6265.0,6322.0
2020-06-23,6371.0,6372.0,6100.0,6330.0,151186057827,23883800,3257,6187.0,6180.0
2020-06-24,6141.0,6330.0,6141.0,6218.0,169444062128,27251734,3457,6330.0,6260.0
2020-06-27,6404.0,6404.0,6351.0,6404.0,81859105804,12783400,1321,6218.0,6404.0
2020-06-28,6596.0,6596.0,6220.0,6530.0,221055558296,33853128,3347,6404.0,6596.0
2020-06-29,6500.0,6725.0,6335.0,6530.0,236126506024,36162361,4667,6530.0,6725.0
2020-06-30,6725.0,6725.0,6700.0,6725.0,149303113397,22201480,1903,6530.0,6725.0
2020-07-01,6926.0,6926.0,6926.0,6926.0,56057146276,8093726,1430,6725.0,6926.0
2020-07-04,7133.0,7133.0,6800.0,7098.0,216162979473,30455889,3944,6926.0,7133.0
2020-07-05,7452.0,7452.0,7320.0,7449.0,106785344360,14334659,2109,7098.0,7452.0
2020-07-06,7672.0,7672.0,7672.0,7672.0,37389699144,4873527,594,7449.0,7672.0
2020-07-07,7902.0,7902.0,7902.0,7902.0,49893575688,6314044,583,7672.0,7902.0
2020-07-08,8139.0,8139.0,7900.0,8084.0,386210747065,47771761,5619,7902.0,8139.0
2020-07-14,8326.0,8326.0,8326.0,8326.0,51553035038,6191813,336,8084.0,8326.0
2020-07-15,8575.0,8575.0,8575.0,8575.0,57427924050,6697134,758,8326.0,8575.0
2020-07-18,8318.0,8832.0,8318.0,8634.0,456743598401,52901113,7237,8575.0,8832.0
2020-07-19,8893.0,8893.0,8893.0,8893.0,83199706520,9355640,1424,8634.0,8893.0
2020-07-20,9337.0,9337.0,9337.0,9337.0,56914141013,6095549,913,8893.0,9337.0
2020-07-21,9617.0,9617.0,9617.0,9617.0,108021519567,11232351,1444,9337.0,9617.0
2020-07-29,10000.0,10300.0,9700.0,10130.0,162437472097,16034722,1793,9617.0,10300.0
2020-08-01,10433.0,10433.0,10433.0,10433.0,90422414546,8666962,1140,10130.0,10433.0
2020-08-02,10745.0,10745.0,10745.0,10745.0,29284885035,2725443,543,10433.0,10745.0
2020-08-03,11067.0,11067.0,10423.0,10725.0,308403467409,28754541,3840,10745.0,10423.0
2020-08-04,10404.0,10990.0,10404.0,10501.0,742899492004,70748034,9926,10725.0,10404.0
2020-08-05,10210.0,10750.0,10186.0,10222.0,174420614431,17063728,3066,10501.0,10186.0
2020-08-09,9916.0,9916.0,9711.0,9782.0,277592853976,28376798,4825,10222.0,9711.0
2020-08-10,9489.0,9489.0,9489.0,9489.0,53531738028,5641452,768,9782.0,9489.0
2020-08-11,9205.0,9205.0,9205.0,9205.0,20974807560,2278632,243,9489.0,9205.0
2020-08-12,8929.0,9250.0,8929.0,8987.0,181209248839,20163921,2727,9205.0,8929.0
2020-08-15,8538.0,8538.0,8538.0,8538.0,33173818416,3885432,654,8987.0,8538.0
2020-08-16,8282.0,8282.0,8282.0,8433.0,7526499396,908778,172,8538.0,8282.0
2020-08-17,8181.0,8181.0,8181.0,8181.0,34746449553,4247213,565,8433.0,8181.0
2020-08-18,8190.0,8426.0,7936.0,8177.0,181976378279,22254128,3984,8181.0,7936.0
2020-08-19,7769.0,7769.0,7769.0,8045.0,5579959946,718234,213,8177.0,7769.0
2020-08-22,7804.0,8090.0,7804.0,7808.0,66989268750,8579956,773,8045.0,7804.0
2020-08-23,7574.0,7574.0,7574.0,7789.0,1524987030,201345,68,7808.0,7574.0
2020-08-24,7556.0,7556.0,7556.0,7744.0,3641719984,481964,58,7789.0,7556.0
2020-08-25,7357.0,7740.0,7357.0,7460.0,299442313423,40139098,4828,7744.0,7480.0
2020-08-26,7600.0,7683.0,7590.0,7667.0,113818763793,14845877,1813,7460.0,7683.0
2020-08-31,7897.0,7897.0,7437.0,7607.0,81143935763,10667034,1059,7667.0,7437.0
2020-09-01,7379.0,7379.0,7379.0,7586.0,1741089808,235952,46,7607.0,7379.0
2020-09-02,7359.0,7359.0,7359.0,7578.0,637826607,86673,36,7586.0,7359.0
2020-09-05,7200.0,7200.0,7200.0,7390.0,9456026400,1313337,110,7578.0,7200.0
2020-09-06,7169.0,7169.0,7169.0,7367.0,1962341694,273726,64,7390.0,7169.0
2020-09-07,7146.0,7146.0,7146.0,7361.0,493481322,69057,30,7367.0,7146.0
2020-09-08,7141.0,7141.0,7141.0,7357.0,361841611,50671,20,7361.0,7141.0
2020-09-09,6990.0,6990.0,6990.0,7291.0,3337186770,477423,89,7357.0,6990.0
2020-09-12,7073.0,7073.0,7073.0,7265.0,2312191992,326904,116,7291.0,7073.0
2020-09-13,7048.0,7048.0,7048.0,7252.0,1115994416,158342,27,7265.0,7048.0
2020-09-14,7035.0,7035.0,7035.0,7242.0,921120690,130934,49,7252.0,7035.0
2020-09-15,6880.0,7090.0,6880.0,6910.0,622449396225,90078552,7978,7242.0,6880.0
2020-09-16,6940.0,6990.0,6703.0,6810.0,71526657677,10503637,1446,6910.0,6703.0
2020-09-19,6606.0,6606.0,6606.0,6802.0,798658794,120899,49,6810.0,6606.0
2020-09-20,6598.0,6598.0,6598.0,6798.0,368379536,55832,24,6802.0,6598.0
2020-09-21,6459.0,6459.0,6459.0,6782.0,906636912,140368,35,6798.0,6459.0
2020-09-22,6579.0,6579.0,6579.0,6771.0,1018600254,154826,28,6782.0,6579.0
2020-09-23,6568.0,6568.0,6568.0,6760.0,1029724472,156779,58,6771.0,6568.0
2020-09-26,6558.0,6558.0,6558.0,6660.0,9583139820,1461290,45,6760.0,6558.0
2020-09-27,6327.0,6327.0,6327.0,6589.0,4012564419,634197,22,6660.0,6327.0
2020-09-28,6392.0,6392.0,6392.0,6587.0,163641592,25601,5,6589.0,6392.0
2020-09-29,6390.0,6390.0,6390.0,6582.0,517839210,81039,11,6587.0,6390.0
2020-09-30,6385.0,6385.0,6385.0,6575.0,651340235,102011,28,6582.0,6385.0
2020-10-03,6247.0,6247.0,6247.0,6464.0,6448484491,1032253,178,6575.0,6247.0
2020-10-04,6271.0,6271.0,6271.0,6457.0,654278514,104334,42,6464.0,6271.0
2020-10-05,6264.0,6264.0,6264.0,6444.0,1250576280,199645,29,6457.0,6264.0
2020-10-07,6261.0,6550.0,6251.0,6305.0,108464544948,17203913,2111,6444.0,6251.0
2020-10-10,5990.0,6620.0,5990.0,6332.0,553519389112,87417277,7122,6305.0,6620.0
2020-10-11,6521.0,6521.0,6143.0,6437.0,343195835082,53318215,4866,6332.0,6330.0
2020-10-12,6244.0,6380.0,6244.0,6248.0,66297806096,10611304,1114,6437.0,6244.0
2020-10-13,6061.0,6061.0,6061.0,6140.0,11130135533,1836353,201,6248.0,6061.0
2020-10-14,5956.0,5956.0,5956.0,6126.0,1389076188,233223,49,6140.0,5956.0
2020-10-18,5820.0,5820.0,5820.0,6107.0,1156416540,198697,33,6126.0,5820.0
2020-10-19,5924.0,5924.0,5924.0,6105.0,249844700,42175,15,6107.0,5924.0
2020-10-20,5922.0,5922.0,5922.0,6102.0,279897408,47264,14,6105.0,5922.0
2020-10-21,5919.0,5919.0,5919.0,5919.0,23168108367,3914193,158,6102.0,5919.0
2020-10-24,5624.0,5624.0,5624.0,5911.0,512638848,91152,31,5919.0,5624.0
2020-10-26,5734.0,5734.0,5734.0,5910.0,124313120,21680,6,5911.0,5734.0
2020-10-27,5733.0,5733.0,5733.0,5908.0,222669720,38840,9,5910.0,5733.0
2020-10-28,5731.0,5731.0,5731.0,5907.0,110413446,19266,9,5908.0,5731.0
2020-10-31,5612.0,5612.0,5612.0,5870.0,2383837300,424775,75,5907.0,5612.0
2020-11-01,5694.0,5694.0,5694.0,5860.0,1105148460,194090,12,5870.0,5694.0
2020-11-02,5685.0,5685.0,5685.0,5855.0,571467570,100522,9,5860.0,5685.0
2020-11-04,5680.0,5680.0,5680.0,5854.0,147526640,25973,11,5855.0,5680.0
2020-11-07,5562.0,5562.0,5562.0,5850.0,258427206,46463,13,5854.0,5562.0
2020-11-08,5675.0,5675.0,5675.0,5850.0,28942500,5100,4,5850.0,5675.0
2020-11-09,5675.0,5675.0,5675.0,5847.0,282615000,49800,10,5850.0,5675.0
2020-11-10,5672.0,5672.0,5672.0,5846.0,94501192,16661,5,5847.0,5672.0
2020-11-11,5554.0,5554.0,5554.0,5810.0,2339128194,421161,75,5846.0,5554.0
2020-11-14,5636.0,5636.0,5636.0,5697.0,12632823472,2241452,239,5810.0,5636.0
2020-11-15,5527.0,5527.0,5527.0,5527.0,20251591240,3664120,152,5697.0,5527.0
2020-11-16,5362.0,5362.0,5362.0,5510.0,1894866456,353388,50,5527.0,5362.0
2020-11-17,5235.0,5235.0,5235.0,5336.0,11375388015,2172949,287,5510.0,5235.0
2020-11-18,5176.0,5480.0,5176.0,5273.0,643085416153,121964998,10509,5336.0,5230.0
2020-11-21,5220.0,5350.0,5115.0,5137.0,175902630649,34244011,3105,5273.0,5115.0
2020-11-22,4983.0,5000.0,4983.0,4983.0,76867371563,15425686,920,5137.0,4983.0
2020-11-23,4834.0,4978.0,4834.0,4851.0,225871225360,46557655,2785,4983.0,4834.0
2020-11-24,4630.0,4981.0,4609.0,4702.0,448015932654,95281090,6697,4851.0,4655.0
2020-11-25,4600.0,4702.0,4561.0,4588.0,188611456754,41111618,3158,4702.0,4561.0
2020-11-28,4451.0,4500.0,4451.0,4455.0,83878709006,18829682,1384,4588.0,4451.0
2020-11-29,4400.0,4588.0,4400.0,4559.0,220516633890,48366877,2987,4455.0,4588.0
2020-11-30,4690.0,4695.0,4571.0,4659.0,203439415506,43661587,3830,4559.0,4630.0
2020-12-01,4658.0,4710.0,4520.0,4606.0,197768130587,42933595,3319,4659.0,4680.0
2020-12-02,4697.0,4744.0,4660.0,4738.0,173992251814,36719923,2281,4606.0,4744.0
2020-12-05,4880.0,4880.0,4760.0,4862.0,89609011144,18428835,1288,4738.0,4880.0
2020-12-06,5007.0,5007.0,5007.0,5007.0,79372976814,15852402,545,4862.0,5007.0
2020-12-07,5257.0,5257.0,5070.0,5207.0,261803508365,50280328,3229,5007.0,5180.0
2020-12-08,5340.0,5363.0,5070.0,5312.0,140575714684,26464581,2070,5207.0,5363.0
2020-12-09,5471.0,5471.0,5471.0,5471.0,70577782024,12900344,837,5312.0,5471.0
2020-12-12,5599.0,5599.0,5307.0,5365.0,257527062458,48003541,4723,5471.0,5307.0
2020-12-13,5350.0,5350.0,5205.0,5215.0,98679916805,18921194,1625,5365.0,5205.0
2020-12-14,5200.0,5371.0,5060.0,5299.0,340658997667,64291486,4379,5215.0,5095.0
2020-12-15,5141.0,5141.0,5141.0,5160.0,16522243479,3213819,141,5299.0,5141.0
2020-12-16,5006.0,5099.0,5006.0,5011.0,196689973104,39255118,2266,5160.0,5006.0
2020-12-19,5100.0,5161.0,5050.0,5150.0,151726387985,29463802,1954,5011.0,5140.0
2020-12-20,5120.0,5299.0,4996.0,5037.0,125519635313,24919889,1737,5150.0,5100.0
2020-12-21,4950.0,5188.0,4887.0,5078.0,164134713336,32322539,2639,5037.0,5188.0
2020-12-22,5228.0,5230.0,5100.0,5224.0,84811226659,16234443,1301,5078.0,5230.0
2020-12-23,5380.0,5380.0,5380.0,5380.0,35631239660,6622907,648,5224.0,5380.0
2020-12-26,5649.0,5649.0,5400.0,5622.0,209828008341,37321355,2499,5380.0,5500.0
2020-12-27,5550.0,5790.0,5454.0,5650.0,279291544781,49433912,4407,5622.0,5730.0
2020-12-28,5650.0,5750.0,5481.0,5542.0,151573882705,27347852,2605,5650.0,5580.0
2020-12-29,5450.0,5550.0,5376.0,5411.0,117694023017,21751615,1876,5542.0,5450.0
2020-12-30,5520.0,5573.0,5288.0,5517.0,186942613376,33883192,2777,5411.0,5402.0
2021-01-02,5360.0,5500.0,5352.0,5355.0,117911392252,22017355,1459,5517.0,5355.0
2021-01-03,5355.0,5475.0,5195.0,5251.0,152240883038,28993273,2234,5355.0,5251.0
2021-01-04,5250.0,5408.0,5195.0,5386.0,155136467225,28803076,2388,5251.0,5408.0
2021-01-05,5350.0,5530.0,5225.0,5296.0,121858407222,23011209,1969,5386.0,5250.0
2021-01-06,5250.0,5454.0,5170.0,5444.0,172297728381,31651423,1588,5296.0,5454.0
2021-01-09,5607.0,5607.0,5607.0,5607.0,37389214170,6668310,484,5444.0,5607.0
2021-01-10,5775.0,5775.0,5775.0,5775.0,25863620475,4478549,297,5607.0,5775.0
2021-01-11,6063.0,6063.0,5940.0,6054.0,403328246973,66624975,3353,5775.0,6063.0
2021-01-12,6100.0,6235.0,5900.0,6168.0,360052709647,58376006,4028,6054.0,6235.0
2021-01-13,6290.0,6290.0,5983.0,6090.0,349499233828,57384923,4425,6168.0,5985.0
2021-01-16,5920.0,6120.0,5908.0,5944.0,70412991656,11846260,691,6090.0,5908.0
2021-01-18,5766.0,5766.0,5766.0,5766.0,31841650992,5522312,142,5944.0,5766.0
2021-01-19,5594.0,5766.0,5594.0,5614.0,221306264866,39422617,2154,5766.0,5594.0
2021-01-20,5500.0,5894.0,5500.0,5849.0,169988816409,29064828,2236,5614.0,5894.0
2021-01-23,5999.0,6000.0,5674.0,5730.0,210974246593,36817733,2870,5849.0,5700.0
2021-01-24,5730.0,5900.0,5559.0,5616.0,213124092525,37949625,2094,5730.0,5559.0
2021-01-25,5449.0,5580.0,5448.0,5456.0,103646427375,18997938,1262,5616.0,5448.0
2021-01-26,5320.0,5390.0,5293.0,5300.0,31818490008,6003135,400,5456.0,5293.0
2021-01-27,5035.0,5174.0,5035.0,5040.0,111099499325,22043719,1234,5300.0,5035.0
2021-01-30,4910.0,5179.0,4889.0,4966.0,166452102598,33515428,2465,5040.0,4970.0
2021-01-31,5050.0,5050.0,4818.0,4850.0,105962660858,21849273,1211,4966.0,4818.0
2021-02-01,4715.0,4716.0,4705.0,4707.0,29975550821,6368600,453,4850.0,4705.0
2021-02-02,4570.0,4700.0,4566.0,4579.0,102549163338,22394060,1261,4707.0,4570.0
2021-02-03,4450.0,4700.0,4351.0,4424.0,109736319649,24802552,1564,4579.0,4351.0
2021-02-06,4310.0,4389.0,4292.0,4297.0,110772103471,25781389,1392,4424.0,4300.0
2021-02-07,4292.0,4425.0,4292.0,4402.0,66695146217,15151549,1080,4297.0,4425.0
2021-02-08,4533.0,4533.0,4270.0,4433.0,69327439496,15638118,1267,4402.0,4490.0
2021-02-09,4315.0,4485.0,4301.0,4336.0,120340520330,27755488,1800,4433.0,4360.0
2021-02-13,4360.0,4429.0,4250.0,4298.0,128106418218,29804682,2194,4336.0,4266.0
2021-02-14,4270.0,4317.0,4213.0,4220.0,43311594951,10264338,684,4298.0,4213.0
2021-02-15,4136.0,4141.0,4136.0,4136.0,20052991581,4848017,232,4220.0,4136.0
2021-02-16,4054.0,4054.0,4054.0,4076.0,13578791920,3349480,107,4136.0,4054.0
2021-02-17,3913.0,3913.0,3913.0,3974.0,11294440157,2886389,174,4076.0,3913.0
2021-02-20,3895.0,3895.0,3895.0,3962.0,3034824305,779159,58,3974.0,3895.0
2021-02-21,3883.0,4080.0,3883.0,3943.0,214178591240,54323317,3533,3962.0,3900.0
2021-02-22,3867.0,3942.0,3865.0,3898.0,11569627812,2991476,272,3943.0,3865.0
2021-02-23,3821.0,3880.0,3821.0,3823.0,61702714865,16137812,981,3898.0,3821.0
2021-02-24,3780.0,3897.0,3747.0,3774.0,16099936629,4275767,275,3823.0,3747.0
2021-02-27,3699.0,3699.0,3699.0,3762.0,3201976467,865633,78,3774.0,3699.0
2021-02-28,3687.0,3687.0,3687.0,3760.0,465915129,126367,30,3762.0,3687.0
2021-03-01,3610.0,3610.0,3610.0,3708.0,6651677700,1842570,146,3760.0,3610.0
2021-03-02,3634.0,3688.0,3634.0,3635.0,27333929133,7518632,450,3708.0,3634.0
2021-03-03,3563.0,3563.0,3563.0,3629.0,1561459809,438243,51,3635.0,3563.0
2021-03-06,3557.0,3557.0,3557.0,3627.0,667844535,187755,26,3629.0,3557.0
2021-03-07,3482.0,3555.0,3482.0,3482.0,34389126326,9875153,501,3627.0,3482.0
2021-03-08,3413.0,3482.0,3413.0,3416.0,122038515158,35724226,1686,3482.0,3450.0
2021-03-09,3455.0,3500.0,3348.0,3409.0,29790761885,8739833,944,3416.0,3348.0
2021-03-10,3341.0,3341.0,3341.0,3367.0,11465921103,3431883,111,3409.0,3341.0
2021-03-13,3300.0,3350.0,3300.0,3301.0,29011015107,8787648,568,3367.0,3300.0
2021-03-14,3271.0,3390.0,3250.0,3331.0,36189398823,10864212,1177,3301.0,3316.0
2021-03-15,3375.0,3375.0,3265.0,3270.0,44307545455,13549943,912,3331.0,3265.0
2021-03-16,3210.0,3368.0,3210.0,3343.0,50101176251,14988629,690,3270.0,3368.0
2021-03-17,3443.0,3443.0,3443.0,3418.0,15354616266,4459662,166,3343.0,3443.0
2021-03-27,3520.0,3520.0,3520.0,3488.0,14072185600,3997780,153,3418.0,3520.0
2021-03-28,3662.0,3662.0,3662.0,3662.0,22345351886,6101953,184,3488.0,3662.0
2021-03-30,3771.0,3771.0,3606.0,3727.0,136396666271,36592046,1912,3662.0,3651.0
2021-03-31,3661.0,3690.0,3653.0,3678.0,14369439398,3933011,203,3727.0,3653.0
2021-04-03,3605.0,3605.0,3605.0,3677.0,339143980,94076,19,3678.0,3605.0
2021-04-04,3604.0,3604.0,3604.0,3674.0,708643708,196627,13,3677.0,3604.0
2021-04-05,3528.0,3528.0,3528.0,3645.0,3751918632,1063469,63,3674.0,3528.0
2021-04-06,3573.0,3573.0,3573.0,3643.0,546097320,152840,14,3645.0,3573.0
2021-04-07,3571.0,3571.0,3571.0,3640.0,808203004,226324,9,3643.0,3571.0
2021-04-10,3568.0,3568.0,3568.0,3640.0,128062656,35892,8,3640.0,3568.0
2021-04-11,3495.0,3495.0,3495.0,3633.0,932969280,266944,26,3640.0,3495.0
2021-04-12,3561.0,3561.0,3561.0,3632.0,143675667,40347,6,3633.0,3561.0
2021-04-13,3560.0,3560.0,3560.0,3628.0,993001480,278933,34,3632.0,3560.0
2021-04-18,3556.0,3556.0,3556.0,3628.0,124104400,34900,7,3628.0,3556.0
2021-04-19,3556.0,3556.0,3556.0,3628.0,56508396,15891,7,3628.0,3556.0
2021-04-20,3556.0,3556.0,3556.0,3626.0,452316088,127198,17,3628.0,3556.0
2021-04-21,3554.0,3554.0,3554.0,3625.0,207219524,58306,7,3626.0,3554.0
2021-04-24,3480.0,3480.0,3480.0,3623.0,299561880,86081,22,3625.0,3480.0
2021-04-25,3551.0,3551.0,3551.0,3623.0,81388920,22920,3,3623.0,3551.0
2021-04-26,3551.0,3551.0,3551.0,3623.0,60367000,17000,3,3623.0,3551.0
2021-04-27,3551.0,3551.0,3551.0,3622.0,190919515,53765,11,3623.0,3551.0
2021-04-28,3478.0,3478.0,3478.0,3610.0,1574657544,452748,34,3622.0,3478.0
2021-05-01,3538.0,3538.0,3538.0,3609.0,365825662,103399,12,3610.0,3538.0
2021-05-02,3537.0,3537.0,3537.0,3609.0,49924755,14115,8,3609.0,3537.0
2021-05-03,3537.0,3537.0,3537.0,3608.0,154895841,43793,2,3609.0,3537.0
2021-05-05,3464.0,3464.0,3464.0,3606.0,243699328,70352,13,3608.0,3464.0
2021-05-08,3534.0,3534.0,3534.0,3606.0,50062644,14166,3,3606.0,3534.0
2021-05-09,3534.0,3534.0,3534.0,3605.0,182488692,51638,4,3606.0,3534.0
2021-05-10,3533.0,3533.0,3533.0,3605.0,12153520,3440,2,3605.0,3533.0
2021-05-11,3461.0,3461.0,3461.0,3594.0,1413344343,408363,41,3605.0,3461.0
2021-05-12,3523.0,3523.0,3523.0,3593.0,162794307,46209,11,3594.0,3523.0
2021-05-15,3486.0,3486.0,3486.0,3592.0,49814940,14290,8,3593.0,3486.0
2021-05-16,3485.0,3485.0,3485.0,3589.0,314441095,90227,15,3592.0,3485.0
2021-05-17,3410.0,3410.0,3410.0,3582.0,390577990,114539,15,3589.0,3410.0
2021-05-19,3475.0,3475.0,3475.0,3582.0,5212500,1500,1,3582.0,3475.0
2021-05-22,3475.0,3475.0,3475.0,3582.0,16680000,4800,2,3582.0,3475.0
2021-05-23,3403.0,3403.0,3403.0,3581.0,35571559,10453,5,3582.0,3403.0
2021-05-25,3474.0,3474.0,3474.0,3581.0,41229432,11868,5,3581.0,3474.0
2021-05-26,3474.0,3474.0,3474.0,3581.0,29702700,8550,5,3581.0,3474.0
2021-05-29,3474.0,3474.0,3474.0,3576.0,415400076,119574,28,3581.0,3474.0
2021-05-30,3398.0,3398.0,3398.0,3553.0,1218023294,358453,43,3576.0,3398.0
2021-05-31,3447.0,3447.0,3447.0,3549.0,389814336,113088,9,3553.0,3447.0
2021-06-01,3443.0,3443.0,3443.0,3546.0,284563950,82650,2,3549.0,3443.0
2021-06-02,3440.0,3440.0,3440.0,3515.0,2833782560,823774,46,3546.0,3440.0
2021-06-20,3040.0,3040.0,3040.0,3040.0,28943411360,9520859,192,3515.0,3040.0
2021-06-21,2949.0,3131.0,2949.0,3081.0,61863808668,20076459,772,3040.0,3131.0
2021-06-22,3173.0,3173.0,3173.0,3173.0,12364955717,3896929,162,3081.0,3173.0
2021-06-23,3268.0,3268.0,3268.0,3258.0,8282474756,2534417,140,3173.0,3268.0
2021-06-26,3420.0,3420.0,3330.0,3416.0,169584896652,49639631,1576,3258.0,3388.0
2021-06-27,3435.0,3518.0,3388.0,3508.0,116943676267,33332441,1614,3416.0,3518.0
2021-06-28,3598.0,3598.0,3440.0,3519.0,47664390076,13543595,1232,3508.0,3477.0
2021-06-29,3542.0,3624.0,3420.0,3580.0,59620835489,16654431,1071,3519.0,3555.0
2021-06-30,3600.0,3600.0,3473.0,3496.0,55628586444,15912621,1087,3580.0,3473.0
2021-07-03,3445.0,3600.0,3414.0,3597.0,163508845294,45457151,1536,3496.0,3600.0
2021-07-04,3680.0,3704.0,3605.0,3695.0,81511154186,22058843,741,3597.0,3704.0
2021-07-05,3805.0,3805.0,3730.0,3803.0,108956741640,28652907,1328,3695.0,3805.0
2021-07-06,3909.0,3917.0,3689.0,3867.0,122461950383,31667244,1699,3803.0,3768.0
2021-07-07,3800.0,3852.0,3751.0,3757.0,47375364433,12610295,818,3867.0,3751.0
2021-07-10,3695.0,3800.0,3645.0,3660.0,67608353170,18469960,939,3757.0,3645.0
2021-07-11,3645.0,3759.0,3630.0,3683.0,48456907484,13156716,1176,3660.0,3690.0
2021-07-12,3750.0,3793.0,3695.0,3789.0,61675923176,16276995,917,3683.0,3793.0
2021-07-13,3820.0,3902.0,3760.0,3897.0,89896354953,23067881,917,3789.0,3902.0
2021-07-14,3940.0,4013.0,3900.0,3994.0,13570862308,3397485,366,3897.0,4013.0
2021-07-17,4113.0,4113.0,4113.0,4051.0,4896797958,1190566,123,3994.0,4113.0
2021-07-18,4253.0,4253.0,4253.0,4253.0,10795219780,2538260,172,4051.0,4253.0
2021-07-19,4380.0,4380.0,4380.0,4318.0,5581017900,1274205,133,4253.0,4380.0
2021-07-26,4447.0,4447.0,4447.0,4447.0,13620645148,3062884,197,4318.0,4447.0
2021-07-27,4580.0,4580.0,4314.0,4510.0,464871337538,103073297,4496,4447.0,4324.0
2021-07-28,4375.0,4499.0,4375.0,4388.0,83534820235,19036735,976,4510.0,4375.0
2021-07-31,4258.0,4380.0,4257.0,4274.0,155809674252,36453616,1583,4388.0,4257.0
2021-08-01,4150.0,4274.0,4146.0,4160.0,118505233719,28485105,1512,4274.0,4146.0
2021-08-02,4160.0,4368.0,4160.0,4336.0,111659965466,25752591,1585,4160.0,4368.0
2021-08-03,4465.0,4466.0,4370.0,4462.0,122750220478,27511353,1239,4336.0,4466.0
2021-08-04,4500.0,4500.0,4329.0,4348.0,62225928248,14312440,1043,4462.0,4329.0
2021-08-07,4218.0,4329.0,4218.0,4235.0,68657831784,16210838,912,4348.0,4218.0
2021-08-08,4108.0,4200.0,4108.0,4111.0,135760864253,33024948,1525,4235.0,4130.0
2021-08-09,4102.0,4234.0,4102.0,4227.0,21457737592,5076266,344,4111.0,4234.0
2021-08-10,4353.0,4353.0,4236.0,4333.0,88994935529,20537477,1232,4227.0,4319.0
2021-08-11,4300.0,4320.0,4204.0,4215.0,81490681971,19334650,1321,4333.0,4241.0
2021-08-14,4170.0,4341.0,4170.0,4279.0,77820191406,18188007,1370,4215.0,4289.0
2021-08-15,4184.0,4270.0,4155.0,4193.0,64461541545,15374867,1243,4279.0,4218.0
2021-08-22,4249.0,4299.0,4171.0,4226.0,59384504487,14051073,1208,4193.0,4180.0
2021-08-23,4200.0,4310.0,4103.0,4195.0,70850115639,16888601,1435,4226.0,4280.0
2021-08-24,4301.0,4320.0,4297.0,4318.0,72363908379,16757152,896,4195.0,4320.0
2021-08-25,4380.0,4447.0,4331.0,4401.0,37611533835,8545412,622,4318.0,4447.0
2021-08-28,4533.0,4533.0,4533.0,4533.0,16133676813,3559161,260,4401.0,4533.0
2021-08-29,4759.0,4759.0,4307.0,4650.0,133397563368,28688296,1987,4533.0,4436.0
2021-08-30,4511.0,4582.0,4511.0,4513.0,14733875852,3264593,268,4650.0,4511.0
2021-08-31,4401.0,4599.0,4378.0,4401.0,94514918349,21478220,1248,4513.0,4378.0
2021-09-01,4450.0,4533.0,4329.0,4490.0,62063203352,13823506,965,4401.0,4533.0
2021-09-04,4598.0,4624.0,4461.0,4592.0,67891491907,14784322,977,4490.0,4539.0
2021-09-05,4538.0,4660.0,4455.0,4520.0,72191561722,15971763,1263,4592.0,4565.0
2021-09-06,4590.0,4600.0,4385.0,4469.0,49065036952,10978106,1034,4520.0,4385.0
2021-09-11,4335.0,4400.0,4335.0,4343.0,14300933207,3292541,203,4469.0,4335.0
2021-09-12,4213.0,4338.0,4213.0,4255.0,6894314275,1632828,188,4343.0,4213.0
2021-09-13,4131.0,4213.0,4128.0,4134.0,49208113787,11904064,729,4255.0,4128.0
2021-09-14,4015.0,4248.0,4015.0,4156.0,33852839891,8146200,873,4134.0,4180.0
2021-09-15,4081.0,4269.0,4081.0,4147.0,28210695428,6802190,804,4156.0,4110.0
2021-09-18,4177.0,4210.0,4023.0,4042.0,17826495735,4409843,309,4147.0,4023.0
2021-09-19,3999.0,4070.0,3921.0,3945.0,16730628927,4240988,268,4042.0,3921.0
2021-09-20,3831.0,3999.0,3827.0,3836.0,40770291871,10627198,772,3945.0,3827.0
2021-09-21,3711.0,3773.0,3645.0,3661.0,41339850572,11293156,623,3836.0,3645.0
2021-09-22,3555.0,3630.0,3552.0,3561.0,25378955333,7127616,564,3661.0,3600.0
2021-09-25,3600.0,3667.0,3560.0,3648.0,28191844335,7728984,669,3561.0,3653.0
2021-09-26,3719.0,3719.0,3539.0,3561.0,19719761081,5538302,397,3648.0,3539.0
2021-09-28,3640.0,3667.0,3569.0,3660.0,31844589752,8699973,548,3561.0,3667.0
2021-09-29,3667.0,3750.0,3560.0,3663.0,24393883724,6659672,680,3660.0,3680.0
2021-10-02,3621.0,3749.0,3611.0,3668.0,27199881902,7416462,694,3663.0,3631.0
2021-10-03,3650.0,3743.0,3558.0,3617.0,43306673850,11971738,805,3668.0,3715.0
2021-10-04,3725.0,3725.0,3560.0,3639.0,23964677127,6585612,584,3617.0,3670.0
2021-10-06,3699.0,3748.0,3570.0,3708.0,26619597973,7178299,590,3639.0,3705.0
2021-10-09,3778.0,3778.0,3597.0,3617.0,19454959591,5378938,403,3708.0,3597.0
2021-10-10,3519.0,3523.0,3509.0,3511.0,15802676835,4501487,299,3617.0,3509.0
2021-10-11,3455.0,3550.0,3406.0,3448.0,15107357270,4381096,454,3511.0,3406.0
2021-10-12,3320.0,3325.0,3276.0,3283.0,23245096094,7080829,357,3448.0,3276.0
2021-10-13,3250.0,3270.0,3185.0,3194.0,23728651325,7428471,497,3283.0,3186.0
2021-10-16,3188.0,3289.0,3177.0,3279.0,22038742752,6720650,387,3194.0,3289.0
2021-10-17,3350.0,3350.0,3181.0,3216.0,17289327879,5375274,491,3279.0,3214.0
2021-10-18,3182.0,3240.0,3120.0,3143.0,13351129085,4248464,397,3216.0,3152.0
2021-10-19,3100.0,3237.0,3100.0,3208.0,7320004482,2264730,179,3143.0,3237.0
2021-10-20,3304.0,3304.0,3200.0,3299.0,25707704099,7792666,592,3208.0,3304.0
2021-10-23,3397.0,3397.0,3397.0,3366.0,7044202638,2073654,155,3299.0,3397.0
2021-10-25,3534.0,3534.0,3471.0,3534.0,89682751940,25379769,813,3366.0,3534.0
2021-10-26,3617.0,3640.0,3509.0,3626.0,88750524064,24474751,1264,3534.0,3512.0
2021-10-27,3518.0,3600.0,3518.0,3531.0,51919355169,14704905,925,3626.0,3518.0
2021-10-30,3441.0,3550.0,3426.0,3439.0,22489073257,6539500,484,3531.0,3426.0
2021-10-31,3336.0,3400.0,3336.0,3391.0,4472689680,1340348,104,3439.0,3336.0
2021-11-01,3230.0,3540.0,3230.0,3414.0,44453815144,13021528,742,3391.0,3340.0
2021-11-02,3354.0,3516.0,3316.0,3472.0,35057786440,10096872,602,3414.0,3516.0
2021-11-03,3576.0,3576.0,3491.0,3576.0,14087525504,3939704,230,3472.0,3576.0
2021-11-06,3683.0,3683.0,3683.0,3683.0,10462703230,2840810,101,3576.0,3683.0
2021-11-07,3865.0,3867.0,3670.0,3833.0,102174251398,26657379,1108,3683.0,3822.0
2021-11-08,3822.0,3947.0,3750.0,3921.0,79147831189,20183957,959,3833.0,3947.0
2021-11-09,3949.0,3949.0,3804.0,3824.0,57610548099,15063616,784,3921.0,3804.0
2021-11-10,3810.0,3938.0,3810.0,3934.0,30203367954,7676617,258,3824.0,3938.0
2021-11-13,3816.0,3816.0,3816.0,3816.0,14541848712,3810757,93,3934.0,3816.0
2021-11-14,3735.0,3930.0,3735.0,3902.0,76212955764,19533984,897,3816.0,3861.0
2021-11-15,3816.0,3928.0,3785.0,3806.0,27194970127,7144990,515,3902.0,3785.0
2021-11-16,3779.0,3835.0,3692.0,3713.0,37885647439,10203293,541,3806.0,3693.0
2021-11-17,3695.0,3824.0,3650.0,3796.0,31816937834,8380660,547,3713.0,3780.0
2021-11-20,3800.0,3890.0,3700.0,3743.0,17669151305,4720762,530,3796.0,3742.0
2021-11-21,3743.0,3855.0,3678.0,3831.0,40826214542,10656122,747,3743.0,3850.0
2021-11-22,3930.0,3945.0,3794.0,3843.0,19515529229,5078496,489,3831.0,3883.0
2021-11-23,3890.0,3890.0,3728.0,3780.0,24477374728,6476029,598,3843.0,3728.0
2021-11-24,3798.0,3892.0,3667.0,3794.0,39488490774,10408578,781,3780.0,3798.0
2021-11-27,3711.0,3800.0,3681.0,3698.0,28452024287,7693266,482,3794.0,3681.0
2021-11-28,3681.0,3772.0,3588.0,3644.0,29895930849,8204651,588,3698.0,3658.0
2021-11-29,3610.0,3753.0,3610.0,3687.0,20546461317,5573370,384,3644.0,3670.0
2021-11-30,3645.0,3699.0,3600.0,3640.0,10346815067,2842778,315,3687.0,3610.0
2021-12-01,3613.0,3669.0,3531.0,3548.0,22139804935,6240103,470,3640.0,3536.0
2021-12-04,3539.0,3589.0,3442.0,3447.0,25771186139,7477453,350,3548.0,3442.0
2021-12-05,3350.0,3490.0,3344.0,3413.0,12971926396,3800425,340,3447.0,3389.0
2021-12-06,3440.0,3489.0,3321.0,3381.0,12063326475,3567702,315,3413.0,3321.0
2021-12-07,3310.0,3399.0,3290.0,3340.0,6630452088,1995264,267,3381.0,3338.0
2021-12-08,3300.0,3440.0,3300.0,3412.0,23914427005,7009254,609,3340.0,3385.0
2021-12-11,3458.0,3458.0,3310.0,3357.0,22884902275,6817894,401,3412.0,3310.0
2021-12-12,3260.0,3298.0,3257.0,3258.0,10933735436,3356079,169,3357.0,3257.0
2021-12-13,3161.0,3226.0,3161.0,3168.0,10826120964,3417735,226,3258.0,3161.0
2021-12-14,3010.0,3059.0,3010.0,3011.0,51773142034,17197506,670,3168.0,3010.0
2021-12-15,2971.0,3060.0,2921.0,2950.0,27964188630,9479723,527,3011.0,2955.0
2021-12-18,2990.0,3038.0,2950.0,3034.0,31575280485,10407922,422,2950.0,3038.0
2021-12-19,3090.0,3125.0,2943.0,3034.0,20072984008,6616782,449,3034.0,3075.0
2021-12-20,3051.0,3125.0,3034.0,3109.0,18173595234,5846276,339,3034.0,3125.0
2021-12-21,3202.0,3202.0,3202.0,3169.0,6981595972,2180386,79,3109.0,3202.0
2021-12-22,3264.0,3264.0,3264.0,3241.0,8437270272,2584948,70,3169.0,3264.0
2021-12-25,3403.0,3403.0,3330.0,3399.0,68584026832,20174951,799,3241.0,3403.0
2021-12-26,3406.0,3500.0,3320.0,3458.0,29987532717,8671177,582,3399.0,3500.0
2021-12-27,3561.0,3561.0,3561.0,3561.0,16831251672,4726552,151,3458.0,3561.0
2021-12-28,3667.0,3667.0,3667.0,3667.0,23919503636,6522908,162,3561.0,3667.0
2021-12-29,3850.0,3850.0,3700.0,3840.0,66691947044,17368765,764,3667.0,3850.0
2022-01-01,3950.0,3955.0,3800.0,3950.0,154455751757,39100826,1525,3840.0,3940.0
2022-01-02,3870.0,4067.0,3832.0,3916.0,77282999470,19735272,1349,3950.0,3832.0
2022-01-03,3799.0,3799.0,3799.0,3820.0,8117137149,2136651,69,3916.0,3799.0
2022-01-04,3706.0,3706.0,3706.0,3706.0,10975493182,2961547,72,3820.0,3706.0
2022-01-05,3561.0,3870.0,3530.0,3657.0,80459131846,21999621,1292,3706.0,3830.0
2022-01-08,3766.0,3766.0,3766.0,3766.0,11982884760,3181860,138,3657.0,3766.0
2022-01-09,3878.0,3878.0,3780.0,3874.0,103179769082,26632821,799,3766.0,3878.0
2022-01-10,3980.0,3990.0,3878.0,3982.0,45402517015,11402975,373,3874.0,3990.0
2022-01-11,4181.0,4181.0,4181.0,4181.0,72013351674,17223954,366,3982.0,4181.0
2022-01-12,4306.0,4306.0,4203.0,4305.0,226854840095,52691854,1213,4181.0,4306.0
2022-01-15,4300.0,4400.0,4176.0,4240.0,157302651922,37098406,2147,4305.0,4201.0
2022-01-16,4298.0,4367.0,4206.0,4364.0,59694811576,13678015,556,4240.0,4367.0
2022-01-17,4494.0,4494.0,4494.0,4494.0,71442317898,15897267,516,4364.0,4494.0
2022-01-18,4500.0,4628.0,4360.0,4513.0,280870554558,62233533,2783,4494.0,4490.0
2022-01-19,4378.0,4478.0,4378.0,4384.0,89870365408,20499059,859,4513.0,4378.0
2022-01-22,4383.0,4439.0,4253.0,4267.0,77672677348,18203158,1005,4384.0,4253.0
2022-01-23,4139.0,4180.0,4139.0,4139.0,54983339826,13283941,420,4267.0,4139.0
2022-01-24,4001.0,4113.0,3933.0,3957.0,89758688669,22684400,1006,4139.0,3933.0
2022-01-25,3855.0,4000.0,3839.0,3851.0,46481664637,12069967,515,3957.0,3839.0
2022-01-26,3821.0,3966.0,3736.0,3805.0,86416736950,22712833,1075,3851.0,3884.0
2022-01-29,3830.0,3919.0,3805.0,3903.0,34215550286,8767498,320,3805.0,3919.0
2022-01-30,4020.0,4020.0,4020.0,3938.0,3130032300,778615,71,3903.0,4020.0
2022-01-31,4056.0,4056.0,4056.0,4056.0,48917736816,12060586,205,3938.0,4056.0
2022-02-01,4258.0,4258.0,4258.0,4193.0,7614883718,1788371,103,4056.0,4258.0
2022-02-02,4318.0,4318.0,4318.0,4233.0,3664665010,848695,89,4193.0,4318.0
2022-02-05,4359.0,4359.0,4359.0,4274.0,3340811703,766417,80,4233.0,4359.0
2022-02-06,4402.0,4402.0,4402.0,4402.0,12279744366,2789583,152,4274.0,4402.0
2022-02-07,4622.0,4622.0,4622.0,4622.0,13189940060,2853730,168,4402.0,4622.0
2022-02-08,4760.0,4760.0,4760.0,4751.0,10492410880,2204288,129,4622.0,4760.0
2022-02-09,4893.0,4893.0,4893.0,4849.0,7978560051,1630607,172,4751.0,4893.0
2022-02-12,4994.0,4994.0,4994.0,4985.0,9655289732,1933378,184,4849.0,4994.0
2022-02-13,5200.0,5234.0,4830.0,5095.0,675408197991,132573976,5666,4985.0,5004.0
2022-02-14,4990.0,5190.0,4943.0,4967.0,217444639518,43778780,2238,5095.0,4943.0
2022-02-16,4850.0,5116.0,4850.0,5108.0,86430199932,16919925,791,4967.0,5116.0
2022-02-19,5260.0,5260.0,5260.0,5260.0,12304276160,2339216,138,5108.0,5260.0
2022-02-20,5410.0,5410.0,5220.0,5380.0,332174142300,61686980,3332,5260.0,5290.0
2022-02-21,5260.0,5540.0,5260.0,5390.0,136756967390,25349743,2024,5380.0,5320.0
2022-02-22,5260.0,5360.0,5230.0,5240.0,99238574770,18954615,972,5390.0,5230.0
2022-02-23,5140.0,5220.0,5090.0,5110.0,153499421440,30025702,1620,5240.0,5170.0
2022-02-26,5100.0,5260.0,5000.0,5240.0,106097146160,20239860,1284,5110.0,5160.0
2022-02-27,5140.0,5390.0,5140.0,5380.0,108519114270,20188280,1354,5240.0,5390.0
2022-02-28,5410.0,5440.0,5220.0,5270.0,60589014090,11493685,888,5380.0,5220.0
2022-03-02,5120.0,5170.0,5120.0,5120.0,35060771910,6847778,303,5270.0,5120.0
2022-03-05,5030.0,5270.0,5030.0,5230.0,70792800410,13543339,579,5120.0,5270.0
2022-03-06,5300.0,5380.0,5080.0,5260.0,112850024020,21443462,1366,5230.0,5380.0
2022-03-07,5400.0,5410.0,5110.0,5250.0,140973626260,26843970,1408,5260.0,5170.0
2022-03-08,5270.0,5270.0,5100.0,5100.0,136559992720,26767043,1108,5250.0,5100.0
2022-03-09,5060.0,5250.0,5060.0,5240.0,85765399690,16362450,795,5100.0,5250.0
2022-03-12,5090.0,5100.0,5090.0,5090.0,19995337410,3928322,244,5240.0,5090.0
2022-03-13,4940.0,5090.0,4940.0,4940.0,71157313050,14389846,809,5090.0,4940.0
2022-03-14,4870.0,5080.0,4830.0,4950.0,37423776560,7564327,669,4940.0,4860.0
2022-03-15,5020.0,5090.0,4820.0,4940.0,68580325860,13870668,934,4950.0,4910.0
2022-03-16,5080.0,5080.0,5020.0,5080.0,25874268110,5093447,178,4940.0,5080.0
2022-03-19,5230.0,5230.0,5230.0,5230.0,11847817110,2265357,100,5080.0,5230.0
2022-03-26,5370.0,5380.0,5170.0,5310.0,56741941310,10694687,747,5230.0,5180.0
2022-03-27,5310.0,5460.0,5170.0,5390.0,69402304460,12873604,669,5310.0,5460.0
2022-03-29,5550.0,5550.0,5310.0,5510.0,87488484650,15880606,1036,5390.0,5510.0
2022-03-30,5540.0,5670.0,5350.0,5550.0,75757875970,13654724,1029,5510.0,5670.0
2022-04-03,5680.0,5710.0,5390.0,5490.0,125662684250,22878970,1533,5550.0,5420.0
2022-04-04,5450.0,5640.0,5330.0,5420.0,74792948300,13810326,940,5490.0,5330.0
2022-04-05,5260.0,5400.0,5260.0,5270.0,169352980970,32130097,1720,5420.0,5260.0
2022-04-06,5230.0,5360.0,5120.0,5150.0,102553758420,19902245,1177,5270.0,5120.0
2022-04-09,5060.0,5300.0,5060.0,5250.0,78050468820,14855121,802,5150.0,5300.0
2022-04-10,5380.0,5400.0,5260.0,5390.0,115424052670,21412534,888,5250.0,5400.0
2022-04-11,5550.0,5550.0,5440.0,5550.0,70118718370,12634878,464,5390.0,5550.0
2022-04-12,5820.0,5820.0,5280.0,5440.0,182143879530,33505792,1722,5550.0,5340.0
2022-04-13,5440.0,5600.0,5440.0,5570.0,27425468120,4921670,293,5440.0,5600.0
2022-04-16,5730.0,5730.0,5730.0,5730.0,13610927400,2375380,131,5570.0,5730.0
2022-04-17,5900.0,5900.0,5900.0,5900.0,17752923000,3008970,151,5730.0,5900.0
2022-04-18,6190.0,6190.0,6190.0,6190.0,14690052290,2373191,164,5900.0,6190.0
2022-04-19,6370.0,6370.0,6370.0,6370.0,19921684510,3127423,183,6190.0,6370.0
2022-04-20,6560.0,6560.0,6560.0,6560.0,20523491360,3128581,179,6370.0,6560.0
2022-04-24,6750.0,6750.0,6750.0,6710.0,8371626750,1240241,165,6560.0,6750.0
2022-04-25,6910.0,6910.0,6910.0,6860.0,8049617930,1164923,135,6710.0,6910.0
2022-04-26,7060.0,7060.0,7060.0,6950.0,4815738960,682116,112,6860.0,7060.0
2022-04-27,7150.0,7150.0,7150.0,7150.0,16786648450,2347783,245,6950.0,7150.0
2022-04-30,7360.0,7360.0,7360.0,7360.0,99388527360,13503876,380,7150.0,7360.0
2022-05-01,7580.0,7580.0,7580.0,7580.0,26592800300,3508285,167,7360.0,7580.0
2022-05-02,7800.0,7800.0,7800.0,7800.0,19613614800,2514566,125,7580.0,7800.0
2022-05-07,8030.0,8030.0,8030.0,8030.0,330941586470,41213149,722,7800.0,8030.0
2022-05-08,8270.0,8270.0,8270.0,8270.0,22641300010,2737763,187,8030.0,8270.0
2022-05-09,8510.0,8510.0,8510.0,8510.0,486241937630,57137713,1288,8270.0,8510.0
2022-05-10,8350.0,8760.0,8350.0,8650.0,1163084050770,134384793,5711,8510.0,8760.0
2022-05-11,8590.0,8900.0,8590.0,8890.0,109065526510,12265557,676,8650.0,8900.0
2022-05-14,9150.0,9150.0,8630.0,8840.0,486267165530,54994792,3866,8890.0,9080.0
2022-05-15,9090.0,9100.0,8880.0,9080.0,176033143430,19384169,1168,8840.0,9100.0
2022-05-16,9290.0,9350.0,9130.0,9330.0,129136653470,13843157,1279,9080.0,9350.0
2022-05-17,9500.0,9600.0,9060.0,9200.0,195166886720,21216667,1655,9330.0,9060.0
2022-05-18,8950.0,9200.0,8930.0,8960.0,158858094400,17727861,1044,9200.0,8930.0
2022-05-21,8700.0,8800.0,8700.0,8700.0,32077095800,3686713,275,8960.0,8700.0
2022-05-22,8440.0,8960.0,8440.0,8670.0,305432181120,35220753,1937,8700.0,8960.0
2022-05-23,8930.0,8930.0,8470.0,8890.0,347105605790,39035642,2215,8670.0,8920.0
2022-05-24,9000.0,9150.0,8630.0,8910.0,171309452660,19229437,1524,8890.0,8790.0
2022-05-25,8710.0,9170.0,8710.0,9120.0,164384517240,18017501,1624,8910.0,9130.0
2022-05-28,9370.0,9370.0,8950.0,9110.0,106341542780,11668713,986,9120.0,9050.0
2022-05-29,9000.0,9180.0,8840.0,8890.0,181761396130,20436891,1209,9110.0,8990.0
2022-05-30,9040.0,9150.0,8770.0,9010.0,93614169960,10388148,946,8890.0,9040.0
2022-05-31,8920.0,9230.0,8920.0,9080.0,63169863620,6960368,780,9010.0,9030.0
2022-06-01,9110.0,9350.0,9030.0,9290.0,89868426100,9676595,611,9080.0,9350.0
2022-06-06,9560.0,9560.0,9320.0,9550.0,286029636100,29942919,1885,9290.0,9560.0
2022-06-07,9800.0,9830.0,9300.0,9790.0,81068043810,8280696,659,9550.0,9830.0
2022-06-08,10080.0,10080.0,10080.0,10080.0,25726740480,2552256,160,9790.0,10080.0
2022-06-11,10380.0,10380.0,10380.0,10380.0,15111328560,1455812,193,10080.0,10380.0
2022-06-12,10690.0,10690.0,10070.0,10540.0,617242518420,58565707,3714,10380.0,10690.0
2022-06-13,10350.0,10510.0,10230.0,10280.0,232366477630,22596234,2545,10540.0,10270.0
2022-06-29,11000.0,11330.0,10800.0,11290.0,732208165540,64854573,2698,10280.0,11330.0
2022-07-02,11290.0,11620.0,10960.0,11490.0,136345065700,11867131,1039,11290.0,11620.0
2022-07-03,11830.0,11830.0,11830.0,11830.0,26126377550,2208485,249,11490.0,11830.0
2022-07-04,12180.0,12180.0,12180.0,12180.0,17755577700,1457765,160,11830.0,12180.0
2022-07-05,12540.0,12540.0,12540.0,12540.0,19090193760,1522344,164,12180.0,12540.0
2022-07-06,12910.0,12910.0,12170.0,12580.0,630732453090,50140947,4654,12540.0,12410.0
2022-07-09,12430.0,12910.0,12210.0,12440.0,116762176810,9388821,1072,12580.0,12210.0
2022-07-11,12070.0,12070.0,12070.0,12070.0,53428132610,4426523,195,12440.0,12070.0
2022-07-12,11710.0,11710.0,11710.0,11710.0,13396275130,1144003,89,12070.0,11710.0
2022-07-13,11360.0,11690.0,11360.0,11400.0,537900745460,47197572,3223,11710.0,11490.0
2022-07-16,11390.0,11390.0,11060.0,11080.0,74179951440,6695354,656,11400.0,11060.0
2022-07-17,10800.0,11040.0,10750.0,10790.0,53383511190,4948835,337,11080.0,10750.0
2022-07-19,10470.0,10470.0,10470.0,10470.0,12596792040,1203132,104,10790.0,10470.0
2022-07-20,10400.0,10780.0,10400.0,10720.0,266515644020,24862146,1626,10470.0,10780.0
2022-07-23,10400.0,10400.0,10400.0,10440.0,9607696800,923817,106,10720.0,10400.0
2022-07-24,10130.0,10130.0,10130.0,10320.0,3993235870,394199,59,10440.0,10130.0
2022-07-25,10020.0,10020.0,10020.0,10300.0,823704120,82206,29,10320.0,10020.0
2022-07-26,10000.0,10000.0,10000.0,10270.0,1058770000,105877,31,10300.0,10000.0
2022-07-27,9970.0,9970.0,9970.0,9970.0,63191903850,6338205,339,10270.0,9970.0
2022-07-30,9690.0,9800.0,9680.0,9690.0,56153810150,5793524,363,9970.0,9680.0
2022-07-31,9400.0,9400.0,9400.0,9630.0,2142250600,227899,38,9690.0,9400.0
2022-08-01,9350.0,9350.0,9350.0,9350.0,56405716950,6032697,184,9630.0,9350.0
2022-08-02,9070.0,9070.0,9070.0,9070.0,32248031270,3555461,163,9350.0,9070.0
2022-08-03,9050.0,9260.0,8810.0,9070.0,320785861110,35360603,3185,9070.0,9170.0
2022-08-06,9340.0,9340.0,9130.0,9340.0,63933732860,6846119,407,9070.0,9340.0
2022-08-09,9620.0,9620.0,9380.0,9600.0,156224592270,16270098,1045,9340.0,9500.0
2022-08-10,9580.0,9580.0,9320.0,9320.0,95630836680,10257461,736,9600.0,9320.0
2022-08-13,9250.0,9590.0,9250.0,9570.0,131999066380,13789191,841,9320.0,9590.0
2022-08-14,9850.0,9850.0,9290.0,9540.0,195079159940,20453514,1735,9570.0,9410.0
2022-08-15,9420.0,9710.0,9260.0,9360.0,203882084330,21771151,1828,9540.0,9260.0
2022-08-16,9370.0,9380.0,9080.0,9120.0,154654017670,16957938,1236,9360.0,9080.0
2022-08-17,9010.0,9390.0,9010.0,9280.0,107315834250,11567739,1038,9120.0,9390.0
2022-08-20,9300.0,9550.0,9030.0,9460.0,125068630800,13218575,1079,9280.0,9550.0
2022-08-21,9700.0,9740.0,9470.0,9730.0,112153599430,11521971,615,9460.0,9740.0
2022-08-22,10020.0,10020.0,10020.0,10020.0,12724458120,1269906,99,9730.0,10020.0
2022-08-23,10320.0,10320.0,10320.0,10230.0,7795325520,755361,64,10020.0,10320.0
2022-08-24,10530.0,10530.0,10530.0,10520.0,10836538830,1029111,106,10230.0,10530.0
2022-08-27,10830.0,10830.0,10300.0,10770.0,470678553740,43698586,2409,10520.0,10610.0
2022-08-28,10650.0,10870.0,10450.0,10520.0,188925545400,17961658,1561,10770.0,10450.0
2022-08-29,10210.0,10720.0,10210.0,10400.0,195955479950,18846919,1854,10520.0,10520.0
2022-08-30,10660.0,10710.0,10500.0,10700.0,121165902110,11324623,1063,10400.0,10710.0
2022-08-31,10960.0,11020.0,10720.0,10930.0,99877180040,9138637,1129,10700.0,11020.0
2022-09-03,10930.0,11250.0,10610.0,11120.0,150237648220,13514430,1468,10930.0,11250.0
2022-09-04,11070.0,11450.0,11070.0,11430.0,174589198920,15278947,1378,11120.0,11310.0
2022-09-05,11310.0,11770.0,11090.0,11510.0,160715164600,13968157,1811,11430.0,11670.0
2022-09-06,11840.0,11850.0,11800.0,11850.0,46581216150,3932114,217,11510.0,11850.0
2022-09-07,12200.0,12200.0,11890.0,12200.0,364935212460,29920063,1356,11850.0,12200.0
2022-09-10,12430.0,12560.0,12430.0,12550.0,97349271650,7758153,373,12200.0,12560.0
2022-09-11,12920.0,12920.0,12590.0,12850.0,421193853520,32783023,3232,12550.0,12610.0
2022-09-12,12490.0,12740.0,12470.0,12530.0,71515753230,5705881,660,12850.0,12470.0
2022-09-13,12160.0,12640.0,12160.0,12270.0,454125159310,37023621,3144,12530.0,12200.0
2022-09-14,12450.0,12630.0,12450.0,12620.0,211483414760,16754724,1447,12270.0,12630.0
2022-09-18,12890.0,12990.0,12700.0,12960.0,51788940420,3994612,446,12620.0,12990.0
2022-09-19,13340.0,13340.0,13340.0,13340.0,24218396480,1815472,178,12960.0,13340.0
2022-09-20,13740.0,13740.0,13240.0,13670.0,405881227750,29689933,2454,13340.0,13370.0
2022-09-21,13390.0,13690.0,13260.0,13280.0,140418737310,10577631,794,13670.0,13260.0
2022-09-24,12890.0,12890.0,12890.0,12890.0,42405418880,3289792,157,13280.0,12890.0
2022-09-26,12510.0,12790.0,12510.0,12540.0,634521954320,50615457,3183,12890.0,12680.0
2022-09-28,12790.0,12900.0,12350.0,12640.0,177159621320,14021305,1678,12540.0,12400.0
2022-10-01,12300.0,12560.0,12270.0,12350.0,25414605440,2058115,238,12640.0,12270.0
2022-10-02,11980.0,11980.0,11980.0,12230.0,4183104520,349174,91,12350.0,11980.0
2022-10-03,11870.0,11870.0,11870.0,11870.0,14386618050,1212015,120,12230.0,11870.0
2022-10-04,11520.0,11520.0,11520.0,11720.0,5115329280,444039,71,11870.0,11520.0
2022-10-08,11370.0,11660.0,11370.0,11380.0,229983117870,20202578,1798,11720.0,11370.0
2022-10-09,11080.0,11370.0,11040.0,11050.0,55658487740,5035240,450,11380.0,11040.0
2022-10-10,10720.0,11130.0,10720.0,10800.0,247853530190,22949563,1083,11050.0,11030.0
2022-10-11,11100.0,11120.0,11010.0,11120.0,171359565560,15416015,843,10800.0,11120.0
2022-10-12,11230.0,11450.0,10820.0,11160.0,105347448900,9441426,1486,11120.0,10920.0
2022-10-15,10830.0,11020.0,10830.0,10830.0,84965459360,7844441,623,11160.0,10830.0
2022-10-16,10510.0,10510.0,10510.0,10710.0,4298695100,409010,75,10830.0,10510.0
2022-10-17,10390.0,10500.0,10390.0,10390.0,121908236410,11732715,935,10710.0,10390.0
2022-10-18,10390.0,10530.0,10080.0,10170.0,93035621120,9147480,1054,10390.0,10080.0
2022-10-19,9910.0,10130.0,9870.0,9890.0,51576016970,5216695,539,10170.0,9870.0
2022-10-22,9720.0,10180.0,9670.0,10080.0,196881424200,19528076,1957,9890.0,10180.0
2022-10-23,10180.0,10180.0,9780.0,9870.0,66144871760,6698724,759,10080.0,9780.0
2022-10-24,9580.0,9580.0,9580.0,9800.0,2574251380,268711,79,9870.0,9580.0
2022-10-25,9510.0,9510.0,9510.0,9730.0,2328647130,244863,63,9800.0,9510.0
2022-10-26,9440.0,9440.0,9440.0,9690.0,1321524480,139992,46,9730.0,9440.0
2022-10-29,9400.0,9400.0,9400.0,9630.0,2071637800,220387,43,9690.0,9400.0
2022-10-30,9350.0,9350.0,9350.0,9470.0,5635151500,602690,61,9630.0,9350.0
2022-10-31,9190.0,9420.0,9190.0,9240.0,370424191990,40102083,2693,9470.0,9330.0
2022-11-01,9370.0,9510.0,8970.0,9190.0,249081922940,27113126,3218,9240.0,9010.0
2022-11-02,9100.0,9100.0,8920.0,8930.0,201415453460,22560572,1721,9190.0,8970.0
2022-11-05,8760.0,8940.0,8670.0,8720.0,467627097950,53648829,4288,8930.0,8670.0
2022-11-06,8650.0,8980.0,8510.0,8850.0,221508227080,25024948,2162,8720.0,8980.0
2022-11-07,9100.0,9110.0,9000.0,9110.0,53675363600,5893633,452,8850.0,9110.0
2022-11-08,9380.0,9380.0,8850.0,9130.0,276089190740,30228998,3104,9110.0,9000.0
2022-11-09,8930.0,9180.0,8860.0,9000.0,173007349190,19227829,1862,9130.0,8940.0
2022-11-12,9100.0,9270.0,9020.0,9260.0,144403952120,15597739,1179,9000.0,9270.0
2022-11-13,9480.0,9530.0,9050.0,9460.0,212626608750,22476250,1598,9260.0,9530.0
2022-11-14,9740.0,9740.0,9380.0,9650.0,274556139960,28458904,2620,9460.0,9660.0
2022-11-15,9690.0,9850.0,9380.0,9540.0,115736584890,12133487,1564,9650.0,9440.0
2022-11-16,9430.0,9500.0,9260.0,9290.0,142082974500,15289905,1594,9540.0,9260.0
2022-11-19,9340.0,9340.0,9020.0,9040.0,62203214460,6883688,538,9290.0,9020.0
2022-11-20,8910.0,9310.0,8890.0,9140.0,120671434170,13202814,1416,9040.0,9200.0
2022-11-21,9200.0,9410.0,9090.0,9350.0,150267048620,16075354,1044,9140.0,9260.0
2022-11-22,9320.0,9390.0,9070.0,9190.0,80578757010,8771816,1109,9350.0,9260.0
2022-11-23,9190.0,9410.0,8930.0,9110.0,151401221950,16614594,1459,9190.0,8960.0
2022-11-26,9010.0,9380.0,8930.0,9240.0,105498851000,11423028,1083,9110.0,9380.0
2022-11-27,9510.0,9510.0,9510.0,9510.0,11783327460,1239046,131,9240.0,9510.0
2022-11-28,9790.0,9790.0,9790.0,9790.0,12821728040,1309676,152,9510.0,9790.0
2022-11-29,10080.0,10080.0,9880.0,10080.0,422422276530,41923852,2209,9790.0,10080.0
2022-11-30,10000.0,10380.0,9800.0,10250.0,149229329160,14560151,1089,10080.0,10380.0
2022-12-03,10540.0,10550.0,10410.0,10540.0,47328409580,4489903,416,10250.0,10550.0
2022-12-04,10850.0,10850.0,10850.0,10850.0,11408037200,1051432,145,10540.0,10850.0
2022-12-05,11170.0,11170.0,11000.0,11160.0,221528932150,19848148,1253,10850.0,11170.0
2022-12-06,11440.0,11490.0,11000.0,11410.0,68477087440,6001095,689,11160.0,11490.0
2022-12-07,11750.0,11750.0,11750.0,11750.0,47893705000,4076060,277,11410.0,11750.0
2022-12-10,12090.0,12100.0,11400.0,11880.0,385801614320,32485814,3048,11750.0,11700.0
2022-12-11,11620.0,11940.0,11530.0,11580.0,241109391810,20823794,1670,11880.0,11530.0
2022-12-12,11590.0,11640.0,11240.0,11380.0,228281557960,20064781,2027,11580.0,11550.0
2022-12-13,11490.0,11720.0,11490.0,11710.0,28193606710,2406926,212,11380.0,11720.0
2022-12-14,12060.0,12060.0,12060.0,12060.0,45024683400,3733390,315,11710.0,12060.0
2022-12-17,12420.0,12420.0,11900.0,12230.0,280781298040,22960307,2436,12060.0,12270.0
2022-12-18,12390.0,12590.0,12160.0,12480.0,273667926140,21925916,1762,12230.0,12590.0
2022-12-19,12760.0,12850.0,12500.0,12730.0,182052782040,14301790,1356,12480.0,12810.0
2022-12-20,12690.0,13110.0,12550.0,13070.0,130525189730,9989239,1009,12730.0,13110.0
2022-12-21,13410.0,13460.0,13090.0,13400.0,176430446200,13162668,1608,13070.0,13430.0
2022-12-24,13680.0,13800.0,13460.0,13760.0,154676954790,11237183,1024,13400.0,13800.0
2022-12-25,14170.0,14170.0,14170.0,14170.0,59278990550,4183415,335,13760.0,14170.0
2022-12-26,14590.0,14590.0,14300.0,14590.0,109957787550,7538342,584,14170.0,14590.0
2022-12-28,15020.0,15020.0,14730.0,14990.0,213067469090,14215094,1207,14590.0,15020.0
2022-12-31,14550.0,15430.0,14550.0,14920.0,429338148970,28780945,2711,14990.0,15180.0
2023-01-01,15300.0,15360.0,14800.0,15270.0,275184896720,18026469,1888,14920.0,15360.0
2023-01-02,15720.0,15720.0,15720.0,15720.0,26169948600,1664755,216,15270.0,15720.0
2023-01-03,16190.0,16190.0,16190.0,16190.0,59943928320,3702528,255,15720.0,16190.0
2023-01-04,16670.0,16670.0,16000.0,16650.0,434823011110,26108858,1336,16190.0,16670.0
2023-01-07,16990.0,17140.0,16910.0,17100.0,131327095470,7679985,456,16650.0,17140.0
2023-01-08,17610.0,17610.0,17610.0,17610.0,46016585340,2613094,192,17100.0,17610.0
2023-01-09,18130.0,18130.0,18130.0,18130.0,53508174930,2951361,162,17610.0,18130.0
2023-01-14,18670.0,18670.0,18300.0,18650.0,693443499780,37173375,1732,18130.0,18390.0
2023-01-16,18350.0,19200.0,18350.0,19040.0,900585349630,47310519,3254,18650.0,19200.0
2023-01-17,19610.0,19610.0,19300.0,19480.0,402467862560,20534730,1795,19040.0,19610.0
2023-01-18,20060.0,20060.0,19630.0,19890.0,374721656050,18688125,834,19480.0,20060.0
2023-01-21,20480.0,20480.0,19300.0,20310.0,864817914050,42579408,4005,19890.0,19820.0
2023-01-22,19810.0,20910.0,19710.0,20170.0,566439823330,28083538,3110,20310.0,20160.0
2023-01-23,20400.0,20770.0,19570.0,19980.0,352425484110,17721586,1841,20170.0,19570.0
2023-01-24,19390.0,19710.0,19390.0,19600.0,332107708730,17118387,1646,19980.0,19390.0
2023-01-25,19020.0,19020.0,19020.0,19570.0,25738529700,1353235,201,19600.0,19020.0
2023-01-28,18990.0,18990.0,18990.0,19570.0,2077506000,109400,16,19570.0,18990.0
2023-01-29,18990.0,18990.0,18990.0,19570.0,2590672770,136423,14,19570.0,18990.0
2023-01-30,18990.0,18990.0,18990.0,19560.0,6927665940,364806,37,19570.0,18990.0
2023-01-31,18980.0,18980.0,18980.0,19550.0,11168970800,588460,66,19560.0,18980.0
2023-02-01,18580.0,18580.0,18580.0,19520.0,15573198600,838170,64,19550.0,18580.0
2023-02-05,18940.0,18940.0,18940.0,19520.0,1252767360,66144,13,19520.0,18940.0
2023-02-06,18940.0,18940.0,18940.0,19520.0,378800000,20000,4,19520.0,18940.0
2023-02-07,18940.0,18940.0,18940.0,19520.0,2697396920,142418,27,19520.0,18940.0
2023-02-08,18940.0,18940.0,18940.0,19520.0,3324538200,175530,28,19520.0,18940.0
2023-02-12,18940.0,18940.0,18940.0,19520.0,1033328520,54558,12,19520.0,18940.0
2023-02-13,18550.0,18550.0,18550.0,19510.0,2828670950,152489,30,19520.0,18550.0
2023-02-14,18930.0,18930.0,18930.0,19510.0,105610470,5579,2,19510.0,18930.0
2023-02-15,18930.0,18930.0,18930.0,19510.0,4175503680,220576,12,19510.0,18930.0
2023-02-19,18930.0,18930.0,18930.0,19510.0,876610440,46308,5,19510.0,18930.0
2023-02-20,18930.0,18930.0,18930.0,19500.0,7227114330,381781,29,19510.0,18930.0
2023-02-21,18920.0,18920.0,18920.0,19490.0,9857130800,520990,37,19500.0,18920.0
2023-02-22,18520.0,18520.0,18520.0,18520.0,5628968800,303940,31,19490.0,18520.0
2023-02-25,17970.0,18580.0,17970.0,18020.0,1447114581150,80292691,5089,18520.0,17970.0
2023-02-26,17850.0,18400.0,17480.0,17840.0,320320407390,18037596,1580,18020.0,17480.0
2023-03-06,20600.0,21210.0,19990.0,20500.0,1400358303380,68299054,3293,17840.0,20330.0
2023-03-07,20630.0,21110.0,19890.0,20890.0,816238529010,39069406,3412,20500.0,20990.0
2023-03-12,21100.0,21300.0,20300.0,20650.0,108074709300,5230399,331,20890.0,20300.0
2023-03-13,20100.0,20250.0,20050.0,20050.0,263853317150,13154548,955,20650.0,20050.0
2023-03-14,19500.0,19650.0,19450.0,19450.0,53505723100,2750345,265,20050.0,19450.0
2023-03-15,18950.0,20000.0,18900.0,19400.0,413260023600,21285298,2108,19450.0,19400.0
2023-03-18,19620.0,19680.0,18820.0,19020.0,626662839880,32943830,2353,19400.0,18870.0
2023-03-19,18900.0,19590.0,18510.0,19460.0,485143012020,24924586,1585,19020.0,19590.0
2023-03-25,20040.0,20040.0,19610.0,20040.0,251570382460,12554081,653,19460.0,20040.0
2023-03-26,20640.0,20640.0,19440.0,19950.0,81902526450,4104876,295,20040.0,19540.0
2023-03-27,19900.0,20540.0,19840.0,20510.0,132324062450,6453217,486,19950.0,20540.0
2023-03-28,21120.0,21120.0,21120.0,21120.0,71860060800,3402465,236,20510.0,21120.0
2023-03-29,21750.0,21750.0,21750.0,21750.0,63678736500,2927758,139,21120.0,21750.0
2023-04-03,22400.0,22400.0,22400.0,22400.0,24797382400,1107026,125,21750.0,22400.0
2023-04-04,23050.0,23050.0,23050.0,23050.0,65802171900,2854758,154,22400.0,23050.0
2023-04-05,23700.0,23700.0,23700.0,23700.0,24712108500,1042705,124,23050.0,23700.0
2023-04-08,24400.0,24400.0,24400.0,24400.0,28353361200,1162023,125,23700.0,24400.0
2023-04-09,25100.0,25100.0,25100.0,25100.0,61564953700,2452787,190,24400.0,25100.0
2023-04-10,25850.0,25850.0,24650.0,25800.0,1506241929250,58387244,3436,25100.0,25850.0
2023-04-11,26550.0,26550.0,25950.0,26550.0,271721873550,10238966,444,25800.0,26550.0
2023-04-15,27300.0,27300.0,27300.0,27300.0,56658447300,2075401,148,26550.0,27300.0
2023-04-16,28100.0,28100.0,28100.0,28050.0,28427308800,1011648,132,27300.0,28100.0
2023-04-17,28850.0,28850.0,28850.0,28750.0,25757366550,892803,112,28050.0,28850.0
2023-04-18,29600.0,29600.0,29600.0,29500.0,28398210400,959399,113,28750.0,29600.0
2023-04-19,30350.0,30350.0,30350.0,30350.0,101570190150,3346629,170,29500.0,30350.0
2023-04-24,31250.0,31250.0,29450.0,31050.0,2249298866700,72427157,4972,30350.0,30950.0
2023-04-25,31000.0,31950.0,30150.0,31250.0,1523546913150,48753102,3423,31050.0,31950.0
2023-04-26,32150.0,32150.0,32150.0,32100.0,31746292450,987443,75,31250.0,32150.0
2023-05-01,36000.0,37050.0,36000.0,36550.0,386497694800,10576910,734,32100.0,37050.0
2023-05-02,37600.0,37600.0,35850.0,37200.0,1111658749950,29866183,3736,36550.0,36850.0
2023-05-03,37200.0,38300.0,36100.0,37850.0,857879375550,22672023,2540,37200.0,38000.0
2023-05-06,38850.0,38950.0,36750.0,37350.0,650639341250,17429557,2530,37850.0,36750.0
2023-05-07,36250.0,36250.0,36250.0,36250.0,105786961250,2918261,144,37350.0,36250.0
2023-05-08,35200.0,35200.0,35200.0,36100.0,4759427200,135211,31,36250.0,35200.0
2023-05-09,35050.0,35050.0,35050.0,35050.0,70795882700,2019854,208,36100.0,35050.0
2023-05-10,34600.0,36100.0,34000.0,35150.0,848277876100,24132797,1835,35050.0,34000.0
2023-05-13,34100.0,34100.0,34100.0,34600.0,18077092000,530120,72,35150.0,34100.0
2023-05-14,33600.0,34500.0,33600.0,33700.0,718791987250,21314654,2393,34600.0,33700.0
2023-05-15,32950.0,33650.0,32700.0,32750.0,167083251800,5098002,610,33700.0,32700.0
2023-05-17,31800.0,33700.0,31800.0,32650.0,871734236950,26691976,1738,32750.0,33700.0
2023-05-20,33600.0,33600.0,32900.0,33600.0,350029019700,10419094,994,32650.0,33600.0
2023-05-21,34600.0,34600.0,34000.0,34550.0,179743849050,5199957,550,33600.0,34600.0
2023-05-22,35550.0,35550.0,35550.0,35550.0,54404369100,1530362,145,34550.0,35550.0
2023-05-23,36600.0,36600.0,36600.0,36600.0,38708343000,1057605,131,35550.0,36600.0
2023-05-24,37650.0,37650.0,37650.0,37600.0,36940749300,981162,166,36600.0,37650.0
2023-05-27,38700.0,38700.0,36500.0,38350.0,1272771860250,33185631,3562,37600.0,37300.0
2023-05-28,37300.0,38900.0,37200.0,37450.0,554735982200,14812237,1266,38350.0,37600.0
2023-05-29,38250.0,38550.0,36350.0,37000.0,598526612500,16176044,1810,37450.0,36350.0
2023-05-30,36000.0,38000.0,35900.0,36500.0,395978666400,10844489,1411,37000.0,35900.0
2023-05-31,36000.0,36100.0,35450.0,35500.0,240745628400,6782728,720,36500.0,35450.0
2023-06-03,35950.0,35950.0,34450.0,34550.0,199099037350,5762543,895,35500.0,34450.0
2023-06-06,34000.0,34850.0,33550.0,33650.0,408632227000,12139339,1635,34550.0,33550.0
2023-06-07,33100.0,34650.0,32700.0,34200.0,503675616550,14737651,1659,33650.0,33200.0
2023-06-10,33200.0,33200.0,33200.0,33350.0,29622733200,892251,92,34200.0,33200.0
2023-06-11,32350.0,33100.0,32350.0,32350.0,239676570750,7403808,703,33350.0,32350.0
2023-06-12,31400.0,32250.0,31400.0,31450.0,216534502850,6885328,580,32350.0,31400.0
2023-06-13,30550.0,30550.0,30550.0,31000.0,16157833900,528898,90,31450.0,30550.0
2023-06-14,30100.0,31900.0,30100.0,30650.0,744534316600,24288853,2619,31000.0,31900.0
2023-06-27,30600.0,31550.0,30600.0,31450.0,598808165750,19032406,1688,30650.0,31450.0
2023-06-28,31000.0,32350.0,30700.0,32250.0,329013784450,10205671,1007,31450.0,32350.0
2023-07-01,32850.0,33200.0,32700.0,33050.0,94331517050,2855237,373,32250.0,33200.0
2023-07-02,34000.0,34000.0,34000.0,34000.0,53657814000,1578171,156,33050.0,34000.0
2023-07-03,35000.0,35000.0,35000.0,35000.0,36814225000,1051835,166,34000.0,35000.0
2023-07-04,36050.0,36050.0,36050.0,36050.0,37910864950,1051619,186,35000.0,36050.0
2023-07-05,37100.0,37100.0,35000.0,36000.0,811771827450,22562480,2447,36050.0,35000.0
2023-07-08,34950.0,35000.0,34950.0,34950.0,70609629500,2020271,186,36000.0,34950.0
2023-07-09,33950.0,33950.0,33950.0,34600.0,11718827050,345179,66,34950.0,33950.0
2023-07-10,33600.0,33600.0,33600.0,34200.0,14308627200,425852,59,34600.0,33600.0
2023-07-11,33200.0,33200.0,33200.0,33850.0,11671294000,351545,60,34200.0,33200.0
2023-07-12,32850.0,32850.0,32850.0,33650.0,6657315300,202658,47,33850.0,32850.0
2023-07-15,32650.0,32650.0,32650.0,33350.0,11056498050,338637,53,33650.0,32650.0
2023-07-16,32350.0,32350.0,32350.0,33250.0,2734901350,84541,23,33350.0,32350.0
2023-07-17,32300.0,32300.0,32300.0,33100.0,5373331100,166357,30,33250.0,32300.0
2023-07-18,32150.0,32850.0,32150.0,32150.0,349663143800,10871795,787,33100.0,32150.0
2023-07-19,32000.0,33100.0,31200.0,31800.0,510309421250,16057148,2419,32150.0,31200.0
2023-07-22,30900.0,31300.0,30850.0,30850.0,250783712900,8123962,785,31800.0,30850.0
2023-07-23,30050.0,30500.0,29950.0,29950.0,191204945600,6380108,623,30850.0,29950.0
2023-07-24,29100.0,30750.0,29100.0,29300.0,450102646000,15357962,1939,29950.0,29100.0
2023-07-25,29100.0,29700.0,28450.0,28600.0,119576052200,4177699,549,29300.0,28450.0
2023-07-26,27750.0,28250.0,27750.0,27800.0,301701890700,10856243,1045,28600.0,27750.0
2023-07-29,27000.0,27000.0,27000.0,27350.0,16232562000,601206,57,27800.0,27000.0
2023-07-30,26550.0,26550.0,26550.0,27100.0,9069559650,341603,22,27350.0,26550.0
2023-07-31,26300.0,26300.0,26300.0,26850.0,9447933100,359237,47,27100.0,26300.0
2023-08-06,26500.0,27650.0,26050.0,26700.0,20065303650,752821,99,26850.0,26550.0
2023-08-07,26400.0,27500.0,25900.0,26500.0,379357370050,14304594,1791,26700.0,25900.0
2023-08-08,25750.0,25750.0,25750.0,26150.0,11790229750,457873,68,26500.0,25750.0
2023-08-09,25400.0,25400.0,25400.0,25800.0,12827787400,505031,59,26150.0,25400.0
2023-08-12,25050.0,25050.0,25050.0,25700.0,3926161650,156733,26,25800.0,25050.0
2023-08-13,24950.0,24950.0,24950.0,25600.0,4150632100,166358,31,25700.0,24950.0
2023-08-14,24850.0,24850.0,24850.0,24900.0,24704677200,994152,79,25600.0,24850.0
2023-08-15,24200.0,24200.0,24200.0,24600.0,11280975200,466156,53,24900.0,24200.0
2023-08-16,23900.0,23900.0,23900.0,24150.0,17050379500,713405,58,24600.0,23900.0
2023-08-19,23450.0,24650.0,23450.0,23600.0,446055210750,18909130,1820,24150.0,23450.0
2023-08-23,22900.0,23650.0,22900.0,23050.0,237211431900,10291266,791,23600.0,23350.0
2023-08-26,23400.0,23700.0,23100.0,23650.0,193816452700,8192514,821,23050.0,23700.0
2023-08-27,24350.0,24350.0,24350.0,24350.0,65729269900,2699354,209,23650.0,24350.0
2023-08-28,25050.0,25050.0,23650.0,24750.0,518016277550,20913147,1613,24350.0,24950.0
2023-08-29,25150.0,25450.0,24100.0,25000.0,271734348000,10866908,1348,24750.0,24550.0
2023-08-30,24450.0,25600.0,24250.0,24550.0,223481146400,9103474,1098,25000.0,24250.0
2023-09-02,24000.0,24050.0,23850.0,23900.0,130279888000,5456697,735,24550.0,23850.0
2023-09-03,23400.0,23500.0,23200.0,23200.0,93776214050,4039096,376,23900.0,23200.0
2023-09-04,22700.0,23850.0,22550.0,22950.0,311633918200,13591951,1809,23200.0,23850.0
2023-09-05,23600.0,23600.0,23600.0,23400.0,17353575600,735321,96,22950.0,23600.0
2023-09-09,24100.0,24100.0,23600.0,24100.0,424380926750,17621241,1587,23400.0,24100.0
2023-09-10,24400.0,24800.0,23700.0,24700.0,206826826300,8368921,1056,24100.0,24800.0
2023-09-11,24350.0,25000.0,24000.0,24200.0,136510003000,5638626,843,24700.0,24000.0
2023-09-12,23700.0,23950.0,23500.0,23550.0,194614366050,8265570,1119,24200.0,23500.0
2023-09-13,23700.0,24250.0,23250.0,24150.0,172393910250,7138505,880,23550.0,24250.0
2023-09-17,24600.0,24850.0,24550.0,24800.0,79134438000,3189718,450,24150.0,24850.0
2023-09-18,25500.0,25500.0,24900.0,25400.0,220760299750,8684433,1136,24800.0,25100.0
2023-09-19,25400.0,25400.0,24650.0,24700.0,31117364850,1258621,156,25400.0,24650.0
2023-09-20,24000.0,24400.0,24000.0,24050.0,166591116700,6929828,799,24700.0,24000.0
2023-09-23,23650.0,24400.0,23350.0,23450.0,242305057900,10336868,1023,24050.0,23650.0
2023-09-25,23650.0,24150.0,23650.0,24100.0,190316321300,7889920,945,23450.0,24150.0
2023-09-26,24050.0,24800.0,24050.0,24750.0,51811686000,2093422,265,24100.0,24800.0
2023-09-27,25450.0,25450.0,25200.0,25450.0,235407522550,9252325,683,24750.0,25350.0
2023-09-30,25650.0,26200.0,24700.0,25500.0,333503057050,13080441,1834,25450.0,25950.0
2023-10-01,26100.0,26150.0,24750.0,24900.0,186545989150,7491064,901,25500.0,24750.0
2023-10-02,24450.0,25600.0,24450.0,25450.0,88113062200,3459668,543,24900.0,25600.0
2023-10-04,26200.0,26200.0,26200.0,26200.0,56604156800,2160464,211,25450.0,26200.0
2023-10-07,26950.0,26950.0,25450.0,26150.0,388450810950,14843102,1657,26200.0,25450.0
2023-10-08,25400.0,25400.0,25400.0,25850.0,11451564600,450849,44,26150.0,25400.0
2023-10-09,25100.0,25400.0,25100.0,25100.0,73281532600,2918945,279,25850.0,25100.0
2023-10-10,24350.0,24950.0,24350.0,24400.0,252055837800,10336712,1045,25100.0,24800.0
2023-10-11,25000.0,25100.0,23700.0,24400.0,133901319200,5486898,961,24400.0,23800.0
2023-10-14,23700.0,24150.0,23700.0,23700.0,37289301050,1573199,149,24400.0,23700.0
2023-10-15,23000.0,23000.0,23000.0,23000.0,23742118000,1032266,108,23700.0,23000.0
2023-10-16,22950.0,23650.0,22350.0,22550.0,318479669500,14112844,1671,23000.0,22600.0
2023-10-17,22650.0,23050.0,21900.0,22050.0,244563943250,11099311,1249,22550.0,21950.0
2023-10-18,21450.0,21850.0,21400.0,21400.0,179608983050,8387515,699,22050.0,21400.0
2023-10-21,21000.0,21500.0,20800.0,20900.0,173552629600,8313387,1028,21400.0,20800.0
2023-10-22,20800.0,21500.0,20450.0,21450.0,114872862900,5356551,532,20900.0,21500.0
2023-10-23,20850.0,20850.0,20850.0,20850.0,47094103500,2258710,133,21450.0,20850.0
2023-10-24,20250.0,20250.0,20250.0,20650.0,7446735000,367740,51,20850.0,20250.0
2023-10-25,20050.0,20050.0,20050.0,20050.0,20296975900,1012318,91,20650.0,20050.0
2023-10-28,19450.0,19450.0,19450.0,19900.0,5584970250,287145,34,20050.0,19450.0
2023-10-29,19350.0,19350.0,19350.0,19350.0,32328528750,1670725,126,19900.0,19350.0
2023-10-30,18800.0,19650.0,18800.0,18950.0,489234174200,25802163,2304,19350.0,18850.0
2023-10-31,19050.0,19300.0,18400.0,18550.0,153412990700,8262861,816,18950.0,18400.0
2023-11-01,18000.0,19100.0,18000.0,18350.0,525629249300,28671584,1540,18550.0,19100.0
2023-11-04,18900.0,18900.0,18900.0,18650.0,11308682700,598343,75,18350.0,18900.0
2023-11-05,19200.0,19200.0,19200.0,18870.0,8396697600,437328,119,18650.0,19200.0
2023-11-06,19430.0,19430.0,19430.0,19430.0,42251642510,2174557,111,18870.0,19430.0
2023-11-07,20010.0,20010.0,20010.0,20010.0,34064043510,1702351,121,19430.0,20010.0
2023-11-08,20610.0,20610.0,20610.0,20470.0,17112647880,830308,120,20010.0,20610.0
2023-11-11,21050.0,21050.0,19900.0,20850.0,596929673950,28603615,2129,20470.0,21050.0
2023-11-12,20950.0,21000.0,20250.0,20300.0,240059370450,11821141,1261,20850.0,20250.0
2023-11-13,20350.0,20900.0,20050.0,20700.0,175411579600,8465717,1074,20300.0,20500.0
2023-11-14,20200.0,20800.0,20100.0,20300.0,120047737450,5918525,685,20700.0,20100.0
2023-11-15,20050.0,20450.0,19700.0,19850.0,113689700300,5721251,597,20300.0,19700.0
2023-11-18,19850.0,20290.0,19850.0,20080.0,40728036410,2028761,366,19850.0,20080.0
2023-11-19,20090.0,20680.0,20090.0,20670.0,113297517040,5482304,457,20080.0,20680.0
2023-11-20,20880.0,21290.0,20400.0,21230.0,123845551620,5834311,666,20670.0,21290.0
2023-11-21,21860.0,21860.0,21730.0,21860.0,26557157720,1214908,187,21230.0,21860.0
2023-11-22,22510.0,22510.0,21290.0,22010.0,166845978390,7580195,1083,21860.0,21480.0
2023-11-25,21850.0,21850.0,21350.0,21400.0,165783864350,7755356,769,22010.0,21350.0
2023-11-26,21650.0,21800.0,20800.0,21050.0,108454608200,5157802,566,21400.0,21000.0
2023-11-27,20750.0,21300.0,20450.0,20800.0,77206899250,3713714,566,21050.0,20950.0
2023-11-28,20800.0,21400.0,20650.0,21350.0,91847373950,4299155,542,20800.0,21400.0
2023-11-29,21350.0,21950.0,20950.0,21600.0,123110290250,5697574,765,21350.0,21500.0
2023-12-02,21400.0,22200.0,21400.0,21750.0,117886071550,5424932,593,21600.0,21600.0
2023-12-03,22200.0,22350.0,21700.0,22100.0,70474407100,3185887,580,21750.0,22250.0
2023-12-04,22200.0,22350.0,21450.0,21650.0,386558785200,17873323,1169,22100.0,21700.0
2023-12-05,21700.0,22250.0,21700.0,22200.0,142486834000,6424244,735,21650.0,22200.0
2023-12-06,22200.0,22400.0,21850.0,22050.0,64061479800,2904047,410,22200.0,22150.0
2023-12-09,22150.0,22700.0,21400.0,21900.0,100680397950,4602518,640,22050.0,21550.0
2023-12-10,21350.0,21650.0,21250.0,21300.0,220006550800,10333759,651,21900.0,21250.0
2023-12-11,21500.0,21550.0,20750.0,21000.0,68550901500,3261917,512,21300.0,21100.0
2023-12-12,21050.0,21600.0,21050.0,21550.0,56584100900,2623815,219,21000.0,21600.0
2023-12-13,21950.0,22150.0,21750.0,22150.0,170247631800,7693198,928,21550.0,22150.0
2023-12-16,22200.0,22800.0,22200.0,22800.0,77147261250,3387341,382,22150.0,22800.0
2023-12-18,23450.0,23450.0,23450.0,23450.0,26888543850,1146633,141,22800.0,23450.0
2023-12-19,24150.0,24150.0,23450.0,24050.0,184140002800,7651768,815,23450.0,24150.0
2023-12-20,24000.0,24650.0,23350.0,24000.0,149334231050,6225687,752,24050.0,23700.0
2023-12-23,24000.0,24000.0,23300.0,23350.0,183144618250,7847754,912,24000.0,23650.0
2023-12-27,24000.0,24050.0,23650.0,24000.0,32560704050,1355807,218,23350.0,24050.0
2023-12-30,24650.0,24700.0,23500.0,24400.0,202766001700,8312041,932,24000.0,24000.0
2023-12-31,24050.0,24050.0,23700.0,23700.0,34770477650,1466168,203,24400.0,23700.0
2024-01-01,23000.0,23000.0,23000.0,23400.0,9598498000,417326,51,23700.0,23000.0
2024-01-02,22700.0,22700.0,22700.0,23200.0,7296733400,321442,50,23400.0,22700.0
2024-01-03,22550.0,22950.0,22550.0,22550.0,269278784650,11933688,1010,23200.0,22550.0
2024-01-06,22400.0,22450.0,21900.0,21900.0,248164405700,11320298,814,22550.0,22000.0
2024-01-07,22200.0,22550.0,21250.0,22150.0,100954024700,4557921,696,21900.0,22500.0
2024-01-08,22700.0,22800.0,22150.0,22600.0,93823909200,4151269,710,22150.0,22400.0
2024-01-09,22100.0,22500.0,21950.0,22000.0,160109211600,7283369,649,22600.0,21950.0
2024-01-10,21600.0,22400.0,21350.0,21600.0,158264450200,7329143,904,22000.0,21650.0
2024-01-13,21600.0,22200.0,21600.0,22200.0,130240890150,5872282,682,21600.0,22200.0
2024-01-14,22750.0,22850.0,22300.0,22650.0,124595320750,5495375,610,22200.0,22850.0
2024-01-15,23200.0,23300.0,22900.0,23250.0,235094307900,10113433,1482,22650.0,23000.0
2024-01-16,23300.0,23900.0,22700.0,23650.0,198757496850,8412670,961,23250.0,23850.0
2024-01-17,23800.0,24350.0,23650.0,24350.0,190943870300,7848745,605,23650.0,24350.0
2024-01-20,25000.0,25050.0,23650.0,24450.0,284463232550,11639169,1353,24350.0,23650.0
2024-01-21,23750.0,24250.0,23750.0,23900.0,186007304500,7785032,764,24450.0,24250.0
2024-01-22,24350.0,24600.0,23850.0,24450.0,239339597200,9782052,882,23900.0,24550.0
2024-01-23,24650.0,25000.0,23750.0,23950.0,158404139150,6614318,777,24450.0,24000.0
2024-01-24,24250.0,24500.0,23750.0,24100.0,119248224000,4950461,535,23950.0,24100.0
2024-01-27,23950.0,24400.0,23850.0,24050.0,105365575000,4378745,434,24100.0,24050.0
2024-01-28,23850.0,24400.0,23700.0,24000.0,97607593650,4065331,458,24050.0,24250.0
2024-01-29,24000.0,24150.0,23300.0,23800.0,173966830300,7308942,783,24000.0,24000.0
2024-01-30,24000.0,24000.0,23150.0,23450.0,133389980450,5683091,590,23800.0,23500.0
2024-01-31,23500.0,24100.0,23100.0,23600.0,88777450500,3758943,496,23450.0,23700.0
2024-02-03,23700.0,24100.0,23400.0,23800.0,194220482200,8159699,589,23600.0,24000.0
2024-02-04,23850.0,23950.0,23100.0,23250.0,133507118250,5738632,467,23800.0,23200.0
2024-02-05,23600.0,23600.0,22600.0,22700.0,102882742400,4529523,485,23250.0,22750.0
2024-02-06,22550.0,23150.0,22150.0,22550.0,36614487050,1623927,323,22700.0,22300.0
2024-02-07,22100.0,22900.0,22100.0,22250.0,67380745950,3028596,429,22550.0,22250.0
2024-02-10,22200.0,22800.0,22150.0,22300.0,40758382050,1827059,290,22250.0,22250.0
2024-02-12,22400.0,22400.0,21650.0,21700.0,92954313450,4286015,391,22300.0,21650.0
2024-02-13,21050.0,21600.0,21050.0,21050.0,141637707350,6720704,593,21700.0,21100.0
2024-02-14,21150.0,21150.0,20450.0,20500.0,118974988000,5801447,627,21050.0,20500.0
2024-02-17,20100.0,20350.0,19900.0,19950.0,65004587350,3259660,468,20500.0,19900.0
2024-02-18,19600.0,20350.0,19450.0,19800.0,61355171600,3100221,378,19950.0,19750.0
2024-02-19,19850.0,20200.0,19250.0,19550.0,136298623650,6976317,642,19800.0,19450.0
2024-02-20,19150.0,19800.0,19050.0,19350.0,64096253400,3316023,521,19550.0,19450.0
2024-02-21,19350.0,19900.0,19300.0,19700.0,74523042250,3787314,481,19350.0,19900.0
2024-02-24,20010.0,20290.0,19900.0,20180.0,91239946500,4521081,531,19700.0,20290.0
2024-02-26,20590.0,20590.0,19580.0,19720.0,40213212220,2039023,286,20180.0,19580.0
2024-02-27,19310.0,19790.0,19140.0,19300.0,73233995600,3794375,408,19720.0,19510.0
2024-02-28,19740.0,19750.0,19200.0,19410.0,31708005960,1633553,254,19300.0,19200.0
2024-03-02,19350.0,19990.0,19350.0,19680.0,63170012390,3209777,319,19410.0,19990.0
2024-03-03,20270.0,20270.0,20270.0,20230.0,19936213910,983533,96,19680.0,20270.0
2024-03-04,20830.0,20830.0,20830.0,20760.0,19427286970,932659,130,20230.0,20830.0
2024-03-05,21380.0,21380.0,20900.0,21370.0,192780931770,9022811,608,20760.0,21380.0
2024-03-06,21640.0,21720.0,21050.0,21350.0,89249357600,4180375,607,21370.0,21160.0
2024-03-10,21800.0,21950.0,21650.0,21950.0,169829340050,7744260,310,21350.0,21950.0
2024-03-11,21700.0,22600.0,21700.0,22600.0,174418042650,7723314,543,21950.0,22600.0
2024-03-12,23250.0,23250.0,23000.0,23250.0,211399059050,9093178,606,22600.0,23250.0
2024-03-13,23250.0,23900.0,22600.0,22850.0,140210809350,6138834,718,23250.0,22600.0
2024-03-16,22250.0,22850.0,22200.0,22250.0,81014930700,3637449,383,22850.0,22200.0
2024-03-17,21800.0,22550.0,21600.0,21700.0,134969460950,6225818,491,22250.0,21700.0
2024-03-18,21700.0,22350.0,21700.0,22150.0,16329699800,730893,99,21700.0,22350.0
2024-03-24,22800.0,22800.0,22400.0,22800.0,89050546950,3907070,228,22150.0,22800.0
2024-03-25,23450.0,23450.0,23450.0,23450.0,28593945100,1219358,132,22800.0,23450.0
2024-03-26,24150.0,24150.0,24150.0,24100.0,24222450000,1003000,139,23450.0,24150.0
2024-03-27,24800.0,24800.0,24800.0,24800.0,36560656000,1474220,142,24100.0,24800.0
2024-03-30,25500.0,25500.0,24800.0,25450.0,406843079800,16000309,1141,24800.0,25500.0
2024-04-02,25400.0,26200.0,24700.0,25850.0,306048999100,11831108,1402,25450.0,25850.0
2024-04-03,26000.0,26550.0,25200.0,25850.0,134882875750,5214544,815,25850.0,25800.0
2024-04-06,25250.0,25300.0,25100.0,25100.0,134486009700,5356085,390,25850.0,25100.0
2024-04-07,24350.0,24350.0,24350.0,24350.0,33915410500,1392830,56,25100.0,24350.0
2024-04-08,23850.0,24700.0,23700.0,24100.0,236313661700,9810299,931,24350.0,24000.0
2024-04-09,24300.0,24300.0,23400.0,23900.0,66919570100,2798505,446,24100.0,24100.0
2024-04-13,23200.0,23200.0,23200.0,23200.0,75557249600,3256778,83,23900.0,23200.0
2024-04-14,23000.0,23000.0,23000.0,23200.0,177721000,7727,4,23200.0,23000.0
2024-04-15,23000.0,23400.0,23000.0,23100.0,109187676350,4727223,530,23200.0,23000.0
2024-04-16,22900.0,22900.0,22900.0,23050.0,4028659600,175924,19,23100.0,22900.0
2024-04-17,22850.0,22850.0,22850.0,23000.0,8939993950,391247,55,23050.0,22850.0
2024-04-20,22850.0,23650.0,22850.0,23600.0,121627689900,5159115,401,23000.0,23650.0
2024-04-21,24150.0,24300.0,24150.0,24300.0,54046813500,2224958,351,23600.0,24300.0
2024-04-22,25000.0,25000.0,24400.0,24950.0,194237547200,7778930,686,24300.0,24450.0
2024-04-23,24300.0,25000.0,24250.0,24450.0,99280270200,4061990,520,24950.0,24450.0
2024-04-24,24300.0,24600.0,23850.0,24150.0,64938578750,2687060,444,24450.0,24000.0
2024-04-27,23900.0,23950.0,23450.0,23500.0,91402491750,3892187,362,24150.0,23450.0
2024-04-28,22800.0,23700.0,22800.0,22800.0,89314262650,3914186,426,23500.0,22800.0
2024-04-29,22600.0,23450.0,22300.0,22900.0,63986873600,2792897,342,22800.0,22750.0
2024-04-30,22700.0,22800.0,22250.0,22250.0,88771906500,3987168,359,22900.0,22250.0
2024-05-01,21650.0,22800.0,21650.0,22050.0,71261280150,3231500,386,22250.0,22750.0
2024-05-05,22700.0,22700.0,22500.0,22700.0,115003995250,5069358,459,22050.0,22600.0
2024-05-06,22450.0,22450.0,22050.0,22150.0,45225247600,2039879,279,22700.0,22250.0
2024-05-07,22100.0,22800.0,22100.0,22750.0,92673918350,4075357,421,22150.0,22800.0
2024-05-08,23150.0,23150.0,22200.0,22700.0,36243234750,1597351,238,22750.0,22700.0
2024-05-11,22950.0,22950.0,22300.0,22450.0,38398949250,1709175,305,22700.0,22500.0
2024-05-12,22150.0,22950.0,21800.0,22000.0,84702972550,3846156,383,22450.0,21800.0
2024-05-13,21700.0,21950.0,21350.0,21400.0,126094078100,5895289,469,22000.0,21500.0
2024-05-14,21950.0,21950.0,20850.0,21100.0,72077737350,3416000,345,21400.0,21350.0
2024-05-15,20750.0,21500.0,20550.0,20950.0,43843104150,2093793,327,21100.0,21000.0
2024-05-18,21500.0,21500.0,20650.0,21000.0,23161028100,1103399,193,20950.0,20700.0
2024-05-19,20400.0,21150.0,20400.0,20400.0,131012957300,6419135,328,21000.0,20750.0
2024-05-21,20050.0,20800.0,20000.0,20500.0,16887749550,822985,182,20400.0,20800.0
2024-05-25,20200.0,20850.0,20100.0,20150.0,76376355900,3789617,282,20500.0,20400.0
2024-05-26,19800.0,20550.0,19750.0,19850.0,95462046000,4809212,282,20150.0,19750.0
2024-05-27,19500.0,20200.0,19500.0,19500.0,76508642000,3920428,161,19850.0,20050.0
2024-05-28,19850.0,19850.0,19600.0,19850.0,23879919450,1203531,147,19500.0,19850.0
2024-05-29,20200.0,20200.0,20200.0,20200.0,40674134200,2013571,150,19850.0,20200.0
2024-06-09,19800.0,19800.0,19800.0,19800.0,27024861600,1364892,62,20200.0,19800.0
2024-06-10,19450.0,19950.0,19450.0,19500.0,114706315100,5886534,446,19800.0,19500.0
2024-06-11,19200.0,19250.0,19150.0,19150.0,44892548350,2344132,158,19500.0,19150.0
2024-06-12,18800.0,18800.0,18800.0,18800.0,26006810800,1383341,68,19150.0,18800.0
2024-06-29,18240.0,18240.0,18240.0,18730.0,2383274880,130662,14,18800.0,18240.0
2024-06-30,18170.0,18170.0,18170.0,18700.0,1167022760,64228,11,18730.0,18170.0
2024-07-01,18140.0,18140.0,18140.0,18600.0,3350385440,184696,26,18700.0,18140.0
2024-07-02,18050.0,18050.0,18050.0,18050.0,25796428250,1429165,62,18600.0,18050.0
2024-07-03,17510.0,17510.0,17510.0,17880.0,5979419860,341486,42,18050.0,17510.0
2024-07-06,18410.0,18410.0,17800.0,18400.0,108455994820,5894094,386,17880.0,18410.0
2024-07-07,18900.0,18900.0,17850.0,18080.0,71166892240,3937186,374,18400.0,17850.0
2024-07-08,17540.0,17540.0,17540.0,18010.0,2582431740,147231,26,18080.0,17540.0
2024-07-09,17470.0,17850.0,17470.0,17480.0,180507818610,10325383,628,18010.0,17480.0
2024-07-10,17110.0,17680.0,16960.0,17020.0,84261394610,4951515,334,17480.0,16960.0
2024-07-13,16510.0,16530.0,16510.0,16710.0,11975117150,725205,83,17020.0,16510.0
2024-07-14,16210.0,16750.0,16210.0,16270.0,130580931780,8024422,542,16710.0,16730.0
2024-07-17,16750.0,16750.0,16400.0,16710.0,18601774550,1111472,122,16270.0,16750.0
2024-07-20,17140.0,17140.0,16210.0,16380.0,53303275780,3254251,315,16710.0,16210.0
2024-07-21,15890.0,15900.0,15890.0,16140.0,9210639220,579648,83,16380.0,15890.0
2024-07-22,15660.0,16170.0,15660.0,15680.0,61964250050,3951486,373,16140.0,15720.0
2024-07-23,15800.0,16100.0,15660.0,15880.0,20894018220,1315601,242,15680.0,15850.0
2024-07-24,15850.0,16350.0,15420.0,16120.0,61847131690,3836020,371,15880.0,16350.0
2024-07-27,16170.0,16600.0,16170.0,16580.0,40566246120,2446067,305,16120.0,16600.0
2024-07-29,16770.0,16770.0,16090.0,16140.0,27905537500,1729391,153,16580.0,16090.0
2024-07-30,15660.0,15660.0,15660.0,15740.0,16128014760,1029886,94,16140.0,15660.0
2024-07-31,15270.0,15270.0,15270.0,15270.0,33575828700,2198810,76,15740.0,15270.0
2024-08-03,14820.0,14820.0,14820.0,15230.0,1885667160,127238,17,15270.0,14820.0
2024-08-04,15080.0,15080.0,15080.0,15170.0,7857343520,521044,23,15230.0,15080.0
2024-08-05,15020.0,15020.0,15020.0,15160.0,1053097260,70113,3,15170.0,15020.0
2024-08-06,15010.0,15010.0,15010.0,15160.0,202635000,13500,2,15160.0,15010.0
2024-08-10,15010.0,15010.0,15010.0,15150.0,958478560,63856,8,15160.0,15010.0
2024-08-11,15000.0,15000.0,15000.0,15150.0,529680000,35312,5,15150.0,15000.0
2024-08-13,15000.0,15000.0,15000.0,15150.0,375000000,25000,2,15150.0,15000.0
2024-08-14,15000.0,15000.0,15000.0,15140.0,1119465000,74631,9,15150.0,15000.0
2024-08-17,14840.0,15150.0,14840.0,14880.0,86821208030,5836182,298,15140.0,15060.0
2024-08-18,15150.0,15170.0,15100.0,15170.0,70195528980,4627896,280,14880.0,15170.0
2024-08-19,15150.0,15400.0,14870.0,14940.0,25767096380,1725151,131,15170.0,14870.0
2024-08-20,14650.0,14650.0,14650.0,14910.0,1841607550,125707,17,14940.0,14650.0
2024-08-21,14620.0,14620.0,14620.0,14900.0,875679520,59896,8,14910.0,14620.0
2024-08-24,14610.0,14720.0,14610.0,14610.0,77225346060,5284797,353,14900.0,14610.0
2024-08-26,14320.0,14700.0,14320.0,14390.0,62456132970,4339929,326,14610.0,14360.0
2024-08-27,14110.0,14390.0,14110.0,14190.0,35921558560,2532287,144,14390.0,14110.0
2024-08-28,14190.0,14470.0,14190.0,14450.0,32007253160,2215473,170,14190.0,14470.0
2024-08-31,14730.0,14730.0,14730.0,14730.0,22980346650,1560105,85,14450.0,14730.0
2024-09-01,15020.0,15020.0,14440.0,14650.0,56699941740,3869729,306,14730.0,14440.0
2024-09-03,14400.0,14400.0,14360.0,14400.0,17202530840,1197938,92,14650.0,14360.0
2024-09-07,14110.0,14110.0,13970.0,14100.0,14191612480,1014620,116,14400.0,13970.0
2024-09-08,13680.0,14520.0,13680.0,14200.0,121392524000,8546306,520,14100.0,14250.0
2024-09-09,14100.0,14620.0,14100.0,14610.0,71014431160,4861443,307,14200.0,14620.0
2024-09-15,15040.0,15040.0,15040.0,15040.0,20592016000,1369150,59,14610.0,15040.0
2024-09-16,15490.0,15490.0,15490.0,15480.0,20616802750,1330975,77,15040.0,15490.0
2024-09-17,15940.0,15940.0,15940.0,15920.0,20973389740,1315771,59,15480.0,15940.0
2024-09-18,16390.0,16390.0,16390.0,16390.0,24664934030,1504877,67,15920.0,16390.0
2024-09-22,16880.0,16880.0,16880.0,16710.0,13586357520,804879,65,16390.0,16880.0
2024-09-23,17210.0,17210.0,17210.0,17130.0,17707162480,1028888,74,16710.0,17210.0
2024-09-24,17640.0,17640.0,17640.0,17640.0,33608186640,1905226,81,17130.0,17640.0
2024-09-25,17640.0,18150.0,17120.0,17590.0,286134841630,16265068,1141,17640.0,17740.0
2024-09-28,17420.0,17420.0,17420.0,17590.0,401391640,23042,5,17590.0,17420.0
2024-09-29,17420.0,17420.0,17420.0,17580.0,1329616340,76327,7,17590.0,17420.0
2024-09-30,17410.0,17410.0,17410.0,17570.0,1033335730,59353,7,17580.0,17410.0
2024-10-01,17400.0,17400.0,17400.0,17540.0,3629640000,208600,28,17570.0,17400.0
2024-10-02,17370.0,17370.0,17370.0,17520.0,2221866180,127914,5,17540.0,17370.0
2024-10-05,17350.0,17350.0,17350.0,17520.0,50315000,2900,1,17520.0,17350.0
2024-10-06,17350.0,17350.0,17350.0,17520.0,260250000,15000,2,17520.0,17350.0
2024-10-07,17350.0,17350.0,17350.0,17520.0,274130000,15800,2,17520.0,17350.0
2024-10-08,17350.0,17350.0,17350.0,17470.0,5460114400,314704,15,17520.0,17350.0
2024-10-09,17300.0,17300.0,17300.0,17430.0,4698299400,271578,14,17470.0,17300.0
2024-10-12,16910.0,16910.0,16910.0,17310.0,4652617400,275140,21,17430.0,16910.0
2024-10-13,16800.0,16800.0,16800.0,17300.0,446980800,26606,5,17310.0,16800.0
2024-10-15,16790.0,16790.0,16790.0,17290.0,281803360,16784,3,17300.0,16790.0
2024-10-19,16780.0,16780.0,16780.0,17290.0,47487400,2830,1,17290.0,16780.0
2024-10-20,16430.0,16430.0,16430.0,17120.0,3656003600,222520,7,17290.0,16430.0
2024-10-21,16610.0,16610.0,16610.0,17120.0,90956360,5476,1,17120.0,16610.0
2024-10-22,16610.0,16610.0,16610.0,17120.0,116270000,7000,2,17120.0,16610.0
2024-10-29,16610.0,16610.0,16610.0,17090.0,1235169430,74363,9,17120.0,16610.0
2024-10-30,16580.0,16580.0,16580.0,17030.0,2394118840,144398,13,17090.0,16580.0
2024-11-02,16520.0,16520.0,16520.0,16930.0,3634400000,220000,9,17030.0,16520.0
2024-11-10,16430.0,16930.0,16430.0,16440.0,351674635090,21394694,746,16930.0,16430.0
2024-11-11,15950.0,15950.0,15950.0,15950.0,89155396000,5589680,192,16440.0,15950.0
2024-11-12,15480.0,15480.0,15480.0,15690.0,10175886360,657357,65,15950.0,15480.0
2024-11-13,15220.0,16160.0,15220.0,15490.0,528334439030,34109609,2058,15690.0,16160.0
2024-11-16,15950.0,15950.0,15950.0,15950.0,31330505250,1964295,83,15490.0,15950.0
2024-11-17,16420.0,16420.0,16200.0,16410.0,402508454520,24522507,1031,15950.0,16420.0
2024-11-18,16820.0,16900.0,16500.0,16850.0,38415907230,2280239,193,16410.0,16900.0
2024-11-19,17350.0,17350.0,16350.0,16810.0,286784638210,17056461,1267,16850.0,16480.0
2024-11-20,16440.0,16940.0,16310.0,16460.0,100352370900,6095141,558,16810.0,16310.0
2024-11-23,15970.0,16800.0,15970.0,16330.0,125092502290,7659987,770,16460.0,16320.0
2024-11-24,16590.0,16810.0,16590.0,16790.0,35503035000,2114803,160,16330.0,16810.0
2024-11-25,17290.0,17290.0,17270.0,17290.0,71877166440,4157342,230,16790.0,17290.0
2024-11-26,17800.0,17800.0,16780.0,17470.0,277271399470,15870647,1023,17290.0,16890.0
2024-11-27,17410.0,17990.0,16990.0,17920.0,119743198850,6683125,555,17470.0,17990.0
2024-11-30,18450.0,18450.0,17480.0,17970.0,123775170600,6888801,614,17920.0,17600.0
2024-12-01,17620.0,18370.0,17440.0,17710.0,92147500060,5202263,558,17970.0,17440.0
2024-12-02,17930.0,18240.0,17600.0,18230.0,83493362290,4580774,268,17710.0,18240.0
2024-12-03,18770.0,18770.0,17690.0,17860.0,263563671170,14756847,1312,18230.0,17690.0
2024-12-04,17370.0,18390.0,17370.0,18090.0,187787866890,10380196,703,17860.0,18390.0
2024-12-07,18630.0,18630.0,17860.0,18370.0,166599029680,9068542,803,18090.0,18010.0
2024-12-08,17900.0,18270.0,17820.0,17880.0,119409211510,6677960,558,18370.0,18000.0
2024-12-09,18060.0,18410.0,18060.0,18290.0,123703766940,6763331,644,17880.0,18390.0
2024-12-10,18740.0,18740.0,17750.0,17890.0,277499224570,15508818,869,18290.0,17750.0
2024-12-11,17680.0,17920.0,17360.0,17570.0,128545974410,7316841,779,17890.0,17850.0
2024-12-14,18060.0,18090.0,18000.0,18080.0,88031333170,4867730,252,17570.0,18090.0
2024-12-15,18400.0,18620.0,17540.0,18150.0,248403244330,13688169,1100,18080.0,17700.0
2024-12-16,17690.0,17990.0,17610.0,17620.0,187199484360,10621259,667,18150.0,17610.0
2024-12-17,17100.0,17100.0,17100.0,17320.0,11381896800,665608,58,17620.0,17100.0
2024-12-18,16810.0,17100.0,16810.0,16810.0,198737100260,11819790,540,17320.0,16810.0
2024-12-21,17250.0,17310.0,16880.0,17270.0,141949013440,8217064,649,16810.0,17070.0
2024-12-22,17080.0,17780.0,16760.0,17280.0,222116071690,12855666,894,17270.0,17780.0
2024-12-23,17790.0,17790.0,17790.0,17770.0,20389955130,1146147,101,17280.0,17790.0
2024-12-24,18300.0,18300.0,18300.0,18300.0,53017076400,2897108,162,17770.0,18300.0
2024-12-25,18840.0,18840.0,18130.0,18790.0,513958810610,27347713,1663,18300.0,18840.0
2024-12-28,19350.0,19350.0,18970.0,19320.0,381553450400,19745845,1145,18790.0,19300.0
2024-12-29,19800.0,19800.0,18750.0,18880.0,230512470990,12207094,956,19320.0,18750.0
2025-01-01,18560.0,18960.0,18320.0,18440.0,69257761880,3756180,328,18880.0,18320.0
2025-01-04,18470.0,18750.0,17890.0,18180.0,477387256290,26257320,2129,18440.0,17900.0
2025-01-05,18290.0,18580.0,17660.0,18120.0,176007478990,9715509,1137,18180.0,17800.0
2025-01-06,17700.0,18000.0,17580.0,17620.0,389217176060,22085255,1446,18120.0,17730.0
2025-01-07,17640.0,18080.0,17380.0,17840.0,204493197730,11462180,1291,17620.0,18000.0
2025-01-08,18090.0,18250.0,17680.0,17900.0,209300323700,11694444,1324,17840.0,17950.0
2025-01-11,18000.0,18110.0,17370.0,17510.0,193995083460,11077475,953,17900.0,17370.0
2025-01-12,16990.0,16990.0,16990.0,17100.0,15088309300,888070,83,17510.0,16990.0
2025-01-13,16590.0,16910.0,16590.0,16610.0,266998376580,16077943,1264,17100.0,16590.0
2025-01-15,16260.0,16810.0,16120.0,16210.0,202050566750,12465435,1091,16610.0,16120.0
2025-01-18,16100.0,16100.0,15730.0,15740.0,48311371870,3069167,203,16210.0,15730.0
2025-01-19,15270.0,15680.0,15270.0,15310.0,210578818870,13757727,1130,15740.0,15290.0
2025-01-20,15550.0,15670.0,14860.0,15020.0,83853909840,5583357,548,15310.0,14860.0
2025-01-25,14860.0,15070.0,14650.0,14880.0,11346269030,767799,123,15020.0,14760.0
2025-01-26,14760.0,15320.0,14760.0,15240.0,109557996200,7190781,758,14880.0,15050.0
2025-01-27,14860.0,15270.0,14790.0,14890.0,49877809610,3348767,345,15240.0,14790.0
2025-01-29,14980.0,14980.0,14450.0,14470.0,33570983870,2320026,260,14890.0,14450.0
2025-02-01,14110.0,14420.0,14040.0,14070.0,24438827090,1737134,148,14470.0,14040.0
2025-02-02,13650.0,13960.0,13650.0,13660.0,218412218040,15983982,1099,14070.0,13740.0
2025-02-03,13380.0,14060.0,13380.0,13910.0,90400959910,6497262,603,13660.0,14060.0
2025-02-04,14320.0,14320.0,14310.0,14320.0,29525585400,2061845,178,13910.0,14320.0
2025-02-05,14700.0,14700.0,13900.0,14350.0,173238998120,12070137,1129,14320.0,14110.0
2025-02-09,14060.0,14720.0,13920.0,14200.0,119292183360,8399698,547,14350.0,13920.0
2025-02-11,13780.0,13780.0,13780.0,14040.0,7117810960,516532,30,14200.0,13780.0
2025-02-15,13620.0,13620.0,13620.0,13980.0,2668961580,195959,12,14040.0,13620.0
2025-02-16,13570.0,13570.0,13570.0,13920.0,2966673400,218620,21,13980.0,13570.0
2025-02-17,13510.0,13510.0,13510.0,13510.0,45074196580,3336358,95,13920.0,13510.0
2025-02-18,13110.0,13110.0,13110.0,13410.0,4435545630,338333,39,13510.0,13110.0
2025-02-19,13010.0,13010.0,13010.0,13210.0,9364142650,719765,47,13410.0,13010.0
2025-02-22,12820.0,12820.0,12820.0,13160.0,2582101840,201412,26,13210.0,12820.0
2025-02-23,12770.0,13120.0,12770.0,12820.0,412078418570,32150877,1849,13160.0,12950.0
2025-02-24,13050.0,13200.0,12940.0,13170.0,39896877220,3029916,195,12820.0,13200.0
2025-02-25,13560.0,13560.0,12780.0,13330.0,210533201660,15789733,1048,13170.0,12900.0
2025-02-26,13000.0,13180.0,12940.0,12970.0,37994874820,2930086,201,13330.0,12940.0
2025-03-01,12590.0,12820.0,12590.0,12600.0,211159579090,16753860,962,12970.0,12650.0
2025-03-02,12840.0,12920.0,12400.0,12670.0,77099183470,6087041,590,12600.0,12740.0
2025-03-03,12290.0,12410.0,12290.0,12290.0,84435956210,6869859,391,12670.0,12290.0
2025-03-04,12300.0,12650.0,12030.0,12390.0,78925877180,6368706,668,12290.0,12170.0
2025-03-05,12380.0,12760.0,12020.0,12290.0,174815693310,14218855,918,12390.0,12760.0
2025-03-08,12650.0,12650.0,12650.0,12650.0,35430663950,2800843,131,12290.0,12650.0
2025-03-09,13020.0,13020.0,13020.0,13020.0,23750185620,1824131,113,12650.0,13020.0
2025-03-10,13410.0,13410.0,13410.0,13410.0,37954323000,2830300,118,13020.0,13410.0
2025-03-11,13810.0,13810.0,13810.0,13810.0,24238041480,1755108,127,13410.0,13810.0
2025-03-12,14220.0,14220.0,13640.0,14160.0,811439321600,57296730,2851,13810.0,14220.0
2025-03-15,14540.0,14540.0,14210.0,14400.0,122214927920,8486632,415,14160.0,14230.0
2025-03-16,14060.0,14390.0,13970.0,14060.0,303667089990,21593148,1552,14400.0,14150.0
2025-04-20,1015.0,1015.0,1015.0,1015.0,140797326670,138716578,907,665.0,1015.0
2025-04-21,985.0,1000.0,985.0,985.0,330737537682,335723418,3500,1015.0,985.0
2025-04-22,956.0,956.0,956.0,971.0,13844025288,14481198,187,985.0,956.0
2025-04-23,942.0,942.0,942.0,959.0,12056281200,12798600,163,971.0,942.0
2025-04-29,890.0,900.0,864.0,877.0,750301968870,855881027,5087,959.0,885.0
2025-04-30,890.0,902.0,851.0,881.0,540876302201,613671551,3892,877.0,897.0
2025-05-03,855.0,867.0,855.0,855.0,88509285466,103510490,487,881.0,855.0
2025-05-04,830.0,854.0,830.0,836.0,322276786025,385554463,2352,855.0,837.0
2025-05-05,849.0,854.0,811.0,818.0,235482699517,287930435,1775,836.0,811.0
2025-05-06,818.0,842.0,794.0,823.0,397545257456,483045306,2897,818.0,842.0
2025-05-07,847.0,847.0,831.0,845.0,205876979850,243552152,1466,823.0,847.0
2025-05-10,828.0,852.0,820.0,830.0,226761264496,273298820,1478,845.0,833.0
2025-05-11,840.0,854.0,826.0,853.0,346749790631,406505603,1799,830.0,854.0
2025-05-12,878.0,878.0,878.0,870.0,13993705358,15938161,134,853.0,878.0
2025-05-13,896.0,896.0,896.0,896.0,22696132480,25330505,209,870.0,896.0
2025-05-14,922.0,922.0,922.0,922.0,110184921084,119506422,558,896.0,922.0
2025-05-17,949.0,949.0,910.0,943.0,574116771602,609048549,3213,922.0,949.0
2025-05-18,958.0,967.0,915.0,933.0,295279159708,316454238,2076,943.0,917.0
2025-05-19,910.0,935.0,906.0,911.0,390892046100,428966970,2217,933.0,935.0
2025-05-20,937.0,938.0,884.0,922.0,447118144839,485197238,2557,911.0,884.0
2025-05-21,895.0,895.0,895.0,895.0,28273282700,31590260,210,922.0,895.0
2025-05-24,905.0,921.0,871.0,910.0,175008465416,192294858,1236,895.0,921.0
2025-05-25,887.0,937.0,883.0,906.0,225114891612,248480994,1524,910.0,886.0
2025-05-26,910.0,929.0,879.0,902.0,101645895102,112746149,886,906.0,901.0
2025-05-27,901.0,921.0,876.0,894.0,104328539630,116697213,834,902.0,884.0
2025-05-28,898.0,920.0,877.0,915.0,149156106139,163091385,833,894.0,920.0
2025-05-31,942.0,942.0,927.0,942.0,362363430941,384717047,1512,915.0,942.0
2025-06-01,967.0,970.0,946.0,962.0,336163205540,349434276,2002,942.0,970.0
2025-06-02,988.0,990.0,961.0,983.0,225386791999,229249659,1472,962.0,988.0
2025-06-03,987.0,987.0,954.0,955.0,113988948302,119384558,653,983.0,955.0
2025-06-08,928.0,960.0,927.0,935.0,71262464612,76188312,480,955.0,933.0
2025-06-09,920.0,920.0,907.0,910.0,18141542801,19987517,167,935.0,907.0
2025-06-10,883.0,907.0,883.0,885.0,138295429332,156179075,782,910.0,890.0
2025-06-11,899.0,900.0,859.0,868.0,100732815035,115987864,841,885.0,860.0
2025-06-28,842.0,842.0,842.0,867.0,765394840,909020,7,868.0,842.0
2025-06-29,841.0,841.0,841.0,867.0,79642700,94700,1,867.0,841.0
2025-06-30,841.0,841.0,841.0,867.0,155622004,185044,3,867.0,841.0
2025-07-01,841.0,841.0,841.0,866.0,470960000,560000,2,867.0,841.0
2025-07-02,841.0,841.0,841.0,863.0,2106044815,2504215,25,866.0,841.0
2025-07-07,820.0,820.0,820.0,842.0,9195087220,11213521,72,863.0,820.0
2025-07-14,817.0,817.0,817.0,839.0,2172980619,2659707,18,842.0,817.0
2025-07-15,814.0,814.0,814.0,828.0,8839223558,10858997,34,839.0,814.0
2025-07-16,804.0,804.0,804.0,824.0,3171984216,3945254,24,828.0,804.0
2025-07-23,800.0,800.0,800.0,823.0,959324000,1199155,8,824.0,800.0
2025-07-26,799.0,799.0,799.0,819.0,3266753048,4088552,16,823.0,799.0
2025-07-27,795.0,795.0,795.0,818.0,419609745,527811,3,819.0,795.0
2025-07-28,794.0,794.0,794.0,818.0,71460,90,1,818.0,794.0
2025-07-29,794.0,794.0,794.0,818.0,102029000,128500,1,818.0,794.0
2025-07-30,794.0,794.0,794.0,816.0,1275008376,1605804,8,818.0,794.0
2025-08-02,792.0,792.0,792.0,816.0,147413376,186128,2,816.0,792.0
2025-08-03,776.0,776.0,776.0,808.0,3856381664,4969564,26,816.0,776.0
2025-08-04,784.0,784.0,784.0,808.0,125683040,160310,4,808.0,784.0
2025-08-06,784.0,784.0,784.0,807.0,926963968,1182352,11,808.0,784.0
2025-08-10,783.0,783.0,783.0,807.0,132327000,169000,2,807.0,783.0
2025-08-11,783.0,783.0,783.0,806.0,477630000,610000,4,807.0,783.0
2025-08-12,782.0,782.0,782.0,806.0,155079202,198311,3,806.0,782.0
2025-08-16,782.0,782.0,782.0,806.0,150926000,193000,2,806.0,782.0
2025-08-17,782.0,782.0,782.0,790.0,12619405354,16137347,75,806.0,782.0
2025-08-18,767.0,767.0,767.0,789.0,712776935,929305,8,790.0,767.0
2025-08-19,766.0,766.0,766.0,789.0,105360236,137546,3,789.0,766.0
2025-08-20,766.0,766.0,766.0,789.0,53620000,70000,1,789.0,766.0
2025-08-25,766.0,766.0,766.0,788.0,1066619764,1392454,7,789.0,766.0
2025-08-26,749.0,749.0,749.0,749.0,840462637,1122113,9,788.0,749.0
2025-08-27,727.0,727.0,727.0,749.0,280205429,385427,5,749.0,727.0
2025-08-30,727.0,727.0,727.0,748.0,1049408506,1443478,11,749.0,727.0
2025-08-31,726.0,726.0,726.0,745.0,2859965922,3939347,26,748.0,726.0
2025-09-02,723.0,723.0,723.0,738.0,6142640535,8496045,49,745.0,723.0
2025-09-03,716.0,716.0,716.0,726.0,10596897376,14800136,75,738.0,716.0
2025-09-06,705.0,705.0,705.0,726.0,49350000,70000,1,726.0,705.0
2025-09-07,705.0,705.0,705.0,718.0,7435430550,10546710,47,726.0,705.0
2025-09-08,697.0,697.0,697.0,697.0,39794239200,57093600,256,718.0,697.0
2025-09-09,677.0,677.0,677.0,677.0,30106523084,44470492,131,697.0,677.0
2025-09-13,657.0,657.0,657.0,673.0,3604393980,5486140,32,677.0,657.0
2025-09-14,653.0,653.0,653.0,653.0,108208544457,165709869,539,673.0,653.0
2025-09-15,650.0,671.0,634.0,650.0,633385503354,974248507,4137,653.0,634.0
2025-09-16,631.0,641.0,631.0,631.0,90064940765,142692913,627,650.0,631.0
2025-09-17,613.0,613.0,613.0,626.0,5055954731,8247887,52,631.0,613.0
2025-09-20,608.0,608.0,608.0,625.0,646908960,1063995,9,626.0,608.0
2025-09-21,607.0,607.0,607.0,624.0,890264441,1466663,10,625.0,607.0
2025-09-22,606.0,630.0,606.0,608.0,214415174497,352653538,1771,624.0,606.0
2025-09-23,590.0,599.0,590.0,590.0,68504358176,116019147,367,608.0,590.0
2025-09-28,607.0,607.0,607.0,607.0,102908793896,169536728,611,590.0,607.0
