date,open,high,low,adjClose,value,volume,count,yesterday,close
2013-11-16,3000.0,3000.0,3000.0,3000.0,9000000,3000,1,1000.0,3000.0
2013-11-23,3000.0,3000.0,3000.0,3000.0,806472000,268824,3,3000.0,3000.0
2013-11-30,1000.0,5500.0,1000.0,3058.0,1176525000,384721,7,3000.0,3000.0
2013-12-09,3201.0,5500.0,2950.0,3002.0,37873979350,12617580,22,3058.0,3200.0
2013-12-17,3500.0,3600.0,3000.0,3389.0,4077908900,1203104,18,3002.0,3200.0
2013-12-29,3450.0,3600.0,3450.0,3496.0,79582350,22763,2,3389.0,3600.0
2014-01-01,3500.0,3600.0,3200.0,3529.0,308368000,87388,5,3496.0,3200.0
2014-01-04,3700.0,4000.0,3700.0,3714.0,39048100,10513,2,3529.0,4000.0
2014-01-05,4000.0,4000.0,4000.0,4000.0,6000000,1500,1,3714.0,4000.0
2014-01-06,3777.0,4000.0,3777.0,3933.0,294980000,75000,3,4000.0,4000.0
2014-01-07,4600.0,4600.0,4600.0,4600.0,39606000,8610,1,3933.0,4600.0
2014-01-11,5000.0,5000.0,4500.0,4697.0,139555000,29711,5,4600.0,5000.0
2014-01-22,5100.0,5100.0,4600.0,4996.0,745370800,149200,27,4697.0,5100.0
2014-01-28,5100.0,5200.0,4000.0,4317.0,159135800,36863,9,4996.0,4170.0
2014-01-29,4900.0,4900.0,4900.0,4900.0,19600000,4000,1,4317.0,4900.0
2014-02-02,4200.0,4200.0,4170.0,4182.0,41820000,10000,2,4900.0,4170.0
2014-02-03,4160.0,4170.0,4160.0,4161.0,517679300,124416,7,4182.0,4160.0
2014-02-05,4170.0,4170.0,4170.0,4170.0,48267750,11575,2,4161.0,4170.0
2014-02-08,4100.0,4180.0,4100.0,4128.0,330274147,80000,7,4170.0,4180.0
2014-02-09,4110.0,4110.0,4110.0,4110.0,8220000,2000,1,4128.0,4110.0
2014-02-12,4100.0,4160.0,4090.0,4126.0,114663100,27791,4,4110.0,4160.0
2014-02-17,4140.0,4140.0,4100.0,4117.0,194392000,47220,5,4126.0,4100.0
2014-02-18,4150.0,4150.0,4100.0,4102.0,994155500,242355,7,4117.0,4100.0
2014-02-19,3732.0,3732.0,3700.0,3722.0,59556000,16000,5,4102.0,3700.0
2014-02-23,3720.0,3800.0,3610.0,3739.0,820131370,219370,24,3722.0,3800.0
2014-02-24,3754.0,3800.0,3737.0,3769.0,363668600,96497,10,3739.0,3800.0
2014-02-25,3980.0,4000.0,3852.0,3993.0,489212000,122503,9,3769.0,4000.0
2014-02-26,4000.0,4000.0,3755.0,3925.0,661749250,168615,8,3993.0,3755.0
2014-03-02,3800.0,3999.0,3800.0,3805.0,509860000,134000,8,3925.0,3811.0
2014-03-03,3753.0,3754.0,3500.0,3589.0,264863504,73808,14,3805.0,3530.0
2014-03-10,3534.0,3753.0,3400.0,3511.0,235061576,66942,7,3489.0,3432.0
2014-03-11,3200.0,3200.0,3200.0,3200.0,18931200,5916,1,3511.0,3200.0
2014-03-17,3533.0,3533.0,3302.0,3525.0,28716592,8147,13,3200.0,3302.0
2014-03-18,3380.0,3381.0,2200.0,3077.0,1790733320,581936,31,3525.0,3000.0
2014-03-29,3249.0,3249.0,3249.0,3249.0,14919408,4592,1,3077.0,3249.0
2014-03-31,2850.0,3190.0,2850.0,3129.0,77555357,24783,5,3249.0,3190.0
2014-04-05,2851.0,2851.0,2851.0,2851.0,812535,285,1,3129.0,2851.0
2014-04-06,2750.0,2750.0,2750.0,2750.0,78815000,28660,1,2851.0,2750.0
2014-04-07,2620.0,2700.0,2601.0,2614.0,173435340,66340,5,2750.0,2700.0
2014-04-08,2700.0,2700.0,2700.0,2700.0,51937200,19236,2,2614.0,2700.0
2014-04-09,2750.0,2750.0,2610.0,2681.0,40452980,15088,4,2700.0,2610.0
2014-04-12,2890.0,2890.0,2890.0,2890.0,3872600,1340,1,2681.0,2890.0
2014-04-13,2610.0,2650.0,2499.0,2524.0,240102644,95135,10,2890.0,2499.0
2014-04-15,2500.0,2500.0,2471.0,2496.0,27088652,10853,3,2524.0,2471.0
2014-04-21,3030.0,3030.0,2990.0,3014.0,5000410,1659,2,2496.0,2990.0
2014-04-26,2900.0,2900.0,2700.0,2786.0,97500000,35000,4,3014.0,2900.0
2014-04-27,2800.0,3000.0,2750.0,2879.0,153353590,53266,9,2786.0,2990.0
2014-05-04,2800.0,2800.0,2800.0,2800.0,4880400,1743,1,2879.0,2800.0
2014-05-05,3000.0,3000.0,3000.0,3000.0,5535000,1845,2,2800.0,3000.0
2014-05-06,3100.0,3100.0,3000.0,3081.0,87389000,28363,3,3000.0,3090.0
2014-05-18,3200.0,3200.0,3100.0,3169.0,89835000,28350,5,3081.0,3100.0
2014-05-21,3290.0,3290.0,3290.0,3290.0,9870000,3000,1,3169.0,3290.0
2014-05-24,3290.0,3290.0,3290.0,3290.0,32900,10,1,3290.0,3290.0
2014-05-25,3290.0,3290.0,2880.0,3289.0,65911100,20040,2,3290.0,2880.0
2014-05-28,2900.0,2900.0,2850.0,2875.0,51197050,17807,3,3289.0,2850.0
2014-05-31,2850.0,2850.0,2650.0,2726.0,43927750,16115,2,2875.0,2650.0
2014-06-01,3291.0,3291.0,2650.0,2687.0,14131300,5260,2,2726.0,2650.0
2014-06-03,3000.0,3000.0,2500.0,2551.0,250045000,98000,6,2687.0,2500.0
2014-06-08,2600.0,2600.0,2600.0,2600.0,54545400,20979,4,2551.0,2600.0
2014-06-09,2505.0,2505.0,2505.0,2505.0,49999800,19960,1,2600.0,2505.0
2014-06-11,2504.0,2504.0,2350.0,2393.0,43079020,18000,4,2505.0,2350.0
2014-06-15,2360.0,2360.0,2360.0,2360.0,47200000,20000,4,2393.0,2360.0
2014-06-16,2500.0,2500.0,2500.0,2500.0,25000000,10000,1,2360.0,2500.0
2014-06-18,2360.0,2360.0,2360.0,2360.0,1323960,561,1,2500.0,2360.0
2014-06-21,2500.0,2500.0,2370.0,2394.0,58497500,24439,3,2360.0,2370.0
2014-06-23,2380.0,2500.0,2353.0,2367.0,72145450,30485,6,2394.0,2500.0
2014-06-30,2050.0,2100.0,2050.0,2060.0,17316400,8408,3,2367.0,2100.0
2014-07-01,2450.0,2450.0,2450.0,2450.0,7350000,3000,1,2060.0,2450.0
2014-07-02,2400.0,2498.0,2400.0,2453.0,81351400,33161,4,2450.0,2498.0
2014-07-06,2700.0,2700.0,2700.0,2700.0,13500000,5000,1,2453.0,2700.0
2014-07-08,2990.0,3150.0,2700.0,2896.0,333004650,115000,11,2700.0,3150.0
2014-07-09,2900.0,2900.0,2900.0,2900.0,2943500,1015,1,2896.0,2900.0
2014-07-12,3290.0,3290.0,3100.0,3263.0,114200000,35000,2,2900.0,3100.0
2014-07-13,2416.0,2416.0,2416.0,2416.0,11862560,4910,1,3263.0,2416.0
2014-07-14,3000.0,3000.0,3000.0,3000.0,15270000,5090,1,2416.0,3000.0
2014-07-27,2352.0,2352.0,2352.0,2352.0,11760000,5000,1,3000.0,2352.0
2014-07-28,3000.0,3000.0,3000.0,3000.0,6270000,2090,1,2352.0,3000.0
2014-08-09,2427.0,2427.0,2300.0,2366.0,118296000,50000,4,3000.0,2300.0
2014-08-10,2310.0,2310.0,2310.0,2310.0,23100000,10000,1,2366.0,2310.0
2014-08-11,2310.0,2900.0,2300.0,2322.0,67139000,28910,3,2310.0,2900.0
2014-08-13,2500.0,2500.0,2500.0,2500.0,25000000,10000,1,2322.0,2500.0
2014-08-16,2500.0,2500.0,2500.0,2500.0,12412500,4965,1,2500.0,2500.0
2014-08-17,2500.0,2500.0,2500.0,2500.0,20000000,8000,2,2500.0,2500.0
2014-08-19,2500.0,2500.0,2500.0,2500.0,24152500,9661,1,2500.0,2500.0
2014-08-23,2320.0,2320.0,2300.0,2310.0,69300000,30000,3,2500.0,2300.0
2014-08-24,2310.0,2310.0,2310.0,2310.0,4620000,2000,1,2310.0,2310.0
2014-08-25,2310.0,2310.0,2310.0,2310.0,10154760,4396,1,2310.0,2310.0
2014-08-27,2310.0,2310.0,2310.0,2310.0,2413950,1045,1,2310.0,2310.0
2014-09-01,2120.0,2121.0,2026.0,2119.0,25768186,12161,4,2310.0,2026.0
2014-09-02,2028.0,2028.0,2028.0,2028.0,20280000,10000,1,2119.0,2028.0
2014-09-03,2300.0,2300.0,2300.0,2300.0,2300000,1000,1,2028.0,2300.0
2014-09-06,2051.0,2052.0,2050.0,2051.0,73826000,36000,3,2300.0,2050.0
2014-09-08,2030.0,2030.0,2025.0,2027.0,165853331,81839,3,2051.0,2025.0
2014-09-09,2020.0,2020.0,2020.0,2020.0,16731660,8283,1,2027.0,2020.0
2014-09-13,2026.0,2416.0,2008.0,2048.0,117014091,57134,5,2020.0,2416.0
2014-09-14,2001.0,2001.0,2001.0,2001.0,10005000,5000,1,2048.0,2001.0
2014-09-16,2250.0,2250.0,2250.0,2250.0,1192500,530,1,2001.0,2250.0
2014-09-17,2008.0,2008.0,2008.0,2008.0,1044160,520,1,2250.0,2008.0
2014-09-22,1850.0,1850.0,1850.0,1850.0,2257000,1220,1,2008.0,1850.0
2014-09-30,1900.0,1900.0,1900.0,1900.0,6454300,3397,1,1850.0,1900.0
2014-10-04,1920.0,1920.0,1910.0,1917.0,15333830,8000,2,1900.0,1910.0
2014-10-07,2100.0,2500.0,2100.0,2274.0,142323730,62582,10,1917.0,2300.0
2014-10-08,2444.0,2444.0,2300.0,2389.0,24729468,10353,3,2274.0,2300.0
2014-10-18,2148.0,2300.0,2120.0,2131.0,83094000,39000,4,2389.0,2300.0
2014-10-19,2190.0,2190.0,2190.0,2190.0,21900000,10000,1,2131.0,2190.0
2014-10-21,2140.0,2300.0,2140.0,2155.0,435320,202,2,2190.0,2300.0
2014-10-25,2141.0,2141.0,2141.0,2141.0,42820000,20000,1,2155.0,2141.0
2014-10-26,2500.0,2500.0,2422.0,2485.0,67104000,27000,4,2141.0,2499.0
2014-10-27,2159.0,2489.0,2159.0,2400.0,3287830,1370,2,2485.0,2489.0
2014-10-28,2480.0,2499.0,2480.0,2485.0,20192000,8125,4,2400.0,2488.0
2014-11-02,2220.0,2220.0,2211.0,2216.0,37677000,17000,2,2485.0,2211.0
2014-11-08,2165.0,2200.0,2165.0,2176.0,61705005,28363,2,2216.0,2200.0
2014-11-09,2120.0,2150.0,2120.0,2145.0,23590000,11000,2,2176.0,2150.0
2014-11-11,2390.0,2390.0,2390.0,2390.0,2390000,1000,1,2145.0,2390.0
2014-11-12,2300.0,2310.0,2300.0,2303.0,34550000,15000,3,2390.0,2310.0
2014-11-16,2365.0,2390.0,2365.0,2381.0,35758630,15017,3,2303.0,2390.0
2014-11-24,2230.0,2230.0,2230.0,2230.0,36509560,16372,2,2381.0,2230.0
2014-11-25,2232.0,2232.0,2232.0,2232.0,50322672,22546,2,2230.0,2232.0
2014-11-26,2241.0,2241.0,2191.0,2202.0,250313833,113664,4,2232.0,2191.0
2014-11-30,2130.0,2130.0,2130.0,2130.0,3812700,1790,1,2202.0,2130.0
2014-12-01,2130.0,2130.0,2111.0,2123.0,10531550,4960,2,2130.0,2111.0
2014-12-03,2110.0,2110.0,2000.0,2019.0,66410000,32900,3,2123.0,2000.0
2014-12-06,2110.0,2110.0,2110.0,2110.0,8440000,4000,1,2019.0,2110.0
2014-12-10,2000.0,2022.0,2000.0,2011.0,100560000,50000,6,2110.0,2010.0
2014-12-14,2090.0,2090.0,2090.0,2090.0,2090000,1000,1,2011.0,2090.0
2014-12-15,1951.0,1951.0,1950.0,1950.0,39010000,20000,2,2090.0,1950.0
2014-12-20,1950.0,1950.0,1950.0,1950.0,6466200,3316,1,1950.0,1950.0
2014-12-27,1904.0,1904.0,1904.0,1904.0,11424000,6000,1,1950.0,1904.0
2014-12-28,1910.0,2000.0,1910.0,1987.0,12876800,6480,3,1904.0,2000.0
2014-12-29,1900.0,1900.0,1900.0,1900.0,3800000,2000,1,1987.0,1900.0
2015-01-03,1900.0,2000.0,1900.0,1932.0,28284000,14642,2,1900.0,2000.0
2015-01-05,1900.0,1900.0,1900.0,1900.0,68400,36,1,1932.0,1900.0
2015-01-07,1950.0,1950.0,1900.0,1911.0,192901600,100964,5,1900.0,1900.0
2015-01-13,1852.0,1852.0,1852.0,1852.0,3704000,2000,1,1911.0,1852.0
2015-01-17,1830.0,1852.0,1830.0,1846.0,35808800,19400,4,1852.0,1852.0
2015-01-19,1750.0,1750.0,1750.0,1750.0,9625000,5500,2,1846.0,1750.0
2015-01-20,1750.0,1750.0,1750.0,1750.0,5250000,3000,1,1750.0,1750.0
2015-01-24,1750.0,1750.0,1601.0,1672.0,16723500,10000,4,1750.0,1601.0
2015-01-26,1520.0,1520.0,1520.0,1520.0,45600000,30000,1,1672.0,1520.0
2015-01-27,1520.0,1520.0,1520.0,1520.0,404320,266,1,1520.0,1520.0
2015-01-28,1755.0,1755.0,1755.0,1755.0,7020000,4000,1,1520.0,1755.0
2015-01-31,1530.0,1530.0,1530.0,1530.0,408510,267,3,1755.0,1530.0
2015-02-03,1610.0,1610.0,1610.0,1610.0,1645420,1022,1,1530.0,1610.0
2015-02-04,1700.0,1700.0,1650.0,1674.0,6940900,4146,2,1610.0,1650.0
2015-02-07,1898.0,2000.0,1800.0,1895.0,69297332,36560,7,1674.0,2000.0
2015-02-08,1900.0,1900.0,1900.0,1900.0,25213000,13270,2,1895.0,1900.0
2015-02-09,1950.0,1950.0,1950.0,1950.0,3900,2,1,1900.0,1950.0
2015-02-18,1720.0,1720.0,1720.0,1720.0,12040000,7000,1,1950.0,1720.0
2015-02-21,1720.0,1720.0,1720.0,1720.0,5072280,2949,1,1720.0,1720.0
2015-03-01,1701.0,1701.0,1701.0,1701.0,739935,435,1,1720.0,1701.0
2015-03-03,1701.0,1701.0,1701.0,1701.0,454167,267,1,1701.0,1701.0
2015-03-04,1701.0,1701.0,1701.0,1701.0,3041388,1788,1,1701.0,1701.0
2015-03-08,1721.0,1721.0,1721.0,1721.0,11146917,6477,1,1701.0,1721.0
2015-03-09,1700.0,1700.0,1700.0,1700.0,1915900,1127,1,1721.0,1700.0
2015-03-11,1701.0,1940.0,1650.0,1722.0,84141103,48870,12,1700.0,1940.0
2015-03-29,2000.0,2000.0,2000.0,2000.0,10000000,5000,1,1702.0,2000.0
2015-03-30,1802.0,1802.0,1802.0,1802.0,27030000,15000,1,2000.0,1802.0
2015-04-05,2000.0,2050.0,1999.0,2023.0,456218900,225491,8,1802.0,2020.0
2015-04-06,2020.0,2199.0,2020.0,2083.0,229205500,110057,9,2023.0,2195.0
2015-04-07,2194.0,2194.0,2194.0,2194.0,43880000,20000,1,2083.0,2194.0
2015-04-08,2022.0,2022.0,2022.0,2022.0,1346652,666,1,2194.0,2022.0
2015-04-11,2190.0,2190.0,2190.0,2190.0,7537980,3442,2,2022.0,2190.0
2015-04-12,2000.0,2200.0,1940.0,2025.0,60756020,30000,6,2190.0,2200.0
2015-04-13,1911.0,1911.0,1911.0,1911.0,1859403,973,1,2025.0,1911.0
2015-04-14,2000.0,2194.0,2000.0,2017.0,409590992,203027,4,1911.0,2194.0
2015-04-15,2000.0,2000.0,2000.0,2000.0,20000000,10000,1,2017.0,2000.0
2015-04-21,1920.0,1920.0,1920.0,1920.0,3154560,1643,1,2000.0,1920.0
2015-04-25,1920.0,1920.0,1920.0,1920.0,1714560,893,1,1920.0,1920.0
2015-04-26,1920.0,1920.0,1900.0,1904.0,40889380,21479,4,1920.0,1900.0
2015-04-28,1900.0,1900.0,1900.0,1900.0,4818400,2536,1,1904.0,1900.0
2015-05-04,1900.0,1900.0,1900.0,1900.0,9471500,4985,1,1900.0,1900.0
2015-05-05,1900.0,1900.0,1900.0,1900.0,2175500,1145,1,1900.0,1900.0
2015-05-06,1900.0,1900.0,1850.0,1883.0,28440000,15100,3,1900.0,1850.0
2015-05-09,1900.0,2200.0,1850.0,1942.0,173920097,89538,12,1883.0,1859.0
2015-05-19,1850.0,1850.0,1850.0,1850.0,64750,35,1,1942.0,1850.0
2015-05-20,1850.0,1850.0,1840.0,1841.0,73552600,39960,3,1850.0,1840.0
2015-05-24,1843.0,1843.0,1843.0,1843.0,624777,339,1,1841.0,1843.0
2015-05-30,1935.0,1999.0,1846.0,1986.0,39900700,20087,4,1843.0,1846.0
2015-06-06,1860.0,1860.0,1860.0,1860.0,1497300,805,1,1986.0,1860.0
2015-06-08,1860.0,1860.0,1857.0,1858.0,13370700,7195,4,1860.0,1857.0
2015-06-09,1859.0,1859.0,1858.0,1859.0,20277064,10908,2,1858.0,1858.0
2015-06-13,1858.0,1858.0,1858.0,1858.0,12561938,6761,2,1859.0,1858.0
2015-06-14,1859.0,1859.0,1859.0,1859.0,6495346,3494,1,1858.0,1859.0
2015-06-30,1920.0,1920.0,1920.0,1920.0,1768320,921,1,1859.0,1920.0
2015-07-01,1920.0,1920.0,1862.0,1868.0,1330326,712,2,1920.0,1862.0
2015-07-12,2000.0,2000.0,2000.0,2000.0,10000000,5000,1,1868.0,2000.0
2015-07-14,1864.0,2010.0,1864.0,1915.0,117745000,61500,4,2000.0,2000.0
2015-07-21,1858.0,1858.0,1820.0,1837.0,111421063,60662,13,1915.0,1856.0
2015-07-25,1602.0,1602.0,1601.0,1601.0,25900748,16174,2,1837.0,1601.0
2015-07-26,1600.0,1600.0,1600.0,1600.0,32000000,20000,1,1601.0,1600.0
2015-08-05,1540.0,1540.0,1540.0,1540.0,7361200,4780,1,1600.0,1540.0
2015-08-10,1400.0,1400.0,1400.0,1400.0,23657200,16898,2,1540.0,1400.0
2015-08-12,1420.0,1420.0,1420.0,1420.0,7100000,5000,1,1400.0,1420.0
2015-08-17,1400.0,1400.0,1400.0,1400.0,1703800,1217,1,1420.0,1400.0
2015-08-19,1550.0,1598.0,1550.0,1571.0,10994000,7000,2,1400.0,1598.0
2015-08-26,1900.0,1900.0,1900.0,1900.0,38000000,20000,1,1571.0,1900.0
2015-09-26,1400.0,1402.0,1400.0,1400.0,29410000,21000,3,1900.0,1400.0
2015-10-04,1400.0,1400.0,1400.0,1400.0,3896200,2783,1,1400.0,1400.0
2015-10-07,1360.0,1360.0,1360.0,1360.0,9520000,7000,1,1400.0,1360.0
2015-10-14,1360.0,1650.0,1360.0,1597.0,198988320,124625,5,1360.0,1650.0
2015-10-19,1600.0,1610.0,1600.0,1605.0,16050000,10000,2,1597.0,1610.0
2015-10-20,1610.0,1610.0,1610.0,1610.0,88550000,55000,1,1605.0,1610.0
2015-10-28,1499.0,1499.0,1499.0,1499.0,7495000,5000,1,1610.0,1499.0
2015-10-31,1427.0,1427.0,1427.0,1427.0,7135000,5000,1,1499.0,1427.0
2015-11-11,1500.0,1500.0,1490.0,1495.0,29900000,20000,2,1427.0,1490.0
2015-11-16,1485.0,1485.0,1485.0,1485.0,3886245,2617,1,1495.0,1485.0
2015-11-17,1481.0,1481.0,1481.0,1481.0,7405000,5000,1,1485.0,1481.0
2015-11-21,1499.0,1499.0,1499.0,1499.0,3922883,2617,1,1481.0,1499.0
2015-11-28,1490.0,1491.0,1489.0,1491.0,52518775,35226,3,1499.0,1489.0
2015-11-29,1480.0,1490.0,1435.0,1458.0,25559480,17528,5,1491.0,1490.0
2015-12-06,1520.0,1540.0,1500.0,1508.0,22620000,15000,3,1458.0,1500.0
2015-12-07,1540.0,1540.0,1510.0,1528.0,13755000,9000,2,1508.0,1510.0
2015-12-09,1570.0,1589.0,1570.0,1588.0,28923046,18214,2,1528.0,1589.0
2015-12-13,1541.0,1541.0,1541.0,1541.0,7705000,5000,1,1588.0,1541.0
2015-12-14,1511.0,1511.0,1511.0,1511.0,15110000,10000,1,1541.0,1511.0
2015-12-19,1550.0,1550.0,1500.0,1507.0,22610000,15000,4,1511.0,1510.0
2015-12-21,1510.0,1510.0,1500.0,1504.0,15040000,10000,2,1507.0,1500.0
2015-12-26,1510.0,1510.0,1500.0,1505.0,15050000,10000,2,1504.0,1500.0
2015-12-27,1500.0,1500.0,1500.0,1500.0,556500,371,1,1505.0,1500.0
2016-01-05,1590.0,1600.0,1590.0,1597.0,23950000,15000,2,1500.0,1600.0
2016-01-10,1550.0,1550.0,1550.0,1550.0,4682550,3021,1,1597.0,1550.0
2016-01-11,1550.0,1550.0,1550.0,1550.0,4042400,2608,1,1550.0,1550.0
2016-01-12,1501.0,1501.0,1501.0,1501.0,7505000,5000,1,1550.0,1501.0
2016-01-18,1775.0,1790.0,1775.0,1787.0,67920000,38000,4,1501.0,1790.0
2016-01-30,1690.0,1690.0,1690.0,1690.0,11830000,7000,1,1787.0,1690.0
2016-01-31,1604.0,1604.0,1604.0,1604.0,13441520,8380,1,1690.0,1604.0
2016-02-01,1603.0,1603.0,1603.0,1603.0,5352417,3339,1,1604.0,1603.0
2016-02-03,1604.0,1604.0,1590.0,1601.0,195307273,122000,7,1603.0,1590.0
2016-02-06,1590.0,1590.0,1590.0,1590.0,4770000,3000,1,1601.0,1590.0
2016-02-07,1500.0,1590.0,1500.0,1512.0,15120290,10000,4,1590.0,1590.0
2016-02-09,1500.0,1500.0,1500.0,1500.0,71250000,47500,4,1512.0,1500.0
2016-02-13,1500.0,1501.0,1500.0,1500.0,41850400,27900,2,1500.0,1501.0
2016-02-14,1502.0,1502.0,1501.0,1501.0,75060000,50000,2,1500.0,1501.0
2016-02-15,1500.0,1501.0,1460.0,1498.0,41189840,27500,7,1501.0,1461.0
2016-02-17,1480.0,1480.0,1480.0,1480.0,176120,119,1,1498.0,1480.0
2016-02-21,1580.0,1580.0,1580.0,1580.0,39500000,25000,1,1480.0,1580.0
2016-02-22,1450.0,1450.0,1450.0,1450.0,59450000,41000,1,1580.0,1450.0
2016-02-23,1450.0,1450.0,1433.0,1445.0,136750270,94653,6,1450.0,1435.0
2016-02-28,1430.0,1430.0,1430.0,1430.0,7150000,5000,1,1445.0,1430.0
2016-02-29,1421.0,1422.0,1418.0,1421.0,168414326,118511,5,1430.0,1422.0
2016-03-02,1465.0,1465.0,1465.0,1465.0,7325000,5000,1,1421.0,1465.0
2016-03-05,1464.0,1488.0,1464.0,1470.0,57643688,39217,4,1465.0,1488.0
2016-03-06,1366.0,1440.0,1366.0,1374.0,178655715,130000,7,1470.0,1393.0
2016-03-07,1478.0,1479.0,1474.0,1477.0,64273769,43511,7,1374.0,1479.0
2016-03-08,1402.0,1402.0,1402.0,1402.0,28595192,20396,2,1477.0,1402.0
2016-03-09,1402.0,1402.0,1402.0,1402.0,14020000,10000,1,1402.0,1402.0
2016-03-12,1403.0,1403.0,1402.0,1402.0,53281000,38000,3,1402.0,1402.0
2016-03-15,1451.0,1700.0,1450.0,1585.0,70700000,44600,6,1402.0,1700.0
2016-04-05,1600.0,1600.0,1600.0,1600.0,48000000,30000,1,1585.0,1600.0
2016-04-06,1600.0,1660.0,1600.0,1660.0,83283200,50177,2,1600.0,1660.0
2016-04-09,1660.0,1660.0,1660.0,1660.0,33200000,20000,1,1660.0,1660.0
2016-04-10,1665.0,1750.0,1600.0,1633.0,96362740,59000,6,1660.0,1600.0
2016-04-11,1600.0,1650.0,1600.0,1601.0,24544500,15330,3,1633.0,1650.0
2016-04-12,1600.0,1600.0,1590.0,1597.0,25034800,15678,3,1601.0,1600.0
2016-04-13,1600.0,1630.0,1550.0,1597.0,135720140,85000,11,1597.0,1600.0
2016-04-16,1600.0,1600.0,1590.0,1594.0,94852500,59500,5,1597.0,1600.0
2016-04-17,1600.0,1600.0,1600.0,1600.0,16000000,10000,1,1594.0,1600.0
2016-04-18,1570.0,1595.0,1570.0,1572.0,4072600,2590,2,1600.0,1595.0
2016-04-25,1600.0,1600.0,1600.0,1600.0,8000000,5000,1,1572.0,1600.0
2016-04-26,1610.0,1610.0,1610.0,1610.0,8050000,5000,1,1600.0,1610.0
2016-04-27,1540.0,1540.0,1540.0,1540.0,7700000,5000,1,1610.0,1540.0
2016-04-30,1595.0,1595.0,1500.0,1516.0,17206560,11348,5,1540.0,1510.0
2016-05-04,1510.0,1510.0,1470.0,1484.0,54161000,36500,8,1516.0,1470.0
2016-05-10,1470.0,1470.0,1470.0,1470.0,4410000,3000,1,1484.0,1470.0
2016-05-14,1470.0,1470.0,1470.0,1470.0,2940000,2000,1,1470.0,1470.0
2016-05-16,1470.0,1470.0,1450.0,1466.0,26999750,18415,4,1470.0,1450.0
2016-05-17,1500.0,1500.0,1450.0,1465.0,7952000,5427,2,1466.0,1450.0
2016-05-24,1450.0,1450.0,1450.0,1450.0,374100,258,1,1465.0,1450.0
2016-06-06,1490.0,1490.0,1490.0,1490.0,52150000,35000,1,1450.0,1490.0
2016-06-11,1470.0,1470.0,1450.0,1463.0,94302650,64457,4,1490.0,1450.0
2016-06-12,1440.0,1440.0,1400.0,1413.0,42400000,30000,2,1463.0,1400.0
2016-06-18,1400.0,1400.0,1350.0,1366.0,116863050,85543,5,1413.0,1390.0
2016-06-29,1380.0,1380.0,1380.0,1380.0,209760,152,1,1366.0,1380.0
2016-07-03,1380.0,1380.0,1350.0,1361.0,27216790,20001,4,1380.0,1350.0
2016-07-24,1381.0,1381.0,1381.0,1381.0,13836239,10019,2,1361.0,1381.0
2016-08-01,1381.0,1381.0,1381.0,1381.0,1477670,1070,1,1381.0,1381.0
2016-08-06,1400.0,1400.0,1400.0,1400.0,48064800,34332,4,1381.0,1400.0
2016-08-07,1400.0,1400.0,1400.0,1400.0,935200,668,1,1400.0,1400.0
2016-08-08,1381.0,1381.0,1350.0,1367.0,139802730,102234,6,1400.0,1350.0
2016-08-09,1399.0,1399.0,1399.0,1399.0,6995000,5000,1,1367.0,1399.0
2016-08-16,1330.0,1330.0,1330.0,1330.0,2405970,1809,2,1399.0,1330.0
2016-08-20,1331.0,1331.0,1330.0,1330.0,110083780,82766,3,1330.0,1330.0
2016-08-28,1381.0,1399.0,1381.0,1394.0,55780000,40000,2,1330.0,1399.0
2016-09-04,1478.0,1490.0,1381.0,1484.0,44507305,29985,4,1394.0,1381.0
2016-09-07,1630.0,1638.0,1630.0,1634.0,22874370,13999,2,1484.0,1638.0
2016-09-19,1420.0,1500.0,1401.0,1455.0,57904911,39801,6,1634.0,1499.0
2016-09-21,1638.0,1640.0,1590.0,1638.0,1197534421,730883,13,1455.0,1640.0
2016-09-25,1700.0,1700.0,1700.0,1700.0,84165300,49509,2,1638.0,1700.0
2016-09-27,1700.0,1800.0,1700.0,1798.0,69224700,38491,3,1700.0,1800.0
2016-11-05,1600.0,1685.0,1600.0,1658.0,59700000,36000,4,1798.0,1685.0
2016-11-13,1550.0,1550.0,1550.0,1550.0,6510000,4200,1,1658.0,1550.0
2016-11-22,1550.0,1550.0,1460.0,1500.0,64496630,43000,8,1550.0,1460.0
2016-12-04,1500.0,1500.0,1500.0,1500.0,19500,13,1,1500.0,1500.0
2016-12-06,1480.0,1480.0,1480.0,1480.0,20720000,14000,1,1500.0,1480.0
2016-12-07,1480.0,1480.0,1461.0,1466.0,60110000,41000,2,1480.0,1461.0
2016-12-20,1480.0,1480.0,1480.0,1480.0,2175600,1470,1,1466.0,1480.0
2016-12-26,1480.0,1480.0,1480.0,1480.0,82880,56,1,1480.0,1480.0
2017-01-01,1480.0,1480.0,1480.0,1480.0,5920000,4000,1,1480.0,1480.0
2017-01-02,1480.0,1480.0,1480.0,1480.0,14800000,10000,1,1480.0,1480.0
2017-01-04,1480.0,1480.0,1480.0,1480.0,1480000,1000,1,1480.0,1480.0
2017-01-08,1450.0,1480.0,1410.0,1434.0,90213680,62889,4,1480.0,1480.0
2017-01-14,1450.0,1450.0,1450.0,1450.0,13050000,9000,1,1434.0,1450.0
2017-01-23,1450.0,1450.0,1450.0,1450.0,7279000,5020,2,1450.0,1450.0
2017-01-28,1450.0,1450.0,1450.0,1450.0,23171000,15980,2,1450.0,1450.0
2017-02-06,1410.0,1415.0,1410.0,1413.0,2110130,1493,2,1450.0,1415.0
2017-02-13,1425.0,1425.0,1425.0,1425.0,1995000,1400,1,1413.0,1425.0
2017-02-18,1425.0,1425.0,1425.0,1425.0,1675800,1176,1,1425.0,1425.0
2017-02-21,1416.0,1416.0,1416.0,1416.0,20670768,14598,1,1425.0,1416.0
2017-03-06,1549.0,1550.0,1549.0,1549.0,35635000,23000,4,1416.0,1550.0
2017-03-07,1550.0,1625.0,1550.0,1564.0,23987640,15333,3,1549.0,1625.0
2017-04-18,2346.0,2346.0,2000.0,2009.0,274631175,136733,29,1564.0,2000.0
2017-04-19,2001.0,2170.0,2000.0,2144.0,127151000,59300,12,2009.0,2170.0
2017-04-22,2055.0,2358.0,2055.0,2357.0,98031858,41599,12,2144.0,2358.0
2017-04-23,2592.0,2592.0,2358.0,2573.0,294016372,114266,41,2357.0,2359.0
2017-04-24,2316.0,2316.0,2316.0,2316.0,40066800,17300,5,2573.0,2316.0
2017-04-26,2085.0,2086.0,2085.0,2085.0,46656336,22376,3,2316.0,2086.0
2017-04-29,1911.0,2247.0,1911.0,2013.0,17362128,8624,2,2085.0,2247.0
2017-04-30,2213.0,2213.0,2190.0,2193.0,19196952,8752,5,2013.0,2194.0
2017-05-01,2189.0,2190.0,2189.0,2189.0,116527256,53232,4,2193.0,2190.0
2017-05-02,2024.0,2169.0,1971.0,2084.0,69573370,33390,7,2189.0,2169.0
2017-05-03,2001.0,2070.0,1980.0,1981.0,861096600,434600,23,2084.0,1981.0
2017-05-06,1999.0,1999.0,1999.0,1999.0,1001499,501,1,1981.0,1999.0
2017-05-08,1900.0,1900.0,1811.0,1851.0,33865530,18300,6,1999.0,1811.0
2017-05-09,1720.0,1720.0,1715.0,1716.0,11061820,6448,2,1851.0,1715.0
2017-05-10,1785.0,1887.0,1785.0,1820.0,72101505,39615,6,1716.0,1887.0
2017-05-14,1730.0,1730.0,1730.0,1730.0,86500000,50000,1,1820.0,1730.0
2017-05-15,1799.0,1800.0,1799.0,1800.0,51290000,28500,6,1730.0,1800.0
2017-05-16,1900.0,1900.0,1800.0,1818.0,26730000,14700,6,1800.0,1800.0
2017-05-29,1993.0,1999.0,1993.0,1997.0,1939329014,971027,88,1818.0,1999.0
2017-06-03,2196.0,2196.0,2196.0,2196.0,35151372,16007,4,1997.0,2196.0
2017-06-06,2415.0,2415.0,2415.0,2415.0,31906980,13212,5,2196.0,2415.0
2017-06-07,2656.0,2656.0,2656.0,2656.0,384238208,144668,11,2415.0,2656.0
2017-06-10,2921.0,2921.0,2912.0,2921.0,3109416597,1064637,113,2656.0,2921.0
2017-06-11,3212.0,3213.0,3200.0,3212.0,1645016221,512217,64,2921.0,3213.0
2017-06-12,3495.0,3495.0,2891.0,2975.0,3072365750,1032602,150,3212.0,2893.0
2017-06-13,2710.0,3272.0,2679.0,3157.0,4008360894,1269591,159,2975.0,3150.0
2017-06-14,3250.0,3465.0,3249.0,3321.0,1031434207,310607,74,3157.0,3296.0
2017-06-17,3469.0,3653.0,3400.0,3562.0,2316098297,650261,124,3321.0,3400.0
2017-06-18,3460.0,3640.0,3206.0,3258.0,2286539717,701862,97,3562.0,3209.0
2017-06-19,3349.0,3349.0,3000.0,3038.0,489919774,161290,32,3258.0,3001.0
2017-06-20,3155.0,3155.0,2740.0,2864.0,1321575563,461474,79,3038.0,2760.0
2017-06-21,2777.0,3150.0,2777.0,3090.0,1764653064,571118,136,2864.0,3150.0
2017-06-24,3188.0,3399.0,3188.0,3370.0,3773125040,1119726,212,3090.0,3399.0
2017-06-25,3646.0,3700.0,3420.0,3622.0,2452729929,677189,250,3370.0,3640.0
2017-06-28,3728.0,3845.0,3401.0,3515.0,1185588044,337278,152,3622.0,3412.0
2017-07-01,3658.0,3866.0,3452.0,3790.0,5615425787,1481470,270,3515.0,3866.0
2017-07-02,4140.0,4169.0,4128.0,4163.0,3519696658,845534,95,3790.0,4169.0
2017-07-03,4547.0,4579.0,4271.0,4551.0,1707866144,375286,71,4163.0,4579.0
2017-07-04,5006.0,5006.0,4950.0,5005.0,4633340614,925779,197,4551.0,5006.0
2017-07-05,5350.0,5350.0,4611.0,4862.0,2598698445,534475,161,5005.0,4975.0
2017-07-08,5090.0,5348.0,4600.0,5146.0,2730848218,530639,125,4862.0,5348.0
2017-07-09,5480.0,5660.0,5301.0,5651.0,2057419101,364068,121,5146.0,5660.0
2017-07-10,6216.0,6216.0,5380.0,6201.0,4053225054,653665,185,5651.0,6216.0
2017-07-11,6821.0,6821.0,6781.0,6819.0,3738421761,548241,91,6201.0,6821.0
2017-07-12,7500.0,7500.0,7490.0,7500.0,913287500,121773,39,6819.0,7500.0
2017-07-15,8250.0,8250.0,8250.0,8250.0,684783000,83004,19,7500.0,8250.0
2017-07-16,9075.0,9075.0,9075.0,9075.0,1342011000,147880,31,8250.0,9075.0
2017-07-17,9982.0,9982.0,8699.0,9720.0,16892540332,1737937,475,9075.0,9982.0
2017-07-18,10450.0,10692.0,9100.0,10603.0,5828552790,549723,211,9720.0,10692.0
2017-07-19,11400.0,11663.0,11400.0,11656.0,6092901414,522746,172,10603.0,11663.0
2017-07-22,12000.0,12821.0,11400.0,12436.0,10495667648,843995,351,11656.0,12821.0
2017-07-23,12800.0,13679.0,12680.0,13557.0,8436803835,622311,350,12436.0,13679.0
2017-07-24,14740.0,14912.0,14000.0,14832.0,9563598833,644774,412,13557.0,14912.0
2017-07-25,16000.0,16299.0,13349.0,14423.0,12629996763,875660,584,14832.0,13349.0
2017-07-26,13100.0,14248.0,12981.0,12990.0,1201559595,92499,59,14423.0,12981.0
2017-07-29,11750.0,12868.0,11691.0,11763.0,11446216957,973099,377,12990.0,11691.0
2017-07-30,11700.0,12939.0,10730.0,12578.0,9209670307,732211,277,11763.0,12939.0
2017-07-31,13835.0,13835.0,13835.0,13835.0,449319295,32477,42,12578.0,13835.0
2017-08-01,15218.0,15218.0,13835.0,14810.0,6493505300,438467,393,13835.0,13856.0
2017-08-02,14768.0,14768.0,13329.0,13346.0,1401312826,105001,117,14810.0,13329.0
2017-08-06,12012.0,12012.0,12012.0,12012.0,3201222024,266502,101,13346.0,12012.0
2017-08-07,11100.0,13213.0,11100.0,12818.0,7016431980,547372,320,12012.0,13213.0
2017-08-08,13500.0,13500.0,11999.0,12507.0,1536328223,122836,146,12818.0,11999.0
2017-08-09,12507.0,12972.0,11257.0,11592.0,4145188856,357582,298,12507.0,11770.0
2017-08-12,11901.0,12338.0,11820.0,12078.0,1965580442,162747,180,11592.0,12100.0
2017-08-13,12450.0,12988.0,12200.0,12707.0,998264134,78561,154,12078.0,12700.0
2017-08-14,13000.0,13000.0,11437.0,11985.0,2392221577,199609,304,12707.0,11650.0
2017-08-15,11984.0,12990.0,11801.0,12335.0,3236619337,262388,335,11985.0,12380.0
2017-08-16,12335.0,12750.0,11706.0,12247.0,1014320999,82819,152,12335.0,12250.0
2017-08-19,12540.0,12990.0,11023.0,12401.0,2520567307,203262,141,12247.0,12990.0
2017-08-20,12990.0,12990.0,11850.0,12333.0,1415316600,114755,93,12401.0,12020.0
2017-08-21,11800.0,12900.0,11800.0,12391.0,2616185061,211141,197,12333.0,12000.0
2017-08-22,11973.0,12480.0,11800.0,11926.0,651030979,54590,84,12391.0,11900.0
2017-08-23,12450.0,12497.0,11800.0,11956.0,2151787819,179981,118,11926.0,11898.0
2017-08-26,11530.0,12009.0,10850.0,11689.0,1378325785,117915,103,11956.0,12000.0
2017-08-27,12140.0,12140.0,10600.0,11157.0,2884613476,258539,195,11689.0,10600.0
2017-08-28,11110.0,11290.0,10200.0,10436.0,4906800390,470166,277,11157.0,10280.0
2017-08-29,10488.0,10498.0,9393.0,9507.0,5555579411,584366,358,10436.0,9393.0
2017-08-30,9449.0,10457.0,9449.0,10204.0,4547346918,445649,373,9507.0,10457.0
2017-09-02,10980.0,11110.0,10258.0,10828.0,1140735072,105349,126,10204.0,10900.0
2017-09-03,11100.0,11668.0,10400.0,10890.0,869387398,79837,91,10828.0,10800.0
2017-09-04,10850.0,11250.0,10000.0,10560.0,582060727,55175,85,10890.0,10400.0
2017-09-05,10400.0,11190.0,10011.0,10491.0,955211415,91050,86,10549.0,10353.0
2017-09-06,10990.0,10990.0,10300.0,10476.0,822290586,78496,69,10491.0,10596.0
2017-09-10,10555.0,10878.0,9660.0,10170.0,435994988,42872,72,10476.0,10000.0
2017-09-11,9502.0,9986.0,9160.0,9546.0,642397265,67294,60,10170.0,9880.0
2017-09-12,9818.0,10290.0,9500.0,9775.0,892665525,91324,84,9546.0,9500.0
2017-09-13,9500.0,10200.0,8798.0,8949.0,1214311193,135692,115,9775.0,8798.0
2017-09-16,9388.0,9388.0,8250.0,8931.0,2080459669,232948,198,8949.0,9055.0
2017-09-17,9100.0,9100.0,8790.0,8977.0,702810011,78290,44,8931.0,8900.0
2017-09-18,9140.0,9385.0,8500.0,9145.0,394113082,43095,41,8977.0,9000.0
2017-09-19,9249.0,10059.0,9000.0,9782.0,1980645722,202486,143,9145.0,10059.0
2017-09-20,10760.0,10760.0,10760.0,10760.0,1684983720,156597,74,9782.0,10760.0
2017-09-23,11800.0,11800.0,9800.0,10724.0,2350532049,219181,107,10760.0,10900.0
2017-09-24,11000.0,11050.0,10021.0,10103.0,559801808,55408,47,10724.0,10200.0
2017-09-25,10063.0,10894.0,9601.0,10254.0,4809500907,469046,247,10103.0,10697.0
2017-09-26,10990.0,11279.0,10980.0,11184.0,2057343096,183950,114,10254.0,11279.0
2017-09-27,12302.0,12302.0,11750.0,12082.0,5029198165,416256,197,11184.0,12302.0
2017-10-02,12200.0,12799.0,11600.0,11656.0,949506651,81462,47,12082.0,11621.0
2017-10-03,10502.0,12810.0,10502.0,12072.0,3775606658,312748,173,11656.0,12698.0
2017-10-04,11702.0,12900.0,11702.0,12712.0,1258977839,99038,111,12072.0,12500.0
2017-10-07,11885.0,12870.0,11441.0,12425.0,1527322530,122928,85,12712.0,11441.0
2017-10-08,11900.0,11900.0,11183.0,11223.0,811992802,72354,49,12425.0,11183.0
2017-10-09,10999.0,11879.0,10999.0,11337.0,742824638,65525,78,11223.0,11226.0
2017-10-10,11950.0,11950.0,10204.0,10359.0,1583732342,152883,119,11337.0,10300.0
2017-10-11,10300.0,10597.0,9800.0,10267.0,938767784,91434,74,10359.0,10588.0
2017-10-14,9901.0,10101.0,9900.0,9965.0,680953157,68337,64,10267.0,9940.0
2017-10-15,10199.0,10329.0,9602.0,9841.0,754357551,76658,97,9965.0,10000.0
2017-10-16,9600.0,10000.0,9400.0,9762.0,1351563402,138457,83,9841.0,9746.0
2017-10-17,10019.0,10050.0,9744.0,9904.0,1704396465,172085,94,9762.0,9865.0
2017-10-18,9560.0,10000.0,9442.0,9700.0,552335637,56943,67,9904.0,10000.0
2017-10-21,10100.0,10200.0,9730.0,9972.0,87507414,8775,11,9700.0,9733.0
2017-10-22,9987.0,10000.0,9600.0,9825.0,764292196,77793,46,9972.0,9938.0
2017-10-23,9988.0,10000.0,9645.0,9808.0,484164666,49362,55,9825.0,9650.0
2017-10-24,9680.0,9810.0,8828.0,9296.0,887200301,95442,87,9808.0,9229.0
2017-10-25,9678.0,9678.0,9200.0,9296.0,181349271,19509,29,9296.0,9201.0
2017-10-28,9296.0,9296.0,8800.0,8968.0,1741031903,194130,93,9296.0,8800.0
2017-10-29,9000.0,9400.0,8950.0,9087.0,2579941026,283908,161,8968.0,8950.0
2017-10-30,8502.0,9100.0,8502.0,8961.0,4878666219,544446,183,9087.0,9100.0
2017-10-31,9200.0,9857.0,9199.0,9582.0,4707943789,491332,231,8961.0,9857.0
2017-11-01,10540.0,10540.0,10400.0,10537.0,2211750522,209899,98,9582.0,10540.0
2017-11-04,11590.0,11590.0,11590.0,11590.0,458372910,39549,18,10537.0,11590.0
2017-11-05,12749.0,12749.0,12749.0,12749.0,650823701,51049,30,11590.0,12749.0
2017-11-06,14023.0,14023.0,12000.0,13820.0,12496430935,904243,453,12749.0,14023.0
2017-11-07,14900.0,15100.0,13814.0,14348.0,3431152329,239138,175,13820.0,14571.0
2017-11-08,14996.0,14996.0,13000.0,13907.0,2530743249,181975,158,14348.0,13000.0
2017-11-11,13000.0,13000.0,12517.0,12603.0,3077390336,244175,170,13907.0,12517.0
2017-11-12,11343.0,11988.0,11343.0,11396.0,6894743614,605025,310,12603.0,11513.0
2017-11-13,11550.0,12395.0,11400.0,11893.0,2403948647,202125,204,11396.0,11900.0
2017-11-14,12000.0,13082.0,12000.0,13051.0,6664912692,510695,320,11893.0,13082.0
2017-11-15,13350.0,14356.0,13350.0,14208.0,5487399790,386216,287,13051.0,14300.0
2017-11-18,14356.0,14849.0,13600.0,14030.0,2876754128,205040,136,14208.0,14034.0
2017-11-20,14000.0,14397.0,12788.0,13148.0,2246070526,170829,180,14030.0,12880.0
2017-11-21,12076.0,13000.0,11834.0,11982.0,3387573489,282712,290,13148.0,11834.0
2017-11-22,11890.0,12200.0,11052.0,11613.0,1286534162,110786,137,11982.0,12000.0
2017-11-25,12000.0,12340.0,11850.0,11973.0,2040342621,170418,89,11613.0,11987.0
2017-11-26,11854.0,12499.0,11853.0,12098.0,1905406392,157499,123,11973.0,11905.0
2017-11-28,11853.0,11853.0,10889.0,11294.0,1467946310,129981,143,12098.0,11111.0
2017-12-11,10901.0,10901.0,10901.0,10901.0,32703000,3000,1,11294.0,10901.0
2017-12-12,11980.0,11991.0,11200.0,11954.0,1662051369,139043,95,10901.0,11991.0
2017-12-13,11954.0,12000.0,11221.0,11551.0,456887233,39553,48,11954.0,11777.0
2017-12-16,11251.0,12400.0,10500.0,10734.0,1135832489,105821,109,11551.0,10500.0
2017-12-17,11220.0,11220.0,10200.0,10564.0,390886405,37003,67,10734.0,10950.0
2017-12-18,10990.0,11620.0,10990.0,11569.0,1382396757,119491,137,10564.0,11620.0
2017-12-19,12200.0,12689.0,12011.0,12395.0,1611554751,130020,153,11569.0,12080.0
2017-12-20,12800.0,12800.0,11965.0,12568.0,900474528,71646,106,12395.0,12102.0
2017-12-23,11965.0,12284.0,11333.0,11674.0,233239418,19979,32,12568.0,11341.0
2017-12-24,12399.0,12399.0,10820.0,11290.0,601090931,53243,68,11674.0,11200.0
2017-12-25,11489.0,11500.0,10600.0,10916.0,538530980,49336,74,11290.0,10699.0
2017-12-26,10650.0,11099.0,10560.0,10705.0,1828413078,170796,178,10916.0,11000.0
2017-12-27,10561.0,10999.0,10561.0,10645.0,1038386379,97550,66,10705.0,10630.0
2017-12-30,10562.0,10699.0,10167.0,10480.0,182343568,17400,38,10645.0,10400.0
2017-12-31,10170.0,10499.0,9432.0,9551.0,1704859570,178492,110,10480.0,9610.0
2018-01-01,9887.0,10250.0,9710.0,9870.0,539944481,54708,78,9551.0,9900.0
2018-01-02,9950.0,10300.0,9900.0,10091.0,237336093,23519,49,9870.0,10100.0
2018-01-03,10100.0,10200.0,9550.0,9687.0,697026045,71954,75,10091.0,9800.0
2018-01-06,10000.0,10000.0,9600.0,9723.0,502322688,51665,40,9687.0,9600.0
2018-01-07,9980.0,9980.0,9800.0,9915.0,87570900,8832,15,9723.0,9800.0
2018-01-08,9820.0,10687.0,9820.0,10308.0,890631552,86398,68,9915.0,10300.0
2018-01-09,10400.0,10400.0,9700.0,9852.0,145852170,14805,18,10308.0,9800.0
2018-01-10,10389.0,10389.0,9584.0,9801.0,282067173,28778,37,9852.0,10199.0
2018-01-13,9586.0,9797.0,9082.0,9259.0,2173217472,234714,172,9801.0,9101.0
2018-01-14,9082.0,9690.0,9082.0,9489.0,976087242,102867,101,9259.0,9400.0
2018-01-15,9785.0,9790.0,9200.0,9457.0,655168333,69281,85,9489.0,9300.0
2018-01-16,9457.0,9457.0,8541.0,8937.0,3098332742,346686,272,9457.0,8870.0
2018-01-17,9274.0,9830.0,9240.0,9683.0,2422630004,250204,185,8937.0,9830.0
2018-01-20,9999.0,10651.0,8955.0,9664.0,3250034322,336294,324,9683.0,8955.0
2018-01-21,8940.0,9400.0,8931.0,9099.0,723867080,79556,95,9664.0,9080.0
2018-01-22,9033.0,9443.0,9000.0,9045.0,1299784809,143699,149,9099.0,9219.0
2018-01-23,9399.0,9400.0,8938.0,9125.0,1190535319,130468,129,9045.0,9300.0
2018-01-24,9110.0,9388.0,9000.0,9066.0,967944732,106762,124,9125.0,9006.0
2018-01-27,9330.0,9330.0,8900.0,8947.0,1943334752,217205,168,9066.0,9000.0
2018-01-28,8913.0,9400.0,8900.0,9137.0,934293340,102251,127,8947.0,9031.0
2018-01-29,9248.0,9248.0,8800.0,8901.0,1744796276,196016,168,9137.0,9000.0
2018-01-30,8800.0,9100.0,8715.0,8896.0,1594718163,179264,132,8901.0,9011.0
2018-01-31,9000.0,9010.0,8820.0,8928.0,659904571,73912,69,8896.0,8870.0
2018-02-03,9000.0,9500.0,8752.0,9234.0,2524058551,273346,157,8928.0,9500.0
2018-02-04,9400.0,9488.0,9001.0,9269.0,741684738,80019,98,9234.0,9127.0
2018-02-05,9340.0,9340.0,8968.0,9027.0,406074104,44985,60,9269.0,9070.0
2018-02-06,8894.0,9100.0,8640.0,8826.0,3179520260,360233,223,9027.0,8826.0
2018-02-07,8826.0,9288.0,8703.0,8885.0,971447530,109339,149,8826.0,8811.0
2018-02-10,8770.0,9400.0,8751.0,9157.0,3224659392,352142,228,8885.0,9320.0
2018-02-12,9499.0,9499.0,9102.0,9279.0,2097605813,226058,175,9157.0,9150.0
2018-02-13,9270.0,9350.0,8990.0,9153.0,2180630103,238234,170,9279.0,9000.0
2018-02-14,9000.0,9152.0,8891.0,8938.0,1660449829,185774,146,9153.0,8940.0
2018-02-17,9210.0,9210.0,8800.0,8906.0,1835043022,206038,113,8938.0,9000.0
2018-02-18,9049.0,9049.0,8800.0,8921.0,1278276178,143291,116,8906.0,8999.0
2018-02-19,9140.0,9140.0,8790.0,8810.0,1005366035,114114,93,8921.0,8790.0
2018-02-21,8980.0,8980.0,8617.0,8701.0,1508742508,173395,158,8810.0,8800.0
2018-02-24,8900.0,8900.0,8000.0,8204.0,7044941345,858708,441,8701.0,8012.0
2018-02-25,8239.0,8490.0,7777.0,8047.0,3695419326,459201,263,8204.0,8010.0
2018-02-26,7999.0,8650.0,7999.0,8478.0,3453934301,407386,303,8047.0,8570.0
2018-02-27,8648.0,8899.0,8000.0,8335.0,4203998728,504358,392,8478.0,8270.0
2018-02-28,8500.0,9168.0,8500.0,8835.0,18045183109,2042437,779,8335.0,9168.0
2018-03-03,9718.0,9718.0,8733.0,9386.0,13264976335,1413256,511,8835.0,9100.0
2018-03-04,9199.0,9199.0,8448.0,8557.0,8203343008,958719,521,9386.0,8568.0
2018-03-05,8600.0,8645.0,8150.0,8318.0,6289541294,756136,346,8557.0,8298.0
2018-03-06,8444.0,8520.0,8033.0,8303.0,2009296252,241994,220,8318.0,8340.0
2018-03-07,8400.0,8400.0,8001.0,8108.0,2129023455,262570,230,8303.0,8016.0
2018-03-10,7900.0,8000.0,7600.0,7696.0,2517178209,327055,266,8108.0,7642.0
2018-03-11,7900.0,7900.0,7560.0,7691.0,4604072880,598660,104,7696.0,7563.0
2018-03-12,7500.0,7710.0,7201.0,7522.0,4129681478,549041,104,7691.0,7499.0
2018-03-13,7480.0,7480.0,6770.0,6859.0,3294744616,480380,377,7522.0,6930.0
2018-03-25,7000.0,7290.0,7000.0,7023.0,461023450,64907,48,6859.0,7150.0
2018-03-26,7290.0,7725.0,7007.0,7608.0,1335357537,175514,145,7023.0,7725.0
2018-03-27,7997.0,8250.0,7300.0,7809.0,2018844195,258528,304,7608.0,7600.0
2018-03-28,7800.0,7800.0,7253.0,7356.0,1186311685,161282,138,7809.0,7450.0
2018-04-03,7470.0,7470.0,7299.0,7343.0,331009685,45077,85,7356.0,7400.0
2018-04-04,7450.0,7450.0,7000.0,7092.0,1465688398,206672,163,7343.0,7002.0
2018-04-07,7250.0,7250.0,6770.0,6838.0,1446030216,211470,152,7092.0,6771.0
2018-04-08,6950.0,6950.0,6203.0,6461.0,1912335046,295982,226,6838.0,6425.0
2018-04-09,6880.0,6880.0,6168.0,6362.0,808239719,127039,138,6461.0,6210.0
2018-04-10,6300.0,6645.0,6200.0,6349.0,1516646410,238880,148,6362.0,6289.0
2018-04-11,6499.0,6499.0,5715.0,5837.0,2458687401,421219,227,6349.0,5797.0
2018-04-15,5550.0,5550.0,5254.0,5308.0,2079087985,391726,204,5837.0,5274.0
2018-04-16,5385.0,5800.0,4846.0,5397.0,1281999557,237557,149,5308.0,5352.0
2018-04-17,5352.0,5500.0,5265.0,5393.0,643827121,119371,69,5397.0,5265.0
2018-04-18,5201.0,5400.0,5201.0,5280.0,536394315,101587,76,5393.0,5327.0
2018-04-21,5305.0,5640.0,5300.0,5441.0,547373614,100600,68,5280.0,5498.0
2018-04-22,5500.0,5985.0,5500.0,5954.0,3433193785,576575,324,5441.0,5985.0
2018-04-23,6300.0,6380.0,5810.0,6119.0,1526745720,249506,172,5954.0,6065.0
2018-04-24,5801.0,5999.0,5680.0,5782.0,1212159145,209646,127,6119.0,5692.0
2018-04-25,5960.0,5960.0,5400.0,5468.0,1351458421,247168,139,5782.0,5530.0
2018-04-28,5401.0,5450.0,5050.0,5146.0,1020963888,198415,148,5468.0,5130.0
2018-04-29,5046.0,5150.0,4900.0,4975.0,283471493,56984,69,5146.0,4932.0
2018-04-30,4911.0,5175.0,4911.0,5030.0,1003450470,199494,105,4975.0,5135.0
2018-05-01,4939.0,5000.0,4700.0,4899.0,1902024241,388215,173,5030.0,4800.0
2018-05-05,4736.0,4900.0,4569.0,4650.0,826134024,177679,137,4899.0,4697.0
2018-05-06,4850.0,4860.0,4400.0,4561.0,962375350,211001,83,4650.0,4501.0
2018-05-07,4833.0,4833.0,4523.0,4562.0,246334643,53993,24,4561.0,4680.0
2018-05-08,4758.0,4925.0,4711.0,4794.0,612153514,127690,76,4562.0,4779.0
2018-05-09,4445.0,4750.0,4445.0,4592.0,318887594,69446,47,4794.0,4699.0
2018-05-12,4843.0,5051.0,4780.0,5011.0,958586409,191302,93,4592.0,5051.0
2018-05-13,5512.0,5512.0,5508.0,5512.0,1125073568,204114,61,5011.0,5512.0
2018-05-14,6063.0,6063.0,6063.0,6063.0,443914671,73217,33,5512.0,6063.0
2018-05-15,6669.0,6669.0,6669.0,6669.0,2073998979,310991,95,6063.0,6669.0
2018-05-19,7334.0,8067.0,7334.0,7707.0,7304250058,947742,296,6669.0,7567.0
2018-05-20,7560.0,7560.0,6937.0,7043.0,7015065031,996079,596,7707.0,6937.0
2018-05-21,6999.0,7050.0,6339.0,6596.0,4933207366,747924,297,7043.0,6730.0
2018-05-22,6400.0,7255.0,6400.0,7177.0,1778880159,247865,136,6596.0,7255.0
2018-05-23,7894.0,7894.0,7171.0,7809.0,9596131970,1228786,478,7177.0,7894.0
2018-05-26,8384.0,8589.0,8000.0,8484.0,6084634612,717222,478,7809.0,8589.0
2018-05-27,9097.0,9332.0,9097.0,9275.0,6313785651,680713,295,8484.0,9332.0
2018-05-29,10202.0,11120.0,9400.0,10097.0,13504637797,1337525,647,9275.0,10050.0
2018-05-30,10039.0,11106.0,9700.0,10906.0,19352803115,1774431,722,10097.0,11106.0
2018-06-02,11800.0,11996.0,10221.0,11381.0,28286142732,2485324,1219,10906.0,11000.0
2018-06-03,11400.0,11499.0,10261.0,10619.0,5438563757,512149,486,11381.0,10281.0
2018-06-09,9800.0,10900.0,9558.0,9609.0,2565154992,266962,103,10619.0,9558.0
2018-06-10,8649.0,8649.0,8649.0,8649.0,953431164,110236,27,9609.0,8649.0
2018-06-11,8400.0,9513.0,8000.0,8397.0,23872613500,2842843,1318,8649.0,8310.0
2018-06-12,7600.0,9236.0,7600.0,8541.0,23588180933,2761797,568,8397.0,9236.0
2018-06-13,9395.0,9395.0,9395.0,9395.0,1312368760,139688,26,8541.0,9395.0
2018-06-17,10334.0,10334.0,10334.0,10334.0,198764156,19234,17,9395.0,10334.0
2018-06-18,10900.0,11278.0,9521.0,10549.0,26122742099,2476413,944,10334.0,10200.0
2018-06-19,10570.0,11203.0,9752.0,10628.0,13153938307,1237651,525,10549.0,10400.0
2018-06-20,10600.0,10945.0,10450.0,10644.0,7986871614,750337,372,10628.0,10600.0
2018-06-23,10900.0,11708.0,10800.0,11464.0,14410398716,1256983,584,10644.0,11304.0
2018-06-24,12300.0,12300.0,10318.0,10808.0,14901690320,1378811,717,11464.0,10700.0
2018-06-25,10850.0,11280.0,9802.0,10476.0,9043876539,863317,546,10808.0,10382.0
2018-06-26,9870.0,10700.0,9480.0,10016.0,9983472069,996756,440,10476.0,10320.0
2018-06-27,10480.0,10498.0,9200.0,9700.0,4539682646,468013,351,10016.0,9200.0
2018-06-30,9980.0,9980.0,9200.0,9676.0,3365088936,347786,301,9700.0,9800.0
2018-07-01,10157.0,10400.0,9800.0,10191.0,3796457196,372538,298,9676.0,10100.0
2018-07-02,10600.0,10700.0,10052.0,10425.0,4317467951,414128,238,10191.0,10600.0
2018-07-03,10750.0,10999.0,10313.0,10648.0,3960769148,371979,249,10425.0,10448.0
2018-07-04,10780.0,10976.0,9901.0,10420.0,8037924109,771399,595,10648.0,10100.0
2018-07-07,9800.0,10325.0,9761.0,9932.0,1989811109,200344,254,10420.0,9831.0
2018-07-08,10020.0,10180.0,9101.0,9571.0,2626053525,274377,255,9932.0,9336.0
2018-07-10,9322.0,9850.0,9021.0,9430.0,2303658240,244289,208,9571.0,9285.0
2018-07-11,9171.0,10100.0,9150.0,9696.0,7105559070,732857,345,9430.0,9300.0
2018-07-14,9600.0,10139.0,9600.0,9947.0,2454387201,246746,163,9696.0,9601.0
2018-07-15,9889.0,10050.0,9450.0,9770.0,886305180,90715,105,9947.0,9500.0
2018-07-16,9699.0,9927.0,9400.0,9562.0,842041306,88062,75,9770.0,9437.0
2018-07-17,9401.0,9886.0,9050.0,9224.0,2038286516,220979,173,9562.0,9056.0
2018-07-18,9250.0,9250.0,8601.0,8772.0,3283708824,374552,219,9224.0,8700.0
2018-07-21,8900.0,9200.0,8610.0,8996.0,4137333238,459914,243,8767.0,9000.0
2018-07-22,8812.0,9300.0,8800.0,9012.0,4517004990,501247,203,8996.0,9021.0
2018-07-23,9250.0,9747.0,9000.0,9408.0,3317145245,352582,211,9012.0,9380.0
2018-07-24,9500.0,9760.0,9400.0,9660.0,4194756862,434253,163,9408.0,9498.0
2018-07-25,9699.0,9844.0,9303.0,9703.0,3979714026,410156,171,9660.0,9450.0
2018-07-28,9571.0,9981.0,9200.0,9825.0,5850205561,595413,217,9703.0,9500.0
2018-07-29,9780.0,9797.0,8851.0,9194.0,6914901460,752113,306,9825.0,9150.0
2018-07-30,9358.0,9358.0,8500.0,8829.0,4869241563,551510,254,9194.0,8690.0
2018-07-31,9000.0,9488.0,8701.0,9165.0,3304094826,360519,217,8829.0,9050.0
2018-08-01,9399.0,9399.0,8720.0,8931.0,2161021382,241978,143,9165.0,8980.0
2018-08-04,8995.0,8995.0,8422.0,8584.0,1448996279,168808,132,8931.0,8499.0
2018-08-05,8699.0,8930.0,8270.0,8632.0,3157675086,365808,171,8584.0,8420.0
2018-08-06,8887.0,9150.0,8100.0,8454.0,3141543107,371608,288,8632.0,8132.0
2018-08-07,8011.0,8379.0,7609.0,7776.0,3289440553,423005,331,8454.0,7703.0
2018-08-08,7995.0,8553.0,7760.0,8350.0,4937644101,591318,432,7776.0,8553.0
2018-08-11,9185.0,9185.0,9185.0,9185.0,1082516545,117857,51,8350.0,9185.0
2018-08-12,10103.0,10103.0,8630.0,9981.0,9131901711,914907,280,9185.0,9900.0
2018-08-13,9900.0,9900.0,8983.0,9066.0,4446174309,490425,206,9981.0,8983.0
2018-08-14,8700.0,9500.0,8351.0,8809.0,10041138667,1139838,440,9066.0,8756.0
2018-08-15,8811.0,9150.0,8400.0,8639.0,2522932195,292029,204,8809.0,8550.0
2018-08-18,8352.0,8790.0,8352.0,8439.0,1586227354,187974,153,8639.0,8480.0
2018-08-19,8690.0,8895.0,8402.0,8659.0,4129490847,476889,269,8439.0,8501.0
2018-08-27,8790.0,9669.0,8790.0,9473.0,7384889096,779533,251,8659.0,9669.0
2018-08-28,10200.0,10200.0,8526.0,9070.0,7242507460,798553,394,9473.0,8900.0
2018-08-29,9100.0,9118.0,8600.0,8856.0,3213756973,362874,203,9070.0,8680.0
2018-09-01,8712.0,9670.0,8712.0,9230.0,5654070813,612583,359,8856.0,9230.0
2018-09-02,9441.0,9441.0,8682.0,8812.0,3087160641,350330,212,9230.0,8800.0
2018-09-03,9000.0,9000.0,8300.0,8546.0,5456411972,638507,328,8812.0,8506.0
2018-09-04,8600.0,9250.0,8500.0,8972.0,5012941548,558754,301,8546.0,8913.0
2018-09-05,9170.0,9570.0,8840.0,9393.0,8158650290,868577,519,8972.0,9550.0
2018-09-08,9800.0,10332.0,9800.0,10140.0,7316953654,721599,288,9393.0,10332.0
2018-09-09,11154.0,11154.0,11154.0,11154.0,7859398404,704626,104,10140.0,11154.0
2018-09-10,12269.0,12269.0,12269.0,12269.0,1664424809,135661,24,11154.0,12269.0
2018-09-11,12100.0,13290.0,11111.0,12421.0,26378238594,2123653,687,12269.0,12650.0
2018-09-12,12832.0,13663.0,12451.0,13524.0,14594604943,1079166,474,12421.0,13663.0
2018-09-15,14700.0,14876.0,13523.0,14249.0,12136474236,851768,460,13524.0,13526.0
2018-09-16,12825.0,14690.0,12825.0,13233.0,27771833384,2098654,574,14249.0,14000.0
2018-09-17,14499.0,14556.0,13900.0,14486.0,12885931229,889544,277,13233.0,14556.0
2018-09-18,15023.0,15023.0,14560.0,14817.0,2969311493,200393,50,14486.0,14750.0
2018-09-23,16298.0,17558.0,15201.0,16526.0,26612289830,1610302,445,14817.0,16602.0
2018-09-24,18000.0,18000.0,16603.0,17633.0,30928771146,1754001,699,16526.0,17744.0
2018-09-25,18999.0,19396.0,18100.0,19192.0,11661339703,607618,282,17633.0,19396.0
2018-09-26,21111.0,21111.0,19999.0,20899.0,41617876282,1991419,932,19192.0,21111.0
2018-09-29,22600.0,22600.0,19704.0,20669.0,54161755754,2620446,1351,20899.0,20170.0
2018-09-30,20153.0,21600.0,20013.0,20882.0,30831890087,1476488,962,20669.0,20661.0
2018-10-01,21499.0,21500.0,19000.0,20093.0,22252961471,1107478,636,20882.0,19500.0
2018-10-02,19850.0,19850.0,18084.0,18268.0,2754250839,150767,124,20093.0,18084.0
2018-10-03,16442.0,17700.0,16442.0,16533.0,22114814678,1337603,711,18268.0,16442.0
2018-10-06,17000.0,18186.0,15411.0,17396.0,27484627210,1579896,682,16533.0,17000.0
2018-10-07,16200.0,17500.0,15657.0,16038.0,12752747526,795172,298,17396.0,15657.0
2018-10-08,14550.0,16100.0,14435.0,14510.0,18571800994,1279959,384,16038.0,14435.0
2018-10-09,15510.0,15961.0,14700.0,15754.0,4451727359,282579,151,14510.0,15961.0
2018-10-10,17000.0,17000.0,15204.0,16286.0,12026109153,738436,308,15754.0,16420.0
2018-10-13,15000.0,16830.0,14658.0,14985.0,5513392622,367919,202,16286.0,14658.0
2018-10-14,13500.0,14993.0,13487.0,13716.0,7009980264,511086,288,14985.0,13487.0
2018-10-15,14000.0,15087.0,14000.0,14977.0,7049383342,470686,265,13716.0,15087.0
2018-10-16,16400.0,16474.0,15700.0,16288.0,9779379063,600387,311,14977.0,16270.0
2018-10-17,15550.0,17500.0,15501.0,16600.0,6631354450,399486,261,16288.0,16950.0
2018-10-20,16503.0,18200.0,16503.0,17906.0,4900162418,273665,186,16600.0,18000.0
2018-10-21,19000.0,19000.0,16116.0,16650.0,11420648201,685928,493,17906.0,16116.0
2018-10-22,15601.0,16195.0,15130.0,15399.0,5521354887,358560,234,16650.0,15459.0
2018-10-23,15200.0,15250.0,13860.0,13967.0,8570790698,613639,307,15399.0,13911.0
2018-10-24,12755.0,14380.0,12571.0,12828.0,6604154323,514842,247,13967.0,13000.0
2018-10-27,12580.0,13778.0,12000.0,12808.0,2794053933,218157,168,12828.0,12501.0
2018-10-28,13000.0,14050.0,12850.0,13629.0,2568674642,188469,138,12808.0,13880.0
2018-10-29,14055.0,14799.0,12270.0,13616.0,6311553418,463538,250,13629.0,13301.0
2018-10-31,13701.0,14640.0,13200.0,13570.0,30911758735,2277968,406,13616.0,14580.0
2018-11-03,14333.0,14900.0,14050.0,14681.0,21136758495,1439739,339,13570.0,14451.0
2018-11-04,13600.0,14927.0,13213.0,13695.0,8141043205,594442,358,14681.0,13500.0
2018-11-05,13194.0,14400.0,13194.0,14093.0,9155011555,649599,261,13695.0,14091.0
2018-11-06,14520.0,14520.0,13600.0,13911.0,6744312280,484828,280,14093.0,14000.0
2018-11-10,14350.0,14350.0,13301.0,13671.0,2395490183,175230,138,13911.0,13600.0
2018-11-11,13750.0,13750.0,12640.0,12973.0,1032534669,79591,72,13671.0,12873.0
2018-11-12,12700.0,13795.0,12700.0,13162.0,4695478072,356748,271,12973.0,13700.0
2018-11-13,14000.0,14000.0,12904.0,13160.0,5534500744,420558,289,13162.0,12975.0
2018-11-14,13100.0,13280.0,12970.0,13062.0,2415063723,184899,154,13160.0,13000.0
2018-11-17,13332.0,13332.0,12401.0,12690.0,4302572902,339045,250,13062.0,12600.0
2018-11-18,12600.0,13000.0,11562.0,12246.0,3851318475,314506,234,12690.0,12400.0
2018-11-19,12246.0,13349.0,12246.0,12767.0,2390694437,187249,206,12246.0,12400.0
2018-11-20,13300.0,13300.0,12200.0,12599.0,2300562298,182605,237,12767.0,12300.0
2018-11-21,12002.0,12840.0,12002.0,12610.0,4124617177,327086,233,12599.0,12734.0
2018-11-24,12800.0,12800.0,11500.0,11719.0,7349252808,627107,411,12610.0,11500.0
2018-11-26,11700.0,12389.0,11002.0,11433.0,4236210229,370541,223,11719.0,11500.0
2018-11-27,11401.0,11998.0,10810.0,11395.0,5486854800,481531,439,11433.0,11200.0
2018-11-28,11539.0,11539.0,10650.0,10796.0,4327512316,400827,421,11395.0,10900.0
2018-12-01,11084.0,11084.0,10000.0,10316.0,5130902058,497372,365,10796.0,10003.0
2018-12-02,10699.0,11347.0,10311.0,11066.0,6064371721,548007,391,10316.0,11347.0
2018-12-03,12100.0,12172.0,11604.0,12052.0,8926775520,740712,379,11066.0,12172.0
2018-12-04,12921.0,12999.0,11701.0,12379.0,18385401778,1485193,808,12052.0,12550.0
2018-12-05,12950.0,12950.0,12060.0,12283.0,3464222608,282033,314,12379.0,12105.0
2018-12-08,12350.0,12499.0,11751.0,12090.0,2817133838,233012,257,12283.0,11960.0
2018-12-09,12220.0,12220.0,11309.0,11465.0,3711780586,323737,244,12090.0,11354.0
2018-12-10,11272.0,11497.0,11003.0,11155.0,2575690864,230910,187,11465.0,11100.0
2018-12-12,11093.0,11102.0,10650.0,10869.0,4577827440,421198,362,11155.0,11102.0
2018-12-15,11011.0,11955.0,11011.0,11776.0,7586617472,644253,461,10869.0,11955.0
2018-12-16,12200.0,12207.0,11312.0,11738.0,5153281813,439022,291,11776.0,11316.0
2018-12-17,11299.0,11580.0,10871.0,11105.0,2933776559,264190,259,11738.0,11100.0
2018-12-18,10700.0,11993.0,10700.0,11602.0,3274659374,282241,239,11105.0,11116.0
2018-12-19,11699.0,11893.0,11200.0,11525.0,1159367288,100599,106,11602.0,11417.0
2018-12-22,11580.0,11899.0,11091.0,11446.0,2907194065,254003,212,11525.0,11091.0
2018-12-23,11230.0,11640.0,11230.0,11487.0,4797570913,417660,246,11446.0,11350.0
2018-12-24,11203.0,11450.0,10854.0,11069.0,4989225379,450749,269,11487.0,11169.0
2018-12-25,11475.0,11475.0,10860.0,11130.0,1728310920,155286,152,11069.0,11244.0
2018-12-26,11090.0,11375.0,11040.0,11196.0,2341949301,209174,165,11130.0,11240.0
2018-12-29,11003.0,11970.0,11003.0,11602.0,4486247602,386672,304,11196.0,11596.0
2018-12-30,11670.0,12679.0,11670.0,12256.0,9290551648,758054,734,11602.0,12520.0
2018-12-31,12500.0,12673.0,11651.0,12057.0,5822141167,482873,525,12256.0,11900.0
2019-01-01,11761.0,12170.0,11761.0,11938.0,2298759240,192552,202,12057.0,11823.0
2019-01-02,12000.0,12000.0,11030.0,11345.0,5688531109,501398,311,11938.0,11302.0
2019-01-05,11498.0,12399.0,11498.0,11924.0,3878967076,325321,234,11345.0,12100.0
2019-01-06,12199.0,12350.0,11700.0,11882.0,3013850791,253640,188,11924.0,11729.0
2019-01-07,11729.0,12499.0,11528.0,12159.0,19184411668,1577774,652,11882.0,12310.0
2019-01-08,12600.0,13347.0,12600.0,12989.0,13408463213,1032318,753,12159.0,13055.0
2019-01-09,13050.0,13780.0,12900.0,13314.0,6590597770,495017,435,12989.0,13260.0
2019-01-12,13314.0,13589.0,12352.0,12823.0,5945188821,463631,438,13314.0,12990.0
2019-01-13,12511.0,13070.0,12401.0,12701.0,2888060049,227386,255,12823.0,12700.0
2019-01-14,12700.0,12980.0,12503.0,12698.0,1938679025,152678,181,12701.0,12690.0
2019-01-15,12600.0,12679.0,12200.0,12471.0,7662693534,614420,418,12698.0,12505.0
2019-01-16,12450.0,13718.0,12450.0,13529.0,17517262003,1294801,688,12471.0,13718.0
2019-01-19,14000.0,14150.0,13130.0,13692.0,7003666472,511527,391,13529.0,13152.0
2019-01-20,13900.0,13900.0,12970.0,13051.0,4586809100,351448,309,13692.0,13040.0
2019-01-21,13288.0,13288.0,12020.0,12394.0,2957556098,238635,181,13051.0,12400.0
2019-01-22,12500.0,12790.0,12250.0,12538.0,2849601773,227275,172,12394.0,12700.0
2019-01-23,12250.0,12790.0,12250.0,12506.0,3624005710,289784,202,12538.0,12600.0
2019-01-26,12950.0,13350.0,12950.0,13140.0,5476424859,416778,339,12506.0,13002.0
2019-01-27,13399.0,13980.0,13350.0,13582.0,7396256861,544573,386,13140.0,13540.0
2019-01-28,13300.0,13950.0,13300.0,13654.0,2358159045,172712,178,13582.0,13431.0
2019-01-29,13680.0,13800.0,12951.0,13320.0,2614014084,196246,191,13654.0,12960.0
2019-01-30,13200.0,13200.0,12450.0,12634.0,3685208250,291690,297,13320.0,12750.0
2019-02-02,12700.0,13220.0,12000.0,12592.0,3305345068,262498,264,12634.0,12481.0
2019-02-03,12130.0,12750.0,12130.0,12324.0,2616010187,212275,181,12592.0,12300.0
2019-02-04,12143.0,12749.0,12143.0,12420.0,3505078027,282215,200,12324.0,12389.0
2019-02-05,12400.0,13300.0,12200.0,12760.0,8779815920,688097,458,12420.0,13000.0
2019-02-06,13200.0,13200.0,12498.0,12723.0,7674082261,603157,238,12760.0,12560.0
2019-02-10,12560.0,12601.0,12135.0,12249.0,3251308734,265443,237,12723.0,12140.0
2019-02-12,12499.0,12499.0,11400.0,11726.0,4078583435,347811,355,12249.0,11601.0
2019-02-13,11850.0,11850.0,10554.0,10918.0,7667794870,702295,636,11726.0,11064.0
2019-02-16,12000.0,12000.0,11000.0,11584.0,5164361391,445831,307,10918.0,11510.0
2019-02-17,11600.0,11680.0,11026.0,11252.0,2790454119,247996,195,11584.0,11400.0
2019-02-18,11620.0,11620.0,10900.0,11038.0,3641519956,329898,283,11252.0,10952.0
2019-02-19,10801.0,11600.0,10801.0,11243.0,3054373430,271673,163,11038.0,11249.0
2019-02-20,11111.0,11500.0,11010.0,11311.0,3569079296,315546,206,11243.0,11500.0
2019-02-23,11100.0,11998.0,11100.0,11676.0,6368600976,545449,380,11311.0,11800.0
2019-02-24,11950.0,11970.0,11200.0,11437.0,2550692448,223028,205,11676.0,11460.0
2019-02-25,11437.0,11450.0,11000.0,11218.0,1422990038,126846,178,11437.0,11211.0
2019-02-26,11000.0,11350.0,10978.0,11025.0,2099842619,190461,162,11218.0,11011.0
2019-02-27,11349.0,11349.0,10941.0,11089.0,2129869075,192066,159,11025.0,11245.0
2019-03-02,10800.0,11239.0,10800.0,11055.0,5269865776,476686,270,11089.0,11168.0
2019-03-03,11200.0,12160.0,11200.0,11955.0,7771049365,650043,426,11055.0,12160.0
2019-03-04,12963.0,13150.0,12311.0,13009.0,26145189845,2009730,1124,11955.0,13150.0
2019-03-05,13400.0,13999.0,12222.0,13344.0,16257203012,1218349,896,13009.0,12900.0
2019-03-06,13300.0,14300.0,12852.0,13699.0,22754381360,1660986,997,13344.0,14300.0
2019-03-09,14998.0,14998.0,14050.0,14516.0,16694462607,1150060,801,13699.0,14480.0
2019-03-10,14300.0,14600.0,13102.0,13796.0,14383808627,1042636,776,14516.0,13360.0
2019-03-11,13100.0,14690.0,13082.0,14031.0,14087713804,1004040,789,13796.0,13800.0
2019-03-12,13800.0,13898.0,12989.0,13198.0,7598393986,575722,484,14031.0,12989.0
2019-03-13,12956.0,13439.0,12400.0,12730.0,6384174265,501515,424,13198.0,12500.0
2019-03-16,12701.0,13400.0,12311.0,12954.0,7464096958,576196,518,12730.0,12800.0
2019-03-25,13200.0,13200.0,13200.0,13200.0,107382000,8135,9,12954.0,13200.0
2019-03-26,13750.0,13750.0,12410.0,13311.0,3176530919,238645,242,13200.0,13350.0
2019-03-27,13700.0,13700.0,13301.0,13452.0,3366181886,250240,256,13311.0,13584.0
2019-03-30,13649.0,13800.0,13361.0,13734.0,3385211884,246488,236,13452.0,13770.0
2019-03-31,14150.0,14150.0,13000.0,13402.0,4345360172,324239,285,13734.0,13240.0
2019-04-06,13600.0,13600.0,13010.0,13220.0,5279179280,399318,288,13402.0,13401.0
2019-04-07,13462.0,13690.0,13111.0,13486.0,7205468938,534298,360,13220.0,13489.0
2019-04-08,13350.0,14000.0,13071.0,13732.0,6518994022,474718,374,13486.0,13920.0
2019-04-09,13880.0,13880.0,13400.0,13567.0,3398516181,250492,209,13732.0,13500.0
2019-04-10,13999.0,14600.0,13561.0,14077.0,6852659082,486796,396,13567.0,14600.0
2019-04-13,15001.0,15400.0,14600.0,15087.0,12715253966,842812,555,14077.0,15200.0
2019-04-14,15000.0,16366.0,14000.0,15068.0,7089863340,470537,385,15087.0,15115.0
2019-04-15,15121.0,15999.0,15121.0,15674.0,5028911444,320846,276,15068.0,15511.0
2019-04-16,15200.0,15700.0,14819.0,15263.0,5064546085,331815,285,15674.0,14819.0
2019-04-17,14850.0,15100.0,13751.0,14525.0,3914136098,269485,180,15263.0,13751.0
2019-04-20,14500.0,15889.0,14500.0,15488.0,7976304455,514989,315,14525.0,15631.0
2019-04-22,15750.0,16000.0,15055.0,15597.0,6201697460,397632,263,15488.0,15849.0
2019-04-23,16000.0,16000.0,15101.0,15390.0,1647277351,107034,92,15597.0,15336.0
2019-04-24,15810.0,15839.0,14000.0,15128.0,1480138925,97843,143,15390.0,14999.0
2019-04-27,15700.0,15700.0,14801.0,15021.0,5084493839,338502,257,15128.0,15000.0
2019-04-28,15167.0,16220.0,14900.0,15739.0,10370697084,658901,449,15021.0,16050.0
2019-04-29,16490.0,17100.0,16000.0,16772.0,6191521726,369162,347,15739.0,17000.0
2019-04-30,17300.0,17300.0,15721.0,16492.0,8896031017,539430,385,16772.0,16198.0
2019-05-01,15760.0,16900.0,15760.0,16112.0,5155926648,319996,318,16492.0,16399.0
2019-05-04,16999.0,16999.0,16120.0,16271.0,7649505576,470134,304,16112.0,16201.0
2019-05-05,17600.0,17600.0,15114.0,16402.0,10980140034,669427,424,16271.0,16100.0
2019-05-06,16500.0,17599.0,15820.0,16759.0,19987481360,1192631,656,16402.0,16699.0
2019-05-07,17000.0,17000.0,15100.0,15989.0,12330742302,771178,566,16759.0,15968.0
2019-05-08,15900.0,16949.0,15113.0,16077.0,12598048070,783587,422,15989.0,16653.0
2019-05-11,16727.0,16800.0,15400.0,16322.0,13019875225,797670,536,16077.0,15900.0
2019-05-12,16400.0,16400.0,15000.0,15389.0,4952049158,321798,313,16322.0,15600.0
2019-05-13,15690.0,16300.0,15616.0,15984.0,6811394980,426142,306,15389.0,16180.0
2019-05-14,16349.0,17000.0,16300.0,16756.0,15442005157,921570,733,15984.0,16842.0
2019-05-15,16999.0,17000.0,16101.0,16461.0,6586310300,400113,341,16756.0,16253.0
2019-05-18,16499.0,16571.0,16050.0,16202.0,6279207819,387560,335,16461.0,16188.0
2019-05-19,16499.0,16499.0,16100.0,16200.0,3958382632,244341,252,16202.0,16190.0
2019-05-20,16250.0,16350.0,16100.0,16206.0,6248108275,385533,295,16200.0,16250.0
2019-05-21,16675.0,17826.0,16250.0,17514.0,10978082309,626834,474,16206.0,17826.0
2019-05-22,19265.0,19265.0,18002.0,19251.0,25267733383,1312549,524,17514.0,19265.0
2019-05-25,20800.0,21176.0,19276.0,20381.0,45444863538,2229722,1471,19251.0,21176.0
2019-05-26,21802.0,22419.0,21200.0,22275.0,15819769121,710217,545,20381.0,22419.0
2019-05-28,24502.0,24502.0,24502.0,24502.0,3210693076,131038,84,22275.0,24502.0
2019-05-29,26952.0,26952.0,26952.0,26952.0,5288036304,196202,54,24502.0,26952.0
2019-06-01,28000.0,30800.0,25600.0,28845.0,62705851255,2173879,1395,26952.0,30800.0
2019-06-02,31729.0,31729.0,28450.0,30316.0,114268645088,3769279,2714,28845.0,28862.0
2019-06-03,28862.0,28862.0,27285.0,27499.0,18102658807,658304,618,30316.0,27285.0
2019-06-08,24750.0,24750.0,24750.0,24750.0,1912506750,77273,98,27499.0,24750.0
2019-06-09,26000.0,27225.0,26000.0,26667.0,12834062585,481269,229,24750.0,27225.0
2019-06-10,29333.0,29333.0,24001.0,26819.0,73349851154,2734953,1888,26667.0,25201.0
2019-06-11,25300.0,25500.0,24138.0,24338.0,47497908753,1951607,1447,26819.0,24140.0
2019-06-12,25000.0,25000.0,21905.0,22651.0,44022355449,1943515,1501,24338.0,22402.0
2019-06-15,22300.0,24700.0,22300.0,23722.0,21181239433,892890,814,22651.0,24262.0
2019-06-16,24289.0,24500.0,22333.0,23155.0,19124550199,825936,757,23722.0,22430.0
2019-06-17,23200.0,23200.0,20875.0,22339.0,15649016186,700513,516,23155.0,22220.0
2019-06-18,22980.0,22980.0,20356.0,21170.0,17717458170,836914,857,22339.0,21650.0
2019-06-19,20811.0,21973.0,20108.0,20730.0,8652009837,417362,387,21170.0,20399.0
2019-06-22,20109.0,21800.0,19602.0,20436.0,9328796666,456498,442,20730.0,21800.0
2019-06-23,22099.0,22479.0,20900.0,22394.0,6824372276,304739,218,20436.0,22479.0
2019-06-24,24450.0,24633.0,23036.0,24499.0,21287214317,868888,507,22394.0,24633.0
2019-06-25,26500.0,26840.0,23002.0,25053.0,30526925203,1218484,1020,24499.0,24980.0
2019-06-26,25100.0,25100.0,22701.0,23354.0,21093520810,903194,938,25053.0,23354.0
2019-06-30,23400.0,23988.0,22010.0,23039.0,12535771317,544122,570,23354.0,22988.0
2019-07-01,22400.0,23800.0,22000.0,22828.0,12527997933,548803,492,23039.0,22580.0
2019-07-02,22999.0,23700.0,22003.0,22913.0,10630194638,463943,458,22828.0,22824.0
2019-07-03,22111.0,23290.0,22111.0,22712.0,8177207518,360034,395,22913.0,22500.0
2019-07-06,22511.0,22925.0,22000.0,22470.0,13709272017,610124,568,22712.0,22001.0
2019-07-16,20223.0,21500.0,20223.0,20275.0,13244983301,653266,362,22470.0,20223.0
2019-07-17,19151.0,22302.0,19151.0,21751.0,4980502705,228974,161,20275.0,22302.0
2019-07-20,23926.0,23926.0,23926.0,23926.0,2926867580,122330,106,21751.0,23926.0
2019-07-21,26318.0,26318.0,26318.0,26318.0,8481291316,322262,202,23926.0,26318.0
2019-07-22,28800.0,28949.0,26002.0,28195.0,70787311692,2510665,1688,26318.0,28949.0
2019-07-23,29500.0,30800.0,27501.0,28929.0,39837144423,1377074,1276,28195.0,28300.0
2019-07-24,28300.0,30100.0,26530.0,28042.0,26409307558,941768,1060,28929.0,27060.0
2019-07-27,28297.0,29440.0,26811.0,27695.0,19981892666,721498,738,28042.0,27502.0
2019-07-28,28000.0,28000.0,26000.0,26525.0,13096249607,493734,715,27695.0,26325.0
2019-07-29,26000.0,27780.0,25350.0,27086.0,9181971709,338990,484,26525.0,26999.0
2019-07-30,26510.0,27766.0,25500.0,26330.0,20446872034,776570,668,27086.0,26000.0
2019-07-31,26700.0,28963.0,25500.0,28049.0,28489884247,1015724,847,26330.0,28963.0
2019-08-03,29000.0,29996.0,27852.0,28857.0,15755739953,545987,584,28049.0,27901.0
2019-08-04,28490.0,28490.0,27100.0,27567.0,18475500623,670212,694,28857.0,27164.0
2019-08-05,27164.0,28597.0,27164.0,28031.0,10966645568,391231,507,27567.0,28201.0
2019-08-06,28355.0,30800.0,28355.0,30002.0,26310004702,876954,850,28031.0,30240.0
2019-08-07,31442.0,33002.0,30002.0,32536.0,41131248786,1264172,1099,30002.0,33002.0
2019-08-10,35789.0,35789.0,34000.0,35504.0,29641871799,834877,751,32536.0,35789.0
2019-08-11,37000.0,39054.0,37000.0,38607.0,18644655495,482931,385,35504.0,39054.0
2019-08-13,42000.0,42467.0,39000.0,41182.0,38762024211,941227,1117,38607.0,42467.0
2019-08-14,44200.0,44200.0,37064.0,39395.0,45751760156,1161361,1621,41182.0,37064.0
2019-08-17,38500.0,41800.0,35500.0,38746.0,36227464553,934998,1158,39395.0,38751.0
2019-08-18,39953.0,40500.0,37020.0,39321.0,15775596016,401196,494,38746.0,39000.0
2019-08-19,39199.0,39590.0,35672.0,36550.0,31567121676,863677,1149,39321.0,36118.0
2019-08-21,36598.0,39995.0,36300.0,38726.0,26028848249,672134,871,36550.0,39700.0
2019-08-24,42598.0,42598.0,40002.0,42584.0,4275383844,100398,52,38726.0,40002.0
2019-08-27,38326.0,38326.0,38326.0,38326.0,2214476280,57780,69,42584.0,38326.0
2019-08-28,34494.0,34494.0,34494.0,34494.0,4897182168,141972,206,38326.0,34494.0
2019-08-31,31045.0,31045.0,31045.0,31045.0,2350044410,75698,70,34494.0,31045.0
2019-09-01,30114.0,30114.0,30114.0,30114.0,1414906290,46985,35,31045.0,30114.0
2019-09-02,29211.0,29211.0,29211.0,29211.0,1949921883,66753,48,30114.0,29211.0
2019-09-03,28335.0,28335.0,28335.0,28335.0,1676298600,59160,76,29211.0,28335.0
2019-09-04,27485.0,27485.0,27485.0,27485.0,5313455170,193322,200,28335.0,27485.0
2019-09-16,25836.0,25836.0,25836.0,25836.0,550720176,21316,16,27485.0,25836.0
2019-09-17,25061.0,25061.0,25061.0,25061.0,869065358,34678,47,25836.0,25061.0
2019-09-18,25061.0,25061.0,25061.0,25061.0,47089619,1879,8,25061.0,25061.0
2019-09-21,25061.0,25061.0,25061.0,25061.0,31075640,1240,6,25061.0,25061.0
2019-09-22,25061.0,25061.0,25061.0,25061.0,1435418897,57277,22,25061.0,25061.0
2019-09-23,25061.0,26480.0,25061.0,25263.0,44305453617,1753736,692,25061.0,25061.0
2019-09-24,24317.0,25500.0,24310.0,24499.0,10971597993,447842,311,25263.0,25000.0
2019-09-25,25000.0,25233.0,23765.0,24166.0,12064477712,499243,511,24499.0,24000.0
2019-09-28,23555.0,24000.0,23442.0,23449.0,5175782690,220723,196,24166.0,23442.0
2019-09-29,22746.0,24000.0,22746.0,22966.0,17265844123,751804,432,23449.0,24000.0
2019-09-30,23654.0,23654.0,23400.0,23646.0,6855473175,289918,266,22966.0,23654.0
2019-10-01,24349.0,24349.0,22937.0,23358.0,12158505130,520534,428,23646.0,23270.0
2019-10-02,23933.0,23933.0,22658.0,22675.0,7104819996,313327,302,23358.0,22915.0
2019-10-05,23283.0,23300.0,21995.0,22054.0,10828205075,490985,456,22675.0,21995.0
2019-10-06,21999.0,22000.0,21393.0,21476.0,5066840704,235933,207,22054.0,21877.0
2019-10-07,22120.0,22120.0,20857.0,21998.0,4233599616,192453,198,21476.0,22115.0
2019-10-08,22657.0,22657.0,21339.0,22340.0,6927512905,310099,294,21998.0,21955.0
2019-10-09,22890.0,23010.0,22340.0,22965.0,6626605011,288550,218,22340.0,23010.0
2019-10-12,23653.0,23653.0,23653.0,23653.0,874498716,36972,25,22965.0,23653.0
2019-10-13,24362.0,24362.0,23000.0,24133.0,8660730767,358871,303,23653.0,23362.0
2019-10-14,23940.0,23940.0,23410.0,23416.0,492479340,21032,68,24133.0,23410.0
2019-10-15,22714.0,24118.0,22714.0,23297.0,14365328238,616623,185,23416.0,22714.0
2019-10-16,22601.0,22601.0,22599.0,22600.0,1024282525,45323,64,23297.0,22599.0
2019-10-20,21470.0,21470.0,21470.0,21470.0,470450640,21912,14,22600.0,21470.0
2019-10-21,20826.0,20826.0,20826.0,20826.0,305788158,14683,20,21470.0,20826.0
2019-10-22,20202.0,21450.0,20202.0,20356.0,5482738812,269349,230,20826.0,20202.0
2019-10-23,20000.0,20750.0,19746.0,19877.0,5944716071,299068,260,20356.0,19875.0
2019-10-26,20468.0,20473.0,19746.0,20338.0,2912833716,143218,167,19877.0,20473.0
2019-10-28,20948.0,20948.0,20005.0,20947.0,1684918865,80438,112,20338.0,20948.0
2019-10-30,21575.0,21575.0,21575.0,21575.0,662309350,30698,9,20947.0,21575.0
2019-11-02,22222.0,22222.0,21000.0,21867.0,6182898620,282746,242,21575.0,22222.0
2019-11-03,22500.0,22500.0,21211.0,21285.0,10444619261,490714,351,21867.0,21211.0
2019-11-04,20661.0,20663.0,20647.0,20648.0,2452770247,118791,123,21285.0,20647.0
2019-11-05,20029.0,21101.0,20029.0,20319.0,5000741045,246113,244,20648.0,20895.0
2019-11-09,20900.0,20928.0,20600.0,20921.0,1640401332,78409,87,20319.0,20928.0
2019-11-10,21548.0,21548.0,21500.0,21548.0,20331794989,943566,351,20921.0,21548.0
2019-11-11,22194.0,22194.0,22194.0,22194.0,322212492,14518,26,21548.0,22194.0
2019-11-12,23303.0,23303.0,23303.0,23303.0,725632117,31139,28,22194.0,23303.0
2019-11-13,24002.0,24002.0,22623.0,23849.0,20229484179,848229,561,23303.0,23804.0
2019-11-16,24550.0,24550.0,23134.0,23331.0,7205421904,308834,355,23849.0,23134.0
2019-11-17,22632.0,22632.0,22632.0,22632.0,238631808,10544,39,23331.0,22632.0
2019-11-18,21954.0,22622.0,21954.0,21977.0,3576399984,162734,211,22632.0,21954.0
2019-11-19,21200.0,23075.0,21200.0,22962.0,5394595985,234935,154,21977.0,23075.0
2019-11-20,23650.0,23650.0,23075.0,23506.0,3659812729,155698,243,22962.0,23300.0
2019-11-23,23200.0,24161.0,22801.0,23004.0,7367022992,320249,352,23506.0,23250.0
2019-11-24,23000.0,23490.0,22314.0,22358.0,6557045909,293270,306,23004.0,22650.0
2019-11-25,23000.0,23028.0,22800.0,23006.0,3244452883,141027,142,22358.0,23028.0
2019-11-26,23696.0,23696.0,23400.0,23669.0,7743209014,327147,279,23006.0,23500.0
2019-11-27,23201.0,24150.0,22959.0,23207.0,4742113861,204337,262,23669.0,23151.0
2019-11-30,23101.0,23650.0,22752.0,23046.0,5463021157,237051,334,23207.0,23251.0
2019-12-01,23649.0,23737.0,23005.0,23581.0,11263063189,477629,325,23046.0,23737.0
2019-12-02,24288.0,24288.0,23000.0,24084.0,8057271357,334545,338,23581.0,23913.0
2019-12-03,23372.0,24806.0,23372.0,24780.0,5509452310,222339,169,24084.0,24806.0
2019-12-04,25523.0,25523.0,25001.0,25395.0,9411625274,370603,401,24780.0,25255.0
2019-12-07,25400.0,26156.0,25100.0,26016.0,8152712061,313374,379,25395.0,26156.0
2019-12-08,26796.0,26796.0,26300.0,26793.0,3196077326,119288,117,26016.0,26796.0
2019-12-09,27596.0,27596.0,27596.0,27596.0,3016987892,109327,88,26793.0,27596.0
2019-12-10,28975.0,28975.0,26401.0,27669.0,15943119376,576218,496,27596.0,26503.0
2019-12-11,26839.0,27498.0,26839.0,26895.0,16242268282,603911,515,27669.0,26839.0
2019-12-14,26839.0,27701.0,26839.0,27541.0,12399179956,450205,433,26895.0,27699.0
2019-12-15,28357.0,28367.0,26715.0,27053.0,17607603219,650844,616,27541.0,26720.0
2019-12-16,27600.0,27600.0,26243.0,26610.0,6768614407,254365,374,27053.0,26692.0
2019-12-17,27140.0,27408.0,26401.0,27063.0,11584191424,428053,442,26610.0,27408.0
2019-12-18,27874.0,27874.0,27874.0,27874.0,9013754750,323375,220,27063.0,27874.0
2019-12-21,28710.0,28710.0,28710.0,28710.0,1852742430,64533,66,27874.0,28710.0
2019-12-22,30010.0,30145.0,29000.0,30048.0,26622258719,885998,564,28710.0,30145.0
2019-12-23,30949.0,30949.0,29147.0,30731.0,33734735804,1097756,883,30048.0,30949.0
2019-12-24,31640.0,31640.0,30011.0,30751.0,13103938869,426129,588,30731.0,31000.0
2019-12-25,30001.0,30790.0,30001.0,30449.0,15830853852,519915,453,30751.0,30700.0
2019-12-28,30300.0,31322.0,30006.0,30640.0,12747890785,416049,550,30449.0,30960.0
2019-12-29,30640.0,31559.0,30640.0,31504.0,11376613918,361112,211,30640.0,31559.0
2019-12-30,32449.0,32449.0,32449.0,32449.0,3505984654,108046,58,31504.0,32449.0
2019-12-31,33422.0,33422.0,33300.0,33422.0,21924385840,655995,310,32449.0,33422.0
2020-01-01,35000.0,35093.0,32500.0,35006.0,11706454425,334417,347,33422.0,35093.0
2020-01-04,33956.0,33956.0,33956.0,33956.0,510120988,15023,27,35006.0,33956.0
2020-01-05,32938.0,33938.0,32938.0,32973.0,19444100150,589691,367,33956.0,32938.0
2020-01-07,31984.0,31984.0,31984.0,31984.0,2582803952,80753,56,32973.0,31984.0
2020-01-08,31345.0,31345.0,31345.0,31345.0,954141800,30440,9,31984.0,31345.0
2020-01-11,31971.0,31971.0,31971.0,31971.0,1617029238,50578,59,31345.0,31971.0
2020-01-12,32930.0,32930.0,32930.0,32930.0,7571759550,229935,111,31971.0,32930.0
2020-01-13,31943.0,31943.0,31943.0,31943.0,4426181795,138565,93,32930.0,31943.0
2020-01-14,30985.0,30985.0,30985.0,30985.0,435804025,14065,34,31943.0,30985.0
2020-01-15,30056.0,30056.0,30056.0,30056.0,701717432,23347,35,30985.0,30056.0
2020-01-18,30056.0,30056.0,30056.0,30056.0,288687880,9605,16,30056.0,30056.0
2020-01-19,29455.0,29455.0,29455.0,29455.0,992073855,33681,65,30056.0,29455.0
2020-01-20,28866.0,28866.0,28866.0,28866.0,2452224432,84952,108,29455.0,28866.0
2020-01-21,28289.0,29443.0,28289.0,28732.0,34125080277,1187699,541,28866.0,29443.0
2020-01-22,29306.0,29306.0,29306.0,29306.0,6754769246,230491,117,28732.0,29306.0
2020-01-25,29892.0,29892.0,29650.0,29882.0,25980337065,869422,498,29306.0,29892.0
2020-01-26,31077.0,31077.0,29892.0,31070.0,21465015521,690863,453,29882.0,31077.0
2020-01-27,31691.0,31691.0,31077.0,31562.0,10425264115,330314,381,31070.0,31140.0
2020-01-28,31888.0,31888.0,30931.0,30982.0,16728325720,539941,576,31562.0,30931.0
2020-02-01,30364.0,31200.0,30363.0,30430.0,43859793693,1441317,747,30982.0,30827.0
2020-02-02,30820.0,30820.0,29822.0,30246.0,14250616441,471160,498,30430.0,30389.0
2020-02-03,30010.0,30780.0,30010.0,30406.0,16692354288,548989,445,30246.0,30220.0
2020-02-04,30998.0,30998.0,29798.0,29945.0,21233051347,709070,347,30406.0,29805.0
2020-02-05,30220.0,30543.0,29439.0,30325.0,12775811236,421293,669,29945.0,30543.0
2020-02-08,30931.0,30931.0,30543.0,30922.0,22599521448,730849,372,30325.0,30931.0
2020-02-09,31540.0,31540.0,31540.0,31540.0,6416434520,203438,170,30922.0,31540.0
2020-02-10,32801.0,32801.0,31540.0,32788.0,34621556468,1055933,372,31540.0,32801.0
2020-02-12,33443.0,33443.0,33443.0,33443.0,6674587383,199581,61,32788.0,33443.0
2020-02-15,34111.0,34111.0,34111.0,34111.0,5530723429,162139,53,33443.0,34111.0
2020-02-16,34793.0,34793.0,34793.0,34793.0,4120708955,118435,51,34111.0,34793.0
2020-02-17,36184.0,36184.0,36184.0,36184.0,14416248360,398415,85,34793.0,36184.0
2020-02-18,36907.0,36907.0,36907.0,36907.0,1282333715,34745,52,36184.0,36907.0
2020-02-19,37645.0,37645.0,37645.0,37645.0,3247558860,86268,86,36907.0,37645.0
2020-02-22,38397.0,38397.0,38397.0,38397.0,6073983033,158189,59,37645.0,38397.0
2020-02-23,39932.0,39932.0,39932.0,39932.0,2453701604,61447,54,38397.0,39932.0
2020-02-24,40730.0,40730.0,40730.0,40730.0,1147119720,28164,37,39932.0,40730.0
2020-02-25,41544.0,41544.0,41544.0,41544.0,2067146352,49758,51,40730.0,41544.0
2020-02-26,42374.0,42374.0,42374.0,42374.0,10634306162,250963,98,41544.0,42374.0
2020-02-29,44068.0,44068.0,44068.0,44068.0,33836600236,767827,241,42374.0,44068.0
2020-03-01,44949.0,44949.0,44949.0,44949.0,2475206583,55067,48,44068.0,44949.0
2020-03-02,45847.0,45847.0,45847.0,45582.0,7628986647,166401,90,44949.0,45847.0
2020-03-03,46493.0,46493.0,46493.0,45933.0,4229003280,90960,66,45582.0,46493.0
2020-03-04,47770.0,47770.0,47770.0,47770.0,12570102260,263138,144,45933.0,47770.0
2020-03-07,48725.0,48725.0,46880.0,48629.0,42315223989,870156,363,47770.0,48725.0
2020-03-09,49601.0,49601.0,47657.0,48459.0,59868098547,1235428,773,48629.0,49601.0
2020-03-10,49428.0,49428.0,47503.0,49175.0,12280762189,249736,258,48459.0,49428.0
2020-03-11,50158.0,50158.0,48192.0,49027.0,77745225380,1585771,751,49175.0,50158.0
2020-03-14,50007.0,50007.0,48047.0,49227.0,30687184288,623385,343,49027.0,50007.0
2020-03-15,51196.0,51196.0,47258.0,51030.0,11630791173,227920,135,49227.0,51196.0
2020-03-16,52050.0,52050.0,52050.0,52050.0,14121633450,271309,87,51030.0,52050.0
2020-04-21,53091.0,54152.0,53091.0,52912.0,4618113420,85541,31,52050.0,54152.0
2020-04-22,53970.0,53970.0,53970.0,53970.0,15489174120,286996,120,52912.0,53970.0
2020-04-25,55049.0,55049.0,55049.0,54562.0,5596116193,101657,72,53970.0,55049.0
2020-04-26,55653.0,55653.0,55653.0,55608.0,9888925917,177689,108,54562.0,55653.0
2020-04-27,57832.0,57832.0,57832.0,57832.0,11617986144,200892,45,55608.0,57832.0
2020-04-28,58988.0,58988.0,58984.0,58988.0,25188524540,427011,133,57832.0,58988.0
2020-04-29,60167.0,60167.0,59006.0,60152.0,27545994724,457938,219,58988.0,60167.0
2020-05-02,61355.0,61355.0,61335.0,61355.0,22135682555,360781,209,60152.0,61355.0
2020-05-03,63809.0,63809.0,62650.0,63680.0,26859456557,421788,326,61355.0,63809.0
2020-05-04,64953.0,64953.0,63809.0,64787.0,22314389543,344427,202,63680.0,64953.0
2020-05-05,66082.0,66082.0,63492.0,63927.0,22261272025,348228,278,64787.0,63492.0
2020-05-06,62649.0,65204.0,62649.0,62701.0,11695796711,186534,195,63927.0,62649.0
2020-05-09,63900.0,63955.0,61500.0,63717.0,28968638907,454647,255,62701.0,63955.0
2020-05-10,64991.0,64991.0,62443.0,63909.0,12523788983,195962,278,63717.0,62443.0
2020-05-11,62631.0,63825.0,62631.0,62643.0,46523764581,742685,161,63909.0,62631.0
2020-05-12,61500.0,61501.0,61391.0,61398.0,10531893076,171536,77,62643.0,61391.0
2020-05-13,60171.0,60171.0,60171.0,61331.0,526255566,8746,22,61398.0,60171.0
2020-05-16,60105.0,62557.0,60105.0,60964.0,59047402767,968560,337,61331.0,62557.0
2020-05-17,62183.0,62183.0,60001.0,61891.0,8717648248,140518,160,60964.0,62183.0
2020-05-18,63128.0,63128.0,62001.0,63123.0,73977631766,1171966,248,61891.0,63128.0
2020-05-19,64385.0,64385.0,64000.0,64382.0,13154929380,204325,173,63123.0,64385.0
2020-05-20,65669.0,65669.0,65669.0,65669.0,11469353526,174654,193,64382.0,65669.0
2020-05-23,68295.0,68295.0,65671.0,68239.0,41750143139,611819,273,65669.0,65700.0
2020-05-26,66875.0,66875.0,66875.0,66991.0,9316958125,139319,50,68239.0,66875.0
2020-05-27,65652.0,66599.0,65652.0,65653.0,17687810486,269414,160,66991.0,65652.0
2020-05-30,64341.0,66966.0,64340.0,66111.0,38586162342,583659,275,65653.0,64340.0
2020-05-31,66880.0,66880.0,63467.0,63815.0,9493691013,148891,145,66111.0,63467.0
2020-06-01,62539.0,64917.0,62539.0,62591.0,13881111677,221776,142,63815.0,62539.0
2020-06-02,61412.0,63700.0,61340.0,61610.0,20925668170,339648,299,62591.0,61340.0
2020-06-06,60378.0,62842.0,60378.0,61503.0,23004879079,374047,533,61610.0,62842.0
2020-06-07,62733.0,62733.0,62733.0,62733.0,13079014971,208487,86,61503.0,62733.0
2020-06-08,63987.0,63987.0,63900.0,63987.0,20390455611,318667,164,62733.0,63987.0
2020-06-09,66546.0,66546.0,62028.0,66540.0,23616832991,354926,277,63987.0,66546.0
2020-06-10,67870.0,67870.0,66200.0,67823.0,16841668736,248317,238,66540.0,67870.0
2020-06-13,69179.0,69179.0,69179.0,69179.0,35324457696,510624,208,67823.0,69179.0
2020-06-14,70562.0,70562.0,69400.0,70525.0,33209402671,470891,255,69179.0,70562.0
2020-06-15,73346.0,73346.0,73346.0,73346.0,11465153336,156316,133,70525.0,73346.0
2020-06-16,74812.0,74812.0,74812.0,74660.0,9884685124,132127,64,73346.0,74812.0
2020-06-20,76153.0,76153.0,76153.0,76153.0,16788994992,220464,67,74660.0,76153.0
2020-06-21,77676.0,77676.0,77676.0,77676.0,10602540972,136497,68,76153.0,77676.0
2020-06-22,80783.0,80783.0,80783.0,80783.0,19416921097,240359,66,77676.0,80783.0
2020-06-23,82398.0,82398.0,82398.0,82398.0,18632082954,226123,140,80783.0,82398.0
2020-06-24,84045.0,84045.0,84045.0,84045.0,24863872800,295840,171,82398.0,84045.0
2020-06-27,85725.0,85725.0,85725.0,85500.0,8833789800,103048,100,84045.0,85725.0
2020-06-28,88920.0,88920.0,88920.0,88920.0,14033710080,157824,124,85500.0,88920.0
2020-06-29,90698.0,90698.0,88920.0,90568.0,24131969767,266451,284,88920.0,90698.0
2020-06-30,92379.0,92379.0,92379.0,91926.0,8245010508,89252,66,90568.0,92379.0
2020-07-01,93764.0,93764.0,93764.0,93764.0,16361255416,174494,72,91926.0,93764.0
2020-07-04,97514.0,97514.0,90014.0,95837.0,47478294242,495409,577,93764.0,92990.0
2020-07-05,95650.0,95650.0,93921.0,94103.0,44975999417,477943,561,95837.0,93921.0
2020-07-06,95700.0,95985.0,92222.0,95713.0,55849995830,583517,564,94103.0,95985.0
2020-07-07,97627.0,97627.0,93799.0,96492.0,32836663032,340303,491,95713.0,93799.0
2020-07-15,94563.0,98421.0,94563.0,98398.0,52372312168,532250,127,96492.0,98421.0
2020-07-18,100365.0,100365.0,98010.0,100221.0,53146337365,530291,609,98398.0,100365.0
2020-07-19,102225.0,102225.0,98217.0,100430.0,18105964402,180285,433,100221.0,98217.0
2020-07-20,98422.0,101990.0,98422.0,98781.0,8399641850,85305,200,100430.0,98422.0
2020-07-21,96806.0,96806.0,96806.0,98286.0,2465067984,25464,37,98781.0,96806.0
2020-07-22,94355.0,94355.0,94355.0,97823.0,1129995480,11976,29,98286.0,94355.0
2020-07-25,95867.0,95867.0,95867.0,97497.0,1635299286,17058,41,97823.0,95867.0
2020-07-26,95548.0,95548.0,95548.0,95548.0,20126612912,210644,68,97497.0,95548.0
2020-07-27,93638.0,97458.0,93638.0,94384.0,63826579522,676243,926,95548.0,93638.0
2020-07-28,90610.0,96500.0,90609.0,91147.0,16821445737,184552,296,94384.0,90609.0
2020-07-29,89325.0,92500.0,89325.0,89729.0,49585218981,552609,322,91147.0,92386.0
2020-08-01,91523.0,91523.0,87935.0,89716.0,34511224049,384671,489,89729.0,90000.0
2020-08-02,91510.0,91510.0,88010.0,91284.0,15753736159,172579,275,89716.0,91510.0
2020-08-04,93105.0,93105.0,89459.0,90324.0,50230011828,556108,267,91284.0,89459.0
2020-08-05,92130.0,92130.0,88518.0,88770.0,9616497921,108384,178,90324.0,88518.0
2020-08-09,86995.0,90545.0,86995.0,88108.0,21900906189,248569,311,88770.0,88000.0
2020-08-10,86346.0,89000.0,86346.0,86526.0,12165855681,140604,156,88108.0,86346.0
2020-08-11,84796.0,88256.0,84796.0,85300.0,13932955950,163341,132,86526.0,87690.0
2020-08-12,87006.0,87006.0,87006.0,87006.0,36258706428,416738,130,85300.0,87006.0
2020-08-15,88746.0,88746.0,85266.0,88705.0,94747333402,1068114,271,87006.0,88746.0
2020-08-16,90479.0,90479.0,88900.0,90428.0,34459493707,381071,342,88705.0,90479.0
2020-08-17,92236.0,92236.0,90479.0,92177.0,18285990485,198379,271,90428.0,92236.0
2020-08-18,94020.0,94020.0,92500.0,94013.0,22899638181,243580,348,92177.0,94020.0
2020-08-19,95893.0,95893.0,92133.0,95384.0,33292216411,349033,416,94013.0,95885.0
2020-08-22,97291.0,97291.0,93477.0,93912.0,78925563353,840422,315,95384.0,93477.0
2020-08-23,92034.0,92034.0,92034.0,93417.0,2541702978,27617,35,93912.0,92034.0
2020-08-24,91549.0,91549.0,91549.0,91591.0,9382307716,102484,24,93417.0,91549.0
2020-08-25,89760.0,89760.0,89760.0,90105.0,7636421760,85076,41,91591.0,89760.0
2020-08-26,86501.0,93500.0,86501.0,88178.0,31323207341,355226,582,90105.0,91500.0
2020-08-31,89941.0,89941.0,86415.0,87449.0,6148425436,70665,157,88178.0,86415.0
2020-09-01,85701.0,85701.0,85701.0,87229.0,1225438599,14299,23,87449.0,85701.0
2020-09-02,85485.0,85485.0,85485.0,87202.0,150453600,1760,9,87229.0,85485.0
2020-09-05,83714.0,85485.0,83714.0,84357.0,11669307856,138332,126,87202.0,83714.0
2020-09-06,82670.0,86044.0,82670.0,84057.0,42578598080,506546,366,84357.0,82800.0
2020-09-07,82376.0,85000.0,82376.0,82658.0,8751907460,106027,89,84057.0,82376.0
2020-09-08,81005.0,81005.0,81005.0,82521.0,769142475,9495,7,82658.0,81005.0
2020-09-09,80871.0,80871.0,80871.0,80871.0,13333363512,164872,48,82521.0,80871.0
2020-09-12,80000.0,84105.0,78000.0,83616.0,17176478569,205421,181,80871.0,84105.0
2020-09-13,85288.0,85288.0,81944.0,83035.0,5810913913,70354,123,83616.0,83607.0
2020-09-14,81375.0,84695.0,81375.0,83525.0,5860480701,69848,91,83035.0,84695.0
2020-09-15,85195.0,85195.0,84000.0,85194.0,14142932060,166008,114,83525.0,85195.0
2020-09-16,86897.0,86897.0,83491.0,86058.0,12728510383,147907,228,85194.0,86897.0
2020-09-19,89497.0,89497.0,85000.0,88431.0,49704634952,562073,134,86058.0,88350.0
2020-09-27,90199.0,90199.0,86663.0,89064.0,6428378271,71884,66,88431.0,86664.0
2020-09-28,87283.0,90845.0,87283.0,88815.0,20602481750,231971,182,89064.0,87284.0
2020-09-29,87039.0,90000.0,87039.0,87501.0,15415644859,176177,124,88815.0,87039.0
2020-10-03,90125.0,90125.0,85000.0,87496.0,458435531,5251,16,87501.0,87501.0
2020-10-04,90120.0,90120.0,90120.0,88338.0,6612464880,73374,71,87496.0,90120.0
2020-10-05,90988.0,90988.0,90988.0,89462.0,8820376720,96940,113,88338.0,90988.0
2020-10-07,92145.0,92145.0,86779.0,90659.0,12750418576,139465,195,89462.0,86779.0
2020-10-10,93375.0,93378.0,87940.0,93192.0,29897514854,320818,188,90659.0,93378.0
2020-10-11,95977.0,95987.0,94100.0,95644.0,19366346832,202006,156,93192.0,95987.0
2020-10-12,98510.0,98510.0,93050.0,96146.0,13032025776,135098,195,95644.0,98190.0
2020-10-13,98990.0,99030.0,96200.0,97661.0,15150802046,154105,134,96146.0,99030.0
2020-10-14,100590.0,100590.0,100590.0,100347.0,20353078830,202337,140,97661.0,100590.0
2020-10-18,103357.0,103357.0,103357.0,101257.0,6226845822,60246,63,100347.0,103357.0
2020-10-19,106319.0,106319.0,106319.0,106319.0,21495894377,202183,114,101257.0,106319.0
2020-10-20,109508.0,109508.0,109508.0,108050.0,11849422648,108206,66,106319.0,109508.0
2020-10-21,111291.0,111291.0,111291.0,108387.0,2304947901,20711,41,108050.0,111291.0
2020-10-24,111638.0,111638.0,111638.0,110632.0,14227704910,127445,72,108387.0,111638.0
2020-10-26,116163.0,116163.0,116163.0,116163.0,26052108336,224272,149,110632.0,116163.0
2020-11-14,119647.0,119647.0,119647.0,117975.0,10711278028,89524,96,116163.0,119647.0
2020-11-15,121514.0,121514.0,114436.0,120778.0,37415112870,309785,307,117975.0,115000.0
2020-11-16,117155.0,124401.0,117155.0,120412.0,91650012769,761134,893,120778.0,124401.0
2020-11-17,124024.0,124024.0,121000.0,124011.0,45276894673,365104,386,120412.0,124024.0
2020-11-18,127730.0,127731.0,120291.0,127251.0,30902822404,242849,390,124011.0,127731.0
2020-11-21,133613.0,133613.0,128500.0,133534.0,24031054752,179962,297,127251.0,133613.0
2020-11-22,137540.0,137540.0,137540.0,136476.0,15874866800,115420,120,133534.0,137540.0
2020-11-23,140570.0,140570.0,140570.0,140570.0,61310027210,436153,426,136476.0,140570.0
2020-11-24,144787.0,144787.0,144787.0,143609.0,16400313064,113272,132,140570.0,144787.0
2020-11-25,150789.0,150789.0,150789.0,150789.0,51292537029,340161,356,143609.0,150789.0
2020-11-28,155312.0,155312.0,155312.0,152635.0,8405485440,54120,71,150789.0,155312.0
2020-11-29,157214.0,157214.0,157214.0,154288.0,7525676966,47869,96,152635.0,157214.0
2020-11-30,158916.0,158916.0,158916.0,158916.0,33582923700,211325,290,154288.0,158916.0
2020-12-01,166861.0,166861.0,158916.0,166273.0,59894834807,360219,577,158916.0,166861.0
2020-12-02,171261.0,171261.0,171261.0,168354.0,9474843564,55324,61,166273.0,171261.0
2020-12-05,173404.0,173404.0,173404.0,170305.0,7959763812,45903,53,168354.0,173404.0
2020-12-06,175414.0,175414.0,175414.0,172679.0,9681274074,55191,62,170305.0,175414.0
2020-12-07,181312.0,181312.0,181312.0,177483.0,11985267136,66103,121,172679.0,181312.0
2020-12-08,182807.0,182807.0,182807.0,179607.0,8663406537,47391,56,177483.0,182807.0
2020-12-09,184995.0,184995.0,184995.0,184995.0,22343511105,120779,86,179607.0,184995.0
2020-12-12,190544.0,190544.0,188700.0,190524.0,54055537943,283720,559,184995.0,190544.0
2020-12-13,200050.0,200050.0,200050.0,200050.0,29982693800,149876,142,190524.0,200050.0
2020-12-14,206051.0,206051.0,206051.0,202369.0,8607162372,41772,77,200050.0,206051.0
2020-12-15,208440.0,208440.0,208440.0,207824.0,20248486920,97143,94,202369.0,208440.0
2020-12-16,214058.0,214058.0,214058.0,210753.0,10872219878,50791,45,207824.0,214058.0
2020-12-19,221290.0,221290.0,221290.0,217941.0,14325872020,64738,107,210753.0,221290.0
2020-12-20,224479.0,224479.0,224479.0,221325.0,11025061606,49114,56,217941.0,224479.0
2020-12-21,227964.0,227964.0,227964.0,225502.0,13612414332,59713,61,221325.0,227964.0
2020-12-22,232267.0,232267.0,232267.0,227863.0,7691753972,33116,43,225502.0,232267.0
2020-12-23,239256.0,239256.0,239256.0,239256.0,51017992416,213236,78,227863.0,239256.0
2020-12-26,246433.0,246433.0,246433.0,246329.0,20301889839,82383,97,239256.0,246433.0
2020-12-27,253718.0,253718.0,238940.0,246086.0,354882779913,1442107,3161,246329.0,253718.0
2021-01-11,253468.0,253468.0,253468.0,252889.0,18985006668,74901,67,246086.0,253468.0
2021-01-12,260475.0,260475.0,253468.0,260308.0,214130868235,822607,1511,252889.0,260475.0
2021-01-13,267000.0,267000.0,252499.0,257246.0,31420487867,122142,567,260308.0,252499.0
2021-01-16,249529.0,249529.0,249529.0,255759.0,3737944420,14980,54,257246.0,249529.0
2021-01-18,248087.0,248087.0,248087.0,255435.0,814221534,3282,24,255759.0,248087.0
2021-01-19,242664.0,242664.0,242664.0,242664.0,37519009032,154613,182,255435.0,242664.0
2021-01-20,235385.0,235385.0,235385.0,239222.0,8654871065,36769,120,242664.0,235385.0
2021-02-15,234438.0,234438.0,234438.0,238906.0,1295504388,5526,64,239222.0,234438.0
2021-02-16,234128.0,234128.0,234128.0,238523.0,1569828240,6705,90,238906.0,234128.0
2021-02-17,233753.0,233753.0,233753.0,238247.0,1129260743,4831,95,238523.0,233753.0
2021-02-20,233483.0,233483.0,233483.0,237769.0,1966627309,8423,68,238247.0,233483.0
2021-02-21,228259.0,228259.0,228259.0,237111.0,1325956531,5809,45,237769.0,228259.0
2021-02-22,232369.0,232369.0,232369.0,237086.0,101777622,438,8,237111.0,232369.0
2021-02-23,232345.0,232345.0,232345.0,236842.0,1002336330,4314,21,237086.0,232345.0
2021-02-24,232106.0,232106.0,232106.0,236769.0,298720422,1287,13,236842.0,232106.0
2021-02-27,227299.0,227299.0,227299.0,236214.0,1124448153,4947,20,236769.0,227299.0
2021-02-28,231490.0,231490.0,231490.0,236140.0,305335310,1319,8,236214.0,231490.0
2021-03-01,231418.0,231418.0,231418.0,236135.0,21984710,95,3,236140.0,231418.0
2021-03-02,231413.0,231413.0,231413.0,236117.0,76134877,329,6,236135.0,231413.0
2021-03-03,226673.0,226673.0,226673.0,235917.0,405064651,1787,16,236117.0,226673.0
2021-03-06,231199.0,231199.0,231199.0,235915.0,6935970,30,1,235917.0,231199.0
2021-03-07,231197.0,231197.0,231197.0,235866.0,202990966,878,10,235915.0,231197.0
2021-03-08,231149.0,231149.0,231149.0,235855.0,45536353,197,5,235866.0,231149.0
2021-03-09,226421.0,226421.0,226421.0,235766.0,180910379,799,15,235855.0,226421.0
2021-03-10,231051.0,231051.0,231051.0,235728.0,158500986,686,3,235766.0,231051.0
2021-03-13,231014.0,231014.0,231014.0,235716.0,50823080,220,5,235728.0,231014.0
2021-03-14,231002.0,231002.0,231002.0,235707.0,35574308,154,6,235716.0,231002.0
2021-03-15,226279.0,226279.0,226279.0,235452.0,518631468,2292,26,235707.0,226279.0
2021-03-16,230743.0,230743.0,230743.0,235405.0,194285606,842,10,235452.0,230743.0
2021-03-28,230697.0,230697.0,230697.0,235361.0,181327842,786,7,235405.0,230697.0
2021-03-30,230654.0,230654.0,230654.0,235351.0,43362952,188,7,235361.0,230654.0
2021-03-31,230644.0,230644.0,230644.0,235348.0,11532200,50,1,235351.0,230644.0
2021-04-03,230642.0,230642.0,230642.0,235330.0,74728008,324,2,235348.0,230642.0
2021-04-04,225917.0,225917.0,225917.0,235264.0,134194698,594,4,235330.0,225917.0
2021-04-05,230559.0,230559.0,230559.0,235257.0,27897639,121,4,235264.0,230559.0
2021-04-06,230552.0,230552.0,230552.0,235239.0,75390504,327,3,235257.0,230552.0
2021-04-10,225830.0,225830.0,225830.0,234707.0,1085564810,4807,16,235239.0,225830.0
2021-04-13,230013.0,230013.0,230013.0,234702.0,22541274,98,3,234707.0,230013.0
2021-04-14,225314.0,225314.0,225314.0,234621.0,166056418,737,8,234702.0,225314.0
2021-04-19,229929.0,229929.0,229929.0,234620.0,5288367,23,1,234621.0,229929.0
2021-04-20,225236.0,225236.0,225236.0,234598.0,44146256,196,4,234620.0,225236.0
2021-04-21,229907.0,229907.0,229907.0,234597.0,5287861,23,1,234598.0,229907.0
2021-04-25,229906.0,229906.0,229906.0,234596.0,5517744,24,1,234597.0,229906.0
2021-04-26,225213.0,225213.0,225213.0,234574.0,45718239,203,2,234596.0,225213.0
2021-04-28,229883.0,229883.0,229883.0,234561.0,54712154,238,1,234574.0,229883.0
2021-05-01,229870.0,229870.0,229870.0,234560.0,5057140,22,1,234561.0,229870.0
2021-05-02,229869.0,229869.0,229869.0,234558.0,9884367,43,2,234560.0,229869.0
2021-05-03,225176.0,225176.0,225176.0,234528.0,62373752,277,3,234558.0,225176.0
2021-05-05,229838.0,229838.0,229838.0,234521.0,29649102,129,3,234528.0,229838.0
2021-05-08,229831.0,229831.0,229831.0,234520.0,5056282,22,1,234521.0,229831.0
2021-05-09,229830.0,229830.0,229830.0,234519.0,5056260,22,1,234520.0,229830.0
2021-05-10,225139.0,225139.0,225139.0,234510.0,19136815,85,3,234519.0,225139.0
2021-05-11,229820.0,229820.0,229820.0,234508.0,10112080,44,2,234510.0,229820.0
2021-05-12,229818.0,229818.0,229818.0,234507.0,5055996,22,1,234508.0,229818.0
2021-05-15,227472.0,227472.0,227472.0,234499.0,10463712,46,2,234507.0,227472.0
2021-05-16,222775.0,222775.0,222775.0,234493.0,5123825,23,1,234499.0,222775.0
2021-05-17,227459.0,227459.0,227459.0,234489.0,5004098,22,1,234493.0,227459.0
2021-05-18,227455.0,227455.0,227455.0,234458.0,42761540,188,6,234489.0,227455.0
2021-06-08,165000.0,165000.0,165000.0,165000.0,21096240000,127856,98,234418.0,165000.0
2021-06-09,160050.0,160050.0,160050.0,161354.0,5028450900,31418,100,165000.0,160050.0
2021-06-12,156514.0,156514.0,156514.0,160836.0,1038626904,6636,26,161354.0,156514.0
2021-06-13,156011.0,156011.0,156011.0,160656.0,359761366,2306,6,160836.0,156011.0
2021-06-14,152624.0,152624.0,152624.0,159434.0,1439091696,9429,52,160656.0,152624.0
2021-06-15,154651.0,154651.0,154651.0,159363.0,141814967,917,13,159434.0,154651.0
2021-06-16,154583.0,154583.0,154583.0,158784.0,1161072913,7511,18,159363.0,154583.0
2021-06-19,154021.0,154021.0,154021.0,157355.0,2910688858,18898,26,158784.0,154021.0
2021-06-20,149488.0,149488.0,149488.0,157031.0,387622384,2593,18,157355.0,149488.0
2021-06-21,152321.0,152321.0,152321.0,156874.0,320483384,2104,9,157031.0,152321.0
2021-06-22,152168.0,152168.0,152168.0,156779.0,192644688,1266,12,156874.0,152168.0
2021-06-23,152076.0,152076.0,152076.0,156294.0,988646076,6501,26,156779.0,152076.0
2021-06-26,148480.0,148480.0,148480.0,154640.0,2010716160,13542,33,156294.0,148480.0
2021-06-27,150001.0,150001.0,150001.0,154528.0,231901546,1546,8,154640.0,150001.0
2021-06-28,149893.0,149893.0,149893.0,154450.0,160535403,1071,8,154528.0,149893.0
2021-06-29,149817.0,149817.0,149817.0,154311.0,287349006,1918,13,154450.0,149817.0
2021-06-30,146596.0,146596.0,146596.0,154160.0,183098404,1249,17,154311.0,146596.0
2021-07-03,149536.0,149536.0,149536.0,154118.0,87478560,585,3,154160.0,149536.0
2021-07-04,149495.0,149495.0,149495.0,153846.0,570771910,3818,8,154118.0,149495.0
2021-07-05,149231.0,149231.0,149231.0,153115.0,1533497756,10276,9,153846.0,149231.0
2021-07-06,145460.0,145460.0,145460.0,151226.0,2328378220,16007,24,153115.0,145460.0
2021-07-07,146690.0,146690.0,146690.0,151176.0,104003210,709,9,151226.0,146690.0
2021-07-10,146641.0,146641.0,146641.0,150731.0,951700090,6490,10,151176.0,146641.0
2021-07-11,146210.0,146210.0,146210.0,150688.0,91088830,623,8,150731.0,146210.0
2021-07-12,143154.0,143154.0,143154.0,149646.0,1310288562,9153,19,150688.0,143154.0
2021-07-13,145157.0,145157.0,145157.0,149399.0,528952108,3644,10,149646.0,145157.0
2021-07-14,144918.0,144918.0,144918.0,149177.0,475620876,3282,13,149399.0,144918.0
2021-07-17,144702.0,144702.0,144702.0,148960.0,471005010,3255,5,149177.0,144702.0
2021-07-18,141512.0,141512.0,141512.0,141512.0,9512578152,67221,48,148960.0,141512.0
2021-07-19,137267.0,145757.0,137267.0,143337.0,222223041461,1550353,1108,141512.0,145757.0
2021-07-26,147600.0,147600.0,139037.0,140144.0,90613347968,646571,1153,143337.0,139037.0
2021-07-27,135940.0,135940.0,135940.0,137468.0,6036551640,44406,44,140144.0,135940.0
2021-07-28,133344.0,133344.0,133344.0,136593.0,1974824640,14810,32,137468.0,133344.0
2021-07-31,129764.0,139699.0,129764.0,130905.0,117131806410,894786,1121,136593.0,129764.0
2021-08-01,126978.0,126978.0,126978.0,130042.0,2042822064,16088,44,130905.0,126978.0
2021-08-02,126141.0,126141.0,126141.0,129985.0,135097011,1071,17,130042.0,126141.0
2021-08-03,126086.0,126086.0,126086.0,129741.0,577095622,4577,14,129985.0,126086.0
2021-08-04,123254.0,128980.0,123254.0,123708.0,87871312189,710315,1152,129741.0,123254.0
2021-08-07,119997.0,121999.0,119997.0,120014.0,71519958749,595931,782,123708.0,119997.0
2021-08-08,116414.0,116414.0,116414.0,116414.0,12590406928,108152,140,120014.0,116414.0
2021-08-09,112922.0,112922.0,112922.0,115561.0,2228741514,19737,59,116414.0,112922.0
2021-08-10,111000.0,121339.0,111000.0,119240.0,295208250849,2475744,2733,115561.0,121339.0
2021-08-11,122817.0,122817.0,121070.0,122749.0,46489743297,378738,621,119240.0,122817.0
2021-08-14,126431.0,126431.0,119067.0,121540.0,115369230698,949225,1378,122749.0,119067.0
2021-08-15,117911.0,121000.0,117894.0,117977.0,25271662475,214209,425,121540.0,117894.0
2021-08-22,115500.0,121516.0,115500.0,121189.0,71241276890,587851,859,117977.0,121516.0
2021-08-23,124824.0,124824.0,121600.0,124774.0,16314738290,130754,215,121189.0,124824.0
2021-08-24,128517.0,128517.0,128517.0,127371.0,7559241423,58819,88,124774.0,128517.0
2021-08-25,133739.0,133739.0,133739.0,131232.0,6873515905,51395,105,127371.0,133739.0
2021-08-28,135168.0,135168.0,135168.0,133873.0,6909923328,51121,91,131232.0,135168.0
2021-08-29,137889.0,137889.0,129857.0,135380.0,196519237316,1451616,2009,133873.0,130013.0
2021-08-30,131321.0,139441.0,131319.0,135449.0,88412223617,652732,1504,135380.0,137390.0
2021-08-31,139000.0,139512.0,131639.0,138527.0,69984140551,505203,912,135449.0,139512.0
2021-09-01,141800.0,142000.0,134384.0,135884.0,68646714826,505187,1209,138527.0,135220.0
2021-09-04,132150.0,139500.0,132150.0,137065.0,46572253462,339781,824,135884.0,138000.0
2021-09-05,137065.0,141176.0,134001.0,140560.0,83676841050,595312,1375,137065.0,141176.0
2021-09-06,142682.0,144632.0,136344.0,138649.0,69770631603,503218,1419,140560.0,136344.0
2021-09-07,139500.0,139950.0,134490.0,134809.0,34863081749,258611,607,138649.0,134490.0
2021-09-08,130900.0,134175.0,130765.0,130848.0,15298447753,116918,431,134809.0,130765.0
2021-09-11,126320.0,130630.0,124306.0,124669.0,31397305810,251846,625,130848.0,124306.0
2021-09-12,120929.0,120929.0,120929.0,121452.0,7950356176,65744,200,124669.0,120929.0
2021-09-13,117809.0,121200.0,117809.0,117911.0,28410129041,240946,403,121452.0,117809.0
2021-09-14,116000.0,121448.0,116000.0,120856.0,23817123607,197071,482,117911.0,121448.0
2021-09-15,123980.0,124481.0,120870.0,124401.0,48446480431,389438,568,120856.0,124481.0
2021-09-18,121416.0,127900.0,120669.0,122046.0,24678007141,202203,496,124401.0,120669.0
2021-09-19,118385.0,124410.0,118385.0,118732.0,11769107119,99123,237,122046.0,118385.0
2021-09-20,116102.0,118731.0,115171.0,115547.0,28662683695,248060,597,118732.0,115171.0
2021-09-21,111000.0,121324.0,111000.0,120219.0,72384110464,602101,911,115547.0,121324.0
2021-09-22,123825.0,123825.0,117100.0,123679.0,29424320826,237909,321,120219.0,123825.0
2021-09-25,125707.0,127389.0,121700.0,125307.0,68217209857,544400,1463,123679.0,125900.0
2021-09-26,125990.0,125990.0,121548.0,122392.0,31340426066,256067,567,125307.0,121548.0
2021-09-28,118721.0,122392.0,118721.0,119219.0,26495920623,222246,586,122392.0,121000.0
2021-09-29,119000.0,122795.0,119000.0,121982.0,22682241201,185948,519,119219.0,122795.0
2021-10-02,125599.0,125641.0,120011.0,125328.0,41761036544,333213,532,121982.0,125641.0
2021-10-03,127999.0,129087.0,127999.0,129070.0,57917622830,448730,406,125328.0,129087.0
2021-10-04,132900.0,132900.0,125198.0,129610.0,31703204368,244605,662,129070.0,127016.0
2021-10-06,128949.0,132500.0,125722.0,129089.0,23596186751,182790,582,129610.0,127160.0
2021-10-09,126355.0,132000.0,125217.0,126871.0,6642641669,52789,107,129089.0,125217.0
2021-10-10,129990.0,129990.0,123065.0,124345.0,11922060714,95879,227,126871.0,123484.0
2021-10-11,120615.0,127780.0,120615.0,120905.0,16644242920,137664,331,124345.0,120615.0
2021-10-12,117278.0,117278.0,117278.0,118660.0,5624301046,47957,37,120905.0,117278.0
2021-10-13,115101.0,115101.0,115101.0,117585.0,2694169107,23407,53,118660.0,115101.0
2021-10-16,111706.0,117000.0,111706.0,112570.0,83329025954,740241,1323,117585.0,114110.0
2021-10-17,112580.0,115947.0,109193.0,112830.0,97141064875,860947,976,112570.0,112000.0
2021-10-18,114675.0,114675.0,109446.0,109606.0,24204789465,220835,333,112830.0,109446.0
2021-10-19,107000.0,111000.0,106318.0,106518.0,26932606515,252845,583,109606.0,106318.0
2021-10-20,103323.0,106318.0,103323.0,104454.0,5682824579,54999,195,106518.0,103323.0
2021-10-23,100840.0,109676.0,100840.0,108608.0,132960423854,1224223,1322,104454.0,108974.0
2021-10-25,106100.0,109880.0,105350.0,106323.0,79663916228,749261,703,108608.0,106326.0
2021-10-26,106322.0,108000.0,103134.0,105040.0,41821961334,398152,495,106323.0,104152.0
2021-10-27,102000.0,108191.0,101889.0,107601.0,35840058922,333082,326,105040.0,108191.0
2021-10-30,105680.0,110829.0,105630.0,110590.0,70156053240,634382,467,107601.0,107830.0
2021-10-31,111864.0,113907.0,107273.0,110814.0,68436856768,617582,788,110590.0,113907.0
2021-11-01,113907.0,114138.0,112010.0,114097.0,18686466860,163777,229,110814.0,114138.0
2021-11-02,117400.0,117519.0,116471.0,117517.0,13378561978,113844,222,114097.0,117519.0
2021-11-03,119999.0,121042.0,115880.0,119273.0,46662609665,391226,525,117517.0,121042.0
2021-11-06,122851.0,122851.0,122851.0,122851.0,10304741880,83880,123,119273.0,122851.0
2021-11-07,126536.0,126536.0,126536.0,124574.0,4959831592,39197,93,122851.0,126536.0
2021-11-08,130802.0,130802.0,130802.0,129297.0,8317437576,63588,76,124574.0,130802.0
2021-11-09,133175.0,133175.0,133175.0,130146.0,2443228550,18346,109,129297.0,133175.0
2021-11-10,134050.0,134050.0,134050.0,132790.0,7610554700,56774,81,130146.0,134050.0
2021-11-13,136773.0,136773.0,130050.0,136349.0,49864306423,365710,374,132790.0,136773.0
2021-11-14,143166.0,143166.0,143166.0,143166.0,10870880712,75932,139,136349.0,143166.0
2021-11-15,147460.0,147460.0,147460.0,147460.0,11104770220,75307,109,143166.0,147460.0
2021-11-16,151883.0,151883.0,151883.0,150665.0,8288407193,54571,105,147460.0,151883.0
2021-11-17,155184.0,155184.0,155184.0,155184.0,13832325840,89135,101,150665.0,155184.0
2021-11-28,150529.0,159839.0,150529.0,156250.0,98122155828,627982,735,155184.0,159839.0
2021-11-29,154250.0,160937.0,151563.0,158997.0,141364461281,889101,1281,156250.0,160937.0
2021-11-30,163766.0,163766.0,154228.0,161391.0,119422955870,739960,1151,158997.0,154228.0
2021-12-01,156550.0,156550.0,156550.0,160055.0,2783459000,17780,42,161391.0,156550.0
2021-12-04,155254.0,155254.0,155254.0,159077.0,1975762404,12726,23,160055.0,155254.0
2021-12-05,151124.0,151124.0,151124.0,155916.0,3752862292,24833,40,159077.0,151124.0
2021-12-06,151239.0,151239.0,151239.0,155542.0,756195000,5000,6,155916.0,151239.0
2021-12-07,150876.0,150876.0,150876.0,152985.0,5165692488,34238,40,155542.0,150876.0
2021-12-08,148396.0,156000.0,148396.0,149521.0,60692585148,405913,649,152985.0,151003.0
2021-12-11,151000.0,154006.0,145036.0,150446.0,31985639302,212605,540,149521.0,145036.0
2021-12-12,145933.0,145933.0,145933.0,148201.0,4854607178,33266,42,150446.0,145933.0
2021-12-13,143755.0,143755.0,143755.0,146946.0,2712944360,18872,21,148201.0,143755.0
2021-12-14,139599.0,139599.0,139599.0,144506.0,3100772988,22212,22,146946.0,139599.0
2021-12-15,140171.0,140171.0,140171.0,141086.0,7395141618,52758,56,144506.0,140171.0
2021-12-18,136854.0,136854.0,136854.0,140402.0,1567115154,11451,15,141086.0,136854.0
2021-12-19,136190.0,136190.0,136190.0,140102.0,686397600,5040,7,140402.0,136190.0
2021-12-20,133097.0,133097.0,133097.0,138814.0,1734520104,13032,32,140102.0,133097.0
2021-12-21,134650.0,134650.0,134650.0,138197.0,1414363600,10504,19,138814.0,134650.0
2021-12-22,134052.0,134650.0,134052.0,134095.0,12232283883,91221,206,138197.0,134052.0
2021-12-25,130073.0,133480.0,130073.0,130291.0,42537532659,326480,582,134095.0,130073.0
2021-12-26,125001.0,132748.0,123777.0,124786.0,32250694641,258448,629,130291.0,123777.0
2021-12-27,121055.0,124690.0,121043.0,121553.0,8377907512,69070,223,124786.0,121043.0
2021-12-28,117907.0,117907.0,117907.0,120874.0,1637964044,13892,60,121553.0,117907.0
2021-12-29,117248.0,124500.0,117248.0,119432.0,169903280324,1422593,2138,120874.0,118648.0
2022-01-01,118999.0,118999.0,115850.0,116055.0,12304010823,106019,236,119432.0,115850.0
2022-01-02,112574.0,112574.0,112574.0,115361.0,1878860060,16690,61,116055.0,112574.0
2022-01-03,111901.0,117900.0,111901.0,112007.0,69609695352,621476,617,115361.0,111901.0
2022-01-04,106407.0,117007.0,106407.0,109331.0,238446248070,2180954,3782,112007.0,111000.0
2022-01-05,111010.0,112610.0,111010.0,112531.0,40052478413,355924,564,109331.0,112610.0
2022-01-08,115900.0,115900.0,115900.0,115750.0,9776512700,84353,127,112531.0,115900.0
2022-01-09,119200.0,119200.0,112300.0,117650.0,71745187400,609823,495,115750.0,112300.0
2022-01-10,114150.0,114150.0,114150.0,115950.0,4864502250,42615,69,117650.0,114150.0
2022-01-11,112500.0,112500.0,112500.0,115550.0,1193512500,10609,35,115950.0,112500.0
2022-01-12,109800.0,111900.0,109800.0,109800.0,136541177050,1243516,1404,115550.0,109800.0
2022-01-15,106600.0,109800.0,106550.0,106800.0,18375382750,172084,222,109800.0,106550.0
2022-01-16,103600.0,103600.0,103600.0,106000.0,2344053600,22626,72,106800.0,103600.0
2022-01-17,102850.0,102850.0,102850.0,105600.0,1222886500,11890,51,106000.0,102850.0
2022-01-18,100350.0,100350.0,100350.0,103950.0,2908845450,28987,64,105600.0,100350.0
2022-01-19,100850.0,100850.0,100850.0,103200.0,2160912950,21427,72,103950.0,100850.0
2022-01-22,100150.0,100150.0,100150.0,102750.0,1359836700,13578,51,103200.0,100150.0
2022-01-23,99700.0,99700.0,99700.0,102350.0,1344255100,13483,25,102750.0,99700.0
2022-01-24,97250.0,97250.0,97250.0,101600.0,1431617250,14721,45,102350.0,97250.0
2022-01-25,98600.0,98600.0,98600.0,101550.0,115263400,1169,9,101600.0,98600.0
2022-01-26,98550.0,98550.0,98550.0,101200.0,1048670550,10641,28,101550.0,98550.0
2022-01-29,98200.0,98200.0,98200.0,100200.0,3244528000,33040,73,101200.0,98200.0
2022-01-30,95200.0,95200.0,95200.0,95200.0,61025104000,641020,615,100200.0,95200.0
2022-01-31,92350.0,92350.0,92350.0,94900.0,1019821050,11043,59,95200.0,92350.0
2022-02-01,92100.0,92100.0,92100.0,94550.0,1066333800,11578,25,94900.0,92100.0
2022-02-02,91750.0,91750.0,91750.0,94500.0,209648750,2285,19,94550.0,91750.0
2022-02-05,89800.0,92950.0,89800.0,90350.0,276681792100,3062973,4261,94500.0,90650.0
2022-02-06,90950.0,92000.0,87650.0,88750.0,24021088800,270667,728,90350.0,87650.0
2022-02-07,86100.0,87300.0,86100.0,86100.0,23439793800,272173,516,88750.0,86100.0
2022-02-08,83550.0,83550.0,83550.0,83750.0,8062240800,96496,147,86100.0,83550.0
2022-02-09,79600.0,82400.0,79600.0,79800.0,44986182800,563626,1086,83750.0,79600.0
2022-02-12,77450.0,82150.0,77450.0,81100.0,82387684150,1015634,1190,79800.0,82150.0
2022-02-13,82500.0,83000.0,78700.0,80000.0,12386290350,154809,394,81100.0,78700.0
2022-02-14,77600.0,80000.0,77600.0,77900.0,39421065800,506179,791,80000.0,79900.0
2022-02-16,80100.0,80200.0,77900.0,79700.0,51135818650,641747,1371,77900.0,78300.0
2022-02-19,81500.0,81500.0,77350.0,77600.0,29590142900,381271,745,79700.0,77350.0
2022-02-20,75300.0,75300.0,75300.0,76300.0,5279885400,70118,120,77600.0,75300.0
2022-02-21,74050.0,77800.0,74050.0,74500.0,64991889000,872125,1379,76300.0,74150.0
2022-02-22,76550.0,76550.0,72500.0,75000.0,18735285050,249871,732,74500.0,74550.0
2022-02-23,76350.0,77250.0,73450.0,76850.0,40682502300,529342,931,75000.0,76000.0
2022-02-26,76950.0,76950.0,74550.0,74950.0,24906053000,332235,646,76850.0,74550.0
2022-02-27,72850.0,75900.0,72750.0,73000.0,25364661400,347466,712,74950.0,72750.0
2022-02-28,73000.0,75150.0,71600.0,74900.0,24539858800,327560,540,73000.0,75150.0
2022-03-02,74600.0,76950.0,73000.0,74200.0,14205490800,191440,445,74900.0,73100.0
2022-03-05,72850.0,74000.0,72000.0,72500.0,19059179150,262840,525,74200.0,72000.0
2022-03-06,72500.0,74000.0,70350.0,70900.0,30086115350,424282,791,72500.0,71200.0
2022-03-07,71200.0,73000.0,71000.0,72650.0,24853909150,342162,618,70900.0,73000.0
2022-03-08,72800.0,73100.0,70500.0,70750.0,21136201000,298783,573,72650.0,70500.0
2022-03-09,70500.0,71850.0,68700.0,69700.0,19306177500,277078,607,70750.0,68950.0
2022-03-12,67900.0,71750.0,67900.0,71050.0,22062786700,310623,449,69700.0,71750.0
2022-03-13,73150.0,73150.0,72200.0,72700.0,8060612800,110217,159,71050.0,73150.0
2022-03-14,74850.0,74850.0,73500.0,74750.0,28803081050,385229,652,72700.0,73850.0
2022-03-15,72550.0,75400.0,72550.0,73400.0,16851562350,229569,528,74750.0,73000.0
2022-03-16,75000.0,75000.0,71200.0,72050.0,12208045200,169407,399,73400.0,72650.0
2022-03-19,73900.0,73900.0,71300.0,72300.0,7730285300,106807,256,72050.0,72450.0
2022-03-26,72450.0,74450.0,72450.0,74150.0,9367707200,126067,183,72300.0,74450.0
2022-03-27,76350.0,76350.0,76300.0,76300.0,10350326700,135566,171,74150.0,76350.0
2022-03-29,78550.0,78550.0,78450.0,77900.0,7654639600,97452,91,76300.0,78550.0
2022-03-30,80200.0,80200.0,80200.0,78450.0,2757837400,34387,56,77900.0,80200.0
2022-04-03,82350.0,82350.0,82350.0,81350.0,7865495550,95513,81,78450.0,82350.0
2022-04-04,83750.0,83750.0,80950.0,83550.0,19346620600,231571,290,81350.0,81150.0
2022-04-05,81050.0,81050.0,81050.0,81400.0,8851551550,109211,225,83550.0,81050.0
2022-04-06,80000.0,83750.0,79000.0,80500.0,31240838250,388114,875,81400.0,79500.0
2022-04-09,78800.0,79750.0,78100.0,78200.0,19905619550,254526,593,80500.0,78100.0
2022-04-10,77200.0,80500.0,77200.0,80150.0,25148020400,313819,527,78200.0,80500.0
2022-04-11,82550.0,82550.0,81500.0,82400.0,12344364350,149840,278,80150.0,82550.0
2022-04-12,84850.0,84850.0,80000.0,83250.0,30786314400,369854,739,82400.0,81100.0
2022-04-13,81200.0,82950.0,80800.0,81300.0,16913744450,208082,538,83250.0,82450.0
2022-04-16,80500.0,83700.0,80500.0,83300.0,28928447000,347371,468,81300.0,83650.0
2022-04-17,85550.0,85550.0,82200.0,82900.0,7342593350,88748,283,83300.0,82950.0
2022-04-18,83950.0,83950.0,80450.0,81300.0,24236683550,298081,615,82900.0,80500.0
2022-04-19,79300.0,81500.0,79300.0,79800.0,11842355250,148397,407,81300.0,79350.0
2022-04-20,81000.0,81000.0,77450.0,78000.0,21522266700,275915,586,79800.0,78350.0
2022-04-24,78050.0,80300.0,78050.0,79800.0,14749947100,184873,295,78000.0,80300.0
2022-04-25,82000.0,82000.0,78700.0,80650.0,8707293700,107767,307,79800.0,80250.0
2022-04-26,81600.0,81900.0,79000.0,80050.0,24761600000,309335,606,80650.0,79400.0
2022-04-27,79000.0,81250.0,78400.0,79850.0,12601839050,157807,430,80050.0,79900.0
2022-04-30,81600.0,82200.0,80000.0,82100.0,30186011850,367580,177,79850.0,82200.0
2022-05-01,84550.0,84550.0,84550.0,84400.0,10039044250,118735,127,82100.0,84550.0
2022-05-02,86900.0,86900.0,86300.0,86900.0,67722646200,779459,602,84400.0,86900.0
2022-05-07,89500.0,89500.0,89500.0,89450.0,10178208500,113723,94,86900.0,89500.0
2022-05-08,92100.0,92100.0,92100.0,90350.0,3549165600,38536,93,89450.0,92100.0
2022-05-09,93050.0,93050.0,88600.0,92800.0,158336508200,1706609,1949,90350.0,93050.0
2022-05-10,94500.0,95550.0,92450.0,94800.0,43926966500,463349,715,92800.0,95550.0
2022-05-11,94800.0,97300.0,92900.0,94650.0,57276219550,605059,1124,94800.0,95900.0
2022-05-14,97300.0,97450.0,91850.0,94200.0,58518282050,621107,1045,94650.0,95150.0
2022-05-15,95150.0,95150.0,91500.0,93350.0,22496753250,241022,538,94200.0,92950.0
2022-05-16,93000.0,96150.0,91600.0,95800.0,28127074350,293553,565,93350.0,95650.0
2022-05-17,98000.0,98000.0,92950.0,93500.0,58504627850,625812,996,95800.0,92950.0
2022-05-18,91850.0,91850.0,90700.0,90850.0,14100046950,155242,214,93500.0,90700.0
2022-05-21,88350.0,90850.0,88150.0,88200.0,51208548650,580439,815,90850.0,88250.0
2022-05-22,90000.0,90050.0,86050.0,88450.0,14600805900,165039,455,88200.0,88950.0
2022-05-23,88950.0,89500.0,85800.0,86200.0,18437435700,213855,363,88450.0,85800.0
2022-05-24,83650.0,85800.0,83650.0,83950.0,22267766950,265314,602,86200.0,85350.0
2022-05-25,86400.0,86450.0,85350.0,86450.0,28028576000,324234,413,83950.0,86450.0
2022-05-28,88000.0,88700.0,83900.0,84900.0,18591347150,219027,547,86450.0,83900.0
2022-05-29,82500.0,84650.0,82400.0,82500.0,14484543300,175582,398,84900.0,82500.0
2022-05-30,82400.0,84450.0,80300.0,81000.0,15205319850,187676,454,82500.0,80900.0
2022-05-31,78800.0,82500.0,78800.0,81000.0,12827581800,158407,400,81000.0,81000.0
2022-06-01,79600.0,83400.0,79600.0,82950.0,17453738000,210400,485,81000.0,83400.0
2022-06-06,84900.0,84900.0,80500.0,81200.0,19931472700,245501,447,82950.0,80500.0
2022-06-07,79100.0,83200.0,78800.0,80850.0,11478632300,141998,340,81200.0,80000.0
2022-06-08,81100.0,81300.0,79250.0,80250.0,8364391050,104339,247,80850.0,80350.0
2022-06-11,82450.0,82450.0,78150.0,80000.0,8862874650,110860,352,80250.0,78600.0
2022-06-12,78100.0,81700.0,77600.0,79100.0,13849041750,175122,460,80000.0,78300.0
2022-06-13,79400.0,80950.0,78700.0,79900.0,17222610200,215545,414,79100.0,79300.0
2022-06-14,79300.0,80250.0,77550.0,78350.0,15108325650,192814,593,79900.0,78400.0
2022-06-15,78350.0,78350.0,76000.0,76250.0,26125213500,342686,592,78350.0,77000.0
2022-06-18,74250.0,77400.0,74250.0,75150.0,8374590200,111733,286,76250.0,74250.0
2022-06-19,73050.0,75150.0,72900.0,73300.0,15659661350,213674,380,75150.0,72900.0
2022-06-20,72900.0,74050.0,71300.0,72000.0,9957666700,138341,239,73300.0,71850.0
2022-06-21,71600.0,74150.0,70150.0,73900.0,43457511100,587922,492,72000.0,74150.0
2022-06-22,72300.0,74900.0,71700.0,72200.0,16047471000,222301,429,73900.0,71800.0
2022-06-25,72950.0,72950.0,70050.0,70250.0,28301989850,402743,475,72200.0,70300.0
2022-06-26,71400.0,72300.0,69100.0,71000.0,9144769150,128664,320,70250.0,70800.0
2022-06-27,70250.0,73000.0,70250.0,71800.0,10936803400,152334,293,71000.0,71900.0
2022-06-28,71700.0,72950.0,71200.0,71900.0,8266451000,114930,269,71800.0,71200.0
2022-06-29,71500.0,72900.0,70300.0,71400.0,8778803950,123049,252,71900.0,71750.0
2022-07-04,73400.0,73500.0,72100.0,73300.0,21678939450,295677,457,71400.0,73500.0
2022-07-05,75000.0,75000.0,71650.0,73650.0,13037276250,176975,337,73300.0,74800.0
2022-07-06,74950.0,75350.0,73000.0,73900.0,7454198100,100757,227,73650.0,74000.0
2022-07-09,74400.0,74450.0,72000.0,73150.0,5384116600,74229,175,73900.0,72200.0
2022-07-11,73300.0,73300.0,71000.0,71150.0,17961449450,252366,299,73150.0,71000.0
2022-07-12,71000.0,71000.0,69050.0,69350.0,10745742300,154922,260,71150.0,69200.0
2022-07-13,70350.0,71300.0,69250.0,69500.0,3274394500,46876,107,69350.0,70350.0
2022-07-16,69550.0,71000.0,67450.0,68700.0,12670666400,184475,209,69500.0,69700.0
2022-07-17,69500.0,69700.0,66650.0,66950.0,10191794150,152184,286,68700.0,66650.0
2022-07-19,65150.0,66850.0,64950.0,65150.0,16704063500,256470,413,66950.0,65600.0
2022-07-20,66400.0,66400.0,64050.0,65100.0,2247845700,34601,134,65150.0,65000.0
2022-07-23,66800.0,67050.0,65350.0,66600.0,7459109450,111319,197,65100.0,67050.0
2022-07-24,68550.0,68550.0,65250.0,66750.0,3611544550,53916,166,66600.0,66400.0
2022-07-25,64900.0,67650.0,64750.0,64800.0,10558848750,162971,203,66750.0,64750.0
2022-07-26,66500.0,66500.0,62900.0,63050.0,14566683300,231090,297,64800.0,62950.0
2022-07-27,63000.0,64500.0,61650.0,62750.0,3174788350,50971,142,63050.0,62300.0
2022-07-30,63700.0,63700.0,60900.0,61100.0,12797391450,209442,281,62750.0,60900.0
2022-07-31,59500.0,61000.0,59300.0,59400.0,8998014850,151436,226,61100.0,59300.0
2022-08-01,58200.0,61150.0,58200.0,60850.0,10915323150,179419,237,59400.0,61150.0
2022-08-02,62550.0,62650.0,62500.0,61450.0,3014630900,48126,79,60850.0,62650.0
2022-08-03,63250.0,63250.0,63250.0,62100.0,3319739500,52486,49,61450.0,63250.0
2022-08-06,63950.0,63950.0,63950.0,62700.0,2930316900,45822,46,62100.0,63950.0
2022-08-09,64550.0,64550.0,64000.0,64550.0,25566051850,396164,321,62700.0,64550.0
2022-08-10,66000.0,66450.0,64550.0,66350.0,9933976850,149775,199,64550.0,66450.0
2022-08-13,68300.0,68300.0,65000.0,67450.0,29010056450,429978,561,66350.0,66000.0
2022-08-14,65750.0,67400.0,65450.0,65650.0,32927465000,501485,498,67450.0,65950.0
2022-08-15,65950.0,67600.0,64600.0,67300.0,16148936500,239961,378,65650.0,67600.0
2022-08-16,68950.0,69300.0,67400.0,69300.0,10349674250,149388,223,67300.0,69300.0
2022-08-17,71350.0,71350.0,71050.0,70850.0,7682440800,107749,143,69300.0,71350.0
2022-08-20,72950.0,72950.0,72950.0,72150.0,6230221800,85404,101,70850.0,72950.0
2022-08-21,74300.0,74300.0,74300.0,72650.0,2500863700,33659,76,72150.0,74300.0
2022-08-22,74800.0,74800.0,74800.0,73400.0,3756306400,50218,77,72650.0,74800.0
2022-08-23,75600.0,75600.0,75600.0,75600.0,11772129600,155716,121,73400.0,75600.0
2022-08-24,77850.0,77850.0,77850.0,76250.0,3226882500,41450,72,75600.0,77850.0
2022-08-27,78500.0,78500.0,78500.0,77200.0,4260901500,54279,90,76250.0,78500.0
2022-08-28,79500.0,79500.0,74900.0,78650.0,83157941450,1057612,1400,77200.0,79500.0
2022-08-29,79500.0,81000.0,78000.0,80700.0,37540120500,465160,540,78650.0,80500.0
2022-08-30,82950.0,83100.0,80800.0,82550.0,51818270550,627642,864,80700.0,83100.0
2022-08-31,82550.0,82550.0,80100.0,80200.0,31744585750,395882,465,82550.0,80100.0
2022-09-03,77800.0,77800.0,77800.0,78850.0,5391384400,69298,55,80200.0,77800.0
2022-09-04,76500.0,76500.0,76500.0,78700.0,535270500,6997,35,78850.0,76500.0
2022-09-05,76350.0,76350.0,76350.0,78400.0,1295812200,16972,24,78700.0,76350.0
2022-09-06,76050.0,76050.0,76050.0,78150.0,1093522950,14379,16,78400.0,76050.0
2022-09-10,76600.0,76600.0,76600.0,78150.0,94141400,1229,7,78150.0,76600.0
2022-09-11,76600.0,76600.0,76600.0,78100.0,198547200,2592,6,78150.0,76600.0
2022-09-12,76550.0,76550.0,76550.0,78100.0,48838900,638,7,78100.0,76550.0
2022-09-13,76550.0,76550.0,76550.0,78100.0,73181800,956,6,78100.0,76550.0
2022-09-14,76550.0,76550.0,76550.0,78050.0,306353100,4002,12,78100.0,76550.0
2022-09-18,76500.0,76500.0,76500.0,78000.0,129744000,1696,12,78050.0,76500.0
2022-09-19,74900.0,74900.0,74900.0,77800.0,287840700,3843,15,78000.0,74900.0
2022-09-20,76250.0,76250.0,76250.0,77800.0,22875000,300,2,77800.0,76250.0
2022-09-21,76250.0,76250.0,76250.0,77400.0,1313101250,17221,21,77800.0,76250.0
2022-09-24,75900.0,75900.0,75900.0,77300.0,282803400,3726,8,77400.0,75900.0
2022-09-26,75800.0,75800.0,75800.0,77200.0,373315000,4925,13,77300.0,75800.0
2022-09-28,75700.0,75700.0,75700.0,77200.0,43527500,575,6,77200.0,75700.0
2022-10-01,75700.0,75700.0,75700.0,77100.0,405827700,5361,13,77200.0,75700.0
2022-10-02,75600.0,75600.0,75600.0,77050.0,82706400,1094,3,77100.0,75600.0
2022-10-03,74000.0,74000.0,74000.0,76700.0,561660000,7590,17,77050.0,74000.0
2022-10-04,75200.0,75200.0,75200.0,76650.0,103851200,1381,6,76700.0,75200.0
2022-10-08,75150.0,75150.0,75150.0,76300.0,1172264850,15599,11,76650.0,75150.0
2022-10-09,74800.0,74800.0,74800.0,76250.0,86842800,1161,4,76300.0,74800.0
2022-10-10,74750.0,74750.0,74750.0,76200.0,84916000,1136,6,76250.0,74750.0
2022-10-11,74700.0,74700.0,74700.0,76000.0,634128300,8489,20,76200.0,74700.0
2022-10-12,74500.0,74500.0,74500.0,74500.0,1253909500,16831,24,76000.0,74500.0
2022-10-15,73050.0,73050.0,73050.0,73050.0,158518500,2170,10,74500.0,73050.0
2022-10-16,71600.0,71600.0,71600.0,71600.0,152722800,2133,7,73050.0,71600.0
2022-10-17,70200.0,70200.0,70200.0,70200.0,145665000,2075,9,71600.0,70200.0
2022-10-18,68800.0,68800.0,68800.0,68800.0,5544385600,80587,97,70200.0,68800.0
2022-10-19,67450.0,67450.0,67450.0,67450.0,483009450,7161,18,68800.0,67450.0
2022-10-22,66150.0,66150.0,66150.0,66150.0,469135800,7092,19,67450.0,66150.0
2022-10-23,64850.0,64850.0,64850.0,64850.0,2179089700,33602,49,66150.0,64850.0
2022-10-24,63600.0,63600.0,63600.0,63600.0,1106703600,17401,23,64850.0,63600.0
2022-10-25,62350.0,62350.0,62350.0,62350.0,207313750,3325,16,63600.0,62350.0
2022-10-26,61150.0,61150.0,61150.0,61150.0,1101494950,18013,34,62350.0,61150.0
2022-10-29,59950.0,59950.0,59950.0,59950.0,176912450,2951,19,61150.0,59950.0
2022-10-30,58800.0,58800.0,58800.0,58800.0,377260800,6416,28,59950.0,58800.0
2022-10-31,57650.0,57650.0,57650.0,57650.0,2004375200,34768,63,58800.0,57650.0
2022-11-01,56600.0,58800.0,56600.0,58350.0,58334161300,999631,504,57650.0,58800.0
2022-11-02,59500.0,59500.0,59500.0,59000.0,2821728000,47424,65,58350.0,59500.0
2022-11-05,60150.0,60150.0,57950.0,60100.0,23056717000,383768,316,59000.0,59800.0
2022-11-06,60900.0,61300.0,59200.0,60900.0,25381930750,416884,451,60100.0,61300.0
2022-11-07,61300.0,62100.0,61300.0,62000.0,23400564100,377471,431,60900.0,61700.0
2022-11-08,60900.0,62150.0,60800.0,60950.0,30203629150,495429,621,62000.0,60800.0
2022-11-09,60800.0,60800.0,59750.0,59750.0,11957585600,200100,262,60950.0,59750.0
2022-11-12,58650.0,60500.0,58600.0,58700.0,30249809350,515119,716,59750.0,58600.0
2022-11-13,59200.0,59200.0,57550.0,57800.0,14631152800,253049,480,58700.0,57600.0
2022-11-14,58000.0,58950.0,58000.0,58900.0,8999857100,152784,270,57800.0,58950.0
2022-11-15,60000.0,60050.0,59100.0,59900.0,15602366200,260386,445,58900.0,60000.0
2022-11-22,60550.0,60550.0,58750.0,59000.0,9735852450,165077,228,59900.0,58750.0
2022-11-23,58050.0,58900.0,57850.0,57950.0,17058181450,294350,360,59000.0,58050.0
2022-11-26,57950.0,59100.0,57950.0,59100.0,5581305450,94475,157,57950.0,59100.0
2022-11-27,60200.0,60250.0,58150.0,59350.0,5153916350,86844,244,59100.0,58500.0
2022-11-28,58300.0,59550.0,58250.0,59150.0,7648352350,129359,171,59350.0,59400.0
2022-11-29,59700.0,60000.0,58850.0,59200.0,6085608050,102786,205,59150.0,59200.0
2022-11-30,59850.0,59900.0,58350.0,58650.0,7415553700,126441,243,59200.0,59100.0
2022-12-25,59600.0,59600.0,59600.0,59200.0,3406736000,57160,39,58450.0,59600.0
2022-12-26,60350.0,60350.0,60350.0,60350.0,6154915450,101987,76,59200.0,60350.0
2022-12-28,61550.0,61550.0,61550.0,61550.0,26909167600,437192,258,60350.0,61550.0
2022-12-31,62750.0,62750.0,62700.0,62750.0,23428335500,373360,295,61550.0,62750.0
2023-01-01,64000.0,64000.0,64000.0,63300.0,2294400000,35850,45,62750.0,64000.0
2023-01-02,64550.0,64550.0,64550.0,64550.0,5238167950,81149,62,63300.0,64550.0
2023-01-03,65800.0,65800.0,65800.0,65000.0,1962879800,29831,44,64550.0,65800.0
2023-01-04,66300.0,66300.0,66300.0,65400.0,1700661300,25651,38,65000.0,66300.0
2023-01-07,66700.0,66700.0,66700.0,66500.0,4252725300,63759,71,65400.0,66700.0
2023-01-08,67800.0,67800.0,67800.0,67600.0,4300486200,63429,62,66500.0,67800.0
2023-01-09,68950.0,68950.0,68950.0,68200.0,2355814650,34167,46,67600.0,68950.0
2023-01-10,69550.0,69550.0,68200.0,69550.0,32572774050,468363,370,68200.0,69550.0
2023-01-18,70900.0,70900.0,70900.0,69800.0,945026100,13329,41,69550.0,70900.0
2023-01-21,71150.0,71150.0,71150.0,70850.0,3962201200,55688,62,69800.0,71150.0
2023-01-22,72250.0,72250.0,72250.0,72150.0,4882655000,67580,73,70850.0,72250.0
2023-01-23,73550.0,73550.0,73550.0,72900.0,2857638150,38853,53,72150.0,73550.0
2023-01-24,74350.0,74350.0,73550.0,74350.0,28473360750,383000,350,72900.0,74350.0
2023-01-25,75800.0,75800.0,75800.0,75500.0,4366231600,57602,91,74350.0,75800.0
2023-01-28,77000.0,77000.0,75800.0,76850.0,106404268350,1384374,879,75500.0,77000.0
2023-01-29,76000.0,77700.0,75350.0,75500.0,14950894850,198038,188,76850.0,75350.0
2023-01-30,74000.0,74000.0,74000.0,74700.0,5082098000,68677,40,75500.0,74000.0
2023-01-31,73250.0,76150.0,73250.0,75200.0,67841948750,901943,734,74700.0,75050.0
2023-02-01,76000.0,76700.0,75550.0,76550.0,26001309050,339617,290,75200.0,76700.0
2023-02-05,78000.0,78000.0,75050.0,76600.0,30231388900,394738,432,76550.0,75050.0
2023-02-07,74450.0,78850.0,74450.0,77300.0,6569367700,83377,119,76600.0,78850.0
2023-02-08,79600.0,79600.0,79600.0,79600.0,22083666800,277433,170,77300.0,79600.0
2023-02-12,81950.0,81950.0,79650.0,81850.0,43015022550,525416,407,79600.0,81950.0
2023-02-13,81350.0,84300.0,81350.0,82850.0,9399780150,111710,110,81850.0,84300.0
2023-02-14,85300.0,85300.0,85300.0,84000.0,10005690000,117300,77,82850.0,85300.0
2023-02-15,86500.0,86500.0,86500.0,84450.0,4008237000,46338,53,84000.0,86500.0
2023-02-19,86950.0,86950.0,86950.0,84700.0,2132448750,24525,41,84450.0,86950.0
2023-02-20,87200.0,87200.0,87200.0,85450.0,6092228000,69865,78,84700.0,87200.0
2023-02-21,88000.0,88000.0,88000.0,86200.0,6117056000,69512,56,85450.0,88000.0
2023-02-22,88750.0,88750.0,88750.0,86850.0,5485992500,61814,59,86200.0,88750.0
2023-02-25,89450.0,89450.0,89450.0,87500.0,5316729100,59438,62,86850.0,89450.0
2023-02-26,90100.0,90100.0,89450.0,90050.0,47651975950,529028,358,87500.0,90100.0
2023-02-27,92750.0,92750.0,92750.0,91150.0,8891942500,95870,116,90050.0,92750.0
2023-02-28,93850.0,93850.0,92000.0,93800.0,60102847550,640760,504,91150.0,93850.0
2023-03-01,95400.0,96600.0,91000.0,93600.0,134995720550,1441964,1158,93800.0,91000.0
2023-03-04,90800.0,90850.0,90800.0,90800.0,20632503200,227221,143,93600.0,90800.0
2023-03-05,88100.0,88100.0,88100.0,89950.0,6100132100,69241,59,90800.0,88100.0
2023-03-06,87300.0,87300.0,87300.0,89100.0,5910995700,67709,58,89950.0,87300.0
2023-03-07,86450.0,91750.0,86450.0,89500.0,111708726900,1248046,875,89100.0,91750.0
2023-03-11,90000.0,92150.0,90000.0,92000.0,24624189950,267680,288,89500.0,92150.0
2023-03-12,92100.0,93100.0,89250.0,89600.0,58619331200,654301,529,92000.0,89250.0
2023-03-13,87350.0,90950.0,87250.0,89100.0,15533456750,174580,258,89600.0,88500.0
2023-03-14,87250.0,89350.0,86450.0,86950.0,33392031950,384093,472,89100.0,86550.0
2023-03-15,88900.0,89550.0,87700.0,88700.0,29937403550,337438,329,86950.0,89250.0
2023-03-18,91200.0,91350.0,89800.0,91300.0,29535066150,323458,262,88700.0,91350.0
2023-03-19,91050.0,91950.0,89050.0,90300.0,19910248950,220593,271,91300.0,91000.0
2023-03-25,90600.0,92800.0,89850.0,90950.0,13486349100,147746,229,90300.0,92200.0
2023-03-26,92750.0,93650.0,90300.0,91050.0,1335169000,14389,26,90950.0,91300.0
2023-03-27,93350.0,93750.0,91050.0,91750.0,10863496950,117572,188,91050.0,92150.0
2023-03-28,91850.0,93000.0,90500.0,91750.0,29464902700,321057,312,91750.0,91300.0
2023-03-29,93500.0,94500.0,90050.0,93850.0,49917588150,531922,506,91750.0,94500.0
2023-04-03,96550.0,96550.0,92300.0,94500.0,31021122350,328181,347,93850.0,94600.0
2023-04-04,94400.0,97300.0,93400.0,96350.0,68579271350,711947,611,94500.0,97300.0
2023-04-05,99150.0,99200.0,99100.0,97750.0,10624082350,107114,85,96350.0,99200.0
2023-04-08,100650.0,100650.0,100650.0,99850.0,15085723950,149883,129,97750.0,100650.0
2023-04-09,102800.0,102800.0,100700.0,102800.0,27362526550,266196,280,99850.0,102800.0
2023-04-10,105850.0,105850.0,100050.0,104950.0,38362483400,365605,415,102800.0,105850.0
2023-04-11,108050.0,108050.0,106000.0,108050.0,32241142400,298432,187,104950.0,108050.0
2023-04-15,111250.0,111250.0,111250.0,109300.0,8070853750,72547,96,108050.0,111250.0
2023-04-16,112550.0,112550.0,112550.0,112550.0,26493031950,235389,238,109300.0,112550.0
2023-04-17,115900.0,115900.0,115000.0,115900.0,29844793700,257515,263,112550.0,115900.0
2023-04-18,119350.0,119350.0,119000.0,119350.0,44513190800,372972,343,115900.0,119350.0
2023-04-19,122900.0,122900.0,122700.0,122900.0,29454920100,239669,181,119350.0,122900.0
2023-04-24,126550.0,126550.0,126550.0,124800.0,10802181450,85359,156,122900.0,126550.0
2023-05-01,128500.0,128500.0,121100.0,127650.0,39830026000,312011,270,124800.0,128500.0
2023-05-02,131450.0,131450.0,129000.0,131400.0,121987948600,928383,882,127650.0,131450.0
2023-05-03,135300.0,135300.0,134000.0,135250.0,61131537300,452017,602,131400.0,135300.0
2023-05-06,139300.0,139300.0,138000.0,139150.0,40186973150,288779,345,135250.0,139300.0
2023-05-07,143300.0,143300.0,135000.0,136300.0,84221431750,617987,707,139150.0,135000.0
2023-05-08,132250.0,132250.0,132250.0,133950.0,11451924250,86593,56,136300.0,132250.0
2023-05-09,129950.0,137950.0,129950.0,134950.0,130357589450,965794,1060,133950.0,137950.0
2023-05-10,138950.0,138950.0,130950.0,133350.0,91903819700,689171,718,134950.0,131050.0
2023-05-13,129350.0,130000.0,129350.0,129850.0,16979022750,131241,96,133350.0,129350.0
2023-05-14,126000.0,133000.0,126000.0,128100.0,93678019650,731293,741,129850.0,131000.0
2023-05-15,131800.0,131900.0,124300.0,126700.0,71769977300,566374,807,128100.0,124300.0
2023-05-17,122900.0,126650.0,122900.0,123250.0,53758081000,436094,549,126700.0,122900.0
2023-05-20,125900.0,126900.0,119600.0,124150.0,73024453000,588177,680,123250.0,126900.0
2023-05-21,127850.0,127850.0,124600.0,126950.0,17410834150,136576,197,124150.0,127850.0
2023-05-22,130750.0,130750.0,130750.0,129450.0,13991426750,107009,78,126950.0,130750.0
2023-05-23,133300.0,133300.0,133300.0,132600.0,17818211000,133670,158,129450.0,133300.0
2023-05-24,136550.0,136550.0,128700.0,136250.0,28797160750,211390,249,132600.0,136550.0
2023-05-27,140300.0,140300.0,140300.0,138000.0,8926026300,63621,133,136250.0,140300.0
2023-05-28,142100.0,142100.0,136700.0,141550.0,119141116950,841546,752,138000.0,142100.0
2023-05-29,145750.0,145750.0,143500.0,145000.0,17807512600,122214,127,141550.0,145750.0
2023-05-30,149350.0,149350.0,149350.0,147450.0,12456686100,83406,112,145000.0,149350.0
2023-05-31,151850.0,151850.0,151800.0,151250.0,19341221600,127371,235,147450.0,151850.0
2023-06-03,155750.0,155750.0,155750.0,154200.0,13479383750,86545,103,151250.0,155750.0
2023-06-06,158800.0,158800.0,149600.0,153450.0,85831861800,559290,598,154200.0,149600.0
2023-06-07,148850.0,148850.0,148850.0,152250.0,5031130000,33800,47,153450.0,148850.0
2023-06-10,147700.0,147700.0,147700.0,151850.0,1770627600,11988,22,152250.0,147700.0
2023-06-12,147300.0,147300.0,147300.0,151800.0,152308200,1034,3,151850.0,147300.0
2023-06-13,147250.0,147250.0,147250.0,150300.0,6360905500,43198,34,151800.0,147250.0
2023-06-18,145800.0,145800.0,145800.0,148850.0,6162091200,42264,38,150300.0,145800.0
2023-06-19,144400.0,144400.0,144400.0,148100.0,3197738000,22145,28,148850.0,144400.0
2023-06-20,143700.0,143700.0,143700.0,147750.0,1480684800,10304,12,148100.0,143700.0
2023-06-21,143350.0,150000.0,143350.0,144300.0,139050230550,963715,1036,147750.0,143350.0
2023-06-24,140900.0,148600.0,140900.0,148050.0,55471217750,374705,502,144300.0,148600.0
2023-06-25,152450.0,152450.0,152450.0,149650.0,7602529050,49869,104,148050.0,152450.0
2023-06-26,154100.0,154100.0,152800.0,154100.0,21270293000,138030,266,149650.0,154100.0
2023-06-27,156300.0,158700.0,149500.0,154350.0,66114327150,428296,707,154100.0,158700.0
2023-06-28,158950.0,158950.0,158900.0,156250.0,8994338400,56587,106,154350.0,158950.0
2023-07-01,160900.0,160900.0,160900.0,158400.0,9455288500,58765,88,156250.0,160900.0
2023-07-02,163150.0,163150.0,163150.0,160300.0,8263710650,50651,75,158400.0,163150.0
2023-07-03,165100.0,165100.0,156300.0,164250.0,47639627000,290016,484,160300.0,165100.0
2023-07-04,169150.0,169150.0,169150.0,169150.0,22534501300,133222,177,164250.0,169150.0
2023-07-08,174200.0,174200.0,174200.0,170200.0,4318243800,24789,50,169150.0,174200.0
2023-07-09,175300.0,175300.0,175300.0,171700.0,6171085900,35203,66,170200.0,175300.0
2023-07-10,176850.0,176850.0,176850.0,176850.0,30158937900,170534,203,171700.0,176850.0
2023-07-11,171550.0,182150.0,171550.0,174550.0,128143843150,734088,1067,176850.0,171550.0
2023-07-12,169350.0,170000.0,169350.0,170300.0,16437243900,97039,126,174550.0,169350.0
2023-07-15,165200.0,165200.0,165200.0,168550.0,6697703600,40543,36,170300.0,165200.0
2023-07-16,163500.0,163500.0,163500.0,167950.0,2367970500,14483,23,168550.0,163500.0
2023-07-17,162950.0,162950.0,162950.0,166650.0,4970626800,30504,29,167950.0,162950.0
2023-07-18,161700.0,169350.0,161700.0,162400.0,78458317450,483079,633,166650.0,161700.0
2023-07-19,157700.0,167250.0,157550.0,163300.0,74640973850,457145,666,162400.0,159500.0
2023-07-22,158450.0,161000.0,158450.0,158550.0,30377254900,191595,207,163300.0,158450.0
2023-07-23,153800.0,153900.0,153800.0,154250.0,17122826050,111325,141,158550.0,153800.0
2023-07-24,149650.0,149650.0,149650.0,153300.0,3745739500,25030,39,154250.0,149650.0
2023-07-25,148750.0,148750.0,148750.0,152400.0,3635896250,24443,31,153300.0,148750.0
2023-07-26,147850.0,147850.0,147850.0,151250.0,4584532800,31008,30,152400.0,147850.0
2023-07-29,146750.0,146750.0,146750.0,150500.0,3190638500,21742,25,151250.0,146750.0
2023-07-30,146000.0,146000.0,146000.0,149450.0,4496216000,30796,19,150500.0,146000.0
2023-07-31,145000.0,145000.0,145000.0,149200.0,1118240000,7712,13,149450.0,145000.0
2023-08-01,144750.0,144750.0,144750.0,144750.0,44927360250,310379,239,149200.0,144750.0
2023-08-05,140450.0,140450.0,140450.0,144150.0,2706331050,19269,31,144750.0,140450.0
2023-08-06,139850.0,139850.0,139850.0,143700.0,2013000900,14394,12,144150.0,139850.0
2023-08-07,139400.0,139400.0,139400.0,141000.0,11985890800,85982,43,143700.0,139400.0
2023-08-08,136800.0,136800.0,136800.0,140350.0,2848996800,20826,11,141000.0,136800.0
2023-08-09,136150.0,144550.0,136150.0,141700.0,132746121300,936767,838,140350.0,144550.0
2023-08-12,145900.0,145900.0,137450.0,139650.0,12879495200,92947,116,141700.0,137450.0
2023-08-13,135500.0,137450.0,135500.0,135500.0,51979449950,383573,250,139650.0,135500.0
2023-08-14,131750.0,135350.0,131450.0,131900.0,18861251600,143019,150,135500.0,131450.0
2023-08-15,127950.0,127950.0,127950.0,127950.0,21824303550,170569,81,131900.0,127950.0
2023-08-16,124150.0,124150.0,124150.0,127250.0,3154899800,25412,25,127950.0,124150.0
2023-08-19,123450.0,123450.0,123450.0,126400.0,4337415750,35135,39,127250.0,123450.0
2023-08-20,122650.0,122650.0,122650.0,126200.0,1087660200,8868,23,126400.0,122650.0
2023-08-21,122450.0,129000.0,122450.0,123050.0,64114991300,520973,666,126200.0,122450.0
2023-08-22,119400.0,126700.0,119400.0,124600.0,30317028650,243298,281,123050.0,126700.0
2023-08-23,121100.0,128250.0,120900.0,122150.0,49023314100,401375,214,124600.0,120900.0
2023-08-26,118500.0,118500.0,118500.0,119200.0,15796998000,133308,84,122150.0,118500.0
2023-08-27,115650.0,115650.0,115650.0,118000.0,6334034850,54769,64,119200.0,115650.0
2023-08-29,115650.0,120300.0,115650.0,117200.0,33850165500,288833,425,118000.0,115650.0
2023-08-30,114900.0,114900.0,114900.0,116300.0,3762400500,32745,35,117200.0,114900.0
2023-09-02,114000.0,114000.0,114000.0,116000.0,1346112000,11808,13,116300.0,114000.0
2023-09-03,113700.0,113700.0,113700.0,115800.0,860140500,7565,11,116000.0,113700.0
2023-09-04,113500.0,114500.0,113500.0,113600.0,13064063450,115022,120,115800.0,113500.0
2023-09-05,111350.0,115400.0,111350.0,111800.0,62015221950,554737,735,113600.0,111350.0
2023-09-09,113400.0,113400.0,109600.0,109850.0,22617483200,205860,249,111800.0,109600.0
2023-09-10,107750.0,110900.0,107700.0,107850.0,12610596950,116910,160,109850.0,107700.0
2023-09-11,105700.0,105700.0,105700.0,107050.0,3596548200,34026,30,107850.0,105700.0
2023-09-12,104950.0,106000.0,104950.0,105000.0,47295618850,450449,487,107050.0,105000.0
2023-09-13,105400.0,107100.0,105000.0,106950.0,15332067300,143338,147,105000.0,107100.0
2023-09-17,109050.0,109050.0,109050.0,108350.0,6875929650,63053,41,106950.0,109050.0
2023-09-18,110500.0,110500.0,110500.0,110500.0,16559309000,149858,91,108350.0,110500.0
2023-09-19,112700.0,112700.0,110000.0,112300.0,39045587000,347619,463,110500.0,111250.0
2023-09-20,112500.0,114400.0,110100.0,110300.0,13322429600,120810,130,112300.0,110100.0
2023-09-23,108100.0,108100.0,108100.0,109750.0,2536890800,23468,45,110300.0,108100.0
2023-09-25,107600.0,107600.0,107600.0,109100.0,2959107600,27501,18,109750.0,107600.0
2023-09-26,106950.0,106950.0,106950.0,109000.0,487157250,4555,6,109100.0,106950.0
2023-09-27,106850.0,106850.0,106850.0,108850.0,776372100,7266,8,109000.0,106850.0
2023-09-30,106700.0,106700.0,106700.0,108750.0,439710700,4121,5,108850.0,106700.0
2023-10-01,106600.0,106600.0,106600.0,108600.0,578731400,5429,4,108750.0,106600.0
2023-10-02,106450.0,106450.0,106450.0,108300.0,1375653350,12923,12,108600.0,106450.0
2023-10-04,106150.0,106150.0,106150.0,108150.0,737105600,6944,9,108300.0,106150.0
2023-10-07,106000.0,106000.0,106000.0,108000.0,700448000,6608,6,108150.0,106000.0
2023-10-08,105850.0,105850.0,105850.0,108000.0,59699400,564,1,108000.0,105850.0
2023-10-09,105850.0,105850.0,105850.0,107500.0,2194588050,20733,10,108000.0,105850.0
2023-10-10,105350.0,105350.0,105350.0,107350.0,593120500,5630,4,107500.0,105350.0
2023-10-11,105250.0,105250.0,105250.0,107300.0,327117000,3108,5,107350.0,105250.0
2023-10-15,105200.0,105200.0,105200.0,107200.0,545462000,5185,6,107300.0,105200.0
2023-10-16,105100.0,105100.0,105100.0,107150.0,254447100,2421,6,107200.0,105100.0
2023-10-17,102900.0,105450.0,102900.0,103200.0,67030429400,649642,597,107150.0,102900.0
2023-10-18,101150.0,101550.0,101150.0,102150.0,4831981950,47752,65,103200.0,101150.0
2023-10-21,100150.0,101150.0,100150.0,100200.0,12910248900,128855,108,102150.0,100150.0
2023-10-22,98600.0,101550.0,98200.0,98500.0,20571848850,208894,222,100200.0,98200.0
2023-10-23,96550.0,96550.0,96550.0,97750.0,3742857300,38766,29,98500.0,96550.0
2023-10-24,95800.0,95800.0,95800.0,97650.0,577865600,6032,7,97750.0,95800.0
2023-10-25,95700.0,95700.0,95700.0,97500.0,601283100,6283,11,97650.0,95700.0
2023-10-28,95550.0,95550.0,95550.0,97450.0,185462550,1941,3,97500.0,95550.0
2023-10-29,95550.0,95550.0,95550.0,97400.0,249003300,2606,4,97450.0,95550.0
2023-10-30,95500.0,95500.0,95500.0,97100.0,1632381500,17093,7,97400.0,95500.0
2023-10-31,95200.0,95200.0,95200.0,97100.0,104053600,1093,2,97100.0,95200.0
2023-11-01,95200.0,95200.0,95200.0,97050.0,247710400,2602,2,97100.0,95200.0
2023-11-04,93200.0,95200.0,93200.0,93500.0,18804070000,201121,145,97050.0,93200.0
2023-11-05,91650.0,95350.0,91650.0,93400.0,71032792300,760435,581,93500.0,91650.0
2023-11-06,91550.0,92500.0,91550.0,91550.0,15939491600,174068,237,93400.0,91550.0
2023-11-07,91000.0,91650.0,89750.0,90200.0,28891620450,320352,370,91550.0,91600.0
2023-11-08,92000.0,92000.0,92000.0,92000.0,15268228000,165959,179,90200.0,92000.0
2023-11-11,93750.0,93750.0,90800.0,92400.0,10381732850,112327,171,92000.0,93350.0
2023-11-12,93850.0,94150.0,90600.0,91700.0,17632617600,192317,199,92400.0,91900.0
2023-11-13,90050.0,91500.0,89900.0,90000.0,22230251800,246985,277,91700.0,90050.0
2023-11-14,88250.0,91350.0,88200.0,89050.0,8902279950,100034,196,90000.0,88300.0
2023-11-15,87300.0,88450.0,87300.0,87600.0,8898573300,101706,213,89050.0,88000.0
2023-11-18,87600.0,89350.0,87100.0,88800.0,21808720900,245630,273,87600.0,89000.0
2023-11-19,90350.0,90350.0,87050.0,87600.0,12473756650,142416,173,88800.0,87100.0
2023-11-20,87650.0,87650.0,85850.0,85850.0,10706825350,124685,133,87600.0,85850.0
2023-11-21,84150.0,84150.0,84150.0,85000.0,4724265150,56141,43,85850.0,84150.0
2023-11-22,83300.0,83350.0,83300.0,83650.0,7595755500,91185,57,85000.0,83300.0
2023-11-25,82000.0,82050.0,82000.0,82000.0,13002278500,158564,91,83650.0,82000.0
2023-11-26,80400.0,83000.0,80400.0,80800.0,21297052850,263649,272,82000.0,82050.0
2023-11-27,79650.0,82400.0,79650.0,82150.0,15831678100,192732,204,80800.0,82400.0
2023-11-28,83650.0,83750.0,83650.0,83150.0,6232717300,74430,132,82150.0,83750.0
2023-11-29,84800.0,84800.0,84800.0,83600.0,2901516800,34216,48,83150.0,84800.0
2023-12-02,85250.0,85250.0,85250.0,84800.0,7563721000,88724,61,83600.0,85250.0
2023-12-03,86450.0,86450.0,83650.0,86300.0,26384587700,305784,301,84800.0,86450.0
2023-12-04,87900.0,87900.0,84600.0,85150.0,19356329700,227291,267,86300.0,84600.0
2023-12-05,83550.0,84350.0,83450.0,83500.0,27058777150,324118,292,85150.0,83450.0
2023-12-06,85100.0,85150.0,83800.0,85050.0,20893349650,245698,218,83500.0,85150.0
2023-12-09,84200.0,84300.0,83350.0,83550.0,10612543400,127052,193,85050.0,83750.0
2023-12-10,82050.0,84500.0,81900.0,82100.0,11299582650,137652,147,83550.0,82500.0
2023-12-11,81650.0,83500.0,81600.0,82350.0,5763930700,69848,112,82100.0,82400.0
2023-12-12,80900.0,83000.0,80750.0,80850.0,14689779150,181736,205,82350.0,81300.0
2023-12-13,79500.0,81350.0,79300.0,80650.0,3172608850,39529,88,80850.0,79900.0
2023-12-16,80000.0,81900.0,79200.0,80700.0,8566324450,106157,184,80650.0,81900.0
2023-12-18,82250.0,82300.0,81050.0,82200.0,15973732000,194306,190,80700.0,82300.0
2023-12-19,83800.0,83800.0,82200.0,82750.0,5559008450,66816,105,82200.0,83800.0
2023-12-20,84050.0,84200.0,82250.0,82950.0,4162720500,50019,77,82750.0,83600.0
2023-12-23,84450.0,84500.0,81300.0,81750.0,17297376250,211527,198,82950.0,81300.0
2023-12-24,80250.0,82550.0,80250.0,81850.0,14675304450,179249,183,81750.0,80600.0
2023-12-25,81000.0,81050.0,80250.0,80500.0,8665783650,107860,156,81850.0,80250.0
2023-12-26,78950.0,80450.0,78900.0,78950.0,16467940750,208545,177,80500.0,79900.0
2023-12-27,77600.0,80500.0,77600.0,79350.0,4277645550,53565,84,78950.0,79650.0
2023-12-30,77900.0,80750.0,77900.0,79200.0,6485471750,81966,103,79350.0,80050.0
2023-12-31,80750.0,80750.0,79000.0,79350.0,2669070650,33484,65,79200.0,79200.0
2024-01-01,79400.0,80200.0,78600.0,79200.0,4033089450,51038,78,79350.0,80200.0
2024-01-02,80400.0,80400.0,77650.0,77900.0,17223054850,221078,198,79200.0,77800.0
2024-01-03,76500.0,79100.0,76400.0,77950.0,5381037300,68979,117,77900.0,78850.0
2024-01-06,79050.0,79050.0,76400.0,76950.0,10972878550,142626,132,77950.0,76500.0
2024-01-07,75650.0,78400.0,75650.0,77650.0,6508877650,83448,162,76950.0,77500.0
2024-01-08,77000.0,79150.0,77000.0,78800.0,9778118100,124056,135,77650.0,79000.0
2024-01-09,77900.0,79500.0,77900.0,78800.0,5241702900,66538,98,78800.0,79250.0
2024-01-10,80250.0,80250.0,77900.0,78550.0,6909296900,88064,86,78800.0,78300.0
2024-01-13,77350.0,79250.0,77350.0,78300.0,6856594450,87719,101,78550.0,77600.0
2024-01-14,77400.0,79650.0,77400.0,78650.0,8081362850,102663,154,78300.0,79250.0
2024-01-15,79850.0,80200.0,79850.0,80200.0,11903408500,148454,164,78650.0,80200.0
2024-01-16,81800.0,81800.0,81800.0,80650.0,2829380200,34589,55,80200.0,81800.0
2024-01-17,82250.0,82250.0,82250.0,82250.0,12191095000,148220,62,80650.0,82250.0
2024-01-20,83850.0,83850.0,83850.0,83700.0,9380802600,111876,111,82250.0,83850.0
2024-01-21,85350.0,85350.0,85350.0,85300.0,9980829000,116940,72,83700.0,85350.0
2024-01-22,87000.0,87000.0,87000.0,87000.0,11045346000,126958,64,85300.0,87000.0
2024-01-23,88700.0,88700.0,88700.0,88700.0,11233588900,126647,66,87000.0,88700.0
2024-01-24,90450.0,90450.0,90450.0,89200.0,3189267000,35260,34,88700.0,90450.0
2024-01-27,90950.0,90950.0,90950.0,89600.0,2201899500,24210,34,89200.0,90950.0
2024-01-28,91350.0,91350.0,91350.0,90600.0,5966982000,65320,62,89600.0,91350.0
2024-01-29,92400.0,92400.0,92400.0,91800.0,6987934800,75627,37,90600.0,92400.0
2024-01-30,93600.0,93600.0,90600.0,93600.0,62209129750,664754,363,91800.0,93600.0
2024-01-31,95450.0,95450.0,95450.0,94850.0,7365112900,77162,50,93600.0,95450.0
2024-02-03,96700.0,96700.0,96700.0,95900.0,5768831900,59657,55,94850.0,96700.0
2024-02-04,97800.0,97800.0,97800.0,96250.0,1916977800,19601,36,95900.0,97800.0
2024-02-05,98150.0,98150.0,98150.0,97500.0,6856170100,69854,54,96250.0,98150.0
2024-02-06,99450.0,99450.0,99450.0,97950.0,2316488850,23293,47,97500.0,99450.0
2024-02-07,99900.0,99900.0,99900.0,98700.0,4127268600,41314,46,97950.0,99900.0
2024-02-10,100650.0,100650.0,100650.0,98950.0,1264767900,12566,33,98700.0,100650.0
2024-02-12,100900.0,100900.0,100900.0,99750.0,4293799500,42555,63,98950.0,100900.0
2024-02-13,101700.0,101700.0,101700.0,100750.0,5303451600,52148,53,99750.0,101700.0
2024-02-14,102750.0,102750.0,101000.0,102750.0,49349659250,480395,361,100750.0,102750.0
2024-02-17,103000.0,104800.0,100700.0,103800.0,83105807400,800621,567,102750.0,104800.0
2024-02-18,105750.0,105850.0,104900.0,105800.0,40159734550,379545,328,103800.0,105850.0
2024-02-19,107500.0,107500.0,103700.0,103800.0,21426663000,206441,134,105800.0,103700.0
2024-02-20,101750.0,101750.0,101750.0,103350.0,2072545750,20369,15,103800.0,101750.0
2024-02-21,101300.0,101300.0,101300.0,102050.0,6291236500,62105,31,103350.0,101300.0
2024-02-24,100050.0,100050.0,100050.0,101350.0,3473335800,34716,12,102050.0,100050.0
2024-02-26,99350.0,99350.0,99350.0,101250.0,374450150,3769,5,101350.0,99350.0
2024-02-27,99250.0,99250.0,99250.0,101200.0,284549750,2867,4,101250.0,99250.0
2024-02-28,99200.0,99200.0,99200.0,101100.0,374777600,3778,8,101200.0,99200.0
2024-03-02,99100.0,99100.0,99100.0,100950.0,650195100,6561,9,101100.0,99100.0
2024-03-03,98950.0,98950.0,98950.0,100800.0,678203300,6854,11,100950.0,98950.0
2024-03-04,96800.0,96800.0,96800.0,99400.0,3406101600,35187,30,100800.0,96800.0
2024-03-05,97450.0,97450.0,97450.0,98600.0,3986874400,40912,15,99400.0,97450.0
2024-03-06,96650.0,96650.0,96650.0,97950.0,3099565500,32070,10,98600.0,96650.0
2024-03-10,96000.0,96000.0,96000.0,97150.0,4096896000,42676,3,97950.0,96000.0
2024-03-11,95250.0,95250.0,95250.0,97050.0,526446750,5527,6,97150.0,95250.0
2024-03-12,95150.0,95150.0,95150.0,96750.0,1508603250,15855,7,97050.0,95150.0
2024-03-13,94850.0,94850.0,94850.0,96650.0,467231100,4926,7,96750.0,94850.0
2024-03-16,94750.0,94750.0,94750.0,96500.0,880038000,9288,10,96650.0,94750.0
2024-03-17,94600.0,94600.0,94600.0,96450.0,258258000,2730,4,96500.0,94600.0
2024-03-18,94550.0,94550.0,94550.0,96350.0,451476250,4775,7,96450.0,94550.0
2024-03-24,94450.0,94450.0,94450.0,96100.0,1359418850,14393,24,96350.0,94450.0
2024-03-25,94200.0,94200.0,94200.0,95900.0,1127950800,11974,14,96100.0,94200.0
2024-03-26,94000.0,94000.0,94000.0,94000.0,1865806000,19849,16,95900.0,94000.0
2024-03-27,92150.0,92150.0,92150.0,92150.0,713609600,7744,11,94000.0,92150.0
2024-03-30,90350.0,90350.0,90350.0,90350.0,6469421400,71604,56,92150.0,90350.0
2024-04-02,88550.0,91500.0,88550.0,89250.0,30128344100,337565,340,90350.0,89800.0
2024-04-03,91000.0,91000.0,90050.0,91000.0,11401321950,125312,116,89250.0,91000.0
2024-04-06,92800.0,92800.0,89250.0,92100.0,19373729800,210300,200,91000.0,89650.0
2024-04-07,90300.0,91000.0,90300.0,90400.0,9600628250,106288,131,92100.0,90300.0
2024-04-08,88600.0,89900.0,88600.0,88650.0,15982970850,180334,172,90400.0,88600.0
2024-04-09,87000.0,87950.0,86900.0,87000.0,18377626950,211193,249,88650.0,87600.0
2024-04-13,85300.0,86000.0,85300.0,86600.0,2416072400,28308,33,87000.0,85300.0
2024-04-14,85750.0,85750.0,85750.0,86600.0,105129500,1226,2,86600.0,85750.0
2024-04-15,85750.0,87350.0,85750.0,86050.0,8160725650,94971,92,86600.0,85900.0
2024-04-16,85300.0,85300.0,85200.0,86000.0,503235200,5906,7,86050.0,85200.0
2024-04-17,85150.0,86000.0,85150.0,85250.0,8505294100,99877,55,86000.0,85150.0
2024-04-20,83550.0,85750.0,83550.0,84050.0,15238678800,181266,165,85250.0,85300.0
2024-04-21,85650.0,85700.0,85600.0,85100.0,6469406250,75496,57,84050.0,85700.0
2024-04-22,86800.0,86800.0,86800.0,85600.0,2848515600,32817,15,85100.0,86800.0
2024-04-23,87300.0,87300.0,87300.0,86200.0,3758003100,43047,28,85600.0,87300.0
2024-04-24,87900.0,87900.0,86000.0,87850.0,14141185700,160962,137,86200.0,87900.0
2024-04-27,89600.0,89600.0,86800.0,88100.0,9270392250,105216,143,87850.0,87900.0
2024-04-28,86550.0,86550.0,86350.0,87100.0,5897019950,68245,70,88100.0,86350.0
2024-04-29,85450.0,86000.0,85400.0,86250.0,5176537100,60533,102,87100.0,86000.0
2024-04-30,84600.0,87850.0,84600.0,86100.0,2304907550,26907,37,86250.0,85500.0
2024-05-01,84550.0,87300.0,84400.0,85200.0,5224665100,61844,61,86100.0,85950.0
2024-05-05,83500.0,86600.0,83500.0,84700.0,4077697700,48581,70,85200.0,84900.0
2024-05-06,83100.0,84850.0,83050.0,84100.0,3667253000,44100,56,84700.0,83050.0
2024-05-07,82450.0,82600.0,82450.0,83150.0,5698265600,69097,71,84100.0,82450.0
2024-05-08,82400.0,83700.0,81500.0,82200.0,7468773600,91190,68,83150.0,82000.0
2024-05-11,80650.0,81000.0,80600.0,81250.0,6001592400,74432,68,82200.0,80600.0
2024-05-12,79650.0,82850.0,79650.0,80750.0,10627075500,131605,90,81250.0,82850.0
2024-05-13,79650.0,81500.0,79150.0,80100.0,5894538450,73947,92,80750.0,79250.0
2024-05-14,81700.0,81700.0,79700.0,80300.0,3400546650,42143,48,80100.0,81000.0
2024-05-15,80050.0,81900.0,80050.0,81500.0,8060533000,98554,111,80300.0,81900.0
2024-05-18,83100.0,83100.0,82000.0,82000.0,3214733900,38701,55,81500.0,83100.0
2024-07-06,83600.0,83600.0,83350.0,82650.0,4233436100,50641,44,82000.0,83600.0
2024-07-07,84150.0,84150.0,81000.0,81950.0,4599204700,56685,69,82650.0,81000.0
2024-07-08,80350.0,80350.0,80350.0,81150.0,4883351600,60776,10,81950.0,80350.0
2024-07-09,79550.0,79550.0,79550.0,81050.0,513893000,6460,6,81150.0,79550.0
2024-07-13,79450.0,79450.0,79450.0,80700.0,2049015500,25790,6,81050.0,79450.0
2024-07-14,79100.0,79100.0,79100.0,80650.0,159940200,2022,3,80700.0,79100.0
2024-07-17,79050.0,79050.0,79050.0,80600.0,322998300,4086,7,80650.0,79050.0
2024-07-20,79000.0,79000.0,79000.0,80600.0,79000000,1000,2,80600.0,79000.0
2024-07-21,79000.0,79000.0,79000.0,80600.0,51192000,648,2,80600.0,79000.0
2024-07-22,79000.0,79000.0,79000.0,80600.0,148204000,1876,3,80600.0,79000.0
2024-07-23,77400.0,77900.0,77400.0,77400.0,9964616300,128722,99,80600.0,77400.0
2024-07-24,75900.0,75900.0,75900.0,77300.0,537296100,7079,9,77400.0,75900.0
2024-07-27,75900.0,75900.0,75800.0,76550.0,4876128400,64328,11,77300.0,75800.0
2024-07-29,75050.0,75050.0,75050.0,76500.0,170813800,2276,3,76550.0,75050.0
2024-07-30,75000.0,75000.0,75000.0,76450.0,224475000,2993,2,76500.0,75000.0
2024-07-31,74950.0,74950.0,74950.0,76400.0,299874950,4001,5,76450.0,74950.0
2024-08-03,74900.0,74900.0,74900.0,76400.0,104860000,1400,2,76400.0,74900.0
2024-08-10,75650.0,75650.0,75650.0,76400.0,52955000,700,1,76400.0,75650.0
2024-08-13,75650.0,75650.0,75650.0,76400.0,55073200,728,4,76400.0,75650.0
2024-08-17,74900.0,74900.0,74900.0,76400.0,74900000,1000,1,76400.0,74900.0
2024-08-18,74900.0,74900.0,74900.0,76400.0,153545000,2050,4,76400.0,74900.0
2024-08-19,74900.0,74900.0,74900.0,76400.0,108605000,1450,3,76400.0,74900.0
2024-09-23,77900.0,77900.0,74900.0,76200.0,5256255700,69129,52,76400.0,74900.0
2024-09-24,74700.0,74700.0,74700.0,74700.0,9922475700,132831,41,76200.0,74700.0
2024-09-25,73250.0,76150.0,73250.0,73800.0,26970942300,365467,312,74700.0,76000.0
2024-09-28,73100.0,73500.0,73100.0,73100.0,10637569000,145513,153,73800.0,73100.0
2024-09-29,72550.0,73800.0,72550.0,73250.0,3641371500,49496,47,73100.0,73800.0
2024-09-30,73950.0,73950.0,73900.0,73850.0,8685794600,117463,79,73250.0,73950.0
2024-10-01,74500.0,74500.0,73150.0,73650.0,3033857400,41437,36,73850.0,73150.0
2024-10-02,72950.0,72950.0,72950.0,73500.0,1857890600,25468,24,73650.0,72950.0
2024-10-05,72800.0,72900.0,72800.0,73450.0,783550800,10761,21,73500.0,72800.0
2024-10-06,72750.0,72750.0,72750.0,73450.0,72750000,1000,1,73450.0,72750.0
2024-10-07,72750.0,72750.0,72750.0,73450.0,205227750,2821,3,73450.0,72750.0
2024-10-08,72750.0,72750.0,72750.0,73350.0,1074590250,14771,13,73450.0,72750.0
2024-10-09,72650.0,72650.0,72650.0,73350.0,210685000,2900,6,73350.0,72650.0
2024-10-12,71900.0,73900.0,71900.0,73100.0,1695784950,23557,35,73350.0,71900.0
2024-10-13,71700.0,71700.0,71650.0,72850.0,1847387900,25774,35,73100.0,71650.0
2024-10-14,71400.0,71400.0,71400.0,72850.0,50551200,708,1,72850.0,71400.0
2024-10-21,69950.0,69950.0,69950.0,72750.0,278121200,3976,5,72850.0,69950.0
2024-10-26,71300.0,71400.0,71300.0,71900.0,5717533100,80187,50,72750.0,71300.0
2024-10-27,70800.0,71300.0,70500.0,70650.0,9077033200,128627,115,71900.0,70500.0
2024-10-28,69300.0,69500.0,69250.0,69650.0,6832448650,98637,91,70650.0,69250.0
2024-10-29,68300.0,68300.0,68300.0,69600.0,336309200,4924,8,69650.0,68300.0
2024-10-30,68250.0,68250.0,68250.0,69350.0,1900080000,27840,8,69600.0,68250.0
2024-11-02,68000.0,68000.0,68000.0,69250.0,594252000,8739,7,69350.0,68000.0
2024-11-03,67900.0,67900.0,67900.0,69250.0,60091500,885,1,69250.0,67900.0
2024-11-05,67900.0,67900.0,67900.0,69250.0,114139900,1681,2,69250.0,67900.0
2024-11-06,67900.0,70600.0,67900.0,69650.0,34241317400,491669,72,69250.0,70600.0
2024-11-09,68500.0,71000.0,68300.0,70300.0,17623222650,250636,160,69650.0,71000.0
2024-11-10,71700.0,71700.0,69250.0,71500.0,9234327550,128923,71,70300.0,71600.0
2024-11-11,71100.0,72150.0,70100.0,70700.0,8946054800,126744,94,71500.0,70100.0
2024-11-12,70700.0,70700.0,69300.0,69550.0,8356790250,120535,60,70700.0,69500.0
2024-11-13,68250.0,68550.0,68200.0,68650.0,6550434100,96008,89,69550.0,68200.0
2024-11-16,67350.0,70000.0,67350.0,69200.0,5455234000,78277,90,68650.0,69500.0
2024-11-17,68150.0,68450.0,67850.0,68050.0,9581149050,140859,115,69200.0,67850.0
2024-11-18,66750.0,69350.0,66750.0,68450.0,5149476700,74771,89,68050.0,69300.0
2024-11-19,68200.0,69300.0,67100.0,67300.0,11424355250,169706,88,68450.0,67100.0
2024-11-20,66300.0,67900.0,66000.0,66300.0,8490720250,128343,102,67300.0,67900.0
2024-11-23,65100.0,67500.0,65000.0,65450.0,12317218150,188216,160,66300.0,65600.0
2024-11-24,66200.0,66750.0,65600.0,66000.0,4840238150,72687,82,65450.0,66750.0
2024-11-25,67300.0,67300.0,67300.0,66750.0,5806576700,86279,46,66000.0,67300.0
2024-11-26,68050.0,68050.0,65600.0,68000.0,19651842750,289017,132,66750.0,68050.0
2024-11-27,69300.0,69350.0,67050.0,68950.0,7907058400,114177,119,68000.0,69200.0
2024-11-30,69800.0,70300.0,68450.0,69050.0,5414141450,78294,73,68950.0,68550.0
2024-12-01,68200.0,68550.0,67950.0,68900.0,1684745500,24704,28,69050.0,68100.0
2024-12-02,67700.0,70250.0,67700.0,70150.0,16022973200,228337,150,68900.0,70250.0
2024-12-03,70250.0,71550.0,70250.0,70950.0,5985074200,83668,83,70150.0,71550.0
2024-12-04,72350.0,72350.0,70100.0,71950.0,25223031650,350549,149,70950.0,71000.0
2024-12-07,71000.0,71000.0,70550.0,71500.0,3268966150,46317,29,71950.0,70550.0
2024-12-08,70100.0,70100.0,70100.0,70450.0,7235932300,103223,28,71500.0,70100.0
2024-12-09,69900.0,71850.0,69050.0,70900.0,19010405000,268047,212,70450.0,71850.0
2024-12-10,72150.0,72300.0,70950.0,72200.0,13194312200,182706,122,70900.0,72300.0
2024-12-11,73600.0,73600.0,72600.0,73500.0,20451663000,278265,143,72200.0,73600.0
2024-12-14,74950.0,74950.0,74950.0,74600.0,7577969650,101107,80,73500.0,74950.0
2024-12-15,76050.0,76050.0,75600.0,75850.0,8911555350,117199,86,74600.0,76050.0
2024-12-16,77300.0,77300.0,74350.0,74700.0,9104301150,122123,101,75850.0,74350.0
2024-12-17,73250.0,73250.0,73250.0,74450.0,1652153750,22555,15,74700.0,73250.0
2024-12-18,73000.0,73000.0,73000.0,74250.0,1234138000,16906,12,74450.0,73000.0
2024-12-21,72800.0,75650.0,72800.0,73400.0,15682132550,213656,178,74250.0,72800.0
2024-12-22,72000.0,72050.0,71950.0,71950.0,10812324400,150263,98,73400.0,71950.0
2024-12-23,73050.0,73050.0,70550.0,71350.0,7730755150,108541,65,71950.0,70550.0
2024-12-24,69950.0,71400.0,69950.0,69950.0,19424699950,277623,203,71350.0,69950.0
2024-12-25,70950.0,70950.0,68600.0,69450.0,3641314100,53050,44,69950.0,68600.0
2024-12-28,68100.0,68100.0,68100.0,68700.0,5439555600,79876,46,69450.0,68100.0
2024-12-29,67350.0,67350.0,67350.0,68400.0,2112432750,31365,20,68700.0,67350.0
2024-12-30,67050.0,67050.0,67050.0,68350.0,242318700,3614,3,68400.0,67050.0
2024-12-31,67000.0,67000.0,67000.0,68150.0,1511721000,22563,15,68350.0,67000.0
2025-01-01,66800.0,68400.0,66800.0,66800.0,17761909200,265798,170,68150.0,68400.0
2025-01-04,68100.0,68100.0,68100.0,68100.0,11906535900,174839,112,66800.0,68100.0
2025-01-05,69450.0,69450.0,68800.0,69450.0,10493915000,151120,144,68100.0,69450.0
2025-01-06,69700.0,70600.0,68100.0,69150.0,6592321800,95561,111,69450.0,68700.0
2025-01-07,67950.0,70400.0,67950.0,69850.0,13825011150,197992,186,69150.0,70350.0
2025-01-08,70800.0,70800.0,68500.0,69050.0,15169371900,219727,172,69850.0,68500.0
2025-01-11,68000.0,68100.0,67700.0,68250.0,5837060050,86172,63,69050.0,67700.0
2025-01-12,66900.0,66900.0,66900.0,68100.0,1023503100,15299,13,68250.0,66900.0
2025-01-13,66750.0,66750.0,66750.0,67550.0,4103389500,61474,30,68100.0,66750.0
2025-01-15,66200.0,68800.0,66200.0,66800.0,15655050350,234433,182,67550.0,67300.0
2025-01-18,68000.0,68000.0,65500.0,65700.0,18576500950,282773,128,66800.0,65500.0
2025-01-19,64550.0,67000.0,64550.0,66050.0,4175254300,62765,88,65700.0,65800.0
2025-01-20,64800.0,65500.0,64750.0,65200.0,7271404050,112038,95,66050.0,64750.0
2025-01-21,63900.0,63900.0,63900.0,64700.0,3698915400,57886,30,65200.0,63900.0
2025-01-22,63450.0,63450.0,63450.0,64350.0,2704112100,42618,24,64700.0,63450.0
2025-01-26,63750.0,63750.0,63750.0,64300.0,503625000,7900,6,64350.0,63750.0
2025-01-27,63700.0,63700.0,63700.0,64300.0,50259300,789,1,64300.0,63700.0
2025-01-29,63700.0,63700.0,63700.0,64250.0,607698000,9540,7,64300.0,63700.0
2025-02-01,63650.0,63650.0,63650.0,64200.0,292599050,4597,2,64250.0,63650.0
2025-02-02,63600.0,63600.0,63600.0,64200.0,204855600,3221,3,64200.0,63600.0
2025-02-04,62950.0,63500.0,62950.0,62950.0,20451298250,324866,183,64200.0,62950.0
2025-02-05,62350.0,62400.0,62350.0,62800.0,1400119250,22455,22,62950.0,62350.0
2025-02-09,62200.0,62200.0,62200.0,62700.0,703357600,11308,9,62800.0,62200.0
2025-02-11,62100.0,62100.0,62100.0,62700.0,50797800,818,1,62700.0,62100.0
2025-02-15,62100.0,62100.0,62100.0,62700.0,103831200,1672,1,62700.0,62100.0
2025-02-16,62100.0,62100.0,62100.0,62700.0,112152600,1806,2,62700.0,62100.0
2025-02-17,62100.0,62100.0,62100.0,62700.0,175929300,2833,2,62700.0,62100.0
2025-02-19,62100.0,62100.0,62100.0,62650.0,281313000,4530,4,62700.0,62100.0
2025-02-22,61400.0,61400.0,61400.0,62550.0,359988200,5863,4,62650.0,61400.0
2025-02-23,61950.0,61950.0,61950.0,62500.0,210753900,3402,2,62550.0,61950.0
2025-02-24,61900.0,61900.0,61900.0,62350.0,1110238400,17936,14,62500.0,61900.0
2025-02-25,61750.0,61750.0,61750.0,62250.0,979663750,15865,13,62350.0,61750.0
2025-02-26,61650.0,61650.0,61650.0,62250.0,184950000,3000,3,62250.0,61650.0
2025-03-01,61650.0,61650.0,61650.0,62250.0,61650000,1000,1,62250.0,61650.0
2025-03-02,61650.0,61650.0,61650.0,62250.0,49320000,800,1,62250.0,61650.0
2025-03-03,61650.0,61650.0,61650.0,62250.0,73980000,1200,1,62250.0,61650.0
2025-03-05,61050.0,61050.0,61050.0,61850.0,1626982500,26650,9,62250.0,61050.0
2025-03-09,61250.0,61250.0,61250.0,61850.0,50225000,820,1,61850.0,61250.0
2025-03-11,61250.0,61250.0,61250.0,61850.0,61250000,1000,1,61850.0,61250.0
2025-03-15,60650.0,60650.0,60650.0,60650.0,6319062850,104189,15,61850.0,60650.0
2025-03-16,60050.0,60050.0,60050.0,60600.0,218582000,3640,5,60650.0,60050.0
2025-03-17,60000.0,60000.0,60000.0,60600.0,50100000,835,1,60600.0,60000.0
2025-03-18,60000.0,60000.0,60000.0,60400.0,1431120000,23852,3,60600.0,60000.0
2025-03-25,59800.0,59800.0,59800.0,60300.0,670178600,11207,3,60400.0,59800.0
2025-03-30,59700.0,59700.0,59700.0,60300.0,50148000,840,1,60300.0,59700.0
2025-04-06,59100.0,59100.0,59100.0,59300.0,3999415200,67672,18,60300.0,59100.0
2025-04-07,58750.0,58750.0,58750.0,59250.0,318542500,5422,5,59300.0,58750.0
2025-04-08,58700.0,58700.0,58700.0,59150.0,878504200,14966,10,59250.0,58700.0
2025-04-09,58600.0,58600.0,58600.0,59050.0,745978000,12730,5,59150.0,58600.0
2025-04-12,58500.0,58500.0,58500.0,58850.0,1881477000,32162,17,59050.0,58500.0
2025-04-13,58300.0,58500.0,58300.0,58300.0,36827065400,631650,249,58850.0,58300.0
2025-04-14,57750.0,57750.0,57750.0,57750.0,5733824250,99287,48,58300.0,57750.0
2025-04-15,57200.0,57200.0,57200.0,57700.0,358815600,6273,6,57750.0,57200.0
2025-04-16,57150.0,57150.0,57150.0,57700.0,216255600,3784,3,57700.0,57150.0
2025-04-19,57150.0,57150.0,57150.0,57700.0,107442000,1880,3,57700.0,57150.0
2025-04-20,57150.0,57150.0,57150.0,57400.0,2782290600,48684,26,57700.0,57150.0
2025-04-21,56850.0,56850.0,56850.0,57150.0,2392987050,42093,22,57400.0,56850.0
2025-04-22,56600.0,56600.0,56600.0,57000.0,1556669800,27503,17,57150.0,56600.0
2025-04-23,56450.0,56450.0,56450.0,56950.0,359755850,6373,4,57000.0,56450.0
2025-04-26,56400.0,56400.0,56400.0,56900.0,400214400,7096,6,56950.0,56400.0
2025-04-27,56350.0,56350.0,56350.0,56750.0,1563656150,27749,12,56900.0,56350.0
2025-04-28,56200.0,56200.0,56200.0,56650.0,1024413600,18228,8,56750.0,56200.0
2025-04-29,56100.0,56100.0,56100.0,56250.0,3433095600,61196,26,56650.0,56100.0
2025-04-30,55700.0,56800.0,55700.0,55800.0,31664275300,567421,286,56250.0,56800.0
2025-05-03,55350.0,56350.0,55250.0,55450.0,13056451600,235502,195,55800.0,55250.0
2025-05-04,54900.0,54900.0,54900.0,54900.0,5077591200,92488,25,55450.0,54900.0
2025-05-05,54400.0,55300.0,54400.0,54400.0,23745594600,436325,195,54900.0,54900.0
2025-05-06,54850.0,54900.0,54850.0,54900.0,8179820650,149000,87,54400.0,54900.0
2025-05-07,55400.0,55400.0,55400.0,55200.0,3133424000,56560,34,54900.0,55400.0
2025-05-10,55750.0,55750.0,55750.0,55750.0,11176760000,200480,73,55200.0,55750.0
2025-05-11,55200.0,56300.0,55200.0,55550.0,8298009700,149330,135,55750.0,55200.0
2025-05-12,55550.0,56100.0,55100.0,55550.0,9538413350,171689,170,55550.0,55900.0
2025-05-13,55000.0,55950.0,55000.0,55150.0,6995293450,126868,154,55550.0,55000.0
2025-05-14,55550.0,55700.0,54600.0,54750.0,9142697850,167007,105,55150.0,54950.0
2025-05-17,54250.0,54300.0,54250.0,54250.0,5080071250,93630,55,54750.0,54250.0
2025-05-18,54650.0,54650.0,53750.0,53750.0,5189946450,96535,74,54250.0,53750.0
2025-05-19,53350.0,53350.0,53250.0,53650.0,879812250,16513,9,53750.0,53250.0
2025-05-20,53150.0,53150.0,53150.0,53500.0,1492239400,28076,20,53650.0,53150.0
2025-05-21,53000.0,53000.0,53000.0,53000.0,5564470000,104990,64,53500.0,53000.0
2025-05-24,52500.0,52500.0,52500.0,52850.0,1585815000,30206,33,53000.0,52500.0
2025-05-25,52350.0,52350.0,52350.0,52700.0,1381359450,26387,19,52850.0,52350.0
2025-05-26,52200.0,52950.0,52200.0,52500.0,2615759700,49998,66,52700.0,52850.0
2025-05-27,53000.0,53000.0,52950.0,53000.0,6844675000,129145,74,52500.0,53000.0
2025-05-28,53500.0,53500.0,52950.0,53400.0,5626750950,105369,73,53000.0,53450.0
2025-05-31,53500.0,53500.0,52900.0,53250.0,2986193050,56215,66,53400.0,53100.0
2025-06-01,52800.0,53150.0,52750.0,52950.0,2962077000,56138,29,53250.0,53150.0
2025-06-02,52500.0,52500.0,52450.0,52850.0,895098450,17062,28,52950.0,52450.0
2025-06-03,53250.0,53250.0,52350.0,52800.0,808463800,15403,26,52850.0,52350.0
2025-06-07,52300.0,52300.0,52300.0,52750.0,294501300,5631,7,52800.0,52300.0
2025-06-08,52250.0,52250.0,52250.0,52600.0,1296949500,24822,8,52750.0,52250.0
2025-06-09,52100.0,52100.0,52100.0,52600.0,147964000,2840,2,52600.0,52100.0
2025-06-10,52100.0,52100.0,52100.0,52600.0,102741200,1972,5,52600.0,52100.0
2025-06-11,52100.0,52750.0,52100.0,52100.0,6409818550,123017,62,52600.0,52100.0
2025-06-28,51600.0,51600.0,51600.0,52050.0,623224800,12078,9,52100.0,51600.0
2025-06-29,51550.0,51550.0,51550.0,52050.0,50828300,986,1,52050.0,51550.0
2025-06-30,51550.0,51550.0,51550.0,52050.0,50828300,986,1,52050.0,51550.0
2025-07-02,51550.0,51550.0,51550.0,52000.0,378170800,7336,3,52050.0,51550.0
2025-07-07,51000.0,51000.0,51000.0,51800.0,887247000,17397,6,52000.0,51000.0
2025-07-08,51300.0,51300.0,51300.0,51800.0,75872700,1479,1,51800.0,51300.0
2025-07-09,51300.0,51300.0,51300.0,51800.0,50838300,991,1,51800.0,51300.0
2025-07-12,51300.0,51300.0,51300.0,51350.0,4687229700,91369,16,51800.0,51300.0
2025-07-13,50850.0,50850.0,50850.0,50850.0,5135850000,101000,34,51350.0,50850.0
2025-07-14,50350.0,50350.0,50350.0,50750.0,960627650,19079,9,50850.0,50350.0
2025-07-15,50250.0,50250.0,50250.0,50750.0,50853000,1012,1,50750.0,50250.0
2025-07-16,50250.0,50250.0,50250.0,50750.0,50250000,1000,1,50750.0,50250.0
2025-07-19,50250.0,50250.0,50250.0,50750.0,216426750,4307,4,50750.0,50250.0
2025-07-20,50250.0,50250.0,50250.0,50750.0,50853000,1012,1,50750.0,50250.0
2025-07-21,50250.0,50250.0,50250.0,50750.0,50853000,1012,1,50750.0,50250.0
2025-07-22,49750.0,49750.0,49750.0,50650.0,553866750,11133,5,50750.0,49750.0
2025-07-23,50150.0,50150.0,50150.0,50500.0,1578521400,31476,6,50650.0,50150.0
2025-07-26,50000.0,50000.0,50000.0,50500.0,156850000,3137,3,50500.0,50000.0
2025-07-27,50000.0,50000.0,50000.0,50500.0,50850000,1017,1,50500.0,50000.0
2025-07-28,50000.0,50000.0,50000.0,50500.0,50850000,1017,2,50500.0,50000.0
2025-07-29,50000.0,50000.0,50000.0,50500.0,50850000,1017,1,50500.0,50000.0
2025-07-30,50000.0,50000.0,50000.0,50500.0,50850000,1017,1,50500.0,50000.0
2025-08-02,49500.0,49500.0,49500.0,50450.0,174586500,3527,2,50500.0,49500.0
2025-08-03,49950.0,49950.0,49950.0,50450.0,50849100,1018,1,50450.0,49950.0
2025-08-05,49950.0,49950.0,49950.0,50450.0,50849100,1018,1,50450.0,49950.0
2025-08-06,49950.0,49950.0,49950.0,50200.0,2447050500,48990,7,50450.0,49950.0
2025-08-09,49700.0,49700.0,49700.0,50150.0,370215300,7449,5,50200.0,49700.0
2025-08-11,49650.0,49650.0,49650.0,50150.0,50841600,1024,1,50150.0,49650.0
2025-08-12,49650.0,49650.0,49650.0,50150.0,50841600,1024,1,50150.0,49650.0
2025-08-13,49650.0,49650.0,49650.0,50150.0,50841600,1024,2,50150.0,49650.0
2025-08-16,49150.0,49150.0,49150.0,49150.0,152954800,3112,3,50150.0,49150.0
2025-08-17,48700.0,48700.0,48700.0,49000.0,1593804900,32727,12,49150.0,48700.0
2025-08-18,48550.0,48550.0,48550.0,49000.0,153369450,3159,4,49000.0,48550.0
2025-08-20,48550.0,48550.0,48550.0,49000.0,50831850,1047,2,49000.0,48550.0
2025-08-23,48550.0,48550.0,48550.0,48950.0,536331850,11047,2,49000.0,48550.0
2025-08-25,48500.0,48500.0,48500.0,48950.0,50828000,1048,1,48950.0,48500.0
2025-08-26,48000.0,48000.0,48000.0,48000.0,307728000,6411,4,48950.0,48000.0
2025-08-27,47550.0,47550.0,47550.0,48000.0,124057950,2609,2,48000.0,47550.0
2025-08-30,47550.0,47550.0,47550.0,48000.0,50830950,1069,1,48000.0,47550.0
2025-08-31,47550.0,47550.0,47550.0,48000.0,101233950,2129,2,48000.0,47550.0
2025-09-02,47550.0,47550.0,47550.0,48000.0,157770900,3318,3,48000.0,47550.0
2025-09-03,47550.0,47550.0,47550.0,47950.0,628468350,13217,4,48000.0,47550.0
2025-09-06,47000.0,47000.0,47000.0,47000.0,672899000,14317,7,47950.0,47000.0
2025-09-07,46550.0,46550.0,46550.0,46900.0,1298605350,27897,13,47000.0,46550.0
2025-09-08,46450.0,46450.0,46450.0,46800.0,1011681000,21780,7,46900.0,46450.0
2025-09-09,46350.0,46350.0,46350.0,46800.0,243152100,5246,4,46800.0,46350.0
2025-09-13,46350.0,46350.0,46350.0,46800.0,221413950,4777,4,46800.0,46350.0
2025-09-14,46350.0,46350.0,46350.0,46800.0,244588950,5277,4,46800.0,46350.0
2025-09-15,46350.0,46350.0,46350.0,46750.0,326072250,7035,5,46800.0,46350.0
2025-09-16,46300.0,46300.0,46300.0,46750.0,50837400,1098,1,46750.0,46300.0
2025-09-17,45850.0,45850.0,45850.0,45850.0,220492650,4809,4,46750.0,45850.0
2025-09-20,45400.0,45400.0,45400.0,45800.0,446963000,9845,3,45850.0,45400.0
2025-09-21,45350.0,45350.0,45350.0,45650.0,1778173500,39210,10,45800.0,45350.0
2025-09-22,45200.0,45200.0,45200.0,45600.0,277980000,6150,6,45650.0,45200.0
2025-09-23,45150.0,45150.0,45150.0,45600.0,50838900,1126,1,45600.0,45150.0
2025-09-24,45150.0,45150.0,45150.0,45600.0,105018900,2326,2,45600.0,45150.0
2025-09-27,45150.0,45150.0,45150.0,45450.0,1601335050,35467,8,45600.0,45150.0
2025-09-28,45000.0,45000.0,45000.0,45400.0,710325000,15785,11,45450.0,45000.0
2025-09-29,44950.0,44950.0,44950.0,45350.0,715828750,15925,10,45400.0,44950.0
2025-09-30,44900.0,44900.0,44900.0,45350.0,50871700,1133,2,45350.0,44900.0
2025-10-01,44900.0,44900.0,44900.0,45250.0,1181049600,26304,8,45350.0,44900.0
2025-10-04,44800.0,44800.0,44800.0,45200.0,303340800,6771,6,45250.0,44800.0
2025-10-05,44750.0,44800.0,44750.0,44750.0,16431646150,367170,126,45200.0,44800.0
