date,open,high,low,adjClose,value,volume,count,yesterday,close
2016-04-25,1561.0,1570.0,1516.0,1557.0,11609519750,7455098,289,1000.0,1561.0
2016-04-26,1594.0,1594.0,1520.0,1559.0,22674005951,14544283,885,1557.0,1560.0
2016-04-27,1565.0,1570.0,1500.0,1528.0,8507196573,5582589,516,1559.0,1519.0
2016-04-30,1505.0,1550.0,1500.0,1518.0,10898518509,7180996,419,1528.0,1510.0
2016-05-01,1518.0,1518.0,1491.0,1508.0,7535249429,5008436,448,1518.0,1491.0
2016-05-02,1500.0,1510.0,1460.0,1488.0,11939227068,8022211,654,1508.0,1461.0
2016-05-03,1485.0,1485.0,1449.0,1460.0,8823766102,6052528,543,1488.0,1452.0
2016-05-04,1456.0,1477.0,1432.0,1447.0,8434279834,5836289,536,1460.0,1440.0
2016-05-07,1453.0,1453.0,1401.0,1423.0,9755779015,6856292,600,1447.0,1411.0
2016-05-08,1422.0,1494.0,1407.0,1479.0,23385149371,15816615,1118,1423.0,1494.0
2016-05-09,1514.0,1531.0,1460.0,1496.0,9147189426,6104604,521,1479.0,1480.0
2016-05-10,1486.0,1510.0,1430.0,1482.0,3145255556,2166717,326,1496.0,1450.0
2016-05-11,1468.0,1468.0,1410.0,1445.0,5959728579,4194469,392,1482.0,1430.0
2016-05-14,1415.0,1465.0,1410.0,1442.0,5172223949,3592224,338,1445.0,1431.0
2016-05-15,1450.0,1450.0,1400.0,1408.0,11614682790,8250561,640,1442.0,1415.0
2016-05-16,1405.0,1439.0,1405.0,1414.0,5925713927,4180954,268,1408.0,1418.0
2016-05-17,1437.0,1448.0,1410.0,1423.0,6790211422,4758992,486,1414.0,1424.0
2016-05-18,1439.0,1440.0,1412.0,1421.0,5903666327,4158518,395,1423.0,1423.0
2016-05-21,1436.0,1436.0,1410.0,1416.0,8059754734,5694761,497,1421.0,1413.0
2016-05-23,1412.0,1435.0,1405.0,1416.0,6219047626,4392636,505,1416.0,1410.0
2016-05-24,1429.0,1429.0,1399.0,1406.0,8764332258,6238033,571,1416.0,1401.0
2016-05-25,1401.0,1424.0,1390.0,1407.0,8213461878,5838420,556,1406.0,1408.0
2016-05-28,1420.0,1423.0,1396.0,1406.0,3778481681,2688666,422,1407.0,1400.0
2016-05-29,1419.0,1419.0,1392.0,1403.0,4442235503,3175926,369,1406.0,1395.0
2016-05-30,1405.0,1420.0,1386.0,1412.0,14865319054,10529601,572,1403.0,1393.0
2016-05-31,1405.0,1416.0,1383.0,1403.0,3835250024,2762451,284,1412.0,1385.0
2016-06-01,1384.0,1398.0,1375.0,1388.0,6131441682,4447015,368,1403.0,1380.0
2016-06-05,1372.0,1420.0,1372.0,1392.0,4541168927,3249271,323,1388.0,1378.0
2016-06-06,1405.0,1405.0,1380.0,1391.0,1892498880,1366515,220,1392.0,1384.0
2016-06-07,1381.0,1391.0,1361.0,1381.0,4968296304,3622297,401,1391.0,1363.0
2016-06-08,1371.0,1409.0,1370.0,1394.0,16377082935,11744164,1000,1381.0,1400.0
2016-06-11,1381.0,1390.0,1348.0,1380.0,4251869361,3121547,342,1394.0,1349.0
2016-06-12,1379.0,1379.0,1337.0,1357.0,7228348763,5357488,372,1380.0,1350.0
2016-06-13,1365.0,1369.0,1290.0,1318.0,12510780608,9495775,532,1357.0,1301.0
2016-06-14,1300.0,1340.0,1267.0,1308.0,10072370022,7699181,584,1318.0,1311.0
2016-06-15,1310.0,1338.0,1292.0,1312.0,3617190626,2742701,223,1308.0,1315.0
2016-06-18,1320.0,1337.0,1271.0,1308.0,1747091643,1352672,237,1312.0,1280.0
2016-06-19,1280.0,1289.0,1258.0,1300.0,2034308320,1600172,280,1308.0,1267.0
2016-06-20,1267.0,1299.0,1235.0,1252.0,8528004515,6839435,532,1300.0,1246.0
2016-06-21,1246.0,1285.0,1237.0,1257.0,3955695397,3129574,258,1252.0,1262.0
2016-06-22,1293.0,1319.0,1288.0,1293.0,8756300187,6744969,391,1257.0,1300.0
2016-06-25,1349.0,1355.0,1290.0,1339.0,12935566749,9661146,632,1293.0,1338.0
2016-06-26,1333.0,1405.0,1313.0,1402.0,92872471079,66226950,2506,1339.0,1380.0
2016-06-28,1410.0,1420.0,1371.0,1401.0,29158903083,20814605,1064,1402.0,1385.0
2016-06-29,1360.0,1398.0,1351.0,1373.0,10330406528,7526953,521,1401.0,1380.0
2016-07-02,1397.0,1425.0,1356.0,1399.0,25087280313,17928473,944,1373.0,1412.0
2016-07-03,1413.0,1444.0,1407.0,1419.0,39087947334,27542587,1374,1399.0,1439.0
2016-07-04,1439.0,1465.0,1405.0,1429.0,69671248163,48747064,2039,1419.0,1443.0
2016-07-05,1413.0,1430.0,1365.0,1401.0,76186426661,54384684,1802,1429.0,1400.0
2016-07-09,1380.0,1387.0,1350.0,1373.0,9512229375,6933929,314,1401.0,1357.0
2016-07-10,1347.0,1370.0,1315.0,1357.0,4976681868,3706752,230,1373.0,1357.0
2016-07-11,1365.0,1400.0,1331.0,1364.0,3294631870,2390180,203,1357.0,1377.0
2016-07-12,1352.0,1379.0,1347.0,1362.0,4755874936,3497481,238,1364.0,1367.0
2016-07-13,1367.0,1379.0,1338.0,1360.0,6967190913,5124030,238,1362.0,1363.0
2016-07-16,1376.0,1376.0,1350.0,1362.0,9999503335,7342012,354,1360.0,1355.0
2016-07-17,1355.0,1380.0,1345.0,1362.0,4798514208,3522387,279,1362.0,1346.0
2016-07-18,1350.0,1360.0,1332.0,1357.0,2590500228,1928466,185,1362.0,1360.0
2016-07-19,1335.0,1364.0,1335.0,1352.0,7902052815,5850227,248,1357.0,1350.0
2016-07-20,1360.0,1419.0,1350.0,1391.0,13259873772,9535325,559,1352.0,1419.0
2016-07-23,1419.0,1460.0,1419.0,1459.0,70109764993,48068808,1865,1391.0,1460.0
2016-07-24,1470.0,1470.0,1428.0,1453.0,4854456327,3354714,371,1459.0,1433.0
2016-07-25,1430.0,1447.0,1409.0,1430.0,9603676602,6722644,341,1453.0,1418.0
2016-07-26,1412.0,1430.0,1399.0,1403.0,20577011316,14669824,696,1430.0,1405.0
2016-07-27,1395.0,1473.0,1387.0,1462.0,66131360058,45248463,1352,1403.0,1473.0
2016-07-31,1473.0,1511.0,1437.0,1471.0,7437730379,5047315,415,1462.0,1437.0
2016-08-01,1451.0,1475.0,1442.0,1457.0,8121024850,5584945,292,1471.0,1453.0
2016-08-02,1434.0,1495.0,1433.0,1463.0,16315206346,11154650,619,1457.0,1491.0
2016-08-03,1475.0,1495.0,1397.0,1437.0,44424733994,30916528,1342,1463.0,1408.0
2016-08-06,1401.0,1402.0,1366.0,1378.0,25847002147,18755728,1147,1437.0,1379.0
2016-08-07,1358.0,1390.0,1330.0,1355.0,27743067548,20472818,1232,1378.0,1337.0
2016-08-08,1341.0,1360.0,1329.0,1341.0,7149662049,5347081,455,1355.0,1350.0
2016-08-09,1350.0,1358.0,1334.0,1343.0,3663191740,2723470,314,1341.0,1335.0
2016-08-10,1340.0,1350.0,1325.0,1337.0,5025367548,3773804,384,1343.0,1327.0
2016-08-13,1344.0,1347.0,1323.0,1334.0,4560394949,3430396,421,1337.0,1327.0
2016-08-14,1330.0,1339.0,1315.0,1327.0,6654024380,5028667,529,1334.0,1317.0
2016-08-15,1347.0,1347.0,1305.0,1322.0,4714403793,3581099,438,1327.0,1318.0
2016-08-16,1321.0,1322.0,1299.0,1306.0,8292894371,6363271,525,1322.0,1309.0
2016-08-17,1340.0,1340.0,1302.0,1306.0,2502680347,1914412,284,1306.0,1308.0
2016-08-20,1315.0,1329.0,1298.0,1308.0,4633598830,3534827,410,1306.0,1319.0
2016-08-21,1303.0,1337.0,1303.0,1311.0,2881482719,2185789,237,1308.0,1322.0
2016-08-22,1334.0,1334.0,1301.0,1313.0,5295878799,4028294,316,1311.0,1318.0
2016-08-23,1328.0,1328.0,1296.0,1308.0,4151949515,3190339,333,1313.0,1298.0
2016-08-24,1298.0,1319.0,1288.0,1303.0,8414949087,6465304,398,1308.0,1300.0
2016-08-27,1292.0,1305.0,1271.0,1296.0,5257724991,4073676,407,1303.0,1271.0
2016-08-28,1300.0,1300.0,1254.0,1272.0,7356579726,5817401,522,1296.0,1255.0
2016-08-29,1335.0,1335.0,1306.0,1330.0,25857190209,19447949,997,1272.0,1308.0
2016-08-30,1329.0,1332.0,1310.0,1326.0,5937987759,4488197,263,1330.0,1324.0
2016-08-31,1310.0,1362.0,1310.0,1339.0,10079772283,7528665,582,1326.0,1320.0
2016-09-03,1315.0,1330.0,1282.0,1310.0,9960336931,7602645,501,1339.0,1302.0
2016-09-04,1286.0,1314.0,1281.0,1303.0,5970086572,4598340,303,1310.0,1284.0
2016-09-05,1280.0,1297.0,1280.0,1300.0,1567619477,1218158,179,1303.0,1286.0
2016-09-06,1295.0,1300.0,1253.0,1274.0,14541573634,11412317,888,1300.0,1280.0
2016-09-24,1316.0,1317.0,1270.0,1296.0,5325797002,4110215,329,1249.0,1279.0
2016-09-25,1297.0,1300.0,1249.0,1269.0,7948123532,6293229,626,1296.0,1258.0
2016-09-26,1245.0,1269.0,1240.0,1262.0,3277130149,2627747,352,1269.0,1251.0
2016-09-27,1258.0,1260.0,1235.0,1252.0,5841974338,4688470,399,1262.0,1249.0
2016-09-28,1250.0,1298.0,1243.0,1271.0,13916628445,10950986,890,1252.0,1270.0
2016-10-01,1294.0,1295.0,1250.0,1267.0,8858004909,6994772,577,1271.0,1253.0
2016-10-02,1270.0,1270.0,1225.0,1239.0,9124761261,7373649,671,1267.0,1239.0
2016-10-03,1239.0,1239.0,1206.0,1216.0,12473544236,10255060,927,1239.0,1209.0
2016-10-04,1190.0,1215.0,1185.0,1193.0,13985880490,11726402,1009,1216.0,1210.0
2016-10-05,1201.0,1232.0,1194.0,1206.0,9617481741,7976110,650,1193.0,1203.0
2016-10-08,1250.0,1250.0,1206.0,1225.0,10357718015,8453329,620,1206.0,1215.0
2016-10-09,1219.0,1229.0,1198.0,1202.0,11439309839,9517086,605,1225.0,1201.0
2016-10-10,1210.0,1220.0,1199.0,1208.0,11815231512,9777586,530,1202.0,1210.0
2016-10-15,1211.0,1231.0,1197.0,1203.0,9871358622,8202409,583,1208.0,1209.0
2016-10-16,1206.0,1210.0,1189.0,1198.0,6751604021,5643139,428,1203.0,1195.0
2016-10-17,1193.0,1257.0,1190.0,1247.0,21857745855,17525415,943,1198.0,1257.0
2016-10-18,1281.0,1309.0,1271.0,1299.0,77920545821,59998327,2817,1247.0,1279.0
2016-10-19,1288.0,1309.0,1257.0,1279.0,14268646032,11159276,797,1299.0,1258.0
2016-10-22,1257.0,1268.0,1228.0,1239.0,14160648317,11426873,848,1279.0,1230.0
2016-10-23,1250.0,1250.0,1207.0,1220.0,10048279080,8237621,710,1239.0,1221.0
2016-10-24,1225.0,1230.0,1201.0,1219.0,10413125264,8543799,649,1220.0,1217.0
2016-10-25,1220.0,1248.0,1219.0,1226.0,10659302543,8692117,580,1219.0,1225.0
2016-10-26,1220.0,1244.0,1210.0,1222.0,12699774203,10393302,793,1226.0,1220.0
2016-10-29,1230.0,1283.0,1230.0,1279.0,25457985116,19899709,832,1222.0,1283.0
2016-10-30,1299.0,1316.0,1261.0,1288.0,53886740693,41839260,2682,1279.0,1273.0
2016-10-31,1295.0,1295.0,1260.0,1270.0,13600476758,10708684,748,1288.0,1260.0
2016-11-01,1280.0,1280.0,1225.0,1252.0,8328281129,6668571,585,1270.0,1243.0
2016-11-02,1259.0,1260.0,1230.0,1246.0,4395120000,3549819,339,1252.0,1240.0
2016-11-05,1228.0,1250.0,1215.0,1235.0,5398200927,4403017,410,1246.0,1218.0
2016-11-06,1217.0,1235.0,1217.0,1232.0,2884405608,2352545,239,1235.0,1229.0
2016-11-07,1244.0,1260.0,1232.0,1240.0,4783988860,3831239,340,1232.0,1259.0
2016-11-08,1251.0,1264.0,1225.0,1240.0,4286085186,3459608,300,1240.0,1237.0
2016-11-09,1191.0,1220.0,1179.0,1192.0,17163056894,14394356,899,1240.0,1218.0
2016-11-12,1219.0,1229.0,1191.0,1202.0,11438065926,9519699,575,1192.0,1198.0
2016-11-13,1215.0,1220.0,1183.0,1197.0,42006757901,35103271,2050,1202.0,1183.0
2016-11-14,1197.0,1205.0,1183.0,1191.0,14854169687,12466793,879,1197.0,1188.0
2016-11-15,1210.0,1239.0,1196.0,1220.0,14392989342,11801425,806,1191.0,1210.0
2016-11-16,1224.0,1262.0,1211.0,1259.0,140304380230,111452535,794,1220.0,1230.0
2016-11-19,1240.0,1240.0,1218.0,1240.0,5229552321,4270929,386,1259.0,1226.0
2016-11-21,1230.0,1230.0,1208.0,1232.0,3100592004,2552396,327,1240.0,1214.0
2016-11-22,1210.0,1230.0,1205.0,1224.0,5087530806,4181995,370,1232.0,1218.0
2016-11-23,1214.0,1225.0,1205.0,1220.0,2640353291,2180891,236,1224.0,1210.0
2016-11-26,1208.0,1219.0,1204.0,1216.0,4211073171,3478227,294,1220.0,1215.0
2016-11-27,1210.0,1218.0,1199.0,1210.0,4398528917,3658019,365,1216.0,1203.0
2016-11-29,1202.0,1255.0,1200.0,1241.0,25101661761,20224762,1318,1210.0,1250.0
2016-12-03,1264.0,1270.0,1220.0,1237.0,11541468424,9326932,654,1241.0,1221.0
2016-12-04,1230.0,1234.0,1180.0,1201.0,11290694893,9399062,652,1237.0,1209.0
2016-12-05,1209.0,1224.0,1200.0,1209.0,8334508279,6883328,309,1201.0,1212.0
2016-12-06,1212.0,1249.0,1212.0,1240.0,11490900257,9267297,694,1209.0,1244.0
2016-12-07,1242.0,1242.0,1210.0,1233.0,11748246433,9528194,484,1240.0,1229.0
2016-12-10,1233.0,1238.0,1216.0,1231.0,3455222864,2814144,229,1233.0,1224.0
2016-12-11,1210.0,1223.0,1201.0,1223.0,3400786634,2814512,219,1231.0,1211.0
2016-12-12,1212.0,1218.0,1203.0,1213.0,4744100131,3942876,320,1223.0,1203.0
2016-12-13,1219.0,1228.0,1199.0,1203.0,32548614213,27055129,1483,1213.0,1199.0
2016-12-14,1210.0,1210.0,1190.0,1199.0,7422562658,6197478,499,1203.0,1193.0
2016-12-18,1200.0,1200.0,1186.0,1195.0,5019431314,4216186,316,1199.0,1193.0
2016-12-19,1190.0,1207.0,1181.0,1192.0,3159161779,2661122,282,1195.0,1181.0
2016-12-20,1188.0,1188.0,1173.0,1186.0,4311207013,3657232,442,1192.0,1176.0
2016-12-21,1175.0,1186.0,1171.0,1181.0,4542999976,3863272,304,1186.0,1177.0
2016-12-24,1183.0,1183.0,1165.0,1171.0,8107459111,6935421,615,1181.0,1165.0
2016-12-27,1200.0,1200.0,1172.0,1176.0,3051973240,2571892,180,1171.0,1176.0
2016-12-28,1184.0,1184.0,1160.0,1175.0,1416560081,1210609,177,1176.0,1170.0
2016-12-31,1177.0,1178.0,1150.0,1162.0,7320494136,6318346,506,1175.0,1150.0
2017-01-01,1141.0,1142.0,1120.0,1128.0,10478440421,9291303,690,1162.0,1139.0
2017-01-02,1131.0,1138.0,1110.0,1126.0,2507529424,2236582,254,1128.0,1113.0
2017-01-03,1127.0,1127.0,1107.0,1122.0,3364649856,3015717,240,1126.0,1109.0
2017-01-04,1106.0,1125.0,1104.0,1120.0,1358701420,1223446,152,1122.0,1105.0
2017-01-07,1106.0,1110.0,1088.0,1107.0,4730323905,4313662,332,1120.0,1090.0
2017-01-08,1098.0,1101.0,1070.0,1091.0,4834614245,4481601,382,1107.0,1085.0
2017-01-09,1099.0,1099.0,1066.0,1084.0,3254097577,3037092,282,1091.0,1072.0
2017-01-11,1070.0,1081.0,1060.0,1081.0,2015619508,1881948,245,1084.0,1081.0
2017-01-14,1083.0,1104.0,1080.0,1084.0,1989888558,1821517,216,1081.0,1089.0
2017-01-15,1083.0,1089.0,1068.0,1081.0,3254282925,3020723,287,1084.0,1081.0
2017-01-16,1080.0,1097.0,1066.0,1080.0,1987689584,1849688,175,1081.0,1066.0
2017-01-17,1064.0,1085.0,1061.0,1075.0,4320679010,4037889,257,1080.0,1070.0
2017-01-18,1070.0,1082.0,1066.0,1073.0,2883307883,2694934,294,1075.0,1074.0
2017-01-21,1079.0,1080.0,1063.0,1072.0,2607043253,2439786,196,1073.0,1069.0
2017-01-22,1074.0,1074.0,1060.0,1070.0,2319584509,2180049,240,1072.0,1066.0
2017-01-23,1061.0,1090.0,1059.0,1071.0,4591263221,4281428,354,1070.0,1089.0
2017-01-24,1077.0,1100.0,1077.0,1078.0,2630291176,2401164,334,1071.0,1092.0
2017-01-25,1088.0,1106.0,1086.0,1081.0,1780661415,1630503,213,1078.0,1090.0
2017-01-28,1086.0,1086.0,1065.0,1079.0,1614844871,1507952,213,1081.0,1069.0
2017-01-29,1070.0,1076.0,1064.0,1076.0,2318974912,2169743,220,1079.0,1071.0
2017-01-30,1068.0,1085.0,1068.0,1076.0,5019261000,4667165,353,1076.0,1070.0
2017-01-31,1070.0,1129.0,1066.0,1108.0,17557297007,15844641,1219,1076.0,1129.0
2017-02-01,1136.0,1137.0,1092.0,1108.0,2876655751,2599106,249,1108.0,1095.0
2017-02-04,1100.0,1100.0,1072.0,1094.0,3811193162,3539972,289,1108.0,1080.0
2017-02-05,1075.0,1080.0,1061.0,1079.0,4660518821,4370337,409,1094.0,1080.0
2017-02-06,1063.0,1085.0,1058.0,1068.0,4953086914,4669967,323,1079.0,1059.0
2017-02-07,1067.0,1067.0,1056.0,1063.0,7093691633,6677551,443,1068.0,1060.0
2017-02-08,1060.0,1065.0,1049.0,1058.0,5419585292,5137492,383,1063.0,1056.0
2017-02-11,1054.0,1059.0,1040.0,1053.0,3901425881,3727387,331,1058.0,1040.0
2017-02-12,1050.0,1051.0,1025.0,1044.0,6029255541,5792726,411,1053.0,1050.0
2017-02-13,1050.0,1055.0,1029.0,1044.0,2496869155,2393604,227,1044.0,1030.0
2017-02-14,1030.0,1041.0,1023.0,1036.0,3915532474,3809271,337,1044.0,1031.0
2017-02-15,1029.0,1040.0,1026.0,1034.0,5845163081,5653956,391,1036.0,1038.0
2017-02-18,1029.0,1049.0,1028.0,1037.0,4764305233,4584038,359,1034.0,1045.0
2017-02-19,1050.0,1053.0,1041.0,1050.0,20618680504,19637934,649,1037.0,1049.0
2017-02-20,1055.0,1059.0,1040.0,1049.0,2859209630,2727958,251,1050.0,1044.0
2017-02-21,1040.0,1075.0,1039.0,1052.0,4535785702,4301845,341,1049.0,1060.0
2017-02-22,1057.0,1075.0,1047.0,1060.0,7849710728,7400970,485,1052.0,1050.0
2017-02-25,1060.0,1083.0,1060.0,1069.0,10267183646,9608701,709,1060.0,1068.0
2017-02-26,1075.0,1092.0,1060.0,1076.0,8626115003,8016190,577,1069.0,1060.0
2017-02-27,1078.0,1078.0,1042.0,1068.0,2505754319,2385903,242,1076.0,1055.0
2017-02-28,1041.0,1055.0,1035.0,1051.0,5046353647,4856060,376,1068.0,1039.0
2017-03-01,1032.0,1043.0,1030.0,1043.0,4003095829,3872831,309,1051.0,1039.0
2017-03-04,1031.0,1035.0,1017.0,1025.0,7188774821,7030800,510,1043.0,1019.0
2017-03-05,1016.0,1026.0,1004.0,1018.0,5876536151,5791594,381,1025.0,1024.0
2017-03-06,1024.0,1068.0,1013.0,1036.0,5848414245,5603165,370,1018.0,1040.0
2017-03-07,1038.0,1038.0,1020.0,1034.0,1492820868,1453151,133,1036.0,1023.0
2017-03-08,1025.0,1025.0,1013.0,1029.0,2192246909,2159831,204,1034.0,1014.0
2017-03-11,1031.0,1031.0,1001.0,1016.0,5297536997,5248468,360,1029.0,1006.0
2017-03-12,1008.0,1024.0,1002.0,1012.0,3933057269,3899701,307,1016.0,1007.0
2017-03-13,1008.0,1015.0,1000.0,1007.0,5843048642,5814950,336,1012.0,1002.0
2017-03-14,1007.0,1030.0,1002.0,1009.0,1672009382,1640987,146,1007.0,1012.0
2017-03-15,1020.0,1035.0,1012.0,1011.0,1549178373,1516175,130,1009.0,1016.0
2017-03-18,1008.0,1030.0,1007.0,1012.0,1051459052,1033823,151,1011.0,1027.0
2017-03-25,1030.0,1030.0,1011.0,1013.0,2305515221,2268915,179,1012.0,1016.0
2017-03-26,1019.0,1044.0,1015.0,1018.0,4355141482,4259110,232,1013.0,1028.0
2017-03-27,1018.0,1051.0,1018.0,1027.0,3289575734,3160371,393,1018.0,1050.0
2017-03-28,1051.0,1078.0,1033.0,1061.0,6188076443,5757038,312,1027.0,1078.0
2017-03-29,1085.0,1104.0,1065.0,1084.0,6964510679,6388665,560,1061.0,1090.0
2017-04-03,1100.0,1119.0,1083.0,1104.0,13993406578,12670873,777,1084.0,1117.0
2017-04-04,1119.0,1133.0,1100.0,1115.0,6205891637,5538284,525,1104.0,1118.0
2017-04-05,1112.0,1125.0,1112.0,1117.0,4898089026,4376242,291,1115.0,1117.0
2017-04-08,1115.0,1124.0,1090.0,1107.0,6506444935,5898574,457,1117.0,1090.0
2017-04-09,1086.0,1109.0,1077.0,1100.0,3619606569,3316939,288,1107.0,1085.0
2017-04-10,1089.0,1131.0,1089.0,1115.0,12122528641,10869114,731,1100.0,1112.0
2017-04-12,1110.0,1119.0,1095.0,1109.0,5584836711,5052958,368,1115.0,1105.0
2017-04-15,1120.0,1130.0,1090.0,1111.0,9407154953,8463759,543,1109.0,1098.0
2017-04-16,1098.0,1110.0,1091.0,1102.0,5886130181,5363956,375,1111.0,1096.0
2017-04-17,1091.0,1094.0,1081.0,1092.0,5744846727,5282840,347,1102.0,1090.0
2017-04-18,1092.0,1100.0,1074.0,1088.0,7623286666,7011269,392,1092.0,1074.0
2017-04-19,1075.0,1142.0,1075.0,1131.0,16015071842,14166075,850,1088.0,1142.0
2017-04-22,1187.0,1187.0,1154.0,1187.0,69618010909,58659403,1637,1131.0,1187.0
2017-04-23,1198.0,1216.0,1168.0,1187.0,19117274866,16111417,924,1187.0,1180.0
2017-04-24,1179.0,1183.0,1129.0,1147.0,17663391182,15396571,930,1187.0,1133.0
2017-04-26,1161.0,1161.0,1130.0,1144.0,3800609816,3335209,280,1147.0,1142.0
2017-04-29,1136.0,1150.0,1115.0,1136.0,4594372158,4069563,389,1144.0,1119.0
2017-04-30,1137.0,1140.0,1110.0,1119.0,7841923535,7020319,506,1136.0,1121.0
2017-05-01,1132.0,1132.0,1101.0,1112.0,5266678396,4753430,370,1119.0,1102.0
2017-05-02,1102.0,1125.0,1090.0,1107.0,6072060579,5499786,407,1112.0,1111.0
2017-05-03,1100.0,1120.0,1100.0,1109.0,9667468779,8717074,458,1107.0,1100.0
2017-05-06,1110.0,1110.0,1082.0,1098.0,6010332205,5498420,316,1109.0,1100.0
2017-05-07,1106.0,1120.0,1081.0,1097.0,5482732109,4998546,248,1098.0,1094.0
2017-05-08,1091.0,1099.0,1078.0,1083.0,8503678853,7851638,336,1097.0,1090.0
2017-05-09,1098.0,1137.0,1077.0,1124.0,15711996586,13984716,693,1083.0,1120.0
2017-05-10,1134.0,1148.0,1100.0,1123.0,5909496733,5267702,356,1124.0,1130.0
2017-05-13,1105.0,1155.0,1089.0,1115.0,11755906872,10541319,487,1123.0,1102.0
2017-05-14,1103.0,1150.0,1100.0,1119.0,15736428157,14057442,676,1115.0,1140.0
2017-05-15,1132.0,1151.0,1106.0,1117.0,30753232247,27542068,937,1119.0,1139.0
2017-05-16,1138.0,1172.0,1130.0,1168.0,38312398093,32800976,1082,1117.0,1172.0
2017-05-17,1185.0,1226.0,1176.0,1207.0,64421988099,53388073,2586,1168.0,1226.0
2017-05-20,1267.0,1267.0,1231.0,1267.0,93560923869,73871957,1905,1207.0,1267.0
2017-05-21,1290.0,1310.0,1260.0,1284.0,69485071504,54110799,2528,1267.0,1300.0
2017-05-22,1300.0,1339.0,1250.0,1294.0,57790470217,44663944,2243,1284.0,1339.0
2017-05-23,1320.0,1323.0,1287.0,1300.0,57903168694,44548425,1941,1294.0,1290.0
2017-05-24,1288.0,1288.0,1260.0,1271.0,8811892437,6958011,493,1300.0,1269.0
2017-05-27,1280.0,1295.0,1250.0,1281.0,12399780922,9683132,651,1271.0,1288.0
2017-05-28,1285.0,1290.0,1260.0,1279.0,6956131081,5443703,318,1281.0,1267.0
2017-05-29,1260.0,1288.0,1260.0,1279.0,13012784217,10170493,438,1279.0,1280.0
2017-05-30,1269.0,1287.0,1269.0,1281.0,12681070269,9902561,510,1279.0,1285.0
2017-05-31,1287.0,1287.0,1268.0,1280.0,8510835957,6648871,309,1281.0,1280.0
2017-06-03,1280.0,1298.0,1269.0,1283.0,9338941675,7278141,354,1280.0,1292.0
2017-06-06,1290.0,1303.0,1284.0,1292.0,7703616305,5947840,364,1283.0,1291.0
2017-06-07,1287.0,1301.0,1246.0,1275.0,45729874339,35852936,1358,1292.0,1300.0
2017-06-10,1294.0,1294.0,1271.0,1275.0,4089147281,3204500,189,1275.0,1271.0
2017-06-11,1272.0,1279.0,1265.0,1271.0,16427702671,12927415,398,1275.0,1271.0
2017-06-12,1270.0,1279.0,1256.0,1269.0,2395086768,1893697,146,1271.0,1261.0
2017-06-13,1245.0,1290.0,1245.0,1270.0,6266389692,4930183,324,1269.0,1280.0
2017-06-14,1285.0,1300.0,1272.0,1291.0,10730306641,8309469,396,1270.0,1295.0
2017-06-17,1299.0,1300.0,1262.0,1285.0,5377871578,4202959,171,1291.0,1270.0
2017-06-18,1257.0,1299.0,1257.0,1291.0,20441468653,15839847,685,1285.0,1290.0
2017-06-19,1265.0,1280.0,1265.0,1270.0,12943153150,10190681,380,1291.0,1266.0
2017-06-20,1260.0,1280.0,1258.0,1270.0,1987909369,1565703,105,1270.0,1261.0
2017-06-21,1250.0,1295.0,1245.0,1274.0,7480398133,5863475,247,1270.0,1260.0
2017-06-24,1260.0,1265.0,1251.0,1273.0,626467432,497874,77,1274.0,1253.0
2017-06-25,1251.0,1280.0,1247.0,1269.0,2665366842,2118056,109,1273.0,1250.0
2017-06-28,1250.0,1297.0,1247.0,1273.0,4430230222,3466288,210,1269.0,1260.0
2017-07-01,1260.0,1290.0,1251.0,1274.0,3216521198,2522985,146,1273.0,1260.0
2017-07-02,1261.0,1290.0,1260.0,1276.0,3774575496,2949651,169,1274.0,1260.0
2017-07-03,1261.0,1270.0,1256.0,1275.0,801399163,636672,60,1276.0,1257.0
2017-07-04,1255.0,1275.0,1249.0,1271.0,32471888618,25548329,1098,1275.0,1250.0
2017-07-05,1249.0,1265.0,1238.0,1251.0,11957138781,9558804,482,1271.0,1241.0
2017-07-08,1249.0,1255.0,1230.0,1249.0,6508830773,5212835,271,1251.0,1236.0
2017-07-09,1231.0,1240.0,1191.0,1222.0,10272823485,8403336,539,1249.0,1200.0
2017-07-10,1233.0,1238.0,1200.0,1210.0,6864321908,5694334,274,1222.0,1200.0
2017-07-11,1207.0,1229.0,1190.0,1200.0,8173288566,6819316,298,1210.0,1190.0
2017-07-12,1190.0,1251.0,1180.0,1232.0,9427006004,7643474,423,1200.0,1230.0
2017-07-15,1214.0,1239.0,1199.0,1226.0,2088740678,1731143,155,1232.0,1213.0
2017-07-16,1200.0,1250.0,1180.0,1218.0,8737204993,7178981,457,1226.0,1203.0
2017-07-17,1210.0,1250.0,1196.0,1223.0,8499733592,6944482,380,1218.0,1196.0
2017-07-18,1196.0,1215.0,1195.0,1221.0,787518953,656342,103,1223.0,1201.0
2017-07-19,1195.0,1246.0,1195.0,1227.0,3819015898,3086632,259,1221.0,1224.0
2017-07-22,1243.0,1243.0,1202.0,1224.0,2070798581,1706147,153,1227.0,1205.0
2017-07-23,1214.0,1220.0,1190.0,1201.0,9056968502,7547645,425,1224.0,1191.0
2017-07-24,1200.0,1200.0,1182.0,1198.0,2441928942,2052381,222,1201.0,1190.0
2017-07-25,1197.0,1198.0,1177.0,1195.0,2069071470,1746679,194,1198.0,1194.0
2017-07-26,1182.0,1197.0,1170.0,1190.0,2455318110,2086309,399,1195.0,1182.0
2017-07-29,1170.0,1172.0,1134.0,1174.0,4475344707,3870957,376,1190.0,1169.0
2017-07-30,1144.0,1160.0,1116.0,1124.0,11680650235,10395264,1043,1174.0,1138.0
2017-07-31,1130.0,1178.0,1115.0,1141.0,7776112985,6794267,826,1124.0,1169.0
2017-08-01,1173.0,1180.0,1141.0,1147.0,2644294369,2273737,182,1141.0,1167.0
2017-08-02,1170.0,1184.0,1136.0,1155.0,3180430290,2717953,204,1147.0,1173.0
2017-08-06,1173.0,1186.0,1150.0,1158.0,1917769159,1638749,172,1155.0,1150.0
2017-08-07,1153.0,1186.0,1144.0,1162.0,3009533423,2572841,234,1158.0,1159.0
2017-08-08,1178.0,1190.0,1166.0,1166.0,2235510647,1895479,201,1162.0,1166.0
2017-08-09,1143.0,1175.0,1143.0,1165.0,1905010200,1639711,134,1166.0,1175.0
2017-08-12,1157.0,1180.0,1157.0,1169.0,16993663981,14533726,754,1165.0,1174.0
2017-08-13,1157.0,1176.0,1157.0,1168.0,2787050752,2389277,187,1169.0,1169.0
2017-08-14,1160.0,1190.0,1152.0,1172.0,7814822860,6663804,295,1168.0,1170.0
2017-08-15,1152.0,1230.0,1152.0,1228.0,67874375769,55259857,1759,1172.0,1230.0
2017-08-16,1240.0,1286.0,1230.0,1258.0,19951398476,15860774,854,1228.0,1285.0
2017-08-19,1281.0,1282.0,1250.0,1273.0,13008344321,10216704,546,1258.0,1277.0
2017-08-20,1259.0,1289.0,1251.0,1279.0,15311534448,11968599,538,1273.0,1280.0
2017-08-21,1270.0,1289.0,1220.0,1276.0,3227052189,2540748,191,1279.0,1258.0
2017-08-22,1240.0,1277.0,1236.0,1268.0,7909293128,6250718,374,1276.0,1260.0
2017-08-23,1269.0,1330.0,1237.0,1290.0,76775105714,59538653,2545,1268.0,1330.0
2017-08-26,1279.0,1354.0,1279.0,1343.0,34458828833,25661836,1299,1290.0,1354.0
2017-08-27,1358.0,1391.0,1351.0,1365.0,9459158551,6919049,483,1343.0,1360.0
2017-08-28,1361.0,1400.0,1357.0,1379.0,15006471382,10882054,616,1365.0,1400.0
2017-08-29,1398.0,1420.0,1370.0,1399.0,40616222642,29034740,1135,1379.0,1419.0
2017-08-30,1424.0,1450.0,1397.0,1411.0,21475042322,15217659,787,1399.0,1448.0
2017-09-02,1420.0,1420.0,1405.0,1411.0,10992740649,7791970,349,1411.0,1415.0
2017-09-03,1411.0,1411.0,1365.0,1391.0,33992883266,24430007,1064,1411.0,1400.0
2017-09-04,1381.0,1400.0,1366.0,1389.0,13409082513,9651788,454,1391.0,1392.0
2017-09-05,1400.0,1401.0,1370.0,1389.0,23396387137,16838773,741,1389.0,1397.0
2017-09-06,1380.0,1400.0,1374.0,1392.0,53902168132,38728364,1522,1389.0,1374.0
2017-09-12,1380.0,1380.0,1345.0,1356.0,4336757747,3197750,100,1342.0,1345.0
2017-09-13,1360.0,1403.0,1358.0,1386.0,9713994040,6999867,418,1356.0,1400.0
2017-09-16,1400.0,1423.0,1400.0,1419.0,10889269898,7671720,380,1386.0,1410.0
2017-09-17,1430.0,1443.0,1417.0,1433.0,10947765068,7640524,486,1419.0,1440.0
2017-09-18,1433.0,1450.0,1433.0,1444.0,26588066651,18407229,637,1433.0,1448.0
2017-09-19,1445.0,1470.0,1438.0,1458.0,79206675436,54333582,1984,1444.0,1470.0
2017-09-20,1475.0,1495.0,1458.0,1479.0,54071893176,36566819,1350,1458.0,1495.0
2017-09-23,1451.0,1498.0,1420.0,1472.0,6221955934,4237707,266,1479.0,1439.0
2017-09-24,1435.0,1445.0,1403.0,1423.0,11496849782,8080666,357,1472.0,1444.0
2017-09-25,1404.0,1412.0,1380.0,1419.0,1050046604,757173,120,1423.0,1390.0
2017-09-26,1400.0,1439.0,1397.0,1424.0,4743247360,3319891,233,1419.0,1430.0
2017-09-27,1450.0,1455.0,1398.0,1430.0,5566780280,3880322,217,1424.0,1440.0
2017-10-02,1413.0,1445.0,1396.0,1430.0,6611217241,4622529,225,1430.0,1432.0
2017-10-03,1430.0,1430.0,1360.0,1370.0,16235426726,11849609,302,1430.0,1420.0
2017-10-04,1399.0,1410.0,1378.0,1379.0,2943856774,2103394,116,1370.0,1400.0
2017-10-07,1352.0,1384.0,1340.0,1377.0,2732066143,1990448,107,1379.0,1380.0
2017-10-08,1383.0,1439.0,1370.0,1400.0,21277881928,15196693,625,1377.0,1380.0
2017-10-09,1400.0,1409.0,1380.0,1400.0,5287302808,3776553,165,1400.0,1400.0
2017-10-10,1400.0,1448.0,1370.0,1408.0,7146805490,5065281,244,1400.0,1443.0
2017-10-11,1418.0,1435.0,1408.0,1412.0,6088847974,4303439,163,1408.0,1420.0
2017-10-14,1401.0,1455.0,1401.0,1434.0,6368003627,4400396,223,1412.0,1455.0
2017-10-15,1439.0,1460.0,1381.0,1421.0,8453256233,5957031,195,1434.0,1460.0
2017-10-16,1425.0,1460.0,1396.0,1442.0,8266874532,5713021,245,1421.0,1460.0
2017-10-17,1440.0,1458.0,1420.0,1443.0,5238260963,3625285,152,1442.0,1444.0
2017-10-18,1421.0,1475.0,1413.0,1464.0,23846618503,16288383,774,1443.0,1470.0
2017-10-21,1464.0,1504.0,1464.0,1491.0,11836370861,7936940,363,1464.0,1500.0
2017-10-22,1491.0,1499.0,1461.0,1491.0,22748600002,15261314,501,1491.0,1492.0
2017-10-23,1498.0,1500.0,1452.0,1491.0,3043524398,2043292,141,1491.0,1498.0
2017-10-24,1500.0,1501.0,1480.0,1492.0,3294560986,2207018,111,1491.0,1491.0
2017-10-25,1440.0,1498.0,1440.0,1492.0,5316571256,3564050,189,1492.0,1492.0
2017-10-28,1495.0,1499.0,1470.0,1492.0,5193979129,3481991,129,1492.0,1490.0
2017-10-29,1492.0,1501.0,1440.0,1478.0,25211209610,17058659,636,1492.0,1492.0
2017-10-30,1480.0,1490.0,1470.0,1478.0,2114316576,1428324,117,1478.0,1480.0
2017-10-31,1451.0,1498.0,1405.0,1459.0,13203914233,9052021,355,1478.0,1496.0
2017-11-01,1442.0,1490.0,1442.0,1469.0,4857379382,3284485,186,1459.0,1490.0
2017-11-04,1489.0,1490.0,1448.0,1476.0,7584205725,5130456,283,1469.0,1449.0
2017-11-05,1434.0,1460.0,1414.0,1473.0,717008900,499377,75,1476.0,1431.0
2017-11-06,1473.0,1473.0,1430.0,1469.0,1194155551,831113,94,1473.0,1430.0
2017-11-07,1424.0,1440.0,1421.0,1462.0,1776648110,1243505,96,1469.0,1433.0
2017-11-08,1445.0,1470.0,1428.0,1460.0,859657727,597350,94,1462.0,1428.0
2017-11-11,1460.0,1460.0,1418.0,1458.0,1364208131,945913,96,1460.0,1418.0
2017-11-12,1450.0,1450.0,1415.0,1455.0,1216253843,850227,125,1458.0,1417.0
2017-11-13,1448.0,1448.0,1393.0,1444.0,2905422490,2048077,211,1455.0,1400.0
2017-11-14,1429.0,1430.0,1417.0,1442.0,1071301622,752580,95,1444.0,1430.0
2017-11-15,1430.0,1480.0,1421.0,1450.0,5667655496,3894480,250,1442.0,1424.0
2017-11-18,1469.0,1470.0,1417.0,1449.0,517818496,362520,81,1450.0,1420.0
2017-11-20,1440.0,1454.0,1421.0,1448.0,496019530,346619,65,1449.0,1425.0
2017-11-21,1440.0,1440.0,1380.0,1439.0,2230044738,1582061,155,1448.0,1400.0
2017-11-22,1429.0,1429.0,1387.0,1433.0,1690069009,1202497,123,1439.0,1389.0
2017-11-25,1420.0,1432.0,1391.0,1429.0,1774053862,1258115,112,1433.0,1400.0
2017-11-26,1420.0,1450.0,1390.0,1424.0,2431962067,1725861,131,1429.0,1390.0
2017-11-28,1420.0,1420.0,1383.0,1420.0,1735485851,1240700,170,1424.0,1397.0
2017-11-29,1417.0,1417.0,1371.0,1409.0,3224100754,2322392,139,1420.0,1380.0
2017-12-02,1470.0,1479.0,1400.0,1444.0,8302554931,5718254,261,1409.0,1418.0
2017-12-03,1400.0,1400.0,1395.0,1439.0,1090394906,779830,91,1444.0,1396.0
2017-12-04,1395.0,1400.0,1385.0,1433.0,1298333790,934137,94,1439.0,1385.0
2017-12-05,1382.0,1382.0,1377.0,1429.0,645448496,468132,58,1433.0,1377.0
2017-12-09,1380.0,1381.0,1368.0,1421.0,1381029778,1004297,116,1429.0,1381.0
2017-12-10,1384.0,1391.0,1375.0,1411.0,2535904391,1832470,116,1421.0,1379.0
2017-12-11,1381.0,1400.0,1361.0,1399.0,3099068293,2254112,179,1411.0,1362.0
2017-12-12,1379.0,1379.0,1338.0,1382.0,3979956658,2930250,301,1399.0,1361.0
2017-12-13,1378.0,1378.0,1359.0,1376.0,4610614049,3368477,395,1382.0,1370.0
2017-12-16,1400.0,1444.0,1400.0,1430.0,32630819587,22811578,1246,1376.0,1444.0
2017-12-17,1465.0,1470.0,1396.0,1431.0,9477178951,6620587,572,1430.0,1400.0
2017-12-18,1400.0,1433.0,1380.0,1416.0,3327452411,2400967,235,1431.0,1380.0
2017-12-19,1416.0,1416.0,1360.0,1387.0,6375725766,4650548,446,1416.0,1369.0
2017-12-20,1365.0,1370.0,1360.0,1384.0,1334390597,978942,151,1387.0,1370.0
2017-12-23,1380.0,1386.0,1355.0,1378.0,2848051625,2088978,318,1384.0,1369.0
2017-12-24,1380.0,1385.0,1365.0,1377.0,2705493191,1971208,233,1378.0,1375.0
2017-12-25,1390.0,1390.0,1360.0,1375.0,2968783313,2168097,155,1377.0,1364.0
2017-12-26,1361.0,1382.0,1361.0,1375.0,2204557216,1604282,149,1375.0,1380.0
2017-12-27,1367.0,1388.0,1365.0,1375.0,1258572079,915234,148,1375.0,1371.0
2017-12-30,1365.0,1365.0,1307.0,1347.0,4811867653,3646592,298,1375.0,1307.0
2017-12-31,1300.0,1300.0,1280.0,1280.0,25145196670,19644278,631,1347.0,1280.0
2018-01-01,1235.0,1344.0,1235.0,1288.0,12050588762,9357212,342,1280.0,1295.0
2018-01-02,1334.0,1341.0,1272.0,1291.0,4221161657,3260203,261,1288.0,1298.0
2018-01-03,1296.0,1299.0,1227.0,1236.0,31095295163,25164848,814,1291.0,1228.0
2018-01-06,1236.0,1297.0,1236.0,1289.0,17834552337,13832955,385,1236.0,1297.0
2018-01-07,1304.0,1340.0,1300.0,1295.0,2624801902,1996142,196,1289.0,1305.0
2018-01-08,1333.0,1350.0,1300.0,1303.0,2225213475,1667398,160,1295.0,1335.0
2018-01-09,1343.0,1350.0,1305.0,1319.0,3979479379,2956471,210,1303.0,1350.0
2018-01-10,1345.0,1345.0,1308.0,1319.0,279254849,210778,42,1319.0,1320.0
2018-01-13,1311.0,1350.0,1311.0,1321.0,880775659,656216,55,1319.0,1330.0
2018-01-14,1340.0,1350.0,1260.0,1319.0,2364025171,1801625,171,1321.0,1291.0
2018-01-15,1330.0,1340.0,1302.0,1319.0,3161156789,2396687,211,1319.0,1334.0
2018-01-16,1337.0,1371.0,1325.0,1330.0,3667911224,2716335,287,1319.0,1341.0
2018-01-17,1360.0,1368.0,1340.0,1333.0,1704585466,1262147,123,1330.0,1342.0
2018-01-20,1360.0,1360.0,1301.0,1331.0,1175677202,891219,111,1333.0,1311.0
2018-01-21,1310.0,1350.0,1282.0,1321.0,3063621702,2358525,206,1331.0,1282.0
2018-01-22,1280.0,1339.0,1280.0,1320.0,2183397549,1657853,173,1321.0,1296.0
2018-01-23,1287.0,1327.0,1286.0,1318.0,1117265121,858603,107,1320.0,1290.0
2018-01-24,1307.0,1308.0,1291.0,1312.0,2605430545,2008249,211,1318.0,1292.0
2018-01-27,1300.0,1320.0,1290.0,1310.0,937601547,725183,107,1312.0,1293.0
2018-01-28,1293.0,1300.0,1283.0,1306.0,1916278054,1484308,113,1310.0,1288.0
2018-01-29,1287.0,1300.0,1284.0,1304.0,1093798857,846381,94,1306.0,1286.0
2018-01-30,1285.0,1300.0,1282.0,1302.0,1248933025,967898,81,1304.0,1282.0
2018-01-31,1298.0,1300.0,1277.0,1300.0,973111551,756707,105,1302.0,1300.0
2018-02-03,1300.0,1300.0,1276.0,1299.0,612826387,479362,65,1300.0,1281.0
2018-02-04,1282.0,1284.0,1246.0,1295.0,1268236384,998793,135,1299.0,1284.0
2018-02-05,1299.0,1325.0,1250.0,1257.0,20044187969,15944382,957,1295.0,1259.0
2018-02-06,1284.0,1300.0,1257.0,1269.0,17022631447,13416975,770,1257.0,1299.0
2018-02-07,1299.0,1332.0,1295.0,1326.0,15859154190,11959048,643,1269.0,1332.0
2018-02-10,1355.0,1391.0,1346.0,1367.0,18161527707,13289601,806,1326.0,1375.0
2018-02-12,1370.0,1401.0,1351.0,1391.0,9406922333,6748598,461,1367.0,1400.0
2018-02-13,1399.0,1410.0,1380.0,1400.0,13411788641,9579742,514,1391.0,1400.0
2018-02-14,1400.0,1414.0,1395.0,1403.0,14431717408,10283951,509,1400.0,1410.0
2018-02-17,1404.0,1424.0,1404.0,1416.0,12467896473,8807050,457,1403.0,1420.0
2018-02-18,1434.0,1440.0,1416.0,1427.0,7955844225,5565644,410,1416.0,1430.0
2018-02-19,1440.0,1454.0,1411.0,1422.0,9482596357,6668299,325,1427.0,1420.0
2018-02-21,1457.0,1457.0,1418.0,1429.0,9558962746,6685541,336,1422.0,1450.0
2018-02-24,1460.0,1460.0,1421.0,1431.0,7917202156,5529561,214,1429.0,1432.0
2018-02-25,1420.0,1478.0,1419.0,1441.0,11438006822,7937472,375,1431.0,1432.0
2018-02-26,1441.0,1450.0,1419.0,1437.0,3821585981,2669723,166,1441.0,1420.0
2018-02-27,1421.0,1421.0,1399.0,1409.0,8371307587,5964327,208,1437.0,1400.0
2018-02-28,1410.0,1410.0,1384.0,1400.0,17070723796,12197378,481,1409.0,1384.0
2018-03-03,1390.0,1400.0,1386.0,1399.0,2198113930,1575410,117,1400.0,1386.0
2018-03-04,1407.0,1407.0,1386.0,1398.0,7201705113,5153006,194,1399.0,1386.0
2018-03-05,1400.0,1450.0,1381.0,1423.0,7235104311,5050100,300,1398.0,1421.0
2018-03-06,1440.0,1440.0,1379.0,1413.0,3542168062,2540419,197,1423.0,1380.0
2018-03-07,1413.0,1413.0,1380.0,1406.0,3871154135,2777475,189,1413.0,1380.0
2018-03-10,1401.0,1405.0,1390.0,1403.0,4421560597,3161220,139,1406.0,1391.0
2018-03-11,1409.0,1409.0,1381.0,1400.0,4284431470,3070896,213,1403.0,1381.0
2018-03-12,1410.0,1410.0,1391.0,1402.0,5905549647,4208695,207,1400.0,1391.0
2018-03-13,1400.0,1424.0,1398.0,1411.0,10342846679,7330404,335,1402.0,1398.0
2018-03-14,1419.0,1419.0,1397.0,1407.0,6634718192,4722694,160,1411.0,1400.0
2018-03-17,1415.0,1415.0,1397.0,1407.0,4263470004,3029710,132,1407.0,1398.0
2018-03-18,1415.0,1415.0,1403.0,1408.0,3584417904,2541081,106,1407.0,1403.0
2018-03-19,1419.0,1419.0,1399.0,1409.0,4252396306,3016922,123,1408.0,1399.0
2018-03-25,1390.0,1400.0,1350.0,1408.0,266266372,195503,36,1409.0,1370.0
2018-03-26,1380.0,1380.0,1350.0,1406.0,393039200,289821,52,1408.0,1351.0
2018-03-27,1369.0,1370.0,1365.0,1405.0,130354662,95404,15,1406.0,1370.0
2018-03-28,1355.0,1400.0,1353.0,1403.0,835604654,603501,30,1405.0,1370.0
2018-04-03,1360.0,1370.0,1360.0,1403.0,13280395,9756,3,1403.0,1370.0
2018-04-04,1358.0,1401.0,1358.0,1402.0,1730814297,1239867,79,1403.0,1380.0
2018-04-07,1350.0,1358.0,1339.0,1400.0,401593295,297945,38,1402.0,1356.0
2018-04-08,1334.0,1349.0,1330.0,1387.0,1701162545,1278898,98,1400.0,1330.0
2018-04-09,1320.0,1376.0,1318.0,1378.0,1625347662,1220016,90,1387.0,1318.0
2018-04-10,1322.0,1337.0,1320.0,1375.0,565665715,428030,45,1378.0,1320.0
2018-04-11,1308.0,1338.0,1307.0,1371.0,560288543,427130,37,1375.0,1307.0
2018-04-15,1304.0,1305.0,1303.0,1370.0,99454521,76317,31,1371.0,1303.0
2018-04-16,1303.0,1310.0,1302.0,1363.0,949059639,728613,50,1370.0,1302.0
2018-04-17,1295.0,1330.0,1295.0,1357.0,856446820,660867,70,1363.0,1310.0
2018-04-18,1300.0,1300.0,1290.0,1345.0,1658434159,1285034,62,1357.0,1290.0
2018-04-21,1316.0,1316.0,1278.0,1342.0,371659673,290217,48,1345.0,1290.0
2018-04-22,1275.0,1280.0,1275.0,1331.0,1599367500,1254400,68,1342.0,1275.0
2018-04-23,1265.0,1293.0,1265.0,1327.0,657582881,518735,47,1331.0,1265.0
2018-04-24,1264.0,1300.0,1261.0,1321.0,928327025,734671,77,1327.0,1261.0
2018-04-25,1255.0,1266.0,1255.0,1315.0,913492907,727108,103,1321.0,1255.0
2018-04-28,1250.0,1255.0,1250.0,1297.0,2565739380,2052542,83,1315.0,1255.0
2018-04-29,1233.0,1239.0,1233.0,1285.0,1773534514,1438190,70,1297.0,1233.0
2018-04-30,1231.0,1240.0,1221.0,1280.0,874202210,711241,53,1285.0,1240.0
2018-05-01,1221.0,1230.0,1216.0,1268.0,1798983173,1478927,117,1280.0,1217.0
2018-05-05,1206.0,1219.0,1205.0,1259.0,1325636528,1099722,67,1268.0,1205.0
2018-05-06,1199.0,1204.0,1197.0,1250.0,1427713945,1192579,46,1259.0,1197.0
2018-05-07,1225.0,1255.0,1200.0,1249.0,541068352,440599,55,1250.0,1235.0
2018-05-08,1245.0,1250.0,1204.0,1248.0,367898457,298837,50,1249.0,1204.0
2018-05-09,1190.0,1310.0,1189.0,1267.0,6756964094,5297060,299,1248.0,1269.0
2018-05-12,1300.0,1300.0,1249.0,1268.0,1362840587,1070652,78,1267.0,1290.0
2018-05-13,1280.0,1299.0,1274.0,1269.0,575738294,449624,52,1268.0,1281.0
2018-05-14,1281.0,1281.0,1272.0,1270.0,989337839,776257,57,1269.0,1272.0
2018-05-15,1299.0,1300.0,1270.0,1270.0,843755506,662038,41,1270.0,1270.0
2018-05-16,1285.0,1285.0,1265.0,1270.0,415397664,325956,20,1270.0,1265.0
2018-05-19,1264.0,1265.0,1207.0,1256.0,2782099969,2278392,184,1270.0,1207.0
2018-05-20,1237.0,1254.0,1194.0,1226.0,4764782031,3983043,287,1256.0,1200.0
2018-05-21,1200.0,1228.0,1200.0,1226.0,437974725,359976,39,1226.0,1205.0
2018-05-22,1194.0,1200.0,1179.0,1223.0,715984496,604451,86,1226.0,1180.0
2018-05-23,1176.0,1205.0,1174.0,1221.0,499002153,420167,55,1223.0,1190.0
2018-05-26,1172.0,1209.0,1172.0,1220.0,342159157,286116,41,1221.0,1196.0
2018-05-27,1199.0,1200.0,1177.0,1218.0,627578521,527065,54,1220.0,1177.0
2018-05-28,1195.0,1200.0,1175.0,1216.0,572382211,479997,43,1218.0,1180.0
2018-05-29,1175.0,1195.0,1170.0,1212.0,756738808,646116,76,1216.0,1173.0
2018-05-30,1172.0,1175.0,1160.0,1199.0,2415470835,2076463,175,1212.0,1175.0
2018-06-02,1171.0,1189.0,1151.0,1193.0,1575507029,1357124,152,1199.0,1151.0
2018-06-03,1165.0,1166.0,1146.0,1189.0,1063022260,920051,93,1193.0,1157.0
2018-06-09,1170.0,1170.0,1130.0,1171.0,3166243061,2786801,206,1189.0,1145.0
2018-06-10,1174.0,1174.0,1139.0,1170.0,415418145,362303,45,1171.0,1139.0
2018-06-11,1145.0,1179.0,1140.0,1169.0,730965697,632986,50,1170.0,1153.0
2018-06-12,1178.0,1198.0,1145.0,1171.0,1795750446,1525702,120,1169.0,1168.0
2018-06-13,1173.0,1227.0,1173.0,1182.0,2596811925,2139403,198,1171.0,1210.0
2018-06-17,1240.0,1241.0,1220.0,1241.0,10153336683,8183759,287,1182.0,1241.0
2018-06-18,1303.0,1303.0,1300.0,1303.0,148708066411,114127487,2640,1241.0,1303.0
2018-06-19,1322.0,1368.0,1312.0,1359.0,56672195597,41701176,1429,1303.0,1368.0
2018-06-20,1398.0,1420.0,1381.0,1407.0,13847435773,9844267,440,1359.0,1420.0
2018-06-23,1380.0,1427.0,1337.0,1388.0,30272382503,21812253,1067,1407.0,1370.0
2018-06-24,1380.0,1440.0,1340.0,1373.0,23672616734,17246633,851,1388.0,1350.0
2018-06-25,1371.0,1438.0,1351.0,1395.0,64544992889,46284396,2083,1373.0,1359.0
2018-06-26,1360.0,1360.0,1326.0,1340.0,8831922540,6644342,331,1395.0,1326.0
2018-06-27,1284.0,1300.0,1273.0,1276.0,21042721193,16497133,710,1340.0,1273.0
2018-06-30,1243.0,1273.0,1213.0,1226.0,17673834784,14412273,844,1276.0,1216.0
2018-07-01,1203.0,1206.0,1165.0,1173.0,8984623288,7666163,521,1226.0,1190.0
2018-07-02,1191.0,1225.0,1173.0,1194.0,8714558226,7289592,428,1173.0,1178.0
2018-07-03,1208.0,1231.0,1180.0,1206.0,12176923252,10094227,569,1194.0,1181.0
2018-07-04,1214.0,1216.0,1175.0,1193.0,7537291711,6331150,418,1206.0,1191.0
2018-07-07,1200.0,1220.0,1173.0,1192.0,2836481727,2387449,197,1193.0,1178.0
2018-07-08,1199.0,1199.0,1180.0,1191.0,3051086264,2568863,172,1192.0,1180.0
2018-07-10,1175.0,1200.0,1172.0,1190.0,4201640256,3533440,220,1191.0,1175.0
2018-07-11,1171.0,1198.0,1134.0,1180.0,8603001213,7295874,449,1190.0,1168.0
2018-07-14,1194.0,1194.0,1150.0,1174.0,2917795614,2512433,310,1180.0,1160.0
2018-07-15,1170.0,1180.0,1138.0,1162.0,4113498637,3588495,321,1174.0,1147.0
2018-07-16,1150.0,1190.0,1140.0,1161.0,3856751053,3322587,227,1162.0,1150.0
2018-07-17,1147.0,1180.0,1132.0,1153.0,4429451418,3871197,306,1161.0,1135.0
2018-07-18,1132.0,1160.0,1125.0,1145.0,3669530945,3234921,292,1153.0,1145.0
2018-07-21,1151.0,1158.0,1142.0,1145.0,1330125990,1159128,161,1145.0,1142.0
2018-07-22,1159.0,1160.0,1129.0,1141.0,3557558862,3131501,250,1145.0,1130.0
2018-07-23,1135.0,1145.0,1115.0,1136.0,5208302021,4599249,316,1141.0,1140.0
2018-07-24,1121.0,1149.0,1110.0,1128.0,3410376147,3055711,259,1136.0,1111.0
2018-07-25,1139.0,1144.0,1105.0,1124.0,3135438120,2808943,269,1128.0,1119.0
2018-07-28,1140.0,1180.0,1139.0,1177.0,28927873291,24573144,1111,1124.0,1180.0
2018-07-29,1235.0,1235.0,1201.0,1234.0,29348440944,23782759,817,1177.0,1235.0
2018-07-30,1295.0,1295.0,1295.0,1295.0,11151794080,8611424,317,1234.0,1295.0
2018-07-31,1359.0,1359.0,1359.0,1358.0,10699485822,7873058,257,1295.0,1359.0
2018-08-01,1348.0,1415.0,1301.0,1391.0,55124941036,39639666,1461,1358.0,1415.0
2018-08-04,1410.0,1423.0,1322.0,1367.0,28575423478,20904257,1252,1391.0,1386.0
2018-08-05,1399.0,1435.0,1386.0,1433.0,39713862907,27716004,1235,1367.0,1435.0
2018-08-06,1504.0,1504.0,1435.0,1496.0,61853223963,41359043,1923,1433.0,1460.0
2018-08-07,1428.0,1530.0,1422.0,1457.0,34806273607,23890548,1292,1496.0,1422.0
2018-08-08,1419.0,1420.0,1385.0,1395.0,11049872277,7922928,375,1457.0,1385.0
2018-08-11,1359.0,1359.0,1326.0,1376.0,2680234340,2016623,157,1395.0,1326.0
2018-08-12,1310.0,1420.0,1308.0,1348.0,30665306565,22748865,1234,1376.0,1335.0
2018-08-13,1330.0,1390.0,1301.0,1358.0,10597646674,7805507,493,1348.0,1374.0
2018-08-14,1379.0,1400.0,1343.0,1372.0,6074887851,4397873,416,1358.0,1344.0
2018-08-15,1340.0,1350.0,1319.0,1365.0,1788997513,1341971,155,1372.0,1332.0
2018-08-18,1320.0,1344.0,1305.0,1351.0,3417226527,2576135,290,1365.0,1339.0
2018-08-19,1350.0,1390.0,1334.0,1353.0,7261796464,5365137,366,1351.0,1350.0
2018-08-20,1368.0,1381.0,1334.0,1360.0,8932354781,6564630,461,1353.0,1360.0
2018-08-21,1345.0,1357.0,1330.0,1346.0,6355750271,4747065,304,1360.0,1350.0
2018-08-25,1358.0,1369.0,1325.0,1344.0,4721802489,3517243,348,1346.0,1340.0
2018-08-26,1350.0,1370.0,1340.0,1352.0,6485872203,4782829,435,1344.0,1360.0
2018-08-27,1359.0,1397.0,1352.0,1374.0,8380323849,6076481,468,1352.0,1390.0
2018-08-28,1398.0,1432.0,1348.0,1391.0,8753651232,6280241,494,1374.0,1367.0
2018-08-29,1390.0,1391.0,1356.0,1383.0,2974509317,2178467,234,1391.0,1357.0
2018-09-01,1397.0,1397.0,1315.0,1366.0,3981610897,2966791,304,1383.0,1329.0
2018-09-02,1322.0,1432.0,1320.0,1389.0,15161175021,10912866,548,1366.0,1370.0
2018-09-03,1458.0,1458.0,1395.0,1439.0,13279827040,9226243,640,1389.0,1420.0
2018-09-08,1484.0,1554.0,1461.0,1498.0,15205248522,10153577,632,1427.0,1470.0
2018-09-09,1482.0,1498.0,1460.0,1480.0,28902322355,19522224,1143,1498.0,1487.0
2018-09-10,1500.0,1554.0,1499.0,1545.0,25834398578,16723159,937,1480.0,1554.0
2018-09-11,1622.0,1622.0,1560.0,1596.0,53685261874,33640413,1545,1545.0,1570.0
2018-09-12,1602.0,1675.0,1590.0,1656.0,80509315961,48624851,3102,1596.0,1646.0
2018-09-15,1738.0,1738.0,1633.0,1719.0,135821911928,79034482,4941,1656.0,1679.0
2018-09-16,1675.0,1729.0,1634.0,1665.0,111328559922,66849986,3929,1719.0,1680.0
2018-09-17,1746.0,1748.0,1698.0,1745.0,195314270623,111906610,4232,1665.0,1748.0
2018-09-18,1799.0,1801.0,1720.0,1773.0,156961586936,88525989,5006,1745.0,1799.0
2018-09-22,1830.0,1861.0,1800.0,1858.0,311718004595,167735984,7809,1773.0,1861.0
2018-09-23,1889.0,1930.0,1800.0,1881.0,163973545912,87158702,6028,1858.0,1850.0
2018-09-24,1875.0,1892.0,1825.0,1860.0,112114952732,60289512,4507,1881.0,1875.0
2018-09-25,1890.0,1953.0,1876.0,1946.0,125276132008,64377399,3479,1860.0,1953.0
2018-09-26,2043.0,2043.0,2043.0,2043.0,23548075632,11526224,364,1946.0,2043.0
2018-09-29,2145.0,2145.0,2145.0,2145.0,49013256435,22850003,680,2043.0,2145.0
2018-09-30,2252.0,2252.0,2221.0,2252.0,159129898809,70663739,1973,2145.0,2250.0
2018-10-02,2140.0,2140.0,2033.0,2138.0,5580552366,2724840,281,2252.0,2033.0
2018-10-03,2032.0,2069.0,2032.0,2034.0,217280331863,106835792,4472,2138.0,2040.0
2018-10-06,2135.0,2135.0,1933.0,2061.0,147277506829,71451087,3811,2034.0,1933.0
2018-10-07,1958.0,2000.0,1958.0,1960.0,110111288840,56184164,2663,2061.0,1958.0
2018-10-08,1862.0,1900.0,1862.0,1867.0,75337721321,40352738,1907,1960.0,1883.0
2018-10-09,1861.0,1959.0,1777.0,1908.0,116901673609,61275079,3790,1867.0,1832.0
2018-10-10,1825.0,1870.0,1813.0,1818.0,79991811488,44006234,1844,1908.0,1813.0
2018-10-13,1752.0,1776.0,1728.0,1734.0,12899764350,7439366,441,1818.0,1728.0
2018-10-14,1648.0,1648.0,1648.0,1692.0,4430967712,2688694,156,1734.0,1648.0
2018-10-15,1655.0,1773.0,1655.0,1715.0,77294775816,45066249,3248,1692.0,1718.0
2018-10-16,1776.0,1779.0,1660.0,1720.0,71404569189,41513983,2974,1715.0,1694.0
2018-10-17,1645.0,1687.0,1634.0,1644.0,65422100567,39797446,2357,1720.0,1636.0
2018-10-20,1700.0,1726.0,1690.0,1719.0,30334605658,17651495,802,1644.0,1726.0
2018-10-21,1804.0,1804.0,1733.0,1798.0,101984987586,56717436,2544,1719.0,1804.0
2018-10-22,1884.0,1884.0,1760.0,1823.0,89710799227,49211505,3094,1798.0,1809.0
2018-10-23,1834.0,1834.0,1732.0,1748.0,37438398842,21411959,1559,1823.0,1732.0
2018-10-24,1729.0,1744.0,1661.0,1681.0,20108293982,11961491,874,1748.0,1661.0
2018-10-27,1608.0,1638.0,1597.0,1603.0,31813610825,19848877,1405,1681.0,1597.0
2018-10-28,1600.0,1648.0,1553.0,1608.0,27731320580,17246493,1498,1603.0,1639.0
2018-10-29,1644.0,1680.0,1599.0,1622.0,28588881216,17623340,1449,1608.0,1630.0
2018-10-31,1647.0,1647.0,1580.0,1603.0,26898853687,16777079,1277,1622.0,1610.0
2018-11-03,1611.0,1619.0,1575.0,1594.0,21065791761,13212231,903,1603.0,1600.0
2018-11-04,1581.0,1673.0,1581.0,1637.0,49351084725,30144741,1906,1594.0,1673.0
2018-11-05,1718.0,1718.0,1718.0,1718.0,11201566160,6520120,278,1637.0,1718.0
2018-11-06,1803.0,1803.0,1760.0,1797.0,131153623215,72994955,3849,1718.0,1803.0
2018-11-10,1820.0,1820.0,1715.0,1740.0,34456162229,19798441,1549,1797.0,1716.0
2018-11-11,1749.0,1785.0,1680.0,1726.0,38271109072,22179377,1295,1740.0,1711.0
2018-11-12,1756.0,1780.0,1730.0,1760.0,51578531447,29303257,1729,1726.0,1750.0
2018-11-13,1782.0,1799.0,1726.0,1766.0,61285971769,34702939,1819,1760.0,1750.0
2018-11-14,1854.0,1854.0,1730.0,1809.0,70849186501,39163179,1820,1766.0,1755.0
2018-11-17,1740.0,1770.0,1719.0,1728.0,9955988805,5762380,590,1809.0,1719.0
2018-11-18,1660.0,1685.0,1642.0,1643.0,27740589592,16883325,994,1728.0,1642.0
2018-11-19,1606.0,1679.0,1600.0,1633.0,13625061291,8345367,868,1643.0,1611.0
2018-11-20,1610.0,1650.0,1573.0,1598.0,20753792162,12984923,1066,1633.0,1612.0
2018-11-21,1600.0,1617.0,1574.0,1596.0,14949129675,9367011,813,1598.0,1604.0
2018-11-24,1591.0,1599.0,1522.0,1544.0,23784168805,15408847,1339,1596.0,1540.0
2018-11-26,1530.0,1549.0,1467.0,1487.0,14277245592,9604440,988,1544.0,1467.0
2018-11-27,1500.0,1530.0,1473.0,1496.0,10410543046,6960244,803,1487.0,1499.0
2018-11-28,1510.0,1510.0,1422.0,1427.0,32865673251,23027188,1419,1496.0,1429.0
2018-12-01,1401.0,1420.0,1356.0,1359.0,58453712257,42997233,1868,1427.0,1356.0
2018-12-02,1370.0,1418.0,1370.0,1395.0,18143176537,13008765,1194,1359.0,1390.0
2018-12-03,1424.0,1464.0,1411.0,1459.0,40302212753,27616167,1309,1395.0,1464.0
2018-12-04,1490.0,1490.0,1401.0,1431.0,12746857478,8910068,758,1459.0,1412.0
2018-12-05,1409.0,1425.0,1400.0,1408.0,12455986508,8843870,799,1431.0,1413.0
2018-12-08,1444.0,1444.0,1400.0,1421.0,10824872694,7619441,712,1408.0,1413.0
2018-12-09,1420.0,1420.0,1380.0,1392.0,12204735624,8768034,780,1421.0,1394.0
2018-12-10,1378.0,1414.0,1365.0,1385.0,10779659498,7781856,724,1392.0,1385.0
2018-12-11,1388.0,1410.0,1370.0,1390.0,7369012544,5292721,728,1385.0,1398.0
2018-12-12,1400.0,1404.0,1370.0,1387.0,10243653563,7386068,938,1390.0,1380.0
2018-12-15,1387.0,1388.0,1330.0,1359.0,9854330372,7252203,949,1387.0,1350.0
2018-12-16,1337.0,1350.0,1305.0,1329.0,8512745275,6424614,963,1359.0,1325.0
2018-12-17,1320.0,1340.0,1307.0,1318.0,9202190189,6982299,835,1329.0,1327.0
2018-12-18,1328.0,1336.0,1305.0,1314.0,7289869919,5551888,818,1318.0,1318.0
2018-12-19,1313.0,1317.0,1264.0,1281.0,9775944443,7633221,982,1314.0,1288.0
2018-12-22,1286.0,1286.0,1239.0,1254.0,8682986927,6944796,881,1281.0,1249.0
2018-12-23,1281.0,1316.0,1281.0,1294.0,7006339574,5340464,246,1254.0,1316.0
2018-12-24,1358.0,1358.0,1321.0,1347.0,21336913133,15836912,1437,1294.0,1350.0
2018-12-25,1329.0,1337.0,1303.0,1321.0,8556473878,6504219,841,1347.0,1310.0
2018-12-26,1319.0,1385.0,1319.0,1364.0,17409275263,12761190,1240,1321.0,1375.0
2018-12-29,1386.0,1422.0,1333.0,1387.0,16739036052,12064889,1268,1364.0,1382.0
2018-12-30,1384.0,1393.0,1360.0,1370.0,9500310211,6937006,818,1387.0,1365.0
2018-12-31,1369.0,1369.0,1343.0,1357.0,7728184723,5709327,738,1370.0,1359.0
2019-01-01,1350.0,1363.0,1325.0,1344.0,13673234444,10170983,965,1357.0,1330.0
2019-01-02,1344.0,1350.0,1311.0,1329.0,7097686038,5361048,804,1344.0,1327.0
2019-01-05,1350.0,1352.0,1332.0,1342.0,8650863639,6433754,483,1329.0,1342.0
2019-01-06,1354.0,1409.0,1310.0,1380.0,28120551742,20381306,1523,1342.0,1409.0
2019-01-07,1430.0,1449.0,1418.0,1444.0,21863179762,15138399,971,1380.0,1449.0
2019-01-08,1481.0,1514.0,1451.0,1479.0,41817175502,28267193,2040,1444.0,1470.0
2019-01-14,1490.0,1490.0,1412.0,1445.0,6985521385,4894323,521,1479.0,1416.0
2019-01-15,1430.0,1459.0,1411.0,1423.0,48010803578,33742562,1881,1445.0,1448.0
2019-01-16,1459.0,1494.0,1437.0,1488.0,66224588493,44506541,2332,1423.0,1490.0
2019-01-19,1510.0,1549.0,1478.0,1514.0,18181349051,12010882,1110,1488.0,1490.0
2019-01-20,1499.0,1520.0,1439.0,1473.0,15127331348,10267490,951,1514.0,1440.0
2019-01-21,1435.0,1472.0,1400.0,1401.0,19446677097,13877191,848,1473.0,1400.0
2019-01-22,1399.0,1431.0,1385.0,1403.0,12458777341,8880183,631,1401.0,1405.0
2019-01-23,1400.0,1429.0,1396.0,1401.0,10631634622,7586767,726,1403.0,1400.0
2019-01-26,1402.0,1420.0,1380.0,1401.0,6892765972,4921885,461,1401.0,1400.0
2019-01-27,1401.0,1471.0,1401.0,1463.0,24636542623,16839747,678,1401.0,1471.0
2019-01-28,1480.0,1518.0,1470.0,1497.0,25884080968,17292265,1588,1463.0,1470.0
2019-01-29,1466.0,1510.0,1423.0,1468.0,12103773028,8243553,894,1497.0,1450.0
2019-01-30,1455.0,1459.0,1410.0,1438.0,8443481064,5899053,590,1468.0,1445.0
2019-02-02,1450.0,1455.0,1404.0,1433.0,6453744114,4514504,532,1438.0,1404.0
2019-02-03,1420.0,1444.0,1362.0,1386.0,14339263111,10349300,1004,1433.0,1398.0
2019-02-04,1410.0,1420.0,1391.0,1404.0,9692411162,6904534,648,1386.0,1398.0
2019-02-05,1410.0,1420.0,1400.0,1405.0,6763849510,4812163,536,1404.0,1415.0
2019-02-06,1420.0,1427.0,1396.0,1404.0,8588320252,6116666,607,1405.0,1412.0
2019-02-10,1405.0,1442.0,1405.0,1414.0,4931855888,3460026,428,1404.0,1435.0
2019-02-12,1420.0,1442.0,1408.0,1413.0,13136431951,9299885,583,1414.0,1415.0
2019-02-13,1410.0,1418.0,1380.0,1400.0,7708581790,5518734,839,1413.0,1380.0
2019-02-16,1409.0,1412.0,1380.0,1396.0,8288191466,5942166,829,1400.0,1401.0
2019-02-17,1409.0,1417.0,1349.0,1384.0,13159743901,9505842,865,1396.0,1350.0
2019-02-18,1363.0,1444.0,1363.0,1407.0,20827175261,14798080,866,1384.0,1433.0
2019-02-19,1439.0,1470.0,1410.0,1434.0,7470629511,5173571,849,1407.0,1413.0
2019-02-20,1449.0,1449.0,1403.0,1424.0,7830073677,5511205,715,1434.0,1430.0
2019-02-23,1436.0,1495.0,1432.0,1482.0,22210610825,14987701,1108,1424.0,1468.0
2019-02-24,1481.0,1489.0,1435.0,1468.0,8909070279,6076606,641,1482.0,1466.0
2019-02-25,1480.0,1511.0,1461.0,1495.0,37111153963,24820876,1538,1468.0,1501.0
2019-02-26,1463.0,1569.0,1452.0,1559.0,79932097914,51276722,1836,1495.0,1569.0
2019-02-27,1617.0,1636.0,1595.0,1630.0,132453363563,81241053,3583,1559.0,1636.0
2019-03-02,1660.0,1679.0,1602.0,1630.0,38253105976,23467617,1832,1630.0,1603.0
2019-03-03,1614.0,1711.0,1603.0,1689.0,88830642209,52593373,2907,1630.0,1711.0
2019-03-04,1700.0,1740.0,1655.0,1698.0,31214417693,18379841,1438,1689.0,1662.0
2019-03-05,1670.0,1692.0,1623.0,1645.0,23832264227,14491401,1206,1698.0,1623.0
2019-03-06,1610.0,1652.0,1590.0,1622.0,17545674448,10819037,964,1645.0,1620.0
2019-03-09,1640.0,1701.0,1623.0,1686.0,84314344614,50011291,2629,1622.0,1698.0
2019-03-10,1730.0,1770.0,1725.0,1751.0,102240742645,58401306,2988,1686.0,1740.0
2019-03-11,1755.0,1790.0,1701.0,1740.0,55229897037,31732957,1863,1751.0,1702.0
2019-03-12,1706.0,1738.0,1690.0,1720.0,55184275681,32078247,1275,1740.0,1699.0
2019-03-13,1688.0,1732.0,1660.0,1693.0,36885760885,21790374,1340,1720.0,1675.0
2019-03-16,1699.0,1733.0,1669.0,1693.0,19030211117,11241336,853,1693.0,1683.0
2019-03-17,1671.0,1700.0,1649.0,1668.0,28689451127,17196708,1041,1693.0,1672.0
2019-03-18,1670.0,1710.0,1656.0,1687.0,23371716365,13851345,802,1668.0,1680.0
2019-03-19,1681.0,1709.0,1661.0,1690.0,35931916475,21258178,1204,1687.0,1695.0
2019-03-25,1740.0,1740.0,1687.0,1695.0,4886931196,2874543,314,1690.0,1716.0
2019-03-26,1695.0,1734.0,1692.0,1710.0,35769390658,20922163,1150,1695.0,1699.0
2019-03-27,1700.0,1701.0,1666.0,1679.0,17688143821,10533631,944,1710.0,1680.0
2019-03-30,1680.0,1703.0,1673.0,1687.0,25528792039,15130179,1176,1679.0,1690.0
2019-03-31,1705.0,1730.0,1663.0,1686.0,15715250445,9322062,927,1687.0,1689.0
2019-04-06,1689.0,1709.0,1675.0,1686.0,21458418139,12724077,1110,1686.0,1697.0
2019-04-07,1688.0,1770.0,1684.0,1760.0,435007602555,247171317,7033,1686.0,1770.0
2019-04-08,1848.0,1848.0,1848.0,1848.0,322713122424,174628313,4156,1760.0,1848.0
2019-04-09,1880.0,1940.0,1848.0,1900.0,343118752964,180621619,9878,1848.0,1861.0
2019-04-10,1880.0,1995.0,1866.0,1974.0,275675012335,139662304,6398,1900.0,1995.0
2019-04-13,1995.0,2055.0,1954.0,1995.0,99474088182,49858856,3432,1974.0,1967.0
2019-04-14,1968.0,2078.0,1925.0,2027.0,154484409968,76221597,4318,1995.0,2065.0
2019-04-15,2088.0,2128.0,2070.0,2120.0,155152511568,73196572,3129,2027.0,2096.0
2019-04-16,2080.0,2171.0,2014.0,2077.0,111837025849,53839921,3276,2120.0,2014.0
2019-04-17,2010.0,2068.0,1976.0,2015.0,71076800745,35274627,2438,2077.0,2020.0
2019-04-20,2061.0,2090.0,2029.0,2055.0,65136842474,31693314,2367,2015.0,2062.0
2019-04-22,2090.0,2090.0,1953.0,1979.0,132375240851,66887537,3912,2055.0,1953.0
2019-04-23,1916.0,1952.0,1881.0,1907.0,80565561305,42238537,2825,1979.0,1881.0
2019-04-24,1881.0,1938.0,1840.0,1876.0,71449795546,38083403,2726,1907.0,1900.0
2019-04-27,1891.0,1930.0,1869.0,1890.0,39044943553,20661182,1607,1876.0,1880.0
2019-04-28,1920.0,1960.0,1890.0,1929.0,47458735214,24598651,1900,1890.0,1936.0
2019-04-29,1946.0,1999.0,1916.0,1949.0,118521078568,60800903,3617,1929.0,1970.0
2019-04-30,2009.0,2038.0,1923.0,1966.0,76771442844,39046714,2941,1949.0,1945.0
2019-05-01,1941.0,2058.0,1920.0,1998.0,126222615171,63187852,4560,1966.0,2005.0
2019-05-04,2070.0,2097.0,2050.0,2095.0,98060414680,46811962,1757,1998.0,2097.0
2019-05-05,2180.0,2194.0,2020.0,2111.0,159250847567,75452340,4515,2095.0,2053.0
2019-05-06,2066.0,2070.0,2006.0,2018.0,63389222849,31418368,1513,2111.0,2006.0
2019-05-07,1920.0,1960.0,1918.0,1920.0,23330515595,12153304,690,2018.0,1918.0
2019-05-08,1850.0,1997.0,1850.0,1903.0,72479703696,38087875,2424,1920.0,1901.0
2019-05-11,1900.0,1930.0,1808.0,1836.0,69100732045,37634536,2038,1903.0,1808.0
2019-05-12,1771.0,1830.0,1745.0,1747.0,77132162704,44154871,2056,1836.0,1750.0
2019-05-13,1750.0,1834.0,1715.0,1785.0,35889403474,20111518,1622,1747.0,1834.0
2019-05-14,1870.0,1874.0,1786.0,1844.0,59961990421,32518141,2073,1785.0,1830.0
2019-05-15,1870.0,1870.0,1780.0,1825.0,51707590133,28330092,1697,1844.0,1820.0
2019-05-18,1810.0,1861.0,1790.0,1837.0,36102551427,19653180,1279,1825.0,1800.0
2019-05-19,1806.0,1829.0,1780.0,1804.0,19891599018,11027562,1084,1837.0,1810.0
2019-05-20,1812.0,1812.0,1761.0,1792.0,18694789645,10429761,1368,1804.0,1792.0
2019-05-21,1800.0,1848.0,1800.0,1812.0,20547061008,11341425,1110,1792.0,1815.0
2019-05-22,1820.0,1852.0,1807.0,1836.0,36124947713,19672908,1569,1812.0,1848.0
2019-05-25,1862.0,1869.0,1840.0,1849.0,16130784537,8722120,888,1836.0,1849.0
2019-05-26,1870.0,1887.0,1816.0,1841.0,27437362910,14900447,1276,1849.0,1823.0
2019-05-28,1848.0,1868.0,1810.0,1837.0,55046993088,29959629,2148,1841.0,1845.0
2019-05-29,1852.0,1875.0,1840.0,1855.0,43031570198,23194106,1668,1837.0,1846.0
2019-06-01,1835.0,1835.0,1780.0,1802.0,22626721557,12553737,1292,1855.0,1810.0
2019-06-02,1810.0,1844.0,1784.0,1810.0,38957063710,21526281,1670,1802.0,1830.0
2019-06-03,1845.0,1900.0,1820.0,1886.0,50710965568,26886789,1348,1810.0,1900.0
2019-06-08,1907.0,1980.0,1860.0,1971.0,492537362808,249837807,9395,1886.0,1970.0
2019-06-09,1999.0,2008.0,1930.0,1969.0,126817240088,64407287,4594,1971.0,1940.0
2019-06-10,1968.0,2059.0,1934.0,2007.0,184896706210,92143690,5239,1969.0,1980.0
2019-06-11,2005.0,2054.0,1954.0,2011.0,168653607391,83857695,4317,2007.0,2005.0
2019-06-12,2004.0,2111.0,2004.0,2108.0,564717928225,267916721,6998,2011.0,2111.0
2019-06-15,2152.0,2213.0,2090.0,2201.0,828039064161,376280646,11146,2108.0,2213.0
2019-06-16,2247.0,2311.0,2227.0,2300.0,484906054110,210846735,8735,2201.0,2247.0
2019-06-17,2270.0,2400.0,2200.0,2338.0,222160303199,95035404,5699,2300.0,2376.0
2019-06-18,2390.0,2454.0,2301.0,2402.0,253074845479,105343621,4611,2338.0,2317.0
2019-06-19,2333.0,2340.0,2282.0,2291.0,97062458557,42375793,2347,2402.0,2282.0
2019-06-22,2177.0,2240.0,2177.0,2187.0,217060887538,99257333,4419,2291.0,2222.0
2019-06-23,2241.0,2296.0,2230.0,2285.0,195073875433,85384794,3694,2187.0,2296.0
2019-06-24,2395.0,2395.0,2286.0,2348.0,225906389216,96198826,4008,2285.0,2350.0
2019-06-25,2349.0,2354.0,2240.0,2284.0,92506723875,40505556,2568,2348.0,2299.0
2019-06-26,2299.0,2340.0,2190.0,2241.0,129999045901,58022101,3251,2284.0,2190.0
2019-06-30,2250.0,2298.0,2143.0,2204.0,123381229183,55974734,3534,2241.0,2158.0
2019-07-01,2197.0,2239.0,2136.0,2181.0,114782078954,52623392,3635,2204.0,2171.0
2019-07-02,2200.0,2290.0,2200.0,2261.0,84820005112,37514006,2441,2181.0,2290.0
2019-07-03,2348.0,2374.0,2306.0,2356.0,187554876642,79622702,4316,2261.0,2350.0
2019-07-06,2360.0,2366.0,2239.0,2277.0,77766785076,34157845,2667,2356.0,2260.0
2019-07-07,2259.0,2310.0,2210.0,2269.0,65849125627,29022737,2003,2277.0,2270.0
2019-07-08,2300.0,2334.0,2242.0,2282.0,94923047376,41601980,2783,2269.0,2250.0
2019-07-13,2300.0,2301.0,2219.0,2252.0,28877908189,12821855,830,2282.0,2240.0
2019-07-14,2258.0,2259.0,2188.0,2218.0,75891575188,34212112,2706,2252.0,2192.0
2019-07-15,2210.0,2210.0,2150.0,2179.0,91793010931,42129828,2881,2218.0,2153.0
2019-07-16,2167.0,2167.0,2071.0,2073.0,225754083130,108888579,3697,2179.0,2071.0
2019-07-17,2033.0,2169.0,2033.0,2105.0,80741389068,38361902,3033,2073.0,2107.0
2019-07-20,2210.0,2210.0,2100.0,2152.0,64883841264,30146337,2167,2105.0,2150.0
2019-07-21,2166.0,2240.0,2150.0,2207.0,65038879617,29473404,2713,2152.0,2150.0
2019-07-22,2210.0,2257.0,2160.0,2200.0,62878194565,28575040,2417,2207.0,2180.0
2019-07-23,2210.0,2230.0,2124.0,2176.0,47110336120,21645056,1845,2200.0,2201.0
2019-07-24,2201.0,2272.0,2191.0,2233.0,62719590128,28087193,2305,2176.0,2232.0
2019-07-27,2279.0,2285.0,2192.0,2241.0,39886943128,17797150,1674,2233.0,2232.0
2019-07-28,2235.0,2237.0,2145.0,2186.0,58427421618,26727055,2344,2241.0,2228.0
2019-07-29,2240.0,2260.0,2183.0,2211.0,41015276894,18548216,1675,2186.0,2184.0
2019-07-30,2215.0,2217.0,2170.0,2193.0,28629443832,13056913,1084,2211.0,2189.0
2019-07-31,2210.0,2302.0,2180.0,2269.0,110881846763,48868236,2688,2193.0,2302.0
2019-08-03,2380.0,2382.0,2320.0,2378.0,227669452526,95746656,5622,2269.0,2375.0
2019-08-04,2375.0,2380.0,2288.0,2319.0,60794875888,26210989,2545,2378.0,2305.0
2019-08-05,2310.0,2411.0,2298.0,2345.0,129263343094,55131577,3530,2319.0,2400.0
2019-08-06,2417.0,2461.0,2367.0,2429.0,174041437972,71639680,4102,2345.0,2450.0
2019-08-07,2455.0,2550.0,2435.0,2530.0,382558937229,151201409,6962,2429.0,2550.0
2019-08-13,2485.0,2485.0,2388.0,2435.0,66187393726,27182649,1862,2380.0,2429.0
2019-08-14,2431.0,2556.0,2430.0,2537.0,92679261310,36529748,1648,2435.0,2556.0
2019-08-17,2560.0,2639.0,2530.0,2577.0,124286879334,48222869,3171,2537.0,2550.0
2019-08-18,2510.0,2653.0,2501.0,2547.0,80757989985,31709546,2206,2577.0,2501.0
2019-08-19,2530.0,2640.0,2510.0,2571.0,127609646722,49630989,3184,2547.0,2600.0
2019-08-21,2600.0,2689.0,2551.0,2610.0,100080804555,38347132,2754,2571.0,2583.0
2019-08-24,2580.0,2623.0,2516.0,2561.0,111132245586,43393286,4049,2610.0,2560.0
2019-08-25,2550.0,2648.0,2495.0,2543.0,124723016862,49043784,2537,2561.0,2520.0
2019-08-27,2702.0,2764.0,2610.0,2691.0,204941851160,76171744,4192,2543.0,2617.0
2019-08-28,2632.0,2703.0,2590.0,2676.0,109490540008,40914964,3086,2691.0,2698.0
2019-08-31,2701.0,2777.0,2641.0,2704.0,103379542287,38230118,2668,2676.0,2650.0
2019-09-01,2658.0,2712.0,2604.0,2658.0,64847231467,24401457,2008,2704.0,2641.0
2019-09-02,2644.0,2668.0,2526.0,2557.0,104923537883,41037656,2610,2658.0,2549.0
2019-09-03,2512.0,2598.0,2512.0,2550.0,35604983767,13961114,1359,2557.0,2520.0
2019-09-04,2549.0,2618.0,2535.0,2576.0,40282719772,15639907,1331,2550.0,2560.0
2019-09-08,2699.0,2699.0,2590.0,2645.0,73962292203,27964882,1969,2576.0,2640.0
2019-09-11,2680.0,2680.0,2599.0,2626.0,77260554721,29416783,2554,2645.0,2600.0
2019-09-14,2627.0,2688.0,2596.0,2621.0,106486941647,40623992,3158,2626.0,2602.0
2019-09-15,2610.0,2679.0,2570.0,2624.0,74485906179,28389551,2348,2621.0,2610.0
2019-09-16,2663.0,2670.0,2590.0,2623.0,150181762893,57258662,4024,2624.0,2600.0
2019-09-17,2600.0,2600.0,2492.0,2527.0,92621816060,36647240,3182,2623.0,2492.0
2019-09-18,2500.0,2548.0,2410.0,2488.0,76179329445,30622901,2412,2527.0,2495.0
2019-09-21,2436.0,2585.0,2436.0,2517.0,33405803190,13271662,1332,2488.0,2510.0
2019-09-22,2550.0,2641.0,2495.0,2555.0,278861670665,109153167,5922,2517.0,2641.0
2019-09-23,2679.0,2682.0,2651.0,2682.0,183681280954,68493747,2284,2555.0,2682.0
2019-09-24,2740.0,2770.0,2600.0,2686.0,138272567618,51480612,4082,2682.0,2677.0
2019-09-25,2685.0,2685.0,2620.0,2650.0,70935242535,26768991,2475,2686.0,2665.0
2019-09-28,2690.0,2725.0,2644.0,2679.0,131197746667,48974484,4624,2650.0,2672.0
2019-09-29,2690.0,2699.0,2600.0,2649.0,88918708160,33565671,3122,2679.0,2670.0
2019-09-30,2720.0,2781.0,2715.0,2780.0,870037999900,312945326,8547,2649.0,2781.0
2019-10-01,2898.0,2898.0,2705.0,2843.0,351838290285,123739075,9349,2780.0,2750.0
2019-10-02,2800.0,2800.0,2710.0,2742.0,147693043282,53869334,4771,2843.0,2748.0
2019-10-05,2788.0,2819.0,2618.0,2703.0,190705443804,70550767,5585,2742.0,2640.0
2019-10-06,2667.0,2667.0,2570.0,2615.0,70601822912,26997589,2591,2703.0,2610.0
2019-10-07,2679.0,2710.0,2569.0,2617.0,77377204655,29566046,2659,2615.0,2580.0
2019-10-08,2635.0,2635.0,2487.0,2523.0,60373611698,23932107,2074,2617.0,2487.0
2019-10-09,2451.0,2566.0,2417.0,2495.0,66765592636,26764208,2410,2523.0,2560.0
2019-10-12,2598.0,2619.0,2530.0,2600.0,80328287956,30897551,2442,2495.0,2619.0
2019-10-13,2690.0,2730.0,2570.0,2655.0,83271301102,31365703,3053,2600.0,2580.0
2019-10-14,2658.0,2658.0,2523.0,2552.0,36736261992,14396052,1880,2655.0,2545.0
2019-10-15,2520.0,2600.0,2425.0,2442.0,60068993104,24600008,1603,2552.0,2425.0
2019-10-16,2370.0,2469.0,2320.0,2363.0,83132622069,35177133,2882,2442.0,2320.0
2019-10-20,2325.0,2400.0,2245.0,2256.0,124244800269,55072511,3217,2363.0,2258.0
2019-10-21,2181.0,2340.0,2179.0,2256.0,63676275389,28226875,2499,2256.0,2320.0
2019-10-22,2350.0,2368.0,2270.0,2339.0,55492528274,23725595,2241,2256.0,2327.0
2019-10-23,2350.0,2370.0,2250.0,2294.0,30765661410,13409524,1427,2339.0,2339.0
2019-10-26,2347.0,2357.0,2261.0,2295.0,17442719772,7601820,1139,2294.0,2349.0
2019-10-28,2300.0,2390.0,2288.0,2348.0,25068053625,10676243,1289,2295.0,2365.0
2019-10-30,2397.0,2430.0,2381.0,2414.0,23511311431,9738683,1530,2348.0,2419.0
2019-11-02,2450.0,2455.0,2330.0,2383.0,29453337056,12359454,1819,2414.0,2350.0
2019-11-03,2348.0,2410.0,2300.0,2349.0,29569824677,12589082,1550,2383.0,2336.0
2019-11-04,2379.0,2379.0,2271.0,2299.0,26291685266,11435286,1331,2349.0,2286.0
2019-11-05,2335.0,2340.0,2270.0,2303.0,25649422722,11137106,1226,2299.0,2336.0
2019-11-09,2352.0,2373.0,2285.0,2304.0,27150154933,11786253,1336,2303.0,2307.0
2019-11-10,2320.0,2320.0,2272.0,2289.0,18514924878,8087259,1048,2304.0,2305.0
2019-11-11,2277.0,2307.0,2272.0,2288.0,25453808373,11122615,1203,2289.0,2298.0
2019-11-12,2290.0,2355.0,2281.0,2305.0,35031413412,15195538,1455,2288.0,2300.0
2019-11-13,2305.0,2305.0,2284.0,2294.0,38849380906,16931580,1487,2305.0,2290.0
2019-11-16,2365.0,2367.0,2263.0,2309.0,24765028068,10724962,1299,2294.0,2270.0
2019-11-17,2203.0,2270.0,2194.0,2204.0,60220177179,27322143,2046,2309.0,2196.0
2019-11-18,2150.0,2268.0,2150.0,2223.0,15413153111,6934684,892,2204.0,2215.0
2019-11-19,2255.0,2255.0,2217.0,2232.0,38039082829,17041077,1399,2223.0,2245.0
2019-11-20,2262.0,2318.0,2151.0,2254.0,31422778602,13939625,1408,2232.0,2298.0
2019-11-23,2318.0,2366.0,2293.0,2351.0,125379977218,53335808,3589,2254.0,2366.0
2019-11-24,2397.0,2399.0,2325.0,2356.0,49488339948,21004802,1932,2351.0,2342.0
2019-11-25,2354.0,2389.0,2303.0,2351.0,38692040311,16459712,1884,2356.0,2356.0
2019-11-26,2378.0,2378.0,2307.0,2323.0,35898078977,15452986,1614,2351.0,2311.0
2019-11-27,2325.0,2349.0,2300.0,2312.0,36804452121,15919861,1717,2323.0,2338.0
2019-11-30,2350.0,2360.0,2302.0,2323.0,51659720426,22241232,2390,2312.0,2339.0
2019-12-01,2339.0,2439.0,2331.0,2402.0,125919590750,52419281,3576,2323.0,2439.0
2019-12-02,2440.0,2449.0,2360.0,2415.0,86906385861,35989085,2672,2402.0,2397.0
2019-12-03,2438.0,2440.0,2392.0,2411.0,57617790311,23895677,2250,2415.0,2402.0
2019-12-08,2531.0,2650.0,2530.0,2573.0,219016534102,85111307,5057,2411.0,2600.0
2019-12-09,2657.0,2673.0,2582.0,2638.0,89753927310,34017782,3706,2573.0,2620.0
2019-12-10,2650.0,2660.0,2590.0,2630.0,98469499976,37434734,2904,2638.0,2629.0
2019-12-11,2631.0,2700.0,2570.0,2620.0,63744728342,24327172,2185,2630.0,2591.0
2019-12-14,2599.0,2619.0,2583.0,2602.0,96018126059,36899740,3021,2620.0,2618.0
2019-12-15,2612.0,2663.0,2551.0,2604.0,70350044705,27011728,2445,2602.0,2597.0
2019-12-16,2590.0,2640.0,2570.0,2598.0,75394099334,29019011,2580,2604.0,2605.0
2019-12-21,2644.0,2680.0,2620.0,2654.0,109885992055,41406237,2444,2598.0,2644.0
2019-12-22,2786.0,2786.0,2720.0,2775.0,402978199174,145207655,7166,2654.0,2786.0
2019-12-23,2843.0,2888.0,2720.0,2828.0,300008979167,106093389,7826,2775.0,2828.0
2019-12-24,2838.0,2960.0,2790.0,2920.0,273733170895,93742344,7277,2828.0,2828.0
2019-12-25,2950.0,2970.0,2861.0,2924.0,136938942277,46838292,5122,2920.0,2942.0
2019-12-28,3000.0,3070.0,2990.0,3065.0,417163625598,136119450,8047,2924.0,3070.0
2019-12-29,3120.0,3149.0,3000.0,3085.0,187815020231,60880531,6684,3065.0,3097.0
2019-12-30,3085.0,3188.0,3023.0,3098.0,176781595372,57061128,6859,3085.0,3112.0
2019-12-31,3120.0,3180.0,2995.0,3058.0,163639381348,53508278,5419,3098.0,3087.0
2020-01-01,3065.0,3169.0,3052.0,3128.0,163609119862,52303948,4771,3058.0,3140.0
2020-01-04,2972.0,2972.0,2972.0,2972.0,27901608548,9388159,631,3128.0,2972.0
2020-01-05,2824.0,2937.0,2824.0,2841.0,403595881297,142053931,6730,2972.0,2840.0
2020-01-07,2798.0,2887.0,2699.0,2740.0,110360420203,40272598,3031,2841.0,2699.0
2020-01-08,2686.0,2686.0,2686.0,2686.0,26601657834,9903819,593,2740.0,2686.0
2020-01-11,2739.0,2739.0,2739.0,2739.0,10212506667,3728553,169,2686.0,2739.0
2020-01-12,2875.0,2875.0,2875.0,2875.0,12337639875,4291353,195,2739.0,2875.0
2020-01-13,3018.0,3018.0,3018.0,3018.0,150366287826,49823157,1809,2875.0,3018.0
2020-01-14,3111.0,3168.0,3020.0,3137.0,370956087747,118242306,6512,3018.0,3168.0
2020-01-15,3169.0,3233.0,3091.0,3194.0,190408694860,59614192,5312,3137.0,3210.0
2020-01-18,3310.0,3353.0,3232.0,3343.0,239622259611,71677287,5423,3194.0,3353.0
2020-01-21,3419.0,3529.0,3353.0,3429.0,268514016461,78310332,5658,3343.0,3381.0
2020-01-22,3416.0,3480.0,3300.0,3395.0,204689687642,60298482,5969,3429.0,3401.0
2020-01-25,3381.0,3549.0,3380.0,3473.0,232991754017,67093694,5998,3395.0,3546.0
2020-01-26,3614.0,3646.0,3473.0,3631.0,399874865219,110141555,6898,3473.0,3646.0
2020-01-27,3677.0,3812.0,3558.0,3765.0,244454663831,64936639,5158,3631.0,3780.0
2020-01-28,3870.0,3926.0,3720.0,3842.0,188471219273,49052601,5260,3765.0,3766.0
2020-02-01,3790.0,3790.0,3650.0,3680.0,242661496617,65938438,7090,3842.0,3650.0
2020-02-02,3585.0,3691.0,3581.0,3616.0,236054879483,65283944,6499,3680.0,3671.0
2020-02-03,3700.0,3755.0,3686.0,3722.0,124034658304,33326354,4009,3616.0,3730.0
2020-02-04,3820.0,3820.0,3553.0,3633.0,191586947477,52730685,5238,3722.0,3596.0
2020-02-05,3650.0,3735.0,3620.0,3667.0,147891126967,40332188,4497,3633.0,3670.0
2020-02-08,3850.0,3850.0,3745.0,3838.0,597753337005,155753935,10599,3667.0,3830.0
2020-02-09,3970.0,3970.0,3821.0,3878.0,442724914515,114170853,9397,3838.0,3838.0
2020-02-10,3900.0,3901.0,3685.0,3765.0,256440035197,68106221,6812,3878.0,3773.0
2020-02-12,3801.0,3943.0,3801.0,3891.0,281395109244,72323793,7021,3765.0,3859.0
2020-02-15,4085.0,4085.0,3900.0,3996.0,292678363707,73250377,7423,3891.0,4000.0
2020-02-16,4085.0,4183.0,4060.0,4136.0,265786918057,64268131,7107,3996.0,4167.0
2020-02-17,4260.0,4260.0,4013.0,4107.0,194309211401,47313381,6495,4136.0,4068.0
2020-02-18,4050.0,4050.0,3902.0,3956.0,142288534437,35972014,5538,4107.0,3973.0
2020-02-19,4028.0,4028.0,3852.0,3933.0,222416733990,56553865,7171,3956.0,3918.0
2020-02-22,3737.0,3933.0,3737.0,3837.0,211847304425,55214529,7258,3933.0,3846.0
2020-02-23,3899.0,4028.0,3899.0,4020.0,215504732992,53601646,4092,3837.0,4028.0
2020-02-24,4080.0,4179.0,4031.0,4095.0,226278464725,55258909,6473,4020.0,4166.0
2020-02-25,4158.0,4275.0,4055.0,4159.0,186515193835,44841766,7268,4095.0,4240.0
2020-02-26,4358.0,4358.0,4121.0,4212.0,197569370302,46911834,5454,4159.0,4150.0
2020-02-29,4015.0,4099.0,4002.0,4008.0,321896893314,80306467,7444,4212.0,4002.0
2020-03-01,4039.0,4143.0,4000.0,4064.0,248033362365,61038600,6702,4008.0,4050.0
2020-03-02,4100.0,4220.0,4064.0,4126.0,244446858362,59246008,6132,4064.0,4160.0
2020-03-03,4260.0,4332.0,4199.0,4292.0,290009576940,67577246,7330,4126.0,4332.0
2020-03-04,4441.0,4503.0,4360.0,4456.0,221132970665,49626674,6774,4292.0,4499.0
2020-03-07,4490.0,4603.0,4251.0,4384.0,191762427917,43741851,6571,4456.0,4300.0
2020-03-09,4165.0,4165.0,4165.0,4165.0,119091615125,28593425,2523,4384.0,4165.0
2020-03-10,3957.0,4079.0,3957.0,3976.0,185505257184,46653203,5369,4165.0,3957.0
2020-03-11,3986.0,4097.0,3986.0,4042.0,446187079285,110389641,7131,3976.0,3998.0
2020-03-14,3949.0,3949.0,3840.0,3861.0,54182548720,14032356,2520,4042.0,3840.0
2020-03-15,3668.0,3794.0,3668.0,3690.0,253626271547,68732779,7065,3861.0,3710.0
2020-03-16,3800.0,3874.0,3800.0,3872.0,218175765553,56347736,5137,3690.0,3874.0
2020-03-17,3920.0,3920.0,3725.0,3859.0,117435515284,30432576,5059,3872.0,3898.0
2020-03-18,3930.0,4051.0,3925.0,4043.0,253314247624,62649786,5449,3859.0,4051.0
2020-03-24,4060.0,4110.0,3841.0,3863.0,253894363070,65724030,7885,4043.0,3841.0
2020-03-25,3898.0,4049.0,3870.0,3970.0,152182198865,38328778,5876,3863.0,3995.0
2020-03-28,4030.0,4113.0,3851.0,4017.0,215959160760,53761027,10971,3970.0,4070.0
2020-03-29,4135.0,4141.0,3950.0,4046.0,250567798742,61933774,8892,4017.0,4000.0
2020-03-30,3900.0,4042.0,3900.0,3971.0,314886266666,79292065,7207,4046.0,4016.0
2020-04-04,4169.0,4169.0,4113.0,4169.0,623323582173,149519865,5313,3971.0,4169.0
2020-04-05,4377.0,4377.0,4377.0,4377.0,784417323174,179213462,5866,4169.0,4377.0
2020-04-06,4595.0,4595.0,4377.0,4593.0,1839955983406,400637669,17714,4377.0,4595.0
2020-04-07,4819.0,4822.0,4700.0,4816.0,686758000218,142612807,9164,4593.0,4822.0
2020-04-08,5056.0,5056.0,5056.0,5056.0,319221349504,63137134,1997,4816.0,5056.0
2020-04-11,5308.0,5308.0,5201.0,5308.0,1660504016265,312846084,16083,5056.0,5308.0
2020-04-12,5400.0,5550.0,5201.0,5354.0,1577854461853,294716716,29869,5308.0,5283.0
2020-04-13,5360.0,5360.0,5087.0,5175.0,842007527408,162696180,15627,5354.0,5087.0
2020-04-14,5087.0,5433.0,5021.0,5303.0,687171059583,129585778,11765,5175.0,5433.0
2020-04-15,5568.0,5568.0,5568.0,5568.0,96313983360,17297770,2094,5303.0,5568.0
2020-04-18,5846.0,5846.0,5846.0,5808.0,45328188660,7753710,399,5568.0,5846.0
2020-04-20,6098.0,6402.0,6098.0,6399.0,1709346278993,267145418,10938,5808.0,6402.0
2020-04-21,6540.0,6718.0,6202.0,6641.0,1508158505340,227087433,19124,6399.0,6718.0
2020-04-22,6959.0,6973.0,6725.0,6951.0,1717181652258,247034045,20700,6641.0,6973.0
2020-04-25,7298.0,7298.0,7297.0,7298.0,1379254056604,188990695,13194,6951.0,7298.0
2020-04-26,7662.0,7662.0,7301.0,7636.0,2078348221294,272186057,22372,7298.0,7662.0
2020-04-27,7869.0,8017.0,7663.0,7990.0,1495498235957,187168900,16940,7636.0,8017.0
2020-04-28,8295.0,8309.0,7650.0,8005.0,2085213919784,260474483,38252,7990.0,8040.0
2020-04-29,8100.0,8405.0,7840.0,8321.0,1653467002325,198703536,16798,8005.0,8405.0
2020-05-02,8737.0,8737.0,8737.0,8737.0,1148277524260,131426980,11215,8321.0,8737.0
2020-05-03,9173.0,9173.0,9170.0,9173.0,1368130117422,149147613,12309,8737.0,9173.0
2020-05-04,9500.0,10000.0,8715.0,9452.0,2853682096669,301914068,33027,9173.0,9700.0
2020-05-05,9880.0,9880.0,8980.0,9252.0,2283560832677,246817232,37940,9452.0,8980.0
2020-05-06,8790.0,9230.0,8790.0,8915.0,1939236953518,217537282,28701,9252.0,8929.0
2020-05-09,9299.0,9360.0,8970.0,9345.0,1698452809494,181754359,10476,8915.0,9360.0
2020-05-10,9812.0,9812.0,9811.0,9812.0,2552574923185,260148491,16367,9345.0,9812.0
2020-05-11,10302.0,10302.0,9950.0,10289.0,3117726955268,303023086,29609,9812.0,10302.0
2020-05-12,10500.0,10500.0,9775.0,9909.0,1951598687711,196952351,28779,10289.0,9775.0
2020-05-13,9414.0,10383.0,9414.0,9749.0,2686416805119,275553760,38060,9909.0,9414.0
2020-05-16,9450.0,9745.0,9262.0,9356.0,311820156927,33328075,5445,9749.0,9262.0
2020-05-17,8889.0,9075.0,8889.0,8899.0,1233105502781,138569622,14499,9356.0,8889.0
2020-05-18,9030.0,9343.0,8650.0,9041.0,1474026475617,163041831,25018,8899.0,9050.0
2020-05-19,9190.0,9450.0,8589.0,8860.0,1324602134239,149511223,27151,9041.0,8592.0
2020-05-20,8450.0,8750.0,8417.0,8454.0,386538954348,45722088,8261,8860.0,8417.0
2020-05-23,8032.0,8032.0,7631.0,7819.0,770129978734,98493030,13076,8454.0,7900.0
2020-05-26,7700.0,7900.0,7700.0,7722.0,49993666800,6492684,761,7818.0,7700.0
2020-07-19,12640.0,13270.0,12640.0,12800.0,949620793860,74208321,4724,6320.0,13270.0
2020-07-20,13440.0,13440.0,13440.0,13440.0,227897967360,16956694,1515,12800.0,13440.0
2020-07-21,14110.0,14110.0,14110.0,13990.0,115633086760,8195116,1002,13440.0,14110.0
2020-07-22,14680.0,14680.0,14680.0,14600.0,128726879480,8768861,1335,13990.0,14680.0
2020-07-25,15330.0,15330.0,15330.0,14980.0,64914701040,4234488,710,14600.0,15330.0
2020-07-26,15720.0,15720.0,15720.0,15310.0,57170370240,3636792,423,14980.0,15720.0
2020-07-27,16070.0,16070.0,16070.0,16070.0,483641852220,30095946,2031,15310.0,16070.0
2020-07-28,16870.0,16870.0,16870.0,16870.0,900703673240,53390852,2801,16070.0,16870.0
2020-07-29,17710.0,17710.0,17710.0,17710.0,315672266910,17824521,2254,16870.0,17710.0
2020-08-01,18590.0,18590.0,18590.0,18490.0,111154870970,5979283,1093,17710.0,18590.0
2020-08-02,18590.0,19410.0,18590.0,19410.0,186803485070,9624127,1530,18490.0,19410.0
2020-08-03,20380.0,20380.0,19500.0,20370.0,5919948012150,290605688,34623,19410.0,20200.0
2020-08-04,19780.0,21380.0,19360.0,20130.0,8193186294620,406917111,96220,20370.0,19770.0
2020-08-05,19800.0,21130.0,19130.0,19360.0,5444023683430,281168997,60730,20130.0,19800.0
2020-08-09,20000.0,20320.0,19050.0,19860.0,2514028789130,126602992,29370,19360.0,20320.0
2020-08-10,19300.0,19300.0,18340.0,18710.0,1931247436650,103203615,20946,19860.0,18400.0
2020-08-11,17780.0,18000.0,17780.0,17780.0,851424584260,47875860,10361,18710.0,17780.0
2020-08-12,18500.0,18660.0,16900.0,17700.0,2399583992060,135551437,27159,17780.0,16900.0
2020-08-15,16820.0,16820.0,16820.0,16820.0,237559254760,14123618,4606,17700.0,16820.0
2020-08-16,15980.0,15980.0,15980.0,15980.0,160698731180,10056241,3349,16820.0,15980.0
2020-08-17,15190.0,16200.0,15190.0,15390.0,2747721053210,178496237,35319,15980.0,15190.0
2020-08-18,16150.0,16150.0,15400.0,15970.0,1787377138210,111908027,23419,15390.0,15840.0
2020-08-19,15200.0,15690.0,15180.0,15200.0,279773522170,18404172,4656,15970.0,15180.0
2020-08-22,15440.0,15950.0,14440.0,14720.0,1044374095120,70938471,14670,15200.0,14440.0
2020-08-23,14000.0,14700.0,13990.0,14020.0,307965406650,21961354,3997,14720.0,13990.0
2020-08-24,13320.0,13640.0,13320.0,13330.0,442543213090,33209910,5066,14020.0,13320.0
2020-09-16,13700.0,13700.0,13700.0,13700.0,265354108100,19368913,3897,13050.0,13700.0
2020-09-19,14380.0,14380.0,14380.0,14380.0,365937782200,25447690,3879,13700.0,14380.0
2020-09-20,15090.0,15090.0,14800.0,15090.0,6724302473000,445712405,42583,14380.0,15090.0
2020-09-21,14980.0,15800.0,14340.0,14970.0,5133621836840,342958075,57612,15090.0,15680.0
2020-09-22,15710.0,15710.0,15080.0,15700.0,2840893776600,180951658,19315,14970.0,15710.0
2020-09-23,16480.0,16480.0,16480.0,16480.0,746131060640,45274943,3144,15700.0,16480.0
2020-09-26,17300.0,17300.0,17300.0,17300.0,418330071700,24180929,3125,16480.0,17300.0
2020-09-27,18160.0,18160.0,16520.0,17620.0,8477002732450,481148873,81886,17300.0,18100.0
2020-09-28,16740.0,16740.0,16740.0,16740.0,381841341840,22810116,5321,17620.0,16740.0
2020-09-29,15910.0,17570.0,15910.0,16930.0,5722222030560,338034969,51725,16740.0,17570.0
2020-09-30,17560.0,17770.0,17150.0,17680.0,2513671827650,142136957,21947,16930.0,17770.0
2020-10-03,18560.0,18560.0,18560.0,18560.0,321814865280,17339163,2946,17680.0,18560.0
2020-10-04,19480.0,19480.0,17650.0,18920.0,8040450887620,424926978,80309,18560.0,18040.0
2020-10-05,17980.0,18700.0,17980.0,18030.0,2423768150750,134425997,23835,18920.0,17980.0
2020-10-06,17700.0,18800.0,17130.0,17640.0,4381439676100,248358431,57875,18030.0,17910.0
2020-10-07,17700.0,18250.0,16800.0,17300.0,3068700837890,177405862,47536,17640.0,17050.0
2020-10-10,16830.0,17200.0,16440.0,16580.0,2683254476690,161805774,40321,17300.0,16440.0
2020-10-11,16600.0,17400.0,16600.0,17250.0,3537329402710,205015494,41951,16580.0,16950.0
2020-10-12,16900.0,17400.0,16390.0,16540.0,2154535352760,130271265,28430,17250.0,16500.0
2020-10-13,16500.0,16510.0,15720.0,15940.0,2161050814190,135539284,29774,16540.0,15980.0
2020-10-14,15900.0,15900.0,15150.0,15240.0,1988253151410,130500809,28203,15940.0,15150.0
2020-10-18,14720.0,15150.0,14480.0,14540.0,631209126460,43407233,10499,15240.0,14480.0
2020-10-19,13820.0,13820.0,13820.0,13820.0,244975945800,17726190,2700,14540.0,13820.0
2020-10-20,13130.0,14290.0,13130.0,13380.0,1499352317570,112069309,17533,13820.0,14050.0
2020-10-21,14040.0,14040.0,13600.0,14020.0,2941483214920,209879933,30471,13380.0,14040.0
2020-10-24,13490.0,14090.0,13320.0,13390.0,802053012140,59888553,8598,14020.0,13320.0
2020-10-26,12730.0,13440.0,12730.0,12820.0,1495428100160,116656134,15089,13390.0,12850.0
2020-10-27,12640.0,13180.0,12180.0,12350.0,849262391360,68767607,10745,12820.0,12180.0
2020-10-28,11870.0,12780.0,11740.0,12070.0,1692995061770,140260328,23346,12350.0,12380.0
2020-10-31,12130.0,12670.0,12070.0,12590.0,1214965414180,96520195,14066,12070.0,12670.0
2020-11-01,12800.0,12800.0,11970.0,12150.0,869753765900,71566524,14911,12590.0,11970.0
2020-11-02,11570.0,12140.0,11550.0,11640.0,923070772790,79308566,15524,12150.0,11590.0
2020-11-04,11970.0,12220.0,11660.0,12190.0,948895107600,77823050,8746,11640.0,12220.0
2020-11-11,12650.0,12790.0,12330.0,12690.0,1162638906920,91586063,12479,12190.0,12790.0
2020-11-14,12970.0,13320.0,12600.0,13200.0,733124651470,55560448,7927,12690.0,13320.0
2020-11-15,13860.0,13860.0,12540.0,13110.0,2695139193780,205649677,35791,13200.0,12700.0
2020-11-16,12500.0,13490.0,12500.0,13080.0,1384084163690,105815738,20527,13110.0,12900.0
2020-11-17,12910.0,13620.0,12700.0,13260.0,1833799336210,138307587,26444,13080.0,13500.0
2020-11-18,13600.0,13920.0,13330.0,13780.0,1649246718430,119680138,19911,13260.0,13920.0
2020-11-21,14150.0,14170.0,13100.0,13570.0,1790579784530,131973043,26732,13780.0,13100.0
2020-11-22,13000.0,13460.0,12900.0,13030.0,1358083487590,104241113,19238,13570.0,12900.0
2020-11-23,13010.0,13490.0,13000.0,13180.0,996651277850,75623418,15472,13030.0,13100.0
2020-11-24,13180.0,13180.0,12530.0,12680.0,941632430520,74285456,13576,13180.0,12530.0
2020-11-25,12200.0,12590.0,12050.0,12290.0,1646843286490,134017093,23763,12680.0,12430.0
2020-11-28,12050.0,12900.0,12020.0,12750.0,1373898433520,107759973,14680,12290.0,12900.0
2020-11-29,13380.0,13380.0,13110.0,13370.0,1365488287740,102117384,12897,12750.0,13380.0
2020-11-30,13920.0,14030.0,13500.0,14000.0,1861892961690,133021054,18092,13370.0,14030.0
2020-12-01,13990.0,14510.0,13500.0,14100.0,2509428750590,177935503,30584,14000.0,14110.0
2020-12-02,14110.0,14300.0,13450.0,13830.0,1583488361110,114519838,23232,14100.0,13460.0
2020-12-05,13480.0,13980.0,13200.0,13630.0,1388659586940,101897859,21474,13830.0,13620.0
2020-12-06,13800.0,14100.0,13700.0,13920.0,1527658886740,109776583,25637,13630.0,13840.0
2020-12-07,13950.0,13960.0,13230.0,13550.0,1322771452240,97639943,21687,13920.0,13230.0
2020-12-08,13450.0,13540.0,12880.0,13030.0,1545116486950,118539270,22852,13550.0,13030.0
2020-12-09,13110.0,13680.0,12940.0,13350.0,1432327869360,107276400,24276,13030.0,13680.0
2020-12-12,13900.0,14010.0,13500.0,13890.0,1849900770600,133146976,26163,13350.0,13700.0
2020-12-13,13750.0,13920.0,13200.0,13440.0,1335608912140,99375107,20764,13890.0,13310.0
2020-12-14,13400.0,13710.0,12770.0,12990.0,1144387434570,88112109,16358,13440.0,12770.0
2020-12-15,12350.0,12700.0,12350.0,12360.0,352213492220,28504542,4229,12990.0,12350.0
2020-12-16,11750.0,12120.0,11750.0,11860.0,1268982027910,106974520,22189,12360.0,12020.0
2020-12-19,12290.0,12450.0,11910.0,12340.0,954540914390,77375730,14302,11860.0,12440.0
2020-12-20,12500.0,12600.0,11770.0,12090.0,777984790030,64375332,14195,12340.0,11910.0
2020-12-21,12020.0,12550.0,11780.0,12170.0,886988909920,72900884,15563,12090.0,12090.0
2020-12-22,12400.0,12460.0,11840.0,12160.0,895242963570,73624386,16429,12170.0,12210.0
2020-12-23,12450.0,12760.0,12230.0,12700.0,963408402030,75883435,9369,12160.0,12760.0
2020-12-26,13130.0,13130.0,12130.0,12450.0,1092316366180,87740347,20069,12700.0,12220.0
2020-12-27,12180.0,12690.0,11880.0,12130.0,938318685690,77338854,16999,12450.0,12170.0
2020-12-28,12060.0,12610.0,11980.0,12250.0,767844815700,62688383,14897,12130.0,12210.0
2020-12-29,12350.0,12350.0,11650.0,11800.0,794147679340,67326621,15291,12250.0,11740.0
2020-12-30,11650.0,11720.0,11210.0,11350.0,941864813310,82965922,17335,11800.0,11270.0
2021-01-02,11270.0,11270.0,10790.0,10820.0,933909837540,86338070,14011,11350.0,10820.0
2021-01-03,10360.0,11140.0,10360.0,10720.0,594753824410,55478456,12970,10820.0,10720.0
2021-01-04,11000.0,11200.0,10700.0,10950.0,469431558360,42871278,10689,10720.0,10970.0
2021-01-05,11000.0,11000.0,10410.0,10500.0,655535724730,62443948,12820,10950.0,10420.0
2021-01-06,10310.0,10750.0,9980.0,10370.0,1250757795820,120666038,17158,10500.0,10530.0
2021-01-09,10700.0,10880.0,10260.0,10570.0,746000198310,70593414,14473,10370.0,10870.0
2021-01-10,10900.0,11090.0,10810.0,11060.0,720655919210,65140832,10380,10570.0,11090.0
2021-01-11,11450.0,11450.0,10710.0,11020.0,637475423540,57832442,11384,11060.0,10740.0
2021-01-12,10580.0,10740.0,10470.0,10480.0,325740960260,31076672,5503,11020.0,10470.0
2021-01-13,9990.0,10380.0,9960.0,10000.0,698522729160,69860430,12257,10480.0,9960.0
2021-01-16,9600.0,9900.0,9500.0,9540.0,287424316510,30139190,4342,10000.0,9500.0
2021-01-18,9070.0,9150.0,9070.0,9070.0,217392858190,23964112,2133,9540.0,9070.0
2021-01-19,8620.0,9520.0,8620.0,9130.0,742918399950,81384277,12117,9070.0,9390.0
2021-01-20,9550.0,9580.0,9320.0,9570.0,209329076790,21868330,3029,9130.0,9580.0
2021-01-23,10040.0,10040.0,10040.0,10040.0,226943085720,22603893,2278,9570.0,10040.0
2021-01-24,10540.0,10540.0,9640.0,10210.0,1086358755660,106352223,15662,10040.0,9930.0
2021-01-25,9870.0,10720.0,9710.0,10540.0,1146727923290,108839953,13354,10210.0,10700.0
2021-01-26,10850.0,10850.0,10020.0,10270.0,695089856770,67659295,10506,10540.0,10020.0
2021-01-27,9910.0,10580.0,9770.0,10280.0,494171771350,48059448,9153,10270.0,10460.0
2021-01-30,10460.0,10790.0,10410.0,10750.0,477147890560,44366109,6240,10280.0,10790.0
2021-01-31,11000.0,11190.0,10220.0,10570.0,732982548240,69313667,12179,10750.0,10220.0
2021-02-01,10130.0,10660.0,10050.0,10150.0,608960877850,59990221,8117,10570.0,10050.0
2021-02-02,9760.0,10040.0,9650.0,9710.0,600187645350,61789934,9808,10150.0,9650.0
2021-02-03,9700.0,9950.0,9230.0,9320.0,546171815180,58600873,7668,9710.0,9230.0
2021-02-08,9640.0,9780.0,9610.0,9730.0,187706825140,19285906,1979,9320.0,9780.0
2021-02-09,9970.0,10210.0,9640.0,10110.0,812931351250,80422102,11600,9730.0,10210.0
2021-02-13,10600.0,10710.0,10410.0,10610.0,722677013030,68091274,10195,10110.0,10710.0
2021-02-14,10850.0,10890.0,10400.0,10550.0,494665418690,46907054,8019,10610.0,10400.0
2021-02-15,10340.0,10600.0,10340.0,10360.0,366867860570,35415998,4982,10550.0,10340.0
2021-02-16,10170.0,10300.0,10160.0,10160.0,236569321700,23281480,2844,10360.0,10160.0
2021-02-17,10160.0,10230.0,9960.0,9980.0,371986492730,37280495,5606,10160.0,9960.0
2021-02-20,9790.0,10000.0,9790.0,9800.0,221863859050,22648556,3205,9980.0,9900.0
2021-02-21,9620.0,9790.0,9610.0,9610.0,229838244110,23909222,3382,9800.0,9610.0
2021-02-22,9420.0,9580.0,9420.0,9420.0,207555332420,22024850,2781,9610.0,9420.0
2021-02-23,9240.0,9850.0,9240.0,9440.0,421452567120,44636164,9472,9420.0,9700.0
2021-02-24,9790.0,9800.0,9260.0,9390.0,317219751880,33768778,9051,9440.0,9280.0
2021-02-27,9230.0,9280.0,9210.0,9210.0,185227927150,20102063,3388,9390.0,9210.0
2021-02-28,9050.0,9150.0,9030.0,9040.0,99194470200,10977730,2048,9210.0,9030.0
2021-03-01,8860.0,9200.0,8860.0,8900.0,418010619110,46944188,8848,9040.0,8980.0
2021-03-02,9170.0,9260.0,8920.0,9070.0,247081910690,27251200,5921,8900.0,9050.0
2021-03-03,8980.0,9180.0,8890.0,8950.0,172554521830,19275288,4642,9070.0,8910.0
2021-03-06,8940.0,9290.0,8920.0,9120.0,349128940970,38278098,9159,8950.0,9180.0
2021-03-07,9170.0,9340.0,9110.0,9210.0,460597317410,50003980,6487,9120.0,9220.0
2021-03-08,9250.0,9660.0,9200.0,9450.0,324086243900,34308935,6899,9210.0,9570.0
2021-03-09,9670.0,9760.0,9300.0,9520.0,251060275330,26378236,6439,9450.0,9330.0
2021-03-10,9330.0,9470.0,9330.0,9340.0,198874104600,21299775,3010,9520.0,9330.0
2021-03-13,9170.0,9600.0,9160.0,9340.0,391153669190,41881356,7997,9340.0,9440.0
2021-03-14,9440.0,9680.0,9370.0,9500.0,230596477160,24274294,5243,9340.0,9450.0
2021-03-15,9500.0,10070.0,9320.0,9860.0,669008123580,67847845,8548,9500.0,10070.0
2021-03-16,10250.0,10450.0,10170.0,10420.0,516200534250,49532830,4004,9860.0,10450.0
2021-03-17,11040.0,11040.0,10730.0,11000.0,1464285277790,133113990,19107,10420.0,11040.0
2021-03-27,11300.0,11440.0,10780.0,11130.0,699362587000,62815773,11530,11000.0,11080.0
2021-03-28,11000.0,11100.0,10910.0,10920.0,305588678450,27995565,3336,11130.0,10910.0
2021-03-30,10710.0,11000.0,10710.0,10740.0,750281771120,69829473,9054,10920.0,10710.0
2021-03-31,10840.0,10850.0,10530.0,10590.0,398190842540,37608156,6013,10740.0,10590.0
2021-04-03,10590.0,10590.0,10380.0,10390.0,310215144090,29857755,3485,10590.0,10380.0
2021-04-04,10190.0,10190.0,10190.0,10190.0,165137957960,16205884,1447,10390.0,10190.0
2021-04-05,9990.0,10140.0,9990.0,10000.0,447224212610,44721599,5907,10190.0,10050.0
2021-04-06,10140.0,10190.0,9800.0,9920.0,217173962280,21903066,5151,10000.0,9800.0
2021-04-07,9740.0,9850.0,9730.0,9730.0,105622188950,10850302,1609,9920.0,9730.0
2021-04-10,9540.0,9540.0,9540.0,9680.0,23071297500,2418375,442,9730.0,9540.0
2021-04-11,9490.0,9490.0,9490.0,9650.0,12886461510,1357899,449,9680.0,9490.0
2021-04-12,9460.0,9460.0,9460.0,9560.0,45126555540,4770249,805,9650.0,9460.0
2021-04-13,9460.0,9850.0,9450.0,9610.0,696692216780,72488167,10598,9560.0,9550.0
2021-04-14,9440.0,9610.0,9420.0,9430.0,199516855730,21156599,4189,9610.0,9420.0
2021-04-17,9250.0,9250.0,9250.0,9400.0,15367413500,1661342,433,9430.0,9250.0
2021-04-18,9220.0,9220.0,9220.0,9220.0,94328593740,10230867,460,9400.0,9220.0
2021-04-19,9040.0,9040.0,9040.0,9040.0,93218572560,10311789,1222,9220.0,9040.0
2021-04-20,9300.0,9300.0,8860.0,9010.0,498032065100,55268567,10165,9040.0,8870.0
2021-04-21,8820.0,9000.0,8740.0,8770.0,267890056030,30545860,4576,9010.0,8740.0
2021-04-24,8520.0,8690.0,8510.0,8520.0,126234628450,14824699,1822,8770.0,8510.0
2021-04-25,8270.0,8270.0,8270.0,8270.0,82677985260,9997338,960,8520.0,8270.0
2021-04-26,8030.0,8500.0,8030.0,8210.0,512096987920,62343300,9679,8270.0,8430.0
2021-04-27,8410.0,8700.0,8390.0,8620.0,562216327780,65218550,7929,8210.0,8590.0
2021-04-28,8740.0,8910.0,8550.0,8680.0,260431353680,29994203,5304,8620.0,8660.0
2021-05-01,8670.0,8700.0,8420.0,8450.0,213737468490,25283240,2959,8680.0,8420.0
2021-05-02,8210.0,8320.0,8200.0,8260.0,64096253420,7813335,1431,8450.0,8200.0
2021-05-03,8030.0,8190.0,8020.0,8030.0,261095073260,32498140,5141,8260.0,8020.0
2021-05-05,8000.0,8230.0,8000.0,8090.0,212755544450,26283764,5583,8030.0,8120.0
2021-05-08,8130.0,8200.0,7850.0,7930.0,294044283240,37062219,6069,8090.0,7900.0
2021-05-09,7760.0,8000.0,7700.0,7750.0,252074756700,32508443,4778,7930.0,7710.0
2021-05-10,7660.0,8210.0,7660.0,8150.0,476306863210,58451505,5989,7750.0,8210.0
2021-05-11,8610.0,8630.0,8510.0,8620.0,189017574640,21931466,2255,8150.0,8630.0
2021-05-12,9070.0,9070.0,8500.0,8780.0,543582693480,61880810,8836,8620.0,8750.0
2021-05-15,8500.0,9110.0,8400.0,8910.0,250948552930,28177052,4913,8780.0,8850.0
2021-05-16,9030.0,9030.0,8640.0,8890.0,217523413850,24458801,4314,8910.0,8780.0
2021-05-17,8900.0,8980.0,8550.0,8790.0,211246964480,24025783,3820,8890.0,8630.0
2021-05-18,8470.0,9010.0,8400.0,8810.0,190614808940,21636427,3422,8790.0,8740.0
2021-05-19,8760.0,8960.0,8370.0,8610.0,214351795270,24890346,4040,8810.0,8400.0
2021-05-22,8380.0,8500.0,8180.0,8210.0,155543818700,18956244,2198,8610.0,8180.0
2021-05-23,8000.0,8250.0,7850.0,8020.0,237111650360,29551116,4003,8210.0,7900.0
2021-05-24,7850.0,8190.0,7810.0,8040.0,216024809330,26853527,4023,8020.0,8110.0
2021-05-25,8110.0,8440.0,8050.0,8360.0,247747040490,29632011,4687,8040.0,8350.0
2021-05-26,8230.0,8590.0,8230.0,8410.0,136423479440,16229299,4030,8360.0,8390.0
2021-05-29,8550.0,8830.0,8550.0,8800.0,186976950670,21251035,2791,8410.0,8830.0
2021-05-30,9010.0,9200.0,8550.0,8890.0,317074630160,35668274,6614,8800.0,8700.0
2021-05-31,8730.0,8890.0,8450.0,8570.0,169088213810,19726260,3516,8890.0,8450.0
2021-06-01,8320.0,8610.0,8210.0,8380.0,104501890510,12463855,2800,8570.0,8310.0
2021-06-02,8300.0,8640.0,8250.0,8500.0,155510350280,18299759,3445,8380.0,8540.0
2021-06-07,8670.0,8750.0,8430.0,8620.0,185224041310,21488027,4453,8500.0,8690.0
2021-06-08,8600.0,8920.0,8510.0,8710.0,148996570710,17099288,3793,8620.0,8570.0
2021-06-09,8570.0,8650.0,8360.0,8470.0,126563027160,14940318,2655,8710.0,8440.0
2021-06-12,8500.0,8570.0,8210.0,8370.0,109948655300,13142699,2615,8470.0,8260.0
2021-06-13,8250.0,8400.0,8130.0,8270.0,90735550960,10977954,2494,8370.0,8330.0
2021-06-14,8300.0,8530.0,8300.0,8420.0,111384094640,13226247,2764,8270.0,8500.0
2021-06-15,8500.0,8600.0,8160.0,8440.0,312256689410,36991863,4743,8420.0,8570.0
2021-06-16,8700.0,8860.0,8500.0,8800.0,295697592100,33595592,4155,8440.0,8860.0
2021-06-19,9220.0,9240.0,9010.0,9190.0,635160780590,69094063,7214,8800.0,9240.0
2021-06-20,9350.0,9450.0,8990.0,9180.0,393475125230,42860957,7251,9190.0,9040.0
2021-06-21,9010.0,9340.0,8970.0,9210.0,288547192000,31312817,5272,9180.0,9170.0
2021-06-22,9220.0,9440.0,9200.0,9280.0,275597812240,29684690,5040,9210.0,9280.0
2021-06-23,9360.0,9550.0,9110.0,9330.0,470835705330,50485230,7162,9280.0,9390.0
2021-06-26,9100.0,9690.0,9000.0,9340.0,965922466910,103417973,15806,9330.0,9300.0
2021-06-27,9280.0,9650.0,9170.0,9430.0,470705007590,49936234,9931,9340.0,9370.0
2021-06-28,9360.0,9480.0,9190.0,9280.0,372939782120,40174270,7663,9430.0,9270.0
2021-06-29,9350.0,9520.0,9200.0,9390.0,398928740330,42475732,7308,9280.0,9400.0
2021-06-30,9310.0,9460.0,9310.0,9380.0,315093214600,33586980,6937,9390.0,9370.0
2021-07-03,9370.0,9400.0,8920.0,9110.0,473268823130,51946987,9067,9380.0,8920.0
2021-07-04,8890.0,9400.0,8880.0,9170.0,399426775740,43547944,6624,9110.0,9160.0
2021-07-05,9240.0,9390.0,9090.0,9250.0,362504251870,39178123,5828,9170.0,9290.0
2021-07-06,9350.0,9710.0,9330.0,9650.0,896493138560,92919936,11150,9250.0,9710.0
2021-07-07,9770.0,9980.0,9590.0,9780.0,560384306560,57285218,10248,9650.0,9750.0
2021-07-10,9770.0,9770.0,9450.0,9530.0,322232792220,33801732,6543,9780.0,9480.0
2021-07-11,9590.0,9860.0,9410.0,9670.0,352707239490,36473600,5959,9530.0,9780.0
2021-07-12,9680.0,9900.0,9540.0,9700.0,370694940030,38230825,6599,9670.0,9600.0
2021-07-13,9590.0,9790.0,9400.0,9520.0,280371606280,29438375,6040,9700.0,9450.0
2021-07-14,9410.0,9500.0,9300.0,9400.0,236761061210,25176139,5857,9520.0,9440.0
2021-07-17,9610.0,9730.0,9370.0,9510.0,334031137220,35108959,6295,9400.0,9410.0
2021-07-18,9350.0,9450.0,9200.0,9270.0,258080049210,27852069,5553,9510.0,9230.0
2021-07-19,9290.0,9490.0,9180.0,9300.0,290602390250,31258755,5931,9270.0,9310.0
2021-07-26,9430.0,9760.0,9350.0,9600.0,600663484910,62600021,9863,9300.0,9540.0
2021-07-27,9590.0,9800.0,9290.0,9470.0,319204684830,33689772,6238,9600.0,9370.0
2021-07-28,9400.0,9580.0,9170.0,9320.0,368068925240,39479251,6155,9470.0,9240.0
2021-07-31,9320.0,9640.0,9240.0,9500.0,392857192720,41354889,6411,9320.0,9510.0
2021-08-01,9750.0,9970.0,9680.0,9930.0,405768487960,40878225,3752,9500.0,9970.0
2021-08-02,10420.0,10420.0,10420.0,10420.0,211068270240,20256072,1877,9930.0,10420.0
2021-08-03,10930.0,10930.0,10550.0,10780.0,2701393950820,250615018,29688,10420.0,10590.0
2021-08-04,10680.0,10930.0,10450.0,10720.0,1248439738090,116494793,17342,10780.0,10800.0
2021-08-07,10870.0,10870.0,10450.0,10610.0,766528967330,72275052,11808,10720.0,10520.0
2021-08-08,10500.0,10600.0,10320.0,10460.0,677582506140,64754941,10657,10610.0,10440.0
2021-08-09,10650.0,10900.0,10440.0,10680.0,1418039138490,132730673,19452,10460.0,10640.0
2021-08-23,4770.0,4890.0,4540.0,4620.0,1800951305690,389509185,29993,3670.0,4590.0
2021-08-24,4680.0,4680.0,4410.0,4561.0,1086367344896,238181729,30691,4620.0,4513.0
2021-08-25,4560.0,4560.0,4400.0,4450.0,660685900946,148479753,18842,4561.0,4441.0
2021-08-28,4450.0,4591.0,4449.0,4542.0,512018855506,112719348,13339,4450.0,4570.0
2021-08-29,4596.0,4596.0,4315.0,4454.0,596706126983,133957806,16375,4542.0,4317.0
2021-08-30,4232.0,4315.0,4232.0,4242.0,240290333403,56646312,6254,4454.0,4232.0
2021-08-31,4040.0,4230.0,4030.0,4086.0,393837492112,96387117,11021,4242.0,4069.0
2021-09-01,4049.0,4290.0,4049.0,4220.0,349747247999,82877614,7343,4086.0,4290.0
2021-09-04,4431.0,4431.0,4355.0,4429.0,533602915660,120475681,8681,4220.0,4431.0
2021-09-05,4500.0,4640.0,4370.0,4567.0,715976361513,156757023,15026,4429.0,4546.0
2021-09-06,4581.0,4610.0,4339.0,4443.0,482301503775,108543103,13518,4567.0,4347.0
2021-09-07,4315.0,4450.0,4250.0,4320.0,164811988897,38147096,6747,4443.0,4285.0
2021-09-08,4280.0,4410.0,4252.0,4316.0,154248563302,35737205,7721,4320.0,4330.0
2021-09-11,4399.0,4413.0,4236.0,4304.0,134762841925,31309451,4829,4316.0,4249.0
2021-09-12,4280.0,4280.0,4089.0,4133.0,195142690961,47214190,6836,4304.0,4145.0
2021-09-13,4145.0,4206.0,3991.0,4095.0,150936643740,36863077,5524,4133.0,4129.0
2021-09-14,4158.0,4270.0,4111.0,4216.0,156906103901,37214530,5447,4095.0,4259.0
2021-09-15,4239.0,4250.0,4110.0,4162.0,135006128116,32438527,5802,4216.0,4150.0
2021-09-18,4121.0,4205.0,3954.0,3990.0,171109285814,42886041,5933,4162.0,3961.0
2021-09-19,3954.0,4046.0,3811.0,3892.0,147006129193,37767726,5009,3990.0,3930.0
2021-09-20,3930.0,3990.0,3880.0,3916.0,107747310801,27509706,3673,3892.0,3912.0
2021-09-21,3912.0,3912.0,3721.0,3747.0,170891676753,45609604,5490,3916.0,3750.0
2021-09-22,3726.0,3834.0,3565.0,3706.0,151522667659,40889617,5873,3747.0,3814.0
2021-09-25,3545.0,3850.0,3545.0,3733.0,243681192956,65282882,6039,3706.0,3781.0
2021-09-26,3785.0,3821.0,3613.0,3680.0,136000809878,36958542,4199,3733.0,3670.0
2021-09-28,3612.0,3738.0,3600.0,3640.0,121956668147,33500002,4139,3680.0,3620.0
2021-09-29,3615.0,3800.0,3615.0,3733.0,174113109626,46641026,4732,3640.0,3797.0
2021-10-02,3818.0,3919.0,3808.0,3897.0,280073390977,71871005,4639,3733.0,3919.0
2021-10-03,3959.0,4018.0,3870.0,3947.0,315282521946,79869481,6053,3897.0,3912.0
2021-10-04,3836.0,3990.0,3812.0,3924.0,139986390873,35675486,3731,3947.0,3921.0
2021-10-06,3924.0,3980.0,3885.0,3915.0,137045396813,35004926,3387,3924.0,3890.0
2021-10-09,3975.0,3975.0,3720.0,3776.0,107187706222,28389465,3636,3915.0,3722.0
2021-10-10,3640.0,3774.0,3630.0,3708.0,85069604676,23032889,2882,3776.0,3749.0
2021-10-11,3780.0,3830.0,3602.0,3699.0,87796784758,23742978,2889,3708.0,3631.0
2021-10-12,3571.0,3625.0,3515.0,3520.0,196918622759,55942344,4179,3699.0,3515.0
2021-10-13,3496.0,3513.0,3344.0,3369.0,119687459623,35528286,3512,3520.0,3375.0
2021-10-16,3406.0,3530.0,3406.0,3468.0,88776600131,25529778,2965,3369.0,3436.0
2021-10-17,3510.0,3510.0,3295.0,3353.0,119861126845,35742779,3319,3468.0,3316.0
2021-10-18,3250.0,3400.0,3240.0,3310.0,111978652078,33827077,3060,3353.0,3390.0
2021-10-19,3360.0,3420.0,3310.0,3364.0,81659530141,24209921,2434,3310.0,3378.0
2021-10-20,3340.0,3375.0,3292.0,3333.0,59402871206,17915233,2053,3364.0,3297.0
2021-10-23,3297.0,3300.0,3167.0,3173.0,110517730234,34829823,3084,3333.0,3170.0
2021-10-25,3060.0,3161.0,3015.0,3050.0,93643573717,30705774,3077,3173.0,3022.0
2021-10-26,2970.0,3083.0,2970.0,3032.0,65797557452,21736248,2450,3050.0,3021.0
2021-10-27,3089.0,3178.0,2881.0,3068.0,125120055776,40783908,3414,3032.0,3099.0
2021-10-30,3102.0,3153.0,2940.0,3016.0,73458828187,24415923,2934,3068.0,2991.0
2021-10-31,2963.0,3000.0,2866.0,2874.0,140001420980,48708068,3045,3016.0,2870.0
2021-11-01,2880.0,3017.0,2880.0,2933.0,63204523236,21413070,2284,2874.0,2932.0
2021-11-02,3030.0,3050.0,2930.0,2980.0,50850597240,16886729,2104,2933.0,3026.0
2021-11-03,3049.0,3129.0,3001.0,3084.0,93694954816,30377617,2471,2980.0,3129.0
2021-11-06,3210.0,3238.0,3150.0,3198.0,69897688730,21629133,1126,3084.0,3238.0
2021-11-07,3275.0,3357.0,3199.0,3305.0,237004937415,71713036,5858,3198.0,3271.0
2021-11-08,3284.0,3374.0,3195.0,3284.0,82901958448,25260406,2820,3305.0,3260.0
2021-11-09,3263.0,3383.0,3225.0,3292.0,91535174629,27801154,2711,3284.0,3262.0
2021-11-10,3301.0,3360.0,3236.0,3284.0,84346332690,25689256,2838,3292.0,3274.0
2021-11-13,3245.0,3294.0,3134.0,3226.0,71696176644,22322406,2195,3284.0,3186.0
2021-11-14,3180.0,3280.0,3180.0,3229.0,60739617923,18805343,2190,3226.0,3195.0
2021-11-15,3184.0,3220.0,3068.0,3112.0,84036793893,27037160,2315,3229.0,3068.0
2021-11-16,2957.0,2957.0,2957.0,2957.0,194300055199,65708507,3549,3112.0,2957.0
2021-11-17,2871.0,3091.0,2871.0,2976.0,1003013378792,336985015,17302,2957.0,3067.0
2021-11-20,3124.0,3124.0,3040.0,3109.0,942119568248,302994358,16935,2976.0,3124.0
2021-11-21,3118.0,3148.0,2954.0,3040.0,486240672818,159939477,9915,3109.0,3060.0
2021-11-22,3102.0,3115.0,3025.0,3060.0,362201571482,118368744,8400,3040.0,3034.0
2021-11-23,3054.0,3054.0,2950.0,2986.0,310026021131,103839090,7195,3060.0,3012.0
2021-11-24,3040.0,3040.0,2874.0,2913.0,278863578703,95739936,6274,2986.0,2900.0
2021-11-27,2861.0,2870.0,2768.0,2773.0,463267002103,167075140,7932,2913.0,2768.0
2021-11-28,2709.0,2810.0,2671.0,2729.0,240037055803,87952443,5801,2773.0,2707.0
2021-11-29,2703.0,2760.0,2680.0,2710.0,204894405185,75609891,4868,2729.0,2695.0
2021-11-30,2698.0,2737.0,2580.0,2623.0,210512165212,80246087,5993,2710.0,2610.0
2021-12-01,2580.0,2610.0,2492.0,2508.0,329945190623,131556985,7331,2623.0,2505.0
2021-12-04,2567.0,2633.0,2567.0,2627.0,619646730595,235911177,9306,2508.0,2633.0
2021-12-05,2670.0,2736.0,2560.0,2636.0,243550914312,92397468,5726,2627.0,2600.0
2021-12-06,2586.0,2620.0,2505.0,2548.0,223016054556,87516296,5911,2636.0,2516.0
2021-12-07,2507.0,2635.0,2501.0,2558.0,150922189345,59003185,4142,2548.0,2530.0
2021-12-08,2510.0,2595.0,2510.0,2561.0,130446681186,50941938,3747,2558.0,2557.0
2021-12-11,2560.0,2600.0,2458.0,2509.0,143478264753,57183682,4000,2561.0,2479.0
2021-12-12,2452.0,2500.0,2384.0,2390.0,202522323545,84741523,4067,2509.0,2398.0
2021-12-13,2360.0,2437.0,2272.0,2320.0,179701091930,77472545,4018,2390.0,2275.0
2021-12-14,2300.0,2400.0,2215.0,2323.0,114625129421,49341443,3185,2320.0,2326.0
2021-12-15,2331.0,2390.0,2260.0,2301.0,97827585238,42515508,2479,2323.0,2296.0
2021-12-18,2334.0,2379.0,2302.0,2323.0,98463339009,42386249,2771,2301.0,2318.0
2021-12-19,2310.0,2340.0,2207.0,2233.0,154320980383,69103424,3515,2323.0,2214.0
2021-12-20,2250.0,2278.0,2233.0,2254.0,94367799409,41863739,2859,2233.0,2243.0
2021-12-21,2310.0,2366.0,2256.0,2347.0,93361833206,39780595,2064,2254.0,2366.0
2021-12-22,2460.0,2464.0,2445.0,2462.0,101661963722,41291524,1232,2347.0,2464.0
2021-12-25,2585.0,2585.0,2479.0,2541.0,248596788924,97825178,4715,2462.0,2498.0
2021-12-26,2498.0,2500.0,2415.0,2457.0,151103946344,61511551,3605,2541.0,2466.0
2021-12-27,2471.0,2540.0,2471.0,2510.0,127011678953,50598673,3142,2457.0,2489.0
2021-12-28,2510.0,2580.0,2450.0,2514.0,126405429654,50275309,2929,2510.0,2500.0
2021-12-29,2531.0,2532.0,2430.0,2474.0,113705761866,45964452,3078,2514.0,2433.0
2022-01-01,2431.0,2433.0,2351.0,2361.0,184606413087,78204856,3998,2474.0,2351.0
2022-01-02,2349.0,2396.0,2323.0,2345.0,116874297365,49849654,3248,2361.0,2346.0
2022-01-08,2290.0,2345.0,2261.0,2281.0,66620176599,29209727,1597,2345.0,2271.0
2022-01-09,2295.0,2295.0,2167.0,2189.0,219557243906,100293861,4623,2281.0,2196.0
2022-01-10,2180.0,2246.0,2170.0,2211.0,98907238075,44736302,2969,2189.0,2208.0
2022-01-11,2213.0,2259.0,2196.0,2215.0,79081326137,35702879,2333,2211.0,2202.0
2022-01-12,2208.0,2208.0,2153.0,2179.0,98256116142,45090718,2938,2215.0,2177.0
2022-01-15,2160.0,2229.0,2140.0,2180.0,127838118122,58641355,3546,2179.0,2142.0
2022-01-16,2141.0,2190.0,2113.0,2143.0,97110483884,45322554,2514,2180.0,2166.0
2022-01-17,2177.0,2179.0,2124.0,2143.0,123948914563,57851745,2456,2143.0,2140.0
2022-01-18,2157.0,2157.0,2036.0,2048.0,160095511970,78189690,3411,2143.0,2061.0
2022-01-19,2011.0,2100.0,2005.0,2066.0,93957980545,45486738,2746,2048.0,2071.0
2022-01-22,2100.0,2122.0,1991.0,2040.0,115570394100,56654775,3399,2066.0,1999.0
2022-01-23,1971.0,1999.0,1938.0,1942.0,166905509005,85938809,3680,2040.0,1945.0
2022-01-24,1915.0,1945.0,1845.0,1866.0,96480462944,51697535,2796,1942.0,1852.0
2022-01-25,1811.0,1880.0,1773.0,1813.0,144015826296,79451202,3206,1866.0,1870.0
2022-01-26,1903.0,1903.0,1890.0,1903.0,92433760394,48575736,1698,1813.0,1903.0
2022-01-29,1998.0,1998.0,1998.0,1998.0,88407060444,44247778,917,1903.0,1998.0
2022-01-30,2097.0,2097.0,2040.0,2090.0,310104641242,148382351,4900,1998.0,2096.0
2022-01-31,2100.0,2162.0,2090.0,2125.0,148199435043,69747649,3164,2090.0,2134.0
2022-02-01,2125.0,2159.0,2075.0,2112.0,123135869353,58296380,2909,2125.0,2082.0
2022-02-02,2113.0,2115.0,2056.0,2097.0,98760259899,47104892,2289,2112.0,2080.0
2022-02-05,2080.0,2128.0,2031.0,2088.0,112858167776,54042059,2515,2097.0,2051.0
2022-02-06,2088.0,2096.0,1984.0,2028.0,138243645320,68183869,2247,2088.0,1984.0
2022-02-07,1927.0,2040.0,1927.0,1972.0,135186806442,68554830,3726,2028.0,1969.0
2022-02-08,1981.0,2019.0,1939.0,1979.0,89689961965,45327521,2280,1972.0,1959.0
2022-02-09,1961.0,1997.0,1950.0,1973.0,81257226823,41178834,2606,1979.0,1965.0
2022-02-12,1969.0,1969.0,1875.0,1898.0,138011165682,72728556,3603,1973.0,1876.0
2022-02-13,1883.0,1883.0,1833.0,1851.0,72344937239,39085161,2108,1898.0,1848.0
2022-02-14,1858.0,1910.0,1848.0,1871.0,92043979770,49187890,2371,1851.0,1857.0
2022-02-16,1897.0,1899.0,1825.0,1853.0,72535540150,39148364,2290,1871.0,1848.0
2022-02-19,1832.0,1865.0,1792.0,1815.0,112340063689,61910406,3012,1853.0,1824.0
2022-02-20,1830.0,1830.0,1767.0,1793.0,62821603927,35032223,2273,1815.0,1815.0
2022-02-21,1840.0,1882.0,1807.0,1859.0,152963403451,82265520,3291,1793.0,1876.0
2022-02-22,1890.0,1905.0,1840.0,1865.0,93196334210,49963927,2296,1859.0,1883.0
2022-02-23,1888.0,1896.0,1860.0,1874.0,57218806973,30534837,1632,1865.0,1875.0
2022-02-26,1900.0,1900.0,1812.0,1850.0,75577877527,40863816,2514,1874.0,1834.0
2022-02-27,1814.0,1860.0,1814.0,1837.0,40681585147,22192206,1617,1850.0,1831.0
2022-02-28,1850.0,1853.0,1831.0,1841.0,50807193803,27603480,1620,1837.0,1842.0
2022-03-02,1850.0,1879.0,1818.0,1839.0,51484697428,28001000,1963,1841.0,1821.0
2022-03-05,1840.0,1920.0,1826.0,1891.0,118634412951,62750030,2992,1839.0,1895.0
2022-03-06,1910.0,1985.0,1899.0,1975.0,201004230446,101794889,3355,1891.0,1985.0
2022-03-07,2073.0,2073.0,2073.0,2073.0,181698145269,87649853,1870,1975.0,2073.0
2022-03-08,2080.0,2150.0,2010.0,2096.0,370278798233,176701778,6444,2073.0,2108.0
2022-03-09,2111.0,2200.0,2111.0,2187.0,478239873239,218647477,6003,2096.0,2200.0
2022-03-12,2158.0,2240.0,2110.0,2193.0,292621341118,133424814,5038,2187.0,2159.0
2022-03-13,2130.0,2180.0,2088.0,2126.0,149982521058,70544917,3413,2193.0,2121.0
2022-03-14,2124.0,2149.0,2072.0,2104.0,123959014383,58919546,2415,2126.0,2090.0
2022-03-15,2081.0,2130.0,2040.0,2084.0,111946785628,53720852,2098,2104.0,2070.0
2022-03-16,2070.0,2139.0,2070.0,2100.0,112265307943,53462032,2152,2084.0,2100.0
2022-03-19,2188.0,2205.0,2120.0,2194.0,212650152833,96911701,3058,2100.0,2205.0
2022-03-26,2224.0,2269.0,2183.0,2214.0,117326419951,52995061,2605,2194.0,2214.0
2022-03-27,2246.0,2272.0,2192.0,2235.0,126346436572,56534177,2644,2214.0,2230.0
2022-03-28,2239.0,2324.0,2224.0,2269.0,182089113711,80251194,3651,2235.0,2294.0
2022-03-29,2320.0,2320.0,2215.0,2249.0,153331177596,68185016,3006,2269.0,2221.0
2022-03-30,2240.0,2276.0,2185.0,2241.0,174245555668,77762655,3152,2249.0,2230.0
2022-04-03,2267.0,2353.0,2222.0,2330.0,317046445844,136048545,4137,2241.0,2353.0
2022-04-04,2390.0,2407.0,2260.0,2314.0,213631498259,92308614,4086,2330.0,2291.0
2022-04-05,2261.0,2330.0,2255.0,2295.0,165931154779,72302848,3378,2314.0,2306.0
2022-04-06,2326.0,2409.0,2300.0,2406.0,996679210848,414219742,6997,2295.0,2409.0
2022-04-09,2440.0,2460.0,2375.0,2423.0,320954523572,132447206,5144,2406.0,2385.0
2022-04-10,2419.0,2445.0,2380.0,2407.0,277272595255,115216001,4840,2423.0,2406.0
2022-04-11,2420.0,2497.0,2387.0,2454.0,209168403091,85244637,3465,2407.0,2442.0
2022-04-12,2405.0,2420.0,2332.0,2339.0,253364626668,108325850,2671,2454.0,2332.0
2022-04-13,2310.0,2389.0,2274.0,2320.0,158386936042,68262876,3343,2339.0,2330.0
2022-04-16,2430.0,2436.0,2390.0,2434.0,565933043174,232504776,5793,2320.0,2436.0
2022-04-17,2450.0,2498.0,2386.0,2461.0,304187031894,123609994,4486,2434.0,2473.0
2022-04-18,2490.0,2562.0,2441.0,2506.0,321765544381,128408434,4985,2461.0,2449.0
2022-04-19,2490.0,2540.0,2440.0,2474.0,250315489127,101162400,4238,2506.0,2464.0
2022-04-20,2440.0,2489.0,2422.0,2433.0,171789087814,70611154,3273,2474.0,2430.0
2022-04-24,2433.0,2480.0,2383.0,2423.0,135673422405,55992917,3439,2433.0,2388.0
2022-04-25,2420.0,2433.0,2378.0,2406.0,147305392968,61236496,3440,2423.0,2401.0
2022-04-26,2429.0,2488.0,2385.0,2422.0,220559050267,91066301,4299,2406.0,2400.0
2022-04-27,2422.0,2422.0,2381.0,2396.0,143073466918,59702405,3773,2422.0,2387.0
2022-04-30,2401.0,2450.0,2386.0,2413.0,142998830846,59260722,3260,2396.0,2400.0
2022-05-01,2436.0,2436.0,2376.0,2390.0,160950435433,67331855,3582,2413.0,2384.0
2022-05-02,2432.0,2458.0,2381.0,2426.0,163381702970,67352829,3464,2390.0,2436.0
2022-05-07,2460.0,2501.0,2426.0,2454.0,155477649234,63355346,3493,2426.0,2434.0
2022-05-08,2434.0,2450.0,2401.0,2414.0,174564591835,72325953,4175,2454.0,2411.0
2022-05-09,2435.0,2435.0,2313.0,2358.0,201866075738,85608347,4326,2414.0,2330.0
2022-05-10,2324.0,2377.0,2270.0,2336.0,200269833745,85730681,3639,2358.0,2370.0
2022-05-11,2405.0,2476.0,2405.0,2467.0,396212950245,160575038,3600,2336.0,2476.0
2022-05-14,2536.0,2600.0,2490.0,2538.0,455294358709,179426259,7395,2467.0,2528.0
2022-05-15,2545.0,2545.0,2431.0,2488.0,199793454785,80310254,4134,2538.0,2493.0
2022-05-16,2500.0,2559.0,2470.0,2512.0,164617125319,65521633,4468,2488.0,2522.0
2022-05-17,2550.0,2565.0,2462.0,2515.0,207732680819,82608108,3936,2512.0,2470.0
2022-05-18,2460.0,2460.0,2402.0,2419.0,202445732515,83673149,4084,2515.0,2423.0
2022-05-21,2380.0,2400.0,2335.0,2362.0,178380322246,75514054,3298,2419.0,2363.0
2022-05-22,2362.0,2459.0,2353.0,2409.0,140849808416,58478341,2988,2362.0,2395.0
2022-05-23,2430.0,2444.0,2282.0,2337.0,190366106362,81441515,4006,2409.0,2293.0
2022-05-24,2291.0,2380.0,2280.0,2315.0,157155387929,67891989,3681,2337.0,2300.0
2022-05-25,2291.0,2372.0,2291.0,2336.0,100376866606,42962299,2728,2315.0,2356.0
2022-05-28,2373.0,2470.0,2342.0,2404.0,325939016794,135576238,5208,2336.0,2390.0
2022-05-29,2367.0,2414.0,2302.0,2350.0,144739841556,61596335,2535,2404.0,2369.0
2022-05-30,2358.0,2410.0,2327.0,2354.0,126989127831,53935748,2677,2350.0,2340.0
2022-05-31,2379.0,2379.0,2294.0,2334.0,162594841754,69663701,2950,2354.0,2330.0
2022-06-01,2305.0,2350.0,2290.0,2306.0,103987015909,45095973,2476,2334.0,2320.0
2022-06-06,2320.0,2339.0,2180.0,2223.0,226581904212,101911063,3799,2306.0,2193.0
2022-06-07,2193.0,2230.0,2180.0,2203.0,130471219548,59232244,3062,2223.0,2215.0
2022-06-08,2219.0,2269.0,2202.0,2221.0,110590021613,49792372,2158,2203.0,2224.0
2022-06-11,2225.0,2240.0,2190.0,2214.0,130635830852,58997777,2492,2221.0,2192.0
2022-06-12,2190.0,2250.0,2163.0,2213.0,204848541197,92586758,3058,2214.0,2218.0
2022-06-13,2240.0,2340.0,2220.0,2302.0,254940729467,110723862,3426,2213.0,2310.0
2022-06-14,2350.0,2352.0,2259.0,2287.0,101413305474,44338707,2274,2302.0,2259.0
2022-06-15,2279.0,2279.0,2236.0,2253.0,95535712795,42402057,1744,2287.0,2268.0
2022-06-18,2255.0,2289.0,2190.0,2208.0,126716714069,57383600,2228,2253.0,2210.0
2022-06-19,2240.0,2240.0,2179.0,2192.0,116930007629,53336441,2152,2208.0,2182.0
2022-06-20,2180.0,2238.0,2180.0,2193.0,152977495564,69741606,2133,2192.0,2193.0
2022-06-21,2181.0,2197.0,2151.0,2171.0,114457450859,52728459,1910,2193.0,2153.0
2022-06-22,2124.0,2153.0,2089.0,2118.0,159482070348,75298564,2689,2171.0,2122.0
2022-06-25,2074.0,2130.0,2074.0,2092.0,143865836203,68767916,2570,2118.0,2092.0
2022-06-26,2102.0,2102.0,2025.0,2055.0,125548688403,61085422,2561,2092.0,2026.0
2022-06-27,2050.0,2073.0,2011.0,2053.0,94984546362,46262907,2446,2055.0,2064.0
2022-06-28,2066.0,2119.0,2053.0,2086.0,90955000642,43594238,2154,2053.0,2077.0
2022-06-29,2097.0,2122.0,2080.0,2105.0,68363209545,32476666,1524,2086.0,2113.0
2022-07-02,2115.0,2115.0,2051.0,2067.0,65550996711,31706576,1493,2105.0,2060.0
2022-07-03,2079.0,2090.0,2036.0,2071.0,60183064187,29056618,1497,2067.0,2069.0
2022-07-04,2076.0,2163.0,2076.0,2135.0,106878320407,50048618,2651,2071.0,2158.0
2022-07-05,2170.0,2189.0,2138.0,2157.0,99410403432,46085685,2091,2135.0,2164.0
2022-07-06,2140.0,2161.0,2103.0,2134.0,75093911366,35194424,1431,2157.0,2132.0
2022-07-09,2100.0,2160.0,2100.0,2123.0,68880679442,32443944,1517,2134.0,2116.0
2022-07-11,2110.0,2127.0,2023.0,2063.0,73699519572,35731728,1806,2123.0,2031.0
2022-07-12,2000.0,2075.0,2000.0,2046.0,83033880164,40576365,1577,2063.0,2066.0
2022-07-13,2079.0,2109.0,2054.0,2066.0,45833474557,22121400,1142,2046.0,2073.0
2022-07-16,2050.0,2050.0,2017.0,2029.0,59909284028,29530915,1396,2066.0,2027.0
2022-07-17,2017.0,2047.0,1974.0,2007.0,95719048708,47694807,1839,2029.0,2047.0
2022-07-19,2030.0,2052.0,2000.0,2025.0,44463873795,21899530,1147,2007.0,2040.0
2022-07-20,2045.0,2090.0,2019.0,2043.0,71115085170,34802623,1657,2025.0,2023.0
2022-07-23,2020.0,2086.0,2019.0,2069.0,111668654065,53965692,1890,2043.0,2060.0
2022-07-24,2040.0,2060.0,1986.0,2002.0,102669096214,51275472,2025,2069.0,1989.0
2022-07-25,1981.0,1983.0,1895.0,1917.0,90516754692,47217552,1954,2002.0,1904.0
2022-07-26,1888.0,1952.0,1888.0,1918.0,57272964165,29861680,1328,1917.0,1919.0
2022-07-27,1938.0,1975.0,1920.0,1939.0,41277253616,21211320,1121,1918.0,1966.0
2022-07-30,1950.0,1975.0,1899.0,1922.0,85018451026,44244088,1504,1939.0,1906.0
2022-07-31,1895.0,1920.0,1843.0,1877.0,76304462083,40649907,1988,1922.0,1891.0
2022-08-01,1921.0,1921.0,1880.0,1901.0,62921281710,33107096,1343,1877.0,1897.0
2022-08-02,1902.0,1930.0,1901.0,1905.0,14681831508,7660603,459,1901.0,1912.0
2022-08-03,1940.0,2000.0,1916.0,1953.0,65064968080,33319775,1202,1905.0,1975.0
2022-08-06,1980.0,2031.0,1980.0,2008.0,54723568853,27225348,1210,1953.0,2011.0
2022-08-09,2005.0,2039.0,1985.0,2013.0,63889499417,31739977,1260,2008.0,2028.0
2022-08-10,2001.0,2034.0,1981.0,2005.0,63083414585,31470366,1031,2013.0,2003.0
2022-08-13,2050.0,2112.0,2022.0,2078.0,92139395638,44337565,2071,2005.0,2089.0
2022-08-14,2110.0,2110.0,2050.0,2080.0,72923398299,35056049,1619,2078.0,2092.0
2022-08-15,2061.0,2138.0,2061.0,2112.0,81404861362,38545242,1866,2080.0,2130.0
2022-08-16,2131.0,2238.0,2122.0,2231.0,535176912237,239914272,5114,2112.0,2180.0
2022-08-17,2195.0,2350.0,2181.0,2277.0,288593623955,126735092,3610,2231.0,2230.0
2022-08-20,2248.0,2296.0,2165.0,2244.0,157616209778,70242274,2582,2277.0,2210.0
2022-08-21,2248.0,2319.0,2244.0,2265.0,139706952534,61689199,1889,2244.0,2246.0
2022-08-22,2246.0,2315.0,2241.0,2277.0,91144132506,40024781,1677,2265.0,2248.0
2022-08-23,2250.0,2309.0,2250.0,2292.0,115852951489,50553496,1824,2277.0,2302.0
2022-08-24,2310.0,2337.0,2284.0,2324.0,90201428744,38810462,1670,2292.0,2336.0
2022-08-27,2310.0,2382.0,2291.0,2343.0,114725312460,48973652,1952,2324.0,2325.0
2022-08-28,2317.0,2355.0,2287.0,2329.0,139560587115,59927203,2586,2343.0,2300.0
2022-08-29,2290.0,2326.0,2286.0,2317.0,124805167226,53871434,1576,2329.0,2316.0
2022-08-30,2340.0,2340.0,2261.0,2286.0,94815771382,41482180,1618,2317.0,2267.0
2022-08-31,2260.0,2358.0,2250.0,2315.0,164310095616,70963255,2636,2286.0,2331.0
2022-09-03,2330.0,2419.0,2330.0,2375.0,287343180911,121011345,3729,2315.0,2370.0
2022-09-04,2390.0,2440.0,2336.0,2400.0,199830663448,83253430,2680,2375.0,2378.0
2022-09-05,2379.0,2410.0,2333.0,2397.0,583925942138,243601531,5383,2400.0,2364.0
2022-09-12,2230.0,2265.0,2211.0,2221.0,250174189040,112624997,2549,2377.0,2211.0
2022-09-13,2150.0,2225.0,2142.0,2177.0,164773970756,75696952,3024,2221.0,2170.0
2022-09-14,2170.0,2176.0,2072.0,2110.0,159810287724,75744629,2638,2177.0,2110.0
2022-09-18,2090.0,2098.0,2001.0,2024.0,187749018936,92762271,2296,2110.0,2036.0
2022-09-19,2024.0,2030.0,2001.0,2010.0,81086191280,40344071,1541,2024.0,2006.0
2022-09-20,2006.0,2036.0,1980.0,1996.0,58656257295,29392440,1254,2010.0,1981.0
2022-09-21,1977.0,1996.0,1953.0,1970.0,45311818023,23066400,1135,1996.0,1970.0
2022-09-24,1907.0,1956.0,1874.0,1892.0,82484445337,43585682,1869,1970.0,1881.0
2022-09-26,1872.0,1980.0,1872.0,1941.0,49744984752,25564977,1287,1892.0,1964.0
2022-09-28,1969.0,2030.0,1960.0,1985.0,42608700793,21313938,1229,1941.0,1993.0
2022-10-01,1992.0,1992.0,1884.0,1928.0,43358367106,22653484,1340,1985.0,1895.0
2022-10-02,1894.0,1909.0,1880.0,1896.0,44355387899,23469794,1442,1928.0,1909.0
2022-10-03,1900.0,1930.0,1853.0,1888.0,65393227526,34643762,1196,1896.0,1875.0
2022-10-04,1900.0,1900.0,1869.0,1880.0,40133198694,21381218,856,1888.0,1880.0
2022-10-08,1882.0,1948.0,1882.0,1899.0,65731468678,34615973,1201,1880.0,1888.0
2022-10-09,1899.0,1899.0,1825.0,1846.0,64150053375,34746782,1309,1899.0,1851.0
2022-10-10,1868.0,1899.0,1840.0,1864.0,51831963428,27805103,1083,1846.0,1899.0
2022-10-11,1900.0,1910.0,1874.0,1878.0,29304718845,15510597,778,1864.0,1891.0
2022-10-12,1882.0,1915.0,1869.0,1891.0,38906377468,20520747,1004,1878.0,1902.0
2022-10-15,1890.0,1902.0,1855.0,1884.0,24716143434,13179260,881,1891.0,1880.0
2022-10-16,1865.0,1886.0,1820.0,1848.0,50536427489,27353369,1164,1884.0,1850.0
2022-10-17,1830.0,1880.0,1825.0,1847.0,35056009260,18978628,953,1848.0,1848.0
2022-10-18,1880.0,1882.0,1832.0,1849.0,33559854403,18132211,1036,1847.0,1840.0
2022-10-19,1842.0,1868.0,1830.0,1848.0,29236795171,15831967,842,1849.0,1844.0
2022-10-22,1835.0,1874.0,1835.0,1843.0,40032462057,21735644,950,1848.0,1842.0
2022-10-23,1850.0,1850.0,1810.0,1823.0,43691996662,24005523,1223,1843.0,1820.0
2022-10-24,1825.0,1836.0,1750.0,1776.0,64464987788,36304130,1742,1823.0,1756.0
2022-10-25,1740.0,1770.0,1685.0,1714.0,82935806940,48385943,2215,1776.0,1700.0
2022-10-26,1682.0,1690.0,1609.0,1639.0,114079336057,69592489,2148,1714.0,1640.0
2022-10-29,1645.0,1700.0,1601.0,1640.0,87942207035,53608216,2995,1639.0,1647.0
2022-10-30,1657.0,1679.0,1640.0,1654.0,51197876764,30951112,1115,1640.0,1660.0
2022-10-31,1676.0,1769.0,1660.0,1728.0,67134625279,38841647,1519,1654.0,1769.0
2022-11-01,1800.0,1820.0,1750.0,1781.0,42554076919,23767425,1379,1728.0,1767.0
2022-11-02,1779.0,1792.0,1730.0,1764.0,45779245679,25975696,1186,1781.0,1770.0
2022-11-05,1770.0,1887.0,1750.0,1876.0,223898013781,119340364,2540,1764.0,1887.0
2022-11-06,1902.0,1930.0,1836.0,1888.0,63680251116,33727034,1837,1876.0,1885.0
2022-11-07,1861.0,2020.0,1861.0,1998.0,167021939742,83589205,1673,1888.0,2020.0
2022-11-08,2061.0,2122.0,1990.0,2031.0,172404550368,84896489,2971,1998.0,1999.0
2022-11-09,1990.0,2067.0,1950.0,2006.0,104434658557,52054785,2238,2031.0,2022.0
2022-11-12,2000.0,2053.0,1965.0,1997.0,110302967467,55222403,2041,2006.0,1990.0
2022-11-13,1963.0,2010.0,1928.0,1964.0,81684758016,41589417,2063,1997.0,1963.0
2022-11-14,1965.0,2011.0,1912.0,1945.0,57320833297,29474506,1294,1964.0,1930.0
2022-11-15,1945.0,1990.0,1910.0,1930.0,56531049629,29285261,1349,1945.0,1944.0
2022-11-16,1910.0,1960.0,1900.0,1934.0,53269039058,27544658,1447,1930.0,1944.0
2022-11-19,1945.0,1945.0,1850.0,1893.0,38379891709,20442096,1246,1934.0,1891.0
2022-11-20,1893.0,1955.0,1893.0,1924.0,46906604565,24321615,1156,1893.0,1922.0
2022-11-21,1928.0,1943.0,1920.0,1933.0,55985550774,28959315,1190,1924.0,1940.0
2022-11-22,1912.0,1947.0,1912.0,1933.0,41879066050,21661322,976,1933.0,1934.0
2022-11-23,1901.0,1954.0,1901.0,1936.0,47884916534,24723590,1165,1933.0,1924.0
2022-11-26,1920.0,1939.0,1900.0,1915.0,43769313498,22904840,1111,1936.0,1905.0
2022-11-27,1900.0,1940.0,1889.0,1919.0,106246166272,55375926,1699,1915.0,1929.0
2022-11-28,1901.0,1943.0,1901.0,1921.0,52507791136,27326406,935,1919.0,1918.0
2022-11-29,1907.0,1925.0,1907.0,1917.0,51385221015,26808829,1254,1921.0,1919.0
2022-11-30,1919.0,1944.0,1900.0,1913.0,46484067043,24311427,1306,1917.0,1903.0
2022-12-03,1928.0,1928.0,1892.0,1903.0,56541320829,29710672,1474,1913.0,1895.0
2022-12-04,1890.0,1916.0,1887.0,1897.0,34013186832,17964081,1093,1903.0,1889.0
2022-12-05,1890.0,1899.0,1850.0,1866.0,58340659839,31269501,1502,1897.0,1864.0
2022-12-06,1866.0,1879.0,1844.0,1850.0,73169397128,39560397,1386,1866.0,1851.0
2022-12-07,1847.0,1849.0,1795.0,1814.0,96681843337,53287942,2079,1850.0,1814.0
2022-12-10,1820.0,1820.0,1785.0,1801.0,59334561571,32937645,1436,1814.0,1798.0
2022-12-11,1791.0,1887.0,1791.0,1855.0,78328937889,42232000,1698,1801.0,1873.0
2022-12-12,1855.0,1927.0,1855.0,1902.0,76966039660,40458161,1581,1855.0,1926.0
2022-12-13,1949.0,2035.0,1941.0,2019.0,180245681218,89262835,2827,1902.0,2035.0
2022-12-14,2058.0,2123.0,2010.0,2061.0,134528188627,65275661,2919,2019.0,2050.0
2022-12-17,2051.0,2113.0,2010.0,2065.0,120690559232,58452972,2561,2061.0,2080.0
2022-12-18,2090.0,2180.0,2090.0,2142.0,135952743192,63475711,2672,2065.0,2142.0
2022-12-19,2151.0,2291.0,2106.0,2234.0,539021440055,241286188,5473,2142.0,2291.0
2022-12-20,2311.0,2390.0,2271.0,2370.0,1027988583387,433798672,8515,2234.0,2390.0
2022-12-21,2462.0,2499.0,2392.0,2455.0,358497041853,146023574,6077,2370.0,2410.0
2022-12-24,2420.0,2533.0,2368.0,2453.0,395564831015,161251616,6778,2455.0,2478.0
2022-12-25,2499.0,2535.0,2420.0,2459.0,363416169873,147775740,4917,2453.0,2422.0
2022-12-26,2420.0,2435.0,2373.0,2396.0,371588587493,155059495,5509,2459.0,2388.0
2022-12-28,2410.0,2523.0,2410.0,2473.0,483101338707,195365107,5648,2396.0,2470.0
2022-12-31,2332.0,2425.0,2300.0,2318.0,463082136142,199813475,6463,2473.0,2320.0
2023-01-01,2278.0,2358.0,2213.0,2288.0,211936513027,92647370,3509,2318.0,2286.0
2023-01-02,2320.0,2408.0,2312.0,2350.0,170381873847,72511903,3001,2288.0,2328.0
2023-01-03,2350.0,2380.0,2245.0,2303.0,303246804368,131690739,4579,2350.0,2270.0
2023-01-04,2250.0,2330.0,2223.0,2253.0,282885429299,125551168,3427,2303.0,2240.0
2023-01-07,2260.0,2370.0,2260.0,2325.0,230499310706,99140795,3679,2253.0,2364.0
2023-01-08,2408.0,2470.0,2372.0,2425.0,202552865085,83541177,3612,2325.0,2412.0
2023-01-09,2430.0,2437.0,2360.0,2406.0,200434937055,83322318,3570,2425.0,2400.0
2023-01-10,2438.0,2563.0,2410.0,2474.0,335368650692,135562517,4723,2406.0,2433.0
2023-01-11,2427.0,2469.0,2301.0,2383.0,240330309158,100856892,4410,2474.0,2353.0
2023-01-14,2300.0,2428.0,2275.0,2358.0,147665853110,62635501,2892,2383.0,2388.0
2023-01-16,2410.0,2520.0,2400.0,2467.0,376256469029,152495195,4524,2358.0,2520.0
2023-01-17,2550.0,2580.0,2434.0,2517.0,314383271519,124881392,5198,2467.0,2468.0
2023-01-18,2450.0,2588.0,2441.0,2547.0,362239293115,142245818,4247,2517.0,2550.0
2023-01-21,2618.0,2618.0,2375.0,2461.0,393962112271,160075154,5487,2547.0,2430.0
2023-01-22,2403.0,2492.0,2367.0,2421.0,193578618995,79945150,3118,2461.0,2412.0
2023-01-23,2442.0,2480.0,2300.0,2371.0,206689618273,87186874,3705,2421.0,2345.0
2023-01-24,2340.0,2388.0,2300.0,2319.0,213966986418,92276342,3192,2371.0,2310.0
2023-01-25,2300.0,2357.0,2185.0,2224.0,231868935066,104254827,3927,2319.0,2203.0
2023-01-28,2228.0,2293.0,2145.0,2200.0,173585514453,78895856,3081,2224.0,2160.0
2023-01-29,2151.0,2180.0,2046.0,2055.0,235550981160,114599117,4582,2200.0,2061.0
2023-01-30,2025.0,2100.0,1996.0,2050.0,130946944566,63881825,2855,2055.0,2090.0
2023-01-31,2100.0,2124.0,2050.0,2085.0,98453979130,47216733,2067,2050.0,2090.0
2023-02-01,2118.0,2118.0,2030.0,2061.0,90559338468,43932661,1799,2085.0,2060.0
2023-02-05,2050.0,2088.0,1957.0,1995.0,146054993450,73197285,2739,2061.0,1974.0
2023-02-06,1966.0,2029.0,1962.0,2004.0,108676251823,54236780,2042,1995.0,1998.0
2023-02-07,1980.0,2110.0,1980.0,2075.0,96671522950,46587093,1694,2004.0,2110.0
2023-02-08,2120.0,2130.0,2049.0,2077.0,108862594015,52424232,1693,2075.0,2058.0
2023-02-12,2035.0,2060.0,2006.0,2020.0,85279883233,42220607,1656,2077.0,2019.0
2023-02-13,2020.0,2070.0,2012.0,2038.0,110755851672,54335939,1789,2020.0,2035.0
2023-02-14,2048.0,2048.0,1970.0,2012.0,120959855138,60126494,2279,2038.0,1970.0
2023-02-15,1970.0,1999.0,1949.0,1969.0,109489445329,55600996,1867,2012.0,1958.0
2023-02-19,1970.0,2058.0,1970.0,2011.0,128485213118,63875871,2362,1969.0,2016.0
2023-02-20,2052.0,2151.0,2052.0,2140.0,227281517355,106213670,2535,2011.0,2151.0
2023-02-21,2249.0,2289.0,2169.0,2244.0,406638814384,181173375,5576,2140.0,2190.0
2023-02-22,2166.0,2279.0,2150.0,2210.0,216465889301,97943135,3717,2244.0,2242.0
2023-02-25,2300.0,2364.0,2300.0,2361.0,246750508904,104497802,1928,2210.0,2364.0
2023-02-26,2497.0,2526.0,2365.0,2458.0,561681181607,228499496,7500,2361.0,2420.0
2023-02-27,2400.0,2455.0,2320.0,2389.0,397904854491,166559821,5129,2458.0,2420.0
2023-02-28,2410.0,2471.0,2363.0,2430.0,375479319131,154521751,4287,2389.0,2407.0
2023-03-01,2380.0,2400.0,2288.0,2343.0,281227382348,120017075,3981,2430.0,2306.0
2023-03-04,2334.0,2334.0,2226.0,2267.0,137221546679,60520195,2626,2343.0,2250.0
2023-03-05,2300.0,2334.0,2251.0,2284.0,121773947498,53320305,2015,2267.0,2260.0
2023-03-06,2263.0,2332.0,2212.0,2283.0,128690238391,56375737,1966,2284.0,2291.0
2023-03-07,2319.0,2374.0,2291.0,2348.0,212835496633,90629502,2593,2283.0,2367.0
2023-03-11,2381.0,2467.0,2348.0,2406.0,454197213621,188784053,5137,2348.0,2420.0
2023-03-12,2404.0,2404.0,2322.0,2348.0,140763223095,59958738,2407,2406.0,2338.0
2023-03-13,2317.0,2390.0,2309.0,2351.0,141408401966,60151665,2621,2348.0,2348.0
2023-03-14,2380.0,2380.0,2335.0,2350.0,117460675416,49993877,3703,2351.0,2348.0
2023-03-15,2390.0,2457.0,2368.0,2436.0,212075640055,87070841,3092,2350.0,2453.0
2023-03-18,2507.0,2606.0,2507.0,2604.0,795253911566,305441756,4279,2436.0,2606.0
2023-03-19,2700.0,2759.0,2610.0,2691.0,659007369372,244864631,7631,2604.0,2699.0
2023-03-25,2770.0,2878.0,2750.0,2817.0,429565442420,152464752,5733,2691.0,2760.0
2023-03-26,2780.0,2895.0,2685.0,2781.0,531824664799,191221827,8742,2817.0,2710.0
2023-03-27,2749.0,2870.0,2691.0,2819.0,553533151697,196391867,7078,2781.0,2861.0
2023-03-28,2880.0,2940.0,2836.0,2875.0,446230911101,155204987,5926,2819.0,2903.0
2023-03-29,2928.0,2995.0,2837.0,2923.0,512971831483,175479848,6719,2875.0,2917.0
2023-04-03,2800.0,2924.0,2742.0,2866.0,692877431581,241790235,9188,2923.0,2876.0
2023-04-04,2918.0,2966.0,2832.0,2888.0,541089627795,187361176,7934,2866.0,2866.0
2023-04-05,2899.0,3090.0,2841.0,3023.0,671343052729,222067518,7183,2888.0,3090.0
2023-04-08,3234.0,3234.0,3226.0,3234.0,429190295659,132712890,2375,3023.0,3234.0
2023-04-09,0.0,3460.0,3350.0,3453.0,2600346818740,752998123,17171,3234.0,3460.0
2023-04-10,3520.0,3520.0,3230.0,3365.0,1552121305013,461238147,20797,3453.0,3306.0
2023-04-19,2570.0,2687.0,2512.0,2601.0,1145614114607,440370036,10561,2356.0,2676.0
2023-04-24,2783.0,2783.0,2783.0,2783.0,142764390637,51298739,1174,2601.0,2783.0
2023-04-25,2977.0,2977.0,2977.0,2977.0,211675831003,71103739,1210,2783.0,2977.0
2023-04-26,3185.0,3185.0,3052.0,3179.0,4721362645623,1485392938,25665,2977.0,3185.0
2023-04-29,3260.0,3320.0,3085.0,3179.0,2222544144506,699162602,27636,3179.0,3145.0
2023-04-30,3199.0,3360.0,3101.0,3221.0,1655324282499,513976540,19247,3179.0,3293.0
2023-05-01,3250.0,3338.0,3093.0,3234.0,1878123146352,580717117,19287,3221.0,3297.0
2023-05-02,3310.0,3384.0,3234.0,3282.0,1246975699893,379998449,13858,3234.0,3255.0
2023-05-03,3320.0,3320.0,3115.0,3181.0,1696063779772,533264715,22136,3282.0,3170.0
2023-05-06,3200.0,3200.0,3060.0,3114.0,1392632620896,447193526,20190,3181.0,3088.0
2023-05-07,3139.0,3139.0,2897.0,2926.0,760741745995,259982037,8645,3114.0,2897.0
2023-05-08,2722.0,2750.0,2722.0,2723.0,421199727087,154704571,3968,2926.0,2722.0
2023-05-09,2533.0,2700.0,2533.0,2586.0,1604594339075,620394164,18366,2723.0,2654.0
2023-05-10,2700.0,2748.0,2406.0,2509.0,815871167434,325124793,11428,2586.0,2449.0
2023-05-13,2443.0,2485.0,2334.0,2357.0,857884526123,363975468,9147,2509.0,2394.0
2023-05-14,2400.0,2521.0,2400.0,2511.0,630745297668,251177124,5735,2357.0,2521.0
2023-05-15,2676.0,2676.0,2530.0,2608.0,857695241997,328898053,10477,2511.0,2589.0
2023-05-17,2615.0,2748.0,2540.0,2701.0,448585676783,166090743,6519,2608.0,2741.0
2023-05-20,2767.0,2780.0,2551.0,2621.0,436891921992,166702098,7928,2701.0,2600.0
2023-05-21,2600.0,2669.0,2527.0,2593.0,293383239644,113138247,5175,2621.0,2595.0
2023-05-22,2601.0,2650.0,2556.0,2589.0,546616041552,211114428,7134,2593.0,2591.0
2023-05-23,2621.0,2720.0,2580.0,2627.0,479543483812,182569788,6452,2589.0,2590.0
2023-05-24,2720.0,2740.0,2588.0,2641.0,487567388892,184641597,6459,2627.0,2605.0
2023-05-27,2630.0,2630.0,2457.0,2488.0,585064696494,235143741,8526,2641.0,2457.0
2023-05-28,2400.0,2450.0,2314.0,2343.0,540747953774,230824739,7804,2488.0,2380.0
2023-05-29,2389.0,2450.0,2359.0,2389.0,255347962198,106889998,4114,2343.0,2376.0
2023-05-30,2399.0,2450.0,2382.0,2408.0,340532861817,141423136,4239,2389.0,2407.0
2023-05-31,2420.0,2420.0,2315.0,2347.0,225413896201,96046703,3886,2408.0,2354.0
2023-06-03,2379.0,2437.0,2315.0,2387.0,170916422877,71605820,3367,2347.0,2402.0
2023-06-06,2400.0,2448.0,2371.0,2401.0,195091571293,81238126,3583,2387.0,2401.0
2023-06-07,2410.0,2438.0,2350.0,2390.0,214551157170,89786412,3771,2401.0,2359.0
2023-06-10,2300.0,2300.0,2223.0,2227.0,488089236050,219161918,6448,2390.0,2225.0
2023-06-11,2220.0,2300.0,2183.0,2261.0,197808097155,87504027,4775,2227.0,2272.0
2023-06-12,2278.0,2278.0,2103.0,2141.0,349463959297,163260243,6296,2261.0,2137.0
2023-06-13,2138.0,2280.0,2112.0,2205.0,230190913590,104417921,4202,2141.0,2273.0
2023-06-14,2290.0,2359.0,2234.0,2354.0,834829280404,354689153,5974,2205.0,2359.0
2023-06-17,2389.0,2420.0,2315.0,2368.0,328562949666,138770509,5222,2354.0,2326.0
2023-06-18,2331.0,2363.0,2240.0,2303.0,290853705859,126295978,3884,2368.0,2313.0
2023-06-19,2312.0,2386.0,2250.0,2326.0,136305572288,58595081,2624,2303.0,2276.0
2023-06-20,2325.0,2353.0,2272.0,2316.0,167442362313,72301010,2629,2326.0,2332.0
2023-06-21,2332.0,2427.0,2332.0,2370.0,177166228758,74754819,3307,2316.0,2341.0
2023-06-24,2350.0,2391.0,2291.0,2343.0,137183752281,58540561,2936,2370.0,2303.0
2023-06-25,2409.0,2453.0,2371.0,2408.0,254121101200,105511196,3909,2343.0,2435.0
2023-06-26,2429.0,2463.0,2371.0,2426.0,181969712273,75012761,3242,2408.0,2431.0
2023-06-27,2426.0,2426.0,2316.0,2349.0,198789118539,84621301,3046,2426.0,2332.0
2023-06-28,2263.0,2307.0,2223.0,2265.0,318468361618,140608321,5060,2349.0,2251.0
2023-07-01,2258.0,2270.0,2186.0,2216.0,158902695854,71698890,3886,2265.0,2228.0
2023-07-02,2249.0,2319.0,2228.0,2271.0,125486720409,55253382,2504,2216.0,2273.0
2023-07-03,2300.0,2351.0,2281.0,2318.0,156939047212,67707470,2647,2271.0,2351.0
2023-07-04,2320.0,2350.0,2276.0,2310.0,188872142215,81771220,3488,2318.0,2286.0
2023-07-05,2308.0,2310.0,2258.0,2278.0,185578321329,81466990,3049,2310.0,2275.0
2023-07-08,2283.0,2310.0,2240.0,2266.0,143368548859,63266594,2750,2278.0,2246.0
2023-07-09,2225.0,2249.0,2140.0,2193.0,188178317152,85796371,4044,2266.0,2193.0
2023-07-10,2181.0,2220.0,2124.0,2151.0,185715625591,86338989,3213,2193.0,2146.0
2023-07-11,2190.0,2190.0,2035.0,2092.0,280697696657,134206995,4878,2151.0,2055.0
2023-07-12,2070.0,2078.0,2002.0,2034.0,262652991858,129155519,4006,2092.0,2052.0
2023-07-15,2053.0,2121.0,2012.0,2057.0,145019367084,70484528,3032,2034.0,2040.0
2023-07-16,2062.0,2090.0,1941.0,1972.0,169422648865,85892496,3530,2057.0,1952.0
2023-07-17,1931.0,2044.0,1860.0,1914.0,282961784365,147858223,4664,1972.0,1952.0
2023-07-18,1993.0,2047.0,1952.0,2036.0,291695979134,143274366,3137,1914.0,2047.0
2023-07-19,2113.0,2178.0,2032.0,2139.0,727949354861,340261697,7514,2036.0,2062.0
2023-07-22,2001.0,2041.0,1990.0,1995.0,264471075557,132592069,3757,2139.0,1990.0
2023-07-23,1905.0,2045.0,1902.0,1985.0,227952506895,114826415,3884,1995.0,1986.0
2023-07-24,2029.0,2084.0,1999.0,2039.0,106111060330,52050800,2242,1985.0,2058.0
2023-07-25,2110.0,2113.0,2017.0,2057.0,85830211509,41727379,1802,2039.0,2017.0
2023-07-26,2018.0,2054.0,1997.0,2021.0,77693431725,38471444,1765,2057.0,2020.0
2023-07-29,2041.0,2069.0,1983.0,2012.0,85017087781,42251257,1850,2021.0,1989.0
2023-07-30,1991.0,2030.0,1920.0,1945.0,102628633061,52768236,2397,2012.0,1961.0
2023-07-31,1980.0,1990.0,1918.0,1936.0,115123809985,59472624,2462,1945.0,1957.0
2023-08-01,2000.0,2046.0,1959.0,1996.0,106713296289,53453217,2314,1936.0,2034.0
2023-08-05,2051.0,2135.0,2040.0,2113.0,296797546636,140463913,4006,1996.0,2135.0
2023-08-06,2159.0,2159.0,2060.0,2111.0,127244675089,60272516,2467,2113.0,2091.0
2023-08-07,2080.0,2160.0,2080.0,2118.0,196201165977,92633178,2257,2111.0,2092.0
2023-08-08,2092.0,2105.0,2048.0,2074.0,74873339945,36177860,1495,2118.0,2053.0
2023-08-09,2174.0,2175.0,2040.0,2103.0,142736337167,67866553,2734,2074.0,2087.0
2023-08-12,2030.0,2044.0,1956.0,1975.0,275246753823,139348159,3892,2103.0,1957.0
2023-08-13,1974.0,2039.0,1941.0,2002.0,121500805744,60696466,2360,1975.0,2032.0
2023-08-14,2038.0,2084.0,1976.0,2008.0,101296570691,50435023,2692,2002.0,2000.0
2023-08-15,1977.0,1995.0,1924.0,1946.0,108583864033,55799274,2182,2008.0,1944.0
2023-08-16,1976.0,1976.0,1924.0,1941.0,68035666177,35068109,1852,1946.0,1946.0
2023-08-19,1919.0,1986.0,1855.0,1881.0,169612535837,90163143,3486,1941.0,1867.0
2023-08-20,1840.0,1912.0,1832.0,1887.0,126021270478,66789408,2614,1881.0,1895.0
2023-08-21,1890.0,1949.0,1875.0,1908.0,126128312912,66097190,2001,1887.0,1890.0
2023-08-22,1890.0,1890.0,1843.0,1862.0,90344870500,48527547,1874,1908.0,1862.0
2023-08-23,1900.0,1980.0,1855.0,1914.0,88592532031,46280930,1798,1862.0,1962.0
2023-08-26,1979.0,2047.0,1951.0,2024.0,202845252943,100204500,2636,1914.0,2047.0
2023-08-27,2127.0,2165.0,2085.0,2151.0,438156818104,203737712,4873,2024.0,2148.0
2023-08-28,2180.0,2270.0,2140.0,2213.0,384842024296,173910884,5481,2151.0,2161.0
2023-08-29,2230.0,2269.0,2140.0,2211.0,293835192840,132891216,3603,2213.0,2160.0
2023-08-30,2163.0,2249.0,2143.0,2185.0,252048338638,115335842,3954,2211.0,2205.0
2023-09-02,2180.0,2220.0,2088.0,2147.0,345671102870,160988927,5474,2185.0,2140.0
2023-09-10,2085.0,2085.0,2022.0,2060.0,187996392571,91270317,2019,2097.0,2042.0
2023-09-11,2050.0,2079.0,1991.0,2028.0,215913706040,106466295,3446,2060.0,2029.0
2023-09-12,2075.0,2079.0,2018.0,2032.0,146471547615,72072379,2392,2028.0,2028.0
2023-09-13,2028.0,2060.0,2000.0,2014.0,126155742878,62626478,2464,2032.0,2032.0
2023-09-17,2050.0,2079.0,2021.0,2050.0,183166949664,89331242,2787,2014.0,2055.0
2023-09-18,2059.0,2089.0,2023.0,2044.0,122863946234,60095002,2326,2050.0,2030.0
2023-09-19,2033.0,2063.0,2015.0,2028.0,82717969926,40786522,1486,2044.0,2021.0
2023-09-20,2003.0,2028.0,1990.0,2001.0,143751301842,71856094,2364,2028.0,1999.0
2023-09-23,2010.0,2020.0,1995.0,2005.0,132457706942,66069572,1861,2001.0,2008.0
2023-09-25,2008.0,2035.0,1948.0,1972.0,145744087136,73902047,2952,2005.0,1961.0
2023-09-26,1970.0,1995.0,1964.0,1973.0,121381431459,61531243,2225,1972.0,1975.0
2023-09-27,1985.0,1996.0,1961.0,1973.0,115408252991,58488622,1899,1973.0,1964.0
2023-09-30,1970.0,2001.0,1925.0,1949.0,159402625938,81778683,2939,1973.0,1931.0
2023-10-01,1958.0,1977.0,1903.0,1920.0,188980063320,98409708,2936,1949.0,1924.0
2023-10-02,1918.0,1960.0,1895.0,1923.0,141453068679,73553449,2498,1920.0,1931.0
2023-10-04,1950.0,1965.0,1918.0,1934.0,105002184535,54289627,1684,1923.0,1940.0
2023-10-07,1933.0,1958.0,1871.0,1901.0,193921527856,101996399,3033,1934.0,1880.0
2023-10-08,1870.0,1900.0,1768.0,1794.0,392629695912,218879825,6223,1901.0,1810.0
2023-10-09,1789.0,1859.0,1789.0,1809.0,167408611747,92562721,2876,1794.0,1795.0
2023-10-10,1800.0,1840.0,1800.0,1823.0,109755881136,60192467,2006,1809.0,1840.0
2023-10-11,1839.0,1850.0,1801.0,1827.0,108446770460,59343859,2052,1823.0,1837.0
2023-10-14,1845.0,1845.0,1770.0,1792.0,117880858471,65786768,2148,1827.0,1780.0
2023-10-15,1770.0,1818.0,1752.0,1777.0,87314588347,49130207,1779,1792.0,1789.0
2023-10-16,1796.0,1858.0,1796.0,1839.0,106046365559,57661061,1993,1777.0,1854.0
2023-10-17,1867.0,1900.0,1839.0,1862.0,107851318811,57907901,2241,1839.0,1843.0
2023-10-18,1780.0,1862.0,1774.0,1824.0,123931574535,67936753,2009,1862.0,1811.0
2023-10-21,1799.0,1857.0,1799.0,1825.0,86442922827,47368055,1644,1824.0,1811.0
2023-10-22,1806.0,1849.0,1806.0,1829.0,71603108408,39155681,1666,1825.0,1820.0
2023-10-23,1820.0,1820.0,1769.0,1783.0,157871479719,88528810,3091,1829.0,1775.0
2023-10-24,1765.0,1800.0,1707.0,1731.0,137249375470,79268231,2857,1783.0,1730.0
2023-10-25,1735.0,1758.0,1715.0,1741.0,74465990074,42782271,1427,1731.0,1749.0
2023-10-28,1730.0,1730.0,1620.0,1638.0,399863601759,244165209,5518,1741.0,1623.0
2023-10-29,1641.0,1679.0,1641.0,1666.0,96061333262,57656541,1864,1638.0,1673.0
2023-10-30,1666.0,1738.0,1666.0,1710.0,129363618296,75637809,2326,1666.0,1701.0
2023-10-31,1710.0,1729.0,1671.0,1703.0,76777700079,45083965,1764,1710.0,1678.0
2023-11-01,1661.0,1700.0,1629.0,1668.0,155886378710,93443430,2369,1703.0,1674.0
2023-11-04,1715.0,1770.0,1715.0,1738.0,113688527128,65410230,2093,1668.0,1758.0
2023-11-05,1750.0,1850.0,1732.0,1810.0,317468104740,175401498,4343,1738.0,1840.0
2023-11-06,1840.0,1864.0,1800.0,1837.0,153255360687,83426384,2738,1810.0,1819.0
2023-11-07,1820.0,1904.0,1810.0,1866.0,205359430379,110031580,3158,1837.0,1902.0
2023-11-08,1899.0,1903.0,1829.0,1861.0,123723294592,66475791,2078,1866.0,1846.0
2023-11-11,1860.0,1902.0,1824.0,1853.0,84663324057,45701249,1860,1861.0,1831.0
2023-11-12,1828.0,1863.0,1813.0,1835.0,72602422044,39580020,1868,1853.0,1834.0
2023-11-13,1859.0,1875.0,1819.0,1843.0,83835840633,45481028,1802,1835.0,1822.0
2023-11-14,1821.0,1840.0,1790.0,1807.0,96926335090,53644713,2057,1843.0,1802.0
2023-11-15,1825.0,1825.0,1773.0,1800.0,75286639167,41830378,1434,1807.0,1784.0
2023-11-18,1790.0,1809.0,1768.0,1782.0,68808217525,38616689,1649,1800.0,1774.0
2023-11-19,1800.0,1817.0,1770.0,1787.0,68681206308,38435400,1534,1782.0,1778.0
2023-11-20,1775.0,1797.0,1741.0,1761.0,86864487725,49319732,2273,1787.0,1757.0
2023-11-21,1760.0,1789.0,1755.0,1766.0,78769802409,44598216,1496,1761.0,1763.0
2023-11-22,1782.0,1794.0,1760.0,1768.0,75227433139,42553969,2017,1766.0,1760.0
2023-11-25,1788.0,1790.0,1746.0,1764.0,56557250564,32089945,1546,1768.0,1767.0
2023-11-26,1779.0,1829.0,1764.0,1806.0,116665389331,64599469,2238,1764.0,1800.0
2023-11-27,1815.0,1828.0,1799.0,1810.0,82809037390,45740614,1689,1806.0,1799.0
2023-11-28,1781.0,1855.0,1781.0,1823.0,119025847259,65301847,2168,1810.0,1850.0
2023-11-29,1868.0,1906.0,1840.0,1876.0,152895434790,81486738,2445,1823.0,1877.0
2023-12-02,1905.0,1948.0,1888.0,1920.0,189644380466,98754500,2836,1876.0,1900.0
2023-12-03,1919.0,2054.0,1881.0,2011.0,517640527271,257416176,4330,1920.0,2054.0
2023-12-04,2071.0,2124.0,1997.0,2037.0,316327366023,155256506,5059,2011.0,2000.0
2023-12-05,2025.0,2068.0,1980.0,2035.0,242498613644,119190558,3733,2037.0,2021.0
2023-12-06,1993.0,2061.0,1974.0,2035.0,314085783131,154304425,3531,2035.0,2059.0
2023-12-09,2040.0,2069.0,1959.0,1991.0,189576181978,95236370,3493,2035.0,1967.0
2023-12-10,1961.0,2020.0,1961.0,2001.0,133319486956,66629245,2006,1991.0,2005.0
2023-12-11,2030.0,2032.0,1999.0,2011.0,138448270175,68834035,1764,2001.0,1999.0
2023-12-12,1990.0,2039.0,1980.0,2007.0,136217150005,67873651,2742,2011.0,2001.0
2023-12-13,1980.0,2020.0,1979.0,2000.0,150737950659,75372194,1677,2007.0,2006.0
2023-12-16,2006.0,2060.0,1999.0,2036.0,157513686477,77346729,2425,2000.0,2045.0
2023-12-18,2047.0,2178.0,2047.0,2163.0,943877872624,436413009,10133,2036.0,2177.0
2023-12-19,2185.0,2185.0,2116.0,2149.0,329160521869,153168566,3991,2163.0,2124.0
2023-12-20,2134.0,2155.0,2090.0,2117.0,222911959558,105272450,2672,2149.0,2092.0
2023-12-23,2091.0,2118.0,2060.0,2096.0,229818329500,109650874,2637,2117.0,2083.0
2023-12-24,2090.0,2090.0,2018.0,2043.0,155670828201,76194752,3401,2096.0,2020.0
2023-12-25,2003.0,2049.0,1997.0,2016.0,198642509140,98540005,2857,2043.0,2004.0
2023-12-26,2000.0,2024.0,1967.0,2002.0,153856663780,76867122,1891,2016.0,2000.0
2023-12-27,2000.0,2019.0,1972.0,2001.0,60185460593,30084402,1530,2002.0,1999.0
2023-12-30,2000.0,2067.0,2000.0,2032.0,96293798857,47377653,1795,2001.0,2024.0
2023-12-31,2013.0,2049.0,1987.0,2006.0,118009975095,58821162,1934,2032.0,1988.0
2024-01-01,1990.0,2016.0,1964.0,1975.0,120717260603,61124108,2510,2006.0,1965.0
2024-01-06,1960.0,2024.0,1956.0,1999.0,112147972139,56088725,1464,1975.0,2014.0
2024-01-07,2010.0,2046.0,1982.0,2005.0,110378469925,55039536,1781,1999.0,1999.0
2024-01-08,2003.0,2022.0,1975.0,1996.0,97918836654,49059620,1838,2005.0,2001.0
2024-01-09,2020.0,2028.0,1990.0,2008.0,80700306951,40183513,1097,1996.0,2006.0
2024-01-10,2039.0,2043.0,2015.0,2027.0,124700584350,61512629,2294,2008.0,2030.0
2024-01-13,2050.0,2098.0,2020.0,2064.0,200969039810,97370005,3507,2027.0,2066.0
2024-01-14,2065.0,2161.0,2065.0,2117.0,256411184294,121141421,3918,2064.0,2105.0
2024-01-15,2116.0,2116.0,2037.0,2078.0,129070366180,62105968,2213,2117.0,2052.0
2024-01-16,2021.0,2040.0,2016.0,2029.0,95634685751,47122359,1748,2078.0,2022.0
2024-01-17,2006.0,2040.0,2006.0,2025.0,61252924934,30275986,1068,2029.0,2023.0
2024-01-20,2015.0,2043.0,1907.0,1964.0,146049475508,74359222,2756,2025.0,1930.0
2024-01-21,1938.0,1941.0,1888.0,1921.0,185035308924,96303603,2598,1964.0,1935.0
2024-01-22,1950.0,1950.0,1880.0,1907.0,96589955481,50652493,1880,1921.0,1899.0
2024-01-23,1885.0,1908.0,1801.0,1833.0,155336186769,84738384,2773,1907.0,1868.0
2024-01-24,1900.0,1900.0,1851.0,1873.0,66542048756,35431666,1445,1833.0,1872.0
2024-01-27,1870.0,1919.0,1870.0,1903.0,78271246736,41121497,1527,1873.0,1900.0
2024-01-28,1900.0,1930.0,1896.0,1912.0,83579499371,43719029,1539,1903.0,1904.0
2024-01-29,1877.0,1920.0,1870.0,1892.0,166958207901,88243225,2271,1912.0,1879.0
2024-01-30,1890.0,1893.0,1850.0,1866.0,81553715821,43698125,2287,1892.0,1861.0
2024-01-31,1852.0,1892.0,1831.0,1859.0,74626801329,40143716,1526,1866.0,1853.0
2024-02-03,1840.0,1909.0,1840.0,1888.0,78563592480,41610037,1373,1859.0,1870.0
2024-02-04,1888.0,1916.0,1867.0,1883.0,51461450619,27370476,1127,1888.0,1875.0
2024-02-05,1859.0,1900.0,1859.0,1878.0,56890977011,30309989,1174,1883.0,1860.0
2024-02-06,1879.0,1899.0,1859.0,1871.0,58608009312,31351075,1288,1878.0,1861.0
2024-02-10,1917.0,1919.0,1885.0,1896.0,61209910121,32173099,1054,1871.0,1899.0
2024-02-12,1887.0,1902.0,1843.0,1869.0,78266204847,41878147,1524,1896.0,1852.0
2024-02-13,1852.0,1874.0,1821.0,1852.0,50517304664,27398118,1379,1869.0,1828.0
2024-02-14,1830.0,1890.0,1800.0,1837.0,74870234232,40746043,1608,1852.0,1823.0
2024-02-17,1812.0,1839.0,1799.0,1812.0,73713778547,40690039,1776,1837.0,1803.0
2024-02-18,1803.0,1839.0,1790.0,1820.0,63525590879,34884298,1434,1812.0,1836.0
2024-02-19,1825.0,1879.0,1825.0,1847.0,70734736108,38272395,1284,1820.0,1849.0
2024-02-20,1850.0,1860.0,1827.0,1839.0,95641928170,52021658,1550,1847.0,1833.0
2024-02-21,1850.0,1850.0,1814.0,1829.0,81452865765,44534189,1862,1839.0,1830.0
2024-02-24,1822.0,1838.0,1785.0,1802.0,117844670915,65381308,2129,1829.0,1796.0
2024-02-26,1772.0,1800.0,1735.0,1753.0,177514399670,101273415,3898,1802.0,1736.0
2024-02-27,1744.0,1782.0,1744.0,1754.0,83693228501,47710149,2550,1753.0,1763.0
2024-02-28,1767.0,1791.0,1752.0,1763.0,107085385004,60726193,1738,1754.0,1760.0
2024-03-02,1784.0,1847.0,1752.0,1811.0,198360343255,109544706,2513,1763.0,1845.0
2024-03-03,1865.0,1901.0,1865.0,1894.0,274787945589,145120068,3099,1811.0,1876.0
2024-03-04,1894.0,1912.0,1826.0,1865.0,185635450906,99542592,2545,1894.0,1826.0
2024-03-05,1834.0,1950.0,1834.0,1897.0,140597985509,74126848,2388,1865.0,1900.0
2024-03-06,1937.0,1944.0,1890.0,1906.0,142465282506,74752912,2238,1897.0,1895.0
2024-03-09,1898.0,1938.0,1873.0,1903.0,99553444665,52319254,1963,1906.0,1881.0
2024-03-10,1881.0,1912.0,1847.0,1862.0,176945870857,95050330,2720,1903.0,1850.0
2024-03-11,1844.0,1860.0,1834.0,1842.0,229227723667,124472772,3051,1862.0,1840.0
2024-03-12,1850.0,1890.0,1841.0,1859.0,132676124043,71387074,2267,1842.0,1844.0
2024-03-13,1860.0,1878.0,1814.0,1835.0,133457726092,72718011,2428,1859.0,1829.0
2024-03-16,1890.0,1919.0,1852.0,1893.0,173447828660,91612822,2724,1835.0,1888.0
2024-03-17,1919.0,1949.0,1899.0,1916.0,87402214643,45613897,1402,1893.0,1920.0
2024-03-18,1931.0,1970.0,1919.0,1945.0,104173842397,53549027,1763,1916.0,1963.0
2024-03-25,2060.0,2060.0,2000.0,2023.0,234636300204,115992275,3172,1945.0,2012.0
2024-03-26,2010.0,2070.0,1992.0,2025.0,88701724886,43792667,2040,2023.0,2041.0
2024-03-27,2067.0,2068.0,2029.0,2045.0,110846384539,54205650,2344,2025.0,2038.0
2024-03-30,2039.0,2067.0,2022.0,2039.0,96453525411,47303466,2033,2045.0,2037.0
2024-04-02,1968.0,2018.0,1948.0,1979.0,165576043114,83659501,2773,2039.0,1978.0
2024-04-03,1951.0,2007.0,1944.0,1967.0,93395351165,47472663,1916,1979.0,1975.0
2024-04-06,1951.0,1994.0,1879.0,1918.0,170504760485,88905048,3277,1967.0,1880.0
2024-04-07,1911.0,1938.0,1902.0,1915.0,95706317125,49964381,1484,1918.0,1924.0
2024-04-08,1950.0,1975.0,1918.0,1939.0,74900318548,38620054,1510,1915.0,1930.0
2024-04-09,1950.0,1950.0,1924.0,1935.0,115638628605,59775898,2142,1939.0,1934.0
2024-04-13,1921.0,1944.0,1839.0,1850.0,261162890859,141170295,3452,1935.0,1839.0
2024-04-14,1832.0,1832.0,1832.0,1848.0,8733699096,4767303,199,1850.0,1832.0
2024-04-15,1834.0,1866.0,1834.0,1863.0,95780363054,51408435,1102,1848.0,1866.0
2024-04-16,1845.0,1845.0,1845.0,1855.0,33297200235,18047263,468,1863.0,1845.0
2024-04-17,1845.0,1870.0,1837.0,1845.0,109232385167,59200486,1717,1855.0,1837.0
2024-04-20,1876.0,1937.0,1876.0,1924.0,169688615649,88204384,2260,1845.0,1937.0
2024-04-21,1953.0,1998.0,1928.0,1956.0,138137338174,70621152,2470,1924.0,1938.0
2024-04-22,1921.0,1948.0,1896.0,1916.0,160752704798,83919699,2459,1956.0,1899.0
2024-04-23,1921.0,1935.0,1880.0,1900.0,87080950792,45834528,1454,1916.0,1909.0
2024-04-24,1902.0,1950.0,1894.0,1920.0,84127212842,43810208,1687,1900.0,1916.0
2024-04-27,1935.0,1945.0,1862.0,1896.0,102404020043,54020365,2164,1920.0,1884.0
2024-04-28,1889.0,1900.0,1847.0,1869.0,65576927910,35161900,1527,1896.0,1858.0
2024-04-29,1850.0,1900.0,1825.0,1854.0,153593268367,82847918,2912,1869.0,1845.0
2024-04-30,1850.0,1870.0,1800.0,1833.0,180076258581,98223321,2705,1854.0,1829.0
2024-05-01,1834.0,1865.0,1823.0,1834.0,127250627731,69367209,1855,1833.0,1840.0
2024-05-05,1834.0,1879.0,1834.0,1848.0,96198321105,52061079,1529,1834.0,1852.0
2024-05-06,1847.0,1850.0,1811.0,1833.0,116651642854,63635181,2192,1848.0,1826.0
2024-05-07,1829.0,1844.0,1812.0,1826.0,118576350555,64945911,1964,1833.0,1823.0
2024-05-08,1822.0,1847.0,1808.0,1824.0,107426547482,58902207,1762,1826.0,1813.0
2024-05-11,1830.0,1830.0,1794.0,1804.0,116582714200,64619778,2875,1824.0,1795.0
2024-05-12,1792.0,1824.0,1780.0,1796.0,78454753948,43691762,1558,1804.0,1781.0
2024-05-13,1810.0,1810.0,1729.0,1751.0,109443715265,62502758,2855,1796.0,1742.0
2024-05-14,1750.0,1780.0,1728.0,1748.0,92247203219,52760092,2027,1751.0,1740.0
2024-05-15,1780.0,1790.0,1725.0,1752.0,81659066540,46613075,1669,1748.0,1771.0
2024-05-18,1788.0,1795.0,1737.0,1757.0,58543648720,33303052,1314,1752.0,1740.0
2024-05-19,1753.0,1753.0,1670.0,1677.0,170071536705,101425548,3150,1757.0,1674.0
2024-05-21,1653.0,1692.0,1644.0,1663.0,50700278306,30561594,1235,1677.0,1658.0
2024-05-25,1671.0,1692.0,1630.0,1639.0,62237576127,38007634,1667,1663.0,1630.0
2024-05-26,1609.0,1620.0,1607.0,1631.0,15287359955,9512205,450,1639.0,1607.0
2024-05-27,1599.0,1606.0,1599.0,1599.0,76378936547,47756278,1199,1631.0,1605.0
2024-05-28,1604.0,1623.0,1586.0,1607.0,47281194758,29374789,1180,1599.0,1618.0
2024-05-29,1629.0,1639.0,1629.0,1639.0,92517589563,56451226,908,1607.0,1639.0
2024-06-01,1650.0,1661.0,1607.0,1616.0,75475799596,46714818,1558,1639.0,1607.0
2024-06-02,1584.0,1627.0,1584.0,1590.0,55994082315,35288955,1588,1616.0,1600.0
2024-06-05,1592.0,1609.0,1559.0,1570.0,57058639367,36383347,1327,1590.0,1559.0
2024-06-08,1544.0,1544.0,1539.0,1558.0,24097347270,15656635,520,1570.0,1539.0
2024-06-09,1527.0,1577.0,1527.0,1540.0,85948985524,55825623,1892,1558.0,1559.0
2024-06-10,1570.0,1570.0,1550.0,1569.0,67559998620,43061283,1151,1540.0,1570.0
2024-06-11,1590.0,1590.0,1538.0,1560.0,79116171487,50719037,2754,1569.0,1562.0
2024-06-12,1540.0,1566.0,1529.0,1543.0,58677614760,38052639,2117,1560.0,1546.0
2024-06-15,1556.0,1556.0,1513.0,1515.0,64268665121,42419260,1358,1543.0,1513.0
2024-06-16,1510.0,1510.0,1485.0,1488.0,70378859517,47289380,1273,1515.0,1485.0
2024-06-18,1498.0,1498.0,1459.0,1464.0,60144432612,41089397,1521,1488.0,1459.0
2024-06-19,1470.0,1493.0,1447.0,1478.0,65656127084,44431803,1634,1464.0,1487.0
2024-06-22,1490.0,1506.0,1470.0,1482.0,35922598598,24204245,925,1478.0,1471.0
2024-06-23,1478.0,1496.0,1457.0,1473.0,55624925938,37765364,1221,1482.0,1464.0
2024-06-24,1463.0,1502.0,1463.0,1501.0,122871905578,81852638,1565,1473.0,1502.0
2024-06-26,1531.0,1531.0,1520.0,1527.0,52454022345,34264031,705,1501.0,1531.0
2024-06-29,1574.0,1587.0,1527.0,1548.0,53651035862,34584198,1082,1527.0,1530.0
2024-06-30,1548.0,1548.0,1457.0,1479.0,60765109288,41077056,1683,1548.0,1468.0
2024-07-01,1519.0,1519.0,1449.0,1483.0,31499850451,21193485,921,1479.0,1488.0
2024-07-02,1516.0,1533.0,1490.0,1498.0,28163613715,18590862,613,1483.0,1518.0
2024-07-03,1530.0,1546.0,1509.0,1520.0,47788395180,31301306,905,1498.0,1540.0
2024-07-06,1611.0,1611.0,1611.0,1547.0,19228346649,11935659,290,1520.0,1611.0
2024-07-07,1639.0,1639.0,1611.0,1634.0,215848317212,132075168,2240,1547.0,1634.0
2024-07-08,1634.0,1672.0,1612.0,1636.0,81772921534,49993088,1462,1634.0,1620.0
2024-07-09,1634.0,1638.0,1601.0,1621.0,64772944564,39963362,949,1636.0,1623.0
2024-07-10,1602.0,1633.0,1587.0,1605.0,60601989931,37787154,1115,1621.0,1590.0
2024-07-13,1628.0,1628.0,1570.0,1603.0,35851489239,22381994,1131,1605.0,1600.0
2024-07-14,1600.0,1624.0,1591.0,1608.0,33299073708,20645690,1393,1603.0,1622.0
2024-07-17,1622.0,1625.0,1596.0,1612.0,73484245350,45583861,1033,1608.0,1599.0
2024-07-20,1599.0,1618.0,1574.0,1583.0,97807254391,61777023,2187,1612.0,1580.0
2024-07-21,1590.0,1590.0,1489.0,1510.0,112520026226,74513676,3213,1583.0,1528.0
2024-07-22,1504.0,1548.0,1499.0,1514.0,29417295734,19376491,861,1510.0,1516.0
2024-07-23,1576.0,1587.0,1535.0,1567.0,75786363210,48363894,1721,1514.0,1570.0
2024-07-24,1583.0,1620.0,1574.0,1590.0,55164517314,34623496,1285,1567.0,1596.0
2024-07-27,1601.0,1603.0,1585.0,1592.0,62821444420,39457528,1778,1590.0,1597.0
2024-07-29,1600.0,1600.0,1536.0,1567.0,49263754361,31576307,2198,1592.0,1543.0
2024-07-30,1523.0,1575.0,1516.0,1549.0,42898605673,27839348,1844,1567.0,1550.0
2024-07-31,1458.0,1488.0,1457.0,1460.0,125134468543,85697518,1872,1549.0,1467.0
2024-08-03,1450.0,1450.0,1373.0,1378.0,107412121074,77970947,2135,1460.0,1373.0
2024-08-04,1365.0,1391.0,1365.0,1379.0,40694588199,29491187,1067,1378.0,1390.0
2024-08-05,1372.0,1389.0,1366.0,1369.0,64052144237,46798365,3021,1379.0,1370.0
2024-08-06,1382.0,1382.0,1382.0,1376.0,27816880798,20127989,370,1369.0,1382.0
2024-08-10,1389.0,1389.0,1389.0,1383.0,29962994070,21571630,293,1376.0,1389.0
2024-08-11,1396.0,1396.0,1396.0,1392.0,38358793816,27477646,330,1383.0,1396.0
2024-08-12,1405.0,1405.0,1404.0,1405.0,122267717736,87023427,972,1392.0,1405.0
2024-08-13,1410.0,1419.0,1391.0,1403.0,113390012633,80826823,1665,1405.0,1406.0
2024-08-14,1417.0,1417.0,1417.0,1406.0,12303536102,8682806,182,1403.0,1417.0
2024-08-17,1434.0,1434.0,1434.0,1413.0,14774415960,10302940,199,1406.0,1434.0
2024-08-18,1441.0,1441.0,1441.0,1416.0,6888482909,4780349,121,1413.0,1441.0
2024-08-19,1444.0,1444.0,1444.0,1423.0,14302799784,9904986,213,1416.0,1444.0
2024-08-20,1451.0,1451.0,1451.0,1440.0,35656765175,24573925,288,1423.0,1451.0
2024-08-21,1468.0,1468.0,1468.0,1445.0,9559207896,6511722,166,1440.0,1468.0
2024-08-24,1473.0,1473.0,1473.0,1448.0,6379685259,4331083,148,1445.0,1473.0
2024-08-26,1476.0,1476.0,1476.0,1454.0,12819114612,8685037,177,1448.0,1476.0
2024-08-27,1483.0,1483.0,1483.0,1458.0,9124267242,6152574,177,1454.0,1483.0
2024-08-28,1487.0,1487.0,1487.0,1460.0,4087299056,2748688,127,1458.0,1487.0
2024-08-31,1489.0,1489.0,1489.0,1463.0,5749375937,3861233,122,1460.0,1489.0
2024-09-01,1492.0,1492.0,1492.0,1467.0,8170368056,5476118,136,1463.0,1492.0
2024-09-03,1496.0,1496.0,1496.0,1475.0,16466148864,11006784,188,1467.0,1496.0
2024-09-07,1519.0,1519.0,1519.0,1517.0,58414654886,38455994,392,1475.0,1519.0
2024-09-08,1562.0,1562.0,1523.0,1561.0,1016259450142,650864536,7648,1517.0,1562.0
2024-09-09,1575.0,1589.0,1533.0,1565.0,232891988092,148818046,3330,1561.0,1567.0
2024-09-10,1546.0,1588.0,1546.0,1572.0,146342610563,93105733,1800,1565.0,1579.0
2024-09-14,1609.0,1609.0,1561.0,1572.0,204418043769,130047731,2206,1572.0,1564.0
2024-09-15,1544.0,1574.0,1526.0,1541.0,117856202933,76474914,1822,1572.0,1533.0
2024-09-16,1541.0,1569.0,1523.0,1540.0,208280906702,135234835,2507,1541.0,1566.0
2024-09-24,1590.0,1598.0,1566.0,1583.0,437484517837,276372310,4533,1440.0,1582.0
2024-09-25,1599.0,1599.0,1540.0,1566.0,231450550791,147795663,2993,1583.0,1543.0
2024-09-28,1551.0,1551.0,1551.0,1565.0,2705190609,1744159,86,1566.0,1551.0
2024-09-29,1550.0,1550.0,1550.0,1561.0,14674093350,9467157,160,1565.0,1550.0
2024-09-30,1546.0,1546.0,1546.0,1559.0,9250143150,5983275,116,1561.0,1546.0
2024-10-01,1544.0,1544.0,1544.0,1559.0,1406455848,910917,60,1559.0,1544.0
2024-10-02,1544.0,1544.0,1544.0,1558.0,2377690520,1539955,61,1559.0,1544.0
2024-10-05,1543.0,1543.0,1543.0,1557.0,2236803778,1449646,58,1558.0,1543.0
2024-10-06,1542.0,1542.0,1542.0,1557.0,1284071202,832731,51,1557.0,1542.0
2024-10-07,1542.0,1542.0,1542.0,1557.0,1793157876,1162878,84,1557.0,1542.0
2024-10-08,1542.0,1542.0,1542.0,1555.0,8739311214,5667517,120,1557.0,1542.0
2024-10-09,1540.0,1540.0,1540.0,1554.0,4109143500,2668275,112,1555.0,1540.0
2024-10-12,1508.0,1508.0,1508.0,1523.0,40182712388,26646361,518,1554.0,1508.0
2024-10-13,1478.0,1504.0,1478.0,1483.0,239625062956,161575867,2879,1523.0,1478.0
2024-10-14,1439.0,1450.0,1439.0,1446.0,49034628908,34062580,502,1483.0,1439.0
2024-10-15,1403.0,1403.0,1403.0,1437.0,11162296060,7956020,308,1446.0,1403.0
2024-10-16,1394.0,1394.0,1394.0,1394.0,107187325328,76891912,1015,1437.0,1394.0
2024-10-19,1353.0,1375.0,1353.0,1353.0,70057766632,51764475,887,1394.0,1353.0
2024-10-20,1313.0,1313.0,1313.0,1318.0,45747942526,34842302,492,1353.0,1313.0
2024-10-21,1279.0,1317.0,1279.0,1285.0,212607724174,165431975,3397,1318.0,1286.0
2024-10-22,1284.0,1316.0,1247.0,1271.0,179557412187,141230827,2562,1285.0,1247.0
2024-10-23,1246.0,1250.0,1233.0,1234.0,143995704325,116702717,2080,1271.0,1233.0
2024-10-26,1271.0,1271.0,1271.0,1271.0,57513565982,45250642,516,1234.0,1271.0
2024-10-27,1309.0,1309.0,1309.0,1289.0,24751062875,18908375,261,1271.0,1309.0
2024-10-28,1327.0,1327.0,1327.0,1327.0,113640705062,85637306,898,1289.0,1327.0
2024-10-29,1327.0,1327.0,1288.0,1302.0,174938503383,134331470,3170,1327.0,1288.0
2024-10-30,1298.0,1341.0,1267.0,1317.0,126242824669,95873822,1958,1302.0,1330.0
2024-11-02,1317.0,1352.0,1300.0,1326.0,64008464726,48284579,1268,1317.0,1317.0
2024-11-03,1287.0,1310.0,1287.0,1313.0,16928272780,13152350,382,1326.0,1287.0
2024-11-04,1274.0,1300.0,1274.0,1275.0,154309010637,121008155,2064,1313.0,1284.0
2024-11-05,1285.0,1312.0,1269.0,1292.0,48311973631,37367346,1041,1275.0,1295.0
2024-11-06,1265.0,1310.0,1254.0,1270.0,70217563649,55285287,1425,1292.0,1286.0
2024-11-09,1305.0,1308.0,1297.0,1295.0,34753328612,26581845,408,1270.0,1308.0
2024-11-10,1333.0,1333.0,1333.0,1315.0,27496670780,20627660,308,1295.0,1333.0
2024-11-11,1354.0,1354.0,1354.0,1354.0,56942813916,42055254,542,1315.0,1354.0
2024-11-12,1334.0,1394.0,1334.0,1381.0,226386697995,163943017,2852,1354.0,1393.0
2024-11-13,1383.0,1422.0,1366.0,1419.0,123993168779,87375193,1432,1381.0,1422.0
2024-11-16,1461.0,1461.0,1461.0,1448.0,39709204209,27179469,429,1419.0,1461.0
2024-11-17,1491.0,1491.0,1451.0,1482.0,295067767950,199061677,3394,1448.0,1490.0
2024-11-18,1486.0,1526.0,1486.0,1521.0,81982940910,53908567,1024,1482.0,1526.0
2024-11-19,1565.0,1566.0,1511.0,1552.0,234598418485,151116814,3065,1521.0,1518.0
2024-11-20,1511.0,1547.0,1506.0,1512.0,207032078483,136943907,2583,1552.0,1512.0
2024-11-23,1489.0,1557.0,1489.0,1553.0,144626238773,93129056,1838,1512.0,1557.0
2024-11-24,1599.0,1599.0,1566.0,1598.0,78508273826,49116537,667,1553.0,1599.0
2024-11-25,1645.0,1645.0,1630.0,1645.0,175915508917,106942899,1610,1598.0,1645.0
2024-11-26,1694.0,1694.0,1602.0,1658.0,331926370169,200256068,4508,1645.0,1616.0
2024-11-27,1616.0,1707.0,1616.0,1685.0,292436701122,173523917,2949,1658.0,1707.0
2024-11-30,1729.0,1735.0,1640.0,1691.0,265224678153,156816724,3255,1685.0,1660.0
2024-12-01,1652.0,1711.0,1646.0,1673.0,143166910139,85574977,1601,1691.0,1680.0
2024-12-02,1715.0,1723.0,1705.0,1722.0,71718962092,41646235,854,1673.0,1723.0
2024-12-03,1772.0,1773.0,1721.0,1752.0,227525351783,129836187,3088,1722.0,1737.0
2024-12-04,1733.0,1790.0,1725.0,1757.0,192471135133,109559761,2776,1752.0,1747.0
2024-12-07,1717.0,1750.0,1705.0,1708.0,273047266200,159823788,3023,1757.0,1705.0
2024-12-08,1670.0,1705.0,1657.0,1673.0,158499082178,94754600,2659,1708.0,1690.0
2024-12-09,1720.0,1723.0,1700.0,1723.0,103407569916,60028419,986,1673.0,1723.0
2024-12-10,1774.0,1774.0,1702.0,1739.0,226627958973,130339372,2860,1723.0,1713.0
2024-12-11,1740.0,1780.0,1706.0,1759.0,174252922239,99055425,2371,1739.0,1770.0
2024-12-14,1811.0,1811.0,1811.0,1800.0,56942282383,31442453,709,1759.0,1811.0
2024-12-15,1854.0,1854.0,1854.0,1854.0,201003966666,108416379,1116,1800.0,1854.0
2024-12-16,1909.0,1909.0,1860.0,1904.0,733380356487,385157754,5403,1854.0,1885.0
2024-12-17,1909.0,1958.0,1847.0,1879.0,385127714697,204985232,4281,1904.0,1847.0
2024-12-18,1823.0,1915.0,1823.0,1856.0,289025454964,155711327,3992,1879.0,1914.0
2024-12-21,1911.0,1911.0,1911.0,1911.0,100942161684,52821644,883,1856.0,1911.0
2024-12-22,1968.0,1968.0,1925.0,1962.0,654250004032,333539165,5515,1911.0,1962.0
2024-12-23,1989.0,2020.0,1952.0,2013.0,295491551957,146777642,2829,1962.0,2020.0
2024-12-24,2073.0,2073.0,2061.0,2073.0,459117440113,221489041,2383,2013.0,2073.0
2024-12-25,2135.0,2135.0,2047.0,2125.0,1279706386679,602353458,9526,2073.0,2128.0
2024-12-28,2130.0,2130.0,2062.0,2065.0,514602367734,249203511,4947,2125.0,2062.0
2024-12-29,2004.0,2025.0,2004.0,2004.0,148879682020,74281753,1631,2065.0,2004.0
2024-12-30,1944.0,1969.0,1944.0,1946.0,514819082638,264587304,4290,2004.0,1944.0
2024-12-31,1921.0,1975.0,1888.0,1926.0,243288068456,126307957,4063,1946.0,1918.0
2025-01-01,1915.0,1950.0,1882.0,1925.0,172043541031,89363205,3719,1926.0,1949.0
2025-01-04,1979.0,1982.0,1961.0,1981.0,131429449405,66332161,1076,1925.0,1982.0
2025-01-05,2026.0,2040.0,1989.0,2037.0,604604248770,296849018,4600,1981.0,2040.0
2025-01-06,2019.0,2098.0,1980.0,2065.0,376020867929,182075233,4903,2037.0,2064.0
2025-01-07,2082.0,2120.0,2056.0,2085.0,508562440559,243914541,6188,2065.0,2093.0
2025-01-08,2100.0,2100.0,2047.0,2075.0,294251768276,141782530,4608,2085.0,2081.0
2025-01-11,2095.0,2095.0,2013.0,2019.0,493044274966,244144913,4582,2075.0,2013.0
2025-01-12,1963.0,1990.0,1959.0,1960.0,140148428733,71493257,1352,2019.0,1959.0
2025-01-13,1930.0,2009.0,1921.0,1970.0,252530344263,128187556,3686,1960.0,1985.0
2025-01-15,2000.0,2020.0,1930.0,1967.0,136891567199,69589165,2192,1970.0,1939.0
2025-01-18,1929.0,1939.0,1908.0,1909.0,246584264889,129184625,2032,1967.0,1908.0
2025-01-19,1882.0,1937.0,1857.0,1875.0,212398499412,113266836,3056,1909.0,1862.0
2025-01-20,1898.0,1924.0,1819.0,1849.0,202005064877,109225895,2398,1875.0,1819.0
2025-01-21,1850.0,1890.0,1797.0,1845.0,154744471193,83866964,2316,1849.0,1884.0
2025-01-22,1900.0,1900.0,1900.0,1900.0,85237929200,44862068,778,1845.0,1900.0
2025-01-25,1957.0,1957.0,1957.0,1957.0,116430695403,59494479,828,1900.0,1957.0
2025-01-26,2015.0,2015.0,1936.0,1991.0,418281956377,210074634,3703,1957.0,1968.0
2025-01-27,1990.0,2013.0,1940.0,1969.0,210259345432,106802647,3472,1991.0,1942.0
2025-01-29,1975.0,1999.0,1943.0,1981.0,132064275083,66670238,1891,1969.0,1983.0
2025-02-01,2000.0,2000.0,1922.0,1929.0,359113081470,186181074,3053,1981.0,1930.0
2025-02-02,1930.0,1959.0,1885.0,1920.0,158104143564,82357675,2934,1929.0,1921.0
2025-02-03,1927.0,1940.0,1893.0,1910.0,129782745981,67932272,2249,1920.0,1903.0
2025-02-04,1901.0,1949.0,1901.0,1921.0,111548376553,58073150,1741,1910.0,1911.0
2025-02-05,1917.0,1928.0,1864.0,1892.0,187120146752,98916170,3503,1921.0,1907.0
2025-02-09,1850.0,1920.0,1837.0,1873.0,215414637802,114980551,3547,1892.0,1838.0
2025-02-11,1830.0,1873.0,1817.0,1821.0,224466700498,123240196,2921,1873.0,1817.0
2025-02-15,1769.0,1770.0,1767.0,1767.0,139250830098,78793540,1433,1821.0,1767.0
2025-02-16,1714.0,1720.0,1714.0,1714.0,183805176555,107236624,1738,1767.0,1714.0
2025-02-17,1664.0,1728.0,1664.0,1690.0,334727266218,198073679,4148,1714.0,1680.0
2025-02-18,1693.0,1728.0,1691.0,1707.0,77820352281,45580847,1335,1690.0,1721.0
2025-02-19,1736.0,1736.0,1697.0,1711.0,105912673365,61899079,1432,1707.0,1704.0
2025-02-22,1708.0,1720.0,1660.0,1666.0,120424660101,72270431,1900,1711.0,1660.0
2025-02-23,1670.0,1715.0,1670.0,1704.0,161396130959,94701466,1928,1666.0,1715.0
2025-02-24,1736.0,1755.0,1736.0,1754.0,121369851885,69199829,1249,1704.0,1755.0
2025-02-25,1806.0,1806.0,1754.0,1789.0,303912717370,169846333,2947,1754.0,1783.0
2025-02-26,1750.0,1787.0,1736.0,1752.0,157005310983,89636108,4102,1789.0,1752.0
2025-03-01,1740.0,1769.0,1702.0,1725.0,116377347521,67455499,3123,1752.0,1726.0
2025-03-02,1725.0,1747.0,1721.0,1732.0,123792704877,71485706,2073,1725.0,1743.0
2025-03-03,1681.0,1719.0,1681.0,1681.0,179849350319,106967802,2145,1732.0,1681.0
2025-03-04,1718.0,1718.0,1634.0,1671.0,97064838170,58081018,1472,1681.0,1647.0
2025-03-05,1690.0,1696.0,1635.0,1662.0,58879551229,35453039,2053,1671.0,1673.0
2025-03-08,1660.0,1690.0,1613.0,1622.0,148696492451,91697906,2720,1662.0,1613.0
2025-03-09,1576.0,1620.0,1574.0,1578.0,189978709609,120411863,2384,1622.0,1612.0
2025-03-10,1585.0,1618.0,1555.0,1580.0,74592584677,47217674,1354,1578.0,1576.0
2025-03-11,1580.0,1590.0,1551.0,1562.0,83401847807,53411226,1286,1580.0,1563.0
2025-03-12,1570.0,1608.0,1535.0,1598.0,134151644067,83951694,1486,1562.0,1607.0
2025-03-15,1645.0,1645.0,1621.0,1645.0,75770206797,46072563,800,1598.0,1645.0
2025-03-16,1680.0,1680.0,1620.0,1647.0,97789762192,59386886,1471,1645.0,1637.0
2025-03-17,1640.0,1670.0,1630.0,1644.0,72212096460,43937474,1410,1647.0,1630.0
2025-03-18,1618.0,1618.0,1595.0,1597.0,126769214745,79383987,1835,1644.0,1595.0
2025-03-25,1644.0,1644.0,1613.0,1643.0,65390673958,39782655,642,1597.0,1644.0
2025-03-26,1688.0,1688.0,1643.0,1651.0,43387892881,26201683,1027,1643.0,1650.0
2025-03-29,1636.0,1647.0,1615.0,1631.0,76875099848,47125505,1465,1651.0,1629.0
2025-03-30,1679.0,1679.0,1631.0,1677.0,112406492848,67023450,1146,1631.0,1679.0
2025-04-05,1699.0,1704.0,1639.0,1668.0,133135416823,79810230,2043,1677.0,1664.0
2025-04-06,1651.0,1668.0,1618.0,1634.0,126624467574,77515214,1767,1668.0,1650.0
2025-04-07,1630.0,1644.0,1590.0,1607.0,112032819474,69695431,2252,1634.0,1591.0
2025-04-08,1655.0,1655.0,1655.0,1650.0,59560757315,35988373,534,1607.0,1655.0
2025-04-09,1695.0,1695.0,1621.0,1642.0,87012052217,52979974,1508,1650.0,1630.0
2025-04-12,1687.0,1687.0,1625.0,1652.0,81549851463,49363390,1212,1642.0,1659.0
2025-04-13,1701.0,1701.0,1701.0,1691.0,53659281627,31545727,425,1652.0,1701.0
2025-04-14,1741.0,1741.0,1716.0,1740.0,145990300925,83898248,1604,1691.0,1741.0
2025-04-15,1770.0,1770.0,1688.0,1711.0,167020414472,97637194,3333,1740.0,1699.0
2025-04-16,1719.0,1755.0,1681.0,1731.0,73557333169,42502000,1243,1711.0,1744.0
2025-04-19,1761.0,1782.0,1748.0,1779.0,188498970964,105951563,1820,1731.0,1782.0
2025-04-20,1832.0,1832.0,1832.0,1805.0,35999596920,19650435,323,1779.0,1832.0
2025-04-21,1859.0,1859.0,1827.0,1850.0,219080668017,118403718,2018,1805.0,1847.0
2025-04-22,1852.0,1905.0,1811.0,1893.0,394286682688,208295535,4329,1850.0,1905.0
2025-04-23,1940.0,1949.0,1860.0,1942.0,371844411152,191450647,3440,1893.0,1949.0
2025-04-26,1999.0,1999.0,1896.0,1953.0,265682617152,136020018,2984,1942.0,1952.0
2025-04-27,1895.0,1926.0,1895.0,1898.0,339566887846,178950827,3183,1953.0,1895.0
2025-04-28,1919.0,1954.0,1895.0,1929.0,198334080952,102830745,2001,1898.0,1900.0
2025-04-29,1950.0,1980.0,1896.0,1946.0,191824038167,98583675,2119,1929.0,1962.0
2025-04-30,2004.0,2004.0,2004.0,2004.0,170700367296,85179824,1267,1946.0,2004.0
2025-05-03,1944.0,1944.0,1944.0,1944.0,202427199792,104129218,1125,2004.0,1944.0
2025-05-04,1890.0,2002.0,1890.0,1979.0,273062817670,137987297,2575,1944.0,2002.0
2025-05-05,2038.0,2038.0,1987.0,2023.0,324633398024,160437382,2553,1979.0,1995.0
2025-05-06,2004.0,2045.0,1978.0,2019.0,225882264650,111851006,2244,2023.0,2028.0
2025-05-07,2058.0,2079.0,2025.0,2055.0,258322203008,125717126,2579,2019.0,2025.0
2025-05-10,1994.0,2054.0,1994.0,1996.0,275169512225,137889485,2332,2055.0,1994.0
2025-05-11,1952.0,1994.0,1937.0,1948.0,268832214098,138003145,2439,1996.0,1937.0
2025-05-12,2006.0,2006.0,2006.0,2006.0,168637098100,84066350,1006,1948.0,2006.0
2025-05-13,2030.0,2045.0,1996.0,2013.0,162717758747,80822016,1820,2006.0,2000.0
2025-05-14,2005.0,2029.0,1978.0,2002.0,190946914879,95390516,1921,2013.0,1987.0
2025-05-17,2030.0,2030.0,1944.0,1968.0,212169149654,107820695,2884,2002.0,1960.0
2025-05-18,1968.0,2015.0,1957.0,1984.0,141623089969,71394958,1645,1968.0,2000.0
2025-05-19,1977.0,2010.0,1949.0,1968.0,152379665889,77442989,1725,1984.0,1949.0
2025-05-20,1950.0,1967.0,1909.0,1917.0,210397620972,109765929,2853,1968.0,1909.0
2025-05-21,1860.0,1895.0,1860.0,1861.0,223375606119,120018547,2168,1917.0,1887.0
2025-05-24,1896.0,1910.0,1851.0,1876.0,68813103103,36663421,1062,1861.0,1898.0
2025-05-25,1876.0,1876.0,1820.0,1832.0,167626050760,91508920,2123,1876.0,1820.0
2025-05-26,1845.0,1870.0,1825.0,1841.0,61995824937,33647268,921,1832.0,1859.0
2025-05-27,1850.0,1896.0,1841.0,1893.0,222914687036,117766972,1430,1841.0,1896.0
2025-05-28,1949.0,1949.0,1949.0,1949.0,452035121078,231931822,1798,1893.0,1949.0
2025-05-31,2007.0,2007.0,1943.0,1977.0,191915199812,97074387,1939,1949.0,1943.0
2025-06-01,1960.0,1961.0,1918.0,1931.0,141412359415,73226510,2417,1977.0,1948.0
2025-06-02,1944.0,1969.0,1924.0,1943.0,75285359620,38745322,912,1931.0,1933.0
2025-06-03,1931.0,1931.0,1885.0,1901.0,112317922434,59094231,2657,1943.0,1893.0
2025-06-07,1844.0,1870.0,1844.0,1861.0,53480214652,28970288,953,1901.0,1844.0
2025-06-08,1829.0,1843.0,1806.0,1812.0,149747821150,82661697,2378,1861.0,1806.0
2025-06-09,1813.0,1837.0,1758.0,1767.0,137231613932,77652426,1760,1812.0,1758.0
2025-06-10,1795.0,1805.0,1726.0,1771.0,65405194627,36918144,905,1767.0,1780.0
2025-06-11,1780.0,1790.0,1733.0,1748.0,113410213969,64880420,1161,1771.0,1740.0
2025-06-28,1696.0,1696.0,1696.0,1697.0,66757775616,39361896,284,1748.0,1696.0
2025-06-29,1647.0,1647.0,1647.0,1647.0,67025814606,40695698,318,1697.0,1647.0
2025-06-30,1598.0,1598.0,1598.0,1598.0,64929844914,40631943,351,1647.0,1598.0
2025-07-01,1551.0,1554.0,1551.0,1551.0,467781658796,301599996,2336,1598.0,1551.0
2025-07-02,1505.0,1567.0,1505.0,1522.0,242280108551,159226884,2796,1551.0,1554.0
2025-07-07,1532.0,1567.0,1500.0,1525.0,127968290094,83929843,1792,1522.0,1508.0
2025-07-08,1505.0,1531.0,1480.0,1496.0,43293083736,29158614,796,1525.0,1480.0
2025-07-09,1452.0,1500.0,1452.0,1458.0,71635815586,49116635,1363,1496.0,1460.0
2025-07-12,1498.0,1501.0,1475.0,1495.0,61702534309,41264922,977,1458.0,1501.0
2025-07-13,1510.0,1520.0,1486.0,1501.0,68310027787,45523329,1060,1495.0,1511.0
2025-07-14,1495.0,1520.0,1495.0,1507.0,83817597878,55608686,863,1501.0,1510.0
2025-07-15,1522.0,1522.0,1496.0,1507.0,59182996458,39277159,938,1507.0,1503.0
2025-07-16,1522.0,1537.0,1514.0,1521.0,51139536413,33551327,750,1507.0,1525.0
2025-07-19,1540.0,1566.0,1530.0,1565.0,100393848447,64164726,1046,1521.0,1566.0
2025-07-20,1611.0,1611.0,1547.0,1590.0,83067495571,52240919,1082,1565.0,1584.0
2025-07-21,1573.0,1610.0,1573.0,1597.0,63107638535,39525769,933,1590.0,1601.0
2025-07-22,1612.0,1626.0,1588.0,1599.0,106032879961,66299430,964,1597.0,1592.0
2025-07-23,1608.0,1613.0,1560.0,1581.0,169618253696,107276008,1580,1599.0,1561.0
2025-07-26,1579.0,1612.0,1541.0,1571.0,103723427820,66011070,1180,1581.0,1548.0
2025-07-27,1534.0,1569.0,1524.0,1535.0,177165930445,115408430,1761,1571.0,1524.0
2025-07-28,1489.0,1489.0,1489.0,1523.0,15205739472,10212048,225,1535.0,1489.0
2025-07-29,1478.0,1478.0,1478.0,1497.0,34037935028,23029726,260,1523.0,1478.0
2025-07-30,1453.0,1466.0,1453.0,1453.0,105550101001,72640017,1228,1497.0,1453.0
2025-08-02,1410.0,1440.0,1410.0,1410.0,160117259031,113542438,1602,1453.0,1410.0
2025-08-03,1408.0,1430.0,1368.0,1392.0,95247697469,68428982,1744,1410.0,1390.0
2025-08-04,1371.0,1433.0,1371.0,1407.0,90757641870,64527241,1211,1392.0,1433.0
2025-08-05,1449.0,1449.0,1376.0,1399.0,59050891762,42201241,1128,1407.0,1394.0
2025-08-06,1358.0,1390.0,1358.0,1359.0,120203502758,88443904,1808,1399.0,1359.0
2025-08-09,1360.0,1395.0,1358.0,1369.0,32527594271,23636961,653,1359.0,1376.0
2025-08-10,1402.0,1403.0,1366.0,1375.0,32393830271,23475700,553,1369.0,1371.0
2025-08-11,1359.0,1375.0,1340.0,1353.0,68799439453,50857372,890,1375.0,1347.0
2025-08-12,1370.0,1370.0,1321.0,1334.0,76609188065,57449630,1017,1353.0,1325.0
2025-08-13,1318.0,1318.0,1294.0,1300.0,45766954544,35334540,728,1334.0,1294.0
2025-08-16,1261.0,1327.0,1261.0,1303.0,42717647698,32757678,854,1300.0,1322.0
2025-08-17,1328.0,1342.0,1314.0,1323.0,27200647582,20271415,431,1303.0,1342.0
2025-08-18,1362.0,1362.0,1327.0,1332.0,24259755530,18050865,636,1323.0,1350.0
2025-08-19,1354.0,1354.0,1300.0,1332.0,68289650872,51284728,893,1332.0,1322.0
2025-08-20,1344.0,1349.0,1322.0,1335.0,56557530143,42375565,692,1332.0,1344.0
2025-08-23,1348.0,1354.0,1329.0,1342.0,61569239817,45876011,705,1335.0,1348.0
2025-08-25,1348.0,1371.0,1326.0,1336.0,39152550152,29341531,750,1342.0,1328.0
2025-08-26,1335.0,1341.0,1313.0,1324.0,61390161410,46375871,1049,1336.0,1325.0
2025-08-27,1318.0,1349.0,1300.0,1330.0,28844190781,21602221,579,1324.0,1344.0
2025-08-30,1291.0,1319.0,1291.0,1302.0,43188899802,33317853,856,1330.0,1293.0
2025-08-31,1291.0,1335.0,1291.0,1318.0,48827417011,37003108,608,1302.0,1320.0
2025-09-02,1320.0,1357.0,1320.0,1340.0,32523853701,24004112,400,1318.0,1357.0
2025-09-03,1380.0,1380.0,1379.0,1362.0,29708954760,21528252,326,1340.0,1380.0
2025-09-06,1402.0,1402.0,1357.0,1384.0,67584653476,48831765,1023,1362.0,1373.0
2025-09-07,1384.0,1425.0,1377.0,1397.0,42991371362,30691034,685,1384.0,1411.0
2025-09-08,1423.0,1438.0,1409.0,1425.0,44140106414,30798325,774,1397.0,1438.0
2025-09-09,1467.0,1467.0,1420.0,1443.0,65158323868,45143987,884,1425.0,1440.0
2025-09-13,1480.0,1480.0,1433.0,1448.0,45243365251,31206123,732,1443.0,1440.0
2025-09-14,1467.0,1491.0,1449.0,1476.0,115867347508,78515355,1521,1448.0,1491.0
2025-09-21,1410.0,1410.0,1410.0,1438.0,19044981390,13507079,154,1453.0,1410.0
2025-09-22,1395.0,1440.0,1395.0,1403.0,303935021097,216618792,4125,1438.0,1395.0
2025-09-23,1400.0,1400.0,1361.0,1370.0,99206806386,72406373,1598,1403.0,1361.0
2025-09-24,1329.0,1356.0,1329.0,1333.0,98930358514,74198351,1887,1370.0,1329.0
