date,open,high,low,adjClose,value,volume,count,yesterday,close
2015-03-18,14400.0,14976.0,14400.0,14418.0,8894527094,616919,83,1000.0,14400.0
2015-03-25,14699.0,14798.0,14699.0,14488.0,257941389,17501,15,14418.0,14701.0
2015-03-28,14502.0,14502.0,13909.0,14045.0,3275380969,233214,285,14488.0,13909.0
2015-03-29,14500.0,14599.0,14005.0,14114.0,4479570892,317376,154,14045.0,14014.0
2015-03-30,14120.0,14120.0,13800.0,14076.0,274303203,19650,41,14114.0,13901.0
2015-03-31,14200.0,14200.0,13685.0,14030.0,634445220,45333,60,14076.0,14000.0
2015-04-04,14591.0,14591.0,14591.0,14591.0,1169950153,80183,17,14030.0,14591.0
2015-04-05,15174.0,15174.0,14810.0,15129.0,7898414221,522085,114,14591.0,15100.0
2015-04-06,14740.0,14740.0,14524.0,14526.0,3115479038,214469,67,15129.0,14599.0
2015-04-07,14222.0,14520.0,14100.0,14470.0,392322528,27318,31,14526.0,14119.0
2015-04-08,14130.0,14310.0,14130.0,14462.0,50850505,3561,12,14470.0,14302.0
2015-04-11,14700.0,14750.0,14000.0,14187.0,890009735,63063,40,14462.0,14210.0
2015-04-12,14200.0,14400.0,14200.0,14210.0,752545926,52915,37,14187.0,14220.0
2015-04-13,14022.0,14024.0,14017.0,14196.0,84413580,6020,16,14210.0,14022.0
2015-04-14,14009.0,14200.0,14008.0,14191.0,41170600,2929,13,14196.0,14200.0
2015-04-15,14200.0,14400.0,14060.0,14184.0,312764052,22079,19,14191.0,14400.0
2015-04-18,14290.0,14500.0,14250.0,14200.0,98773450,6876,18,14184.0,14400.0
2015-04-19,14100.0,14400.0,14050.0,14195.0,568909250,40093,26,14200.0,14100.0
2015-04-20,14060.0,14090.0,14050.0,14124.0,601411140,42770,26,14195.0,14050.0
2015-04-21,14019.0,14019.0,14010.0,14120.0,42031800,3000,2,14124.0,14010.0
2015-04-22,14350.0,14350.0,14051.0,14154.0,258026850,18080,17,14120.0,14300.0
2015-04-25,14399.0,14399.0,14200.0,14177.0,166746948,11653,8,14154.0,14200.0
2015-04-26,14001.0,14299.0,14001.0,14172.0,313123627,22114,21,14177.0,14202.0
2015-04-27,14101.0,14101.0,14000.0,14114.0,423129550,30182,41,14172.0,14000.0
2015-04-28,14000.0,14249.0,13820.0,14090.0,135164570,9711,15,14114.0,13820.0
2015-04-29,14290.0,14290.0,13810.0,14089.0,10920950,779,9,14090.0,14000.0
2015-05-03,13840.0,13880.0,13800.0,14047.0,176320080,12754,27,14089.0,13880.0
2015-05-04,13638.0,13638.0,13486.0,13818.0,449078646,33272,29,14047.0,13486.0
2015-05-05,13700.0,13880.0,13540.0,13816.0,86902180,6299,10,13818.0,13540.0
2015-05-06,13400.0,13600.0,13400.0,13804.0,33132955,2470,6,13816.0,13457.0
2015-05-09,13481.0,13860.0,13480.0,13772.0,150415950,11080,15,13804.0,13505.0
2015-05-10,13401.0,13422.0,13300.0,13669.0,272737500,20400,29,13772.0,13300.0
2015-05-11,13600.0,13705.0,13500.0,13660.0,121623741,8951,11,13669.0,13505.0
2015-05-12,13699.0,13798.0,13500.0,13660.0,501302900,36700,14,13660.0,13500.0
2015-05-13,13350.0,13600.0,13350.0,13636.0,154546875,11454,25,13660.0,13556.0
2015-05-17,13350.0,13360.0,13201.0,13612.0,68630306,5175,8,13636.0,13201.0
2015-05-18,13500.0,13880.0,13300.0,13594.0,1297206560,95425,43,13612.0,13370.0
2015-05-19,13786.0,13790.0,13310.0,13583.0,53912500,4030,7,13594.0,13786.0
2015-05-20,13782.0,13783.0,13400.0,13571.0,134518455,9976,22,13583.0,13600.0
2015-05-23,13694.0,13694.0,13200.0,13556.0,136879716,10176,20,13571.0,13685.0
2015-05-24,13470.0,13667.0,12911.0,13523.0,288564013,21479,21,13556.0,13599.0
2015-05-25,13600.0,13600.0,13470.0,13522.0,136824000,10121,11,13523.0,13500.0
2015-05-26,13500.0,13500.0,13500.0,13517.0,267165000,19790,13,13522.0,13500.0
2015-05-27,13733.0,13733.0,13520.0,13556.0,229649950,16760,17,13517.0,13550.0
2015-05-30,13402.0,13650.0,13002.0,13523.0,131798100,9915,10,13556.0,13600.0
2015-05-31,13592.0,13592.0,13500.0,13523.0,40400582,2989,8,13523.0,13500.0
2015-06-01,13051.0,13650.0,13051.0,13508.0,142613000,10632,14,13523.0,13493.0
2015-06-02,13784.0,13784.0,13160.0,13506.0,193119800,14310,16,13508.0,13598.0
2015-06-07,13250.0,13562.0,13250.0,13503.0,17186100,1290,5,13506.0,13562.0
2015-06-08,13300.0,13597.0,13005.0,13491.0,54495132,4108,7,13503.0,13579.0
2015-06-09,13072.0,13539.0,13062.0,13440.0,252151450,18991,32,13491.0,13340.0
2015-06-10,13566.0,13566.0,13145.0,13428.0,224223923,16757,15,13440.0,13499.0
2015-06-13,13250.0,13486.0,13200.0,13426.0,59482684,4442,10,13428.0,13468.0
2015-06-14,13476.0,13498.0,13200.0,13365.0,1012850230,75800,35,13426.0,13420.0
2015-06-15,13474.0,13475.0,13201.0,13368.0,169837590,12690,20,13365.0,13449.0
2015-06-16,13474.0,13476.0,13400.0,13371.0,63093804,4700,10,13368.0,13444.0
2015-06-17,13500.0,13550.0,13377.0,13387.0,137610300,10195,23,13371.0,13550.0
2015-06-20,13570.0,13669.0,13400.0,13476.0,510737355,37621,21,13387.0,13600.0
2015-06-21,13660.0,14149.0,13660.0,13894.0,1596032217,114871,49,13476.0,14000.0
2015-06-22,13980.0,13980.0,13700.0,13879.0,301845150,21811,39,13894.0,13944.0
2015-06-23,13950.0,13950.0,13600.0,13856.0,129631200,9470,8,13879.0,13840.0
2015-06-24,13820.0,13830.0,13500.0,13848.0,126012990,9140,14,13856.0,13800.0
2015-06-27,13380.0,13880.0,13210.0,13614.0,964124360,70971,45,13848.0,13700.0
2015-06-28,13800.0,13800.0,13800.0,13615.0,8528400,618,2,13614.0,13800.0
2015-06-29,13400.0,13750.0,13400.0,13616.0,49092360,3600,20,13615.0,13500.0
2015-06-30,13416.0,13750.0,13416.0,13626.0,374764873,27466,50,13616.0,13500.0
2015-07-01,13800.0,13800.0,13420.0,13604.0,243533536,18000,13,13626.0,13628.0
2015-07-04,13799.0,13799.0,13600.0,13634.0,314917121,22973,29,13604.0,13668.0
2015-07-05,13634.0,13650.0,13420.0,13606.0,375601535,27711,25,13634.0,13607.0
2015-07-06,13420.0,13800.0,13420.0,13744.0,1124957805,81850,31,13606.0,13520.0
2015-07-07,13795.0,13795.0,13420.0,13610.0,606786000,44930,25,13744.0,13634.0
2015-07-11,13800.0,13900.0,13250.0,13820.0,28823194486,2085633,43,13610.0,13770.0
2015-07-12,13600.0,13940.0,13600.0,13829.0,260245155,18778,21,13820.0,13730.0
2015-07-13,13950.0,14110.0,13680.0,13835.0,974592826,70439,62,13829.0,13680.0
2015-07-14,13505.0,13790.0,13400.0,13454.0,1708716045,127008,57,13835.0,13450.0
2015-07-15,13300.0,13677.0,13251.0,13415.0,625829055,46750,50,13454.0,13490.0
2015-07-20,13260.0,13500.0,13260.0,13415.0,95245900,7100,10,13415.0,13380.0
2015-07-21,13400.0,13600.0,13400.0,13437.0,572942880,42578,36,13415.0,13540.0
2015-07-22,13400.0,13659.0,13400.0,13438.0,13516100,999,3,13437.0,13659.0
2015-07-25,13310.0,13660.0,13301.0,13506.0,603441785,44500,62,13438.0,13590.0
2015-07-26,13372.0,13660.0,13371.0,13505.0,57502983,4262,13,13506.0,13400.0
2015-07-27,13400.0,13500.0,13200.0,13501.0,97334615,7229,18,13505.0,13500.0
2015-07-28,13400.0,13550.0,13220.0,13440.0,772465680,57577,69,13501.0,13480.0
2015-07-29,13440.0,13440.0,13200.0,13425.0,211254121,15805,27,13440.0,13417.0
2015-08-01,13400.0,13639.0,13310.0,13425.0,57975448,4319,14,13425.0,13570.0
2015-08-02,13400.0,13560.0,13100.0,13348.0,424842631,32105,60,13425.0,13377.0
2015-08-03,13300.0,13480.0,13040.0,13322.0,219426041,16596,35,13348.0,13350.0
2015-08-04,13500.0,13500.0,13500.0,13323.0,5994000,444,1,13322.0,13500.0
2015-08-05,13323.0,13323.0,13200.0,13317.0,342376873,25733,35,13323.0,13289.0
2015-08-08,13289.0,13350.0,13101.0,13313.0,214794152,16152,17,13317.0,13101.0
2015-08-09,13420.0,13420.0,13001.0,13292.0,139802671,10626,29,13313.0,13298.0
2015-08-10,13298.0,13298.0,13298.0,13292.0,31649240,2380,4,13292.0,13298.0
2015-08-12,13297.0,13349.0,13060.0,13288.0,352945676,26579,21,13292.0,13200.0
2015-08-15,13300.0,13400.0,13208.0,13287.0,64929880,4890,8,13288.0,13208.0
2015-08-16,13215.0,13250.0,13000.0,13255.0,197400488,15050,30,13287.0,13000.0
2015-08-17,13000.0,13299.0,13000.0,13253.0,125788875,9501,19,13255.0,13299.0
2015-08-18,13390.0,13400.0,13200.0,13264.0,86189750,6439,6,13253.0,13200.0
2015-08-19,13389.0,13393.0,13052.0,13265.0,80720047,6079,5,13264.0,13052.0
2015-08-22,13300.0,13380.0,13020.0,13272.0,179129900,13463,16,13265.0,13360.0
2015-08-23,13100.0,13250.0,13000.0,13252.0,85667350,6576,13,13272.0,13250.0
2015-08-24,13005.0,13230.0,12900.0,13226.0,515591761,39061,27,13252.0,12901.0
2015-08-25,13224.0,13224.0,12800.0,13173.0,1472254673,111763,34,13226.0,12808.0
2015-08-26,13192.0,13192.0,13000.0,13172.0,7515752,577,4,13173.0,13160.0
2015-08-29,12751.0,13197.0,12751.0,13101.0,261225626,20265,27,13172.0,13197.0
2015-08-30,12850.0,13000.0,12800.0,13090.0,38710750,3020,6,13101.0,13000.0
2015-08-31,13080.0,13150.0,13080.0,13090.0,9827500,750,3,13090.0,13150.0
2015-09-01,12901.0,13099.0,12901.0,13089.0,12716178,978,5,13090.0,13099.0
2015-09-02,12802.0,13164.0,12802.0,13085.0,62992522,4838,13,13089.0,13164.0
2015-09-05,12950.0,12950.0,12760.0,13026.0,342415640,26532,7,13085.0,12760.0
2015-09-06,12800.0,13160.0,12800.0,12979.0,488337349,37779,14,13026.0,13088.0
2015-09-07,12800.0,13600.0,12800.0,13565.0,15074193921,1111275,37,12979.0,13400.0
2015-09-08,13110.0,13700.0,13000.0,13527.0,1923464192,142191,91,13565.0,13440.0
2015-09-09,13001.0,13290.0,12900.0,13234.0,631944529,48449,63,13527.0,12931.0
2015-09-12,13160.0,13160.0,12750.0,12998.0,689042800,53492,50,13234.0,13094.0
2015-09-13,12750.0,12752.0,12610.0,12923.0,220946794,17463,22,12998.0,12611.0
2015-09-14,12500.0,12740.0,12277.0,12745.0,312184045,25262,45,12923.0,12300.0
2015-09-15,12200.0,12455.0,12110.0,12656.0,138124880,11398,13,12745.0,12455.0
2015-09-16,12300.0,12580.0,12200.0,12621.0,96751850,7865,22,12656.0,12200.0
2015-09-19,12201.0,12250.0,12111.0,12559.0,142213545,11662,27,12621.0,12111.0
2015-09-20,12100.0,12250.0,11932.0,12391.0,305716910,25412,43,12559.0,11932.0
2015-09-21,12385.0,12385.0,11772.0,12278.0,230210430,19306,32,12391.0,12087.0
2015-09-22,11980.0,12791.0,11665.0,11958.0,3838634800,321016,64,12278.0,12791.0
2015-09-23,11881.0,12375.0,11871.0,12046.0,295289440,24107,15,11958.0,12370.0
2015-09-26,12370.0,12648.0,12300.0,12167.0,267626267,21412,18,12046.0,12300.0
2015-09-27,12010.0,12470.0,12010.0,12182.0,77933900,6304,5,12167.0,12200.0
2015-09-28,12200.0,12401.0,11600.0,12081.0,353380627,29672,56,12182.0,11600.0
2015-10-07,6396.0,6396.0,6077.0,6111.0,3647098746,596835,173,4166.0,6148.0
2015-10-10,5810.0,6300.0,5810.0,6047.0,1043242595,173654,101,6111.0,6000.0
2015-10-11,6100.0,6190.0,5961.0,6068.0,346651730,56358,35,6047.0,6190.0
2015-10-12,6180.0,6199.0,6001.0,6072.0,119937226,19565,24,6068.0,6150.0
2015-10-13,6199.0,6300.0,6151.0,6082.0,176970800,28700,14,6072.0,6151.0
2015-10-14,6195.0,6200.0,6160.0,6111.0,512824975,82991,30,6082.0,6198.0
2015-10-17,6399.0,6400.0,6250.0,6146.0,326320770,51773,30,6111.0,6300.0
2015-10-18,6203.0,6203.0,5839.0,6046.0,1175850956,195872,86,6146.0,5950.0
2015-10-19,5803.0,5906.0,5756.0,6003.0,293861336,50618,35,6046.0,5900.0
2015-10-20,5900.0,6100.0,5900.0,6006.0,83168549,13731,15,6003.0,6090.0
2015-10-21,6188.0,6188.0,5860.0,6006.0,104677452,17424,23,6006.0,5860.0
2015-10-25,6080.0,6090.0,5715.0,6010.0,133768845,22106,18,6006.0,6020.0
2015-10-26,6080.0,6080.0,5803.0,6002.0,172451387,29058,19,6010.0,5950.0
2015-10-27,5920.0,6019.0,5800.0,5997.0,52076810,8932,7,6002.0,6000.0
2015-10-28,6000.0,6000.0,5880.0,5997.0,23595000,3950,5,5997.0,6000.0
2015-10-31,6000.0,6000.0,5851.0,5997.0,18421000,3095,4,5997.0,6000.0
2015-11-01,6000.0,6000.0,5780.0,5961.0,305380381,52587,29,5997.0,5994.0
2015-11-02,5990.0,5993.0,5760.0,5940.0,228877552,39368,22,5961.0,5899.0
2015-11-03,5780.0,5800.0,5780.0,5932.0,85941630,14864,14,5940.0,5781.0
2015-11-04,5800.0,5830.0,5781.0,5917.0,181584604,31310,22,5932.0,5800.0
2015-11-07,5811.0,5811.0,5780.0,5911.0,82146800,14177,18,5917.0,5790.0
2015-11-08,5780.0,5780.0,5700.0,5903.0,65746400,11510,10,5911.0,5700.0
2015-11-09,5680.0,5750.0,5610.0,5820.0,508096590,90026,37,5903.0,5714.0
2015-11-10,5600.0,5732.0,5591.0,5808.0,100361261,17819,17,5820.0,5732.0
2015-11-11,5709.0,5710.0,5544.0,5798.0,67665663,12154,13,5808.0,5562.0
2015-11-14,5700.0,5700.0,5509.0,5712.0,489047902,88511,50,5798.0,5510.0
2015-11-15,5694.0,5694.0,5503.0,5708.0,67628265,12019,14,5712.0,5503.0
2015-11-16,5543.0,5670.0,5511.0,5702.0,66607201,11974,9,5708.0,5666.0
2015-11-17,5500.0,5820.0,5500.0,5711.0,480342691,83820,34,5702.0,5765.0
2015-11-18,5770.0,5900.0,5761.0,5793.0,1206926778,207311,54,5711.0,5800.0
2015-11-21,5900.0,5900.0,5786.0,5820.0,434438550,73695,20,5793.0,5900.0
2015-12-07,5830.0,5830.0,5539.0,5762.0,616951222,107072,30,5820.0,5698.0
2015-12-08,5800.0,5800.0,5474.0,5678.0,491400715,89360,32,5762.0,5474.0
2015-12-09,5432.0,5432.0,5395.0,5653.0,133189936,24674,24,5678.0,5395.0
2015-12-13,5372.0,5450.0,5371.0,5579.0,398346312,74150,22,5653.0,5450.0
2015-12-14,5310.0,5310.0,5301.0,5578.0,5352408,1008,2,5579.0,5301.0
2015-12-15,5600.0,5600.0,5300.0,5572.0,42527408,7911,12,5578.0,5580.0
2015-12-16,5575.0,5575.0,5310.0,5570.0,21718072,4013,7,5572.0,5500.0
2015-12-19,5571.0,5571.0,5300.0,5550.0,119606600,22477,10,5570.0,5497.0
2015-12-20,5300.0,5610.0,5273.0,5555.0,911078940,163907,65,5550.0,5610.0
2015-12-21,5624.0,5832.0,5624.0,5796.0,1634950160,282096,59,5555.0,5800.0
2015-12-22,5899.0,5900.0,5520.0,5796.0,48048360,8281,11,5796.0,5600.0
2015-12-23,5900.0,5900.0,5571.0,5799.0,167018922,28692,20,5796.0,5885.0
2015-12-26,5879.0,5879.0,5560.0,5796.0,34705760,6124,7,5799.0,5820.0
2015-12-27,5858.0,5858.0,5572.0,5793.0,34003200,6000,7,5796.0,5780.0
2015-12-28,5510.0,5778.0,5504.0,5744.0,325157791,58490,39,5793.0,5775.0
2015-12-30,5699.0,5699.0,5510.0,5741.0,68771564,12119,11,5744.0,5699.0
2016-01-02,5500.0,5760.0,5500.0,5740.0,39503058,6916,11,5741.0,5739.0
2016-01-03,5800.0,5800.0,5740.0,5743.0,84973100,14675,12,5740.0,5800.0
2016-01-04,5853.0,5853.0,5750.0,5745.0,67562375,11649,12,5743.0,5853.0
2016-01-05,5844.0,5844.0,5838.0,5749.0,64253575,11000,6,5745.0,5843.0
2016-01-06,5843.0,5843.0,5660.0,5748.0,74318000,13000,12,5749.0,5840.0
2016-01-09,5810.0,5817.0,5610.0,5744.0,67264916,11918,9,5748.0,5810.0
2016-01-10,5790.0,5790.0,5457.0,5715.0,176751175,32200,11,5744.0,5650.0
2016-01-11,5650.0,5650.0,5436.0,5680.0,219438812,40122,23,5715.0,5436.0
2016-01-12,5570.0,5570.0,5396.0,5650.0,193077895,35479,33,5680.0,5396.0
2016-01-13,5413.0,5692.0,5389.0,5639.0,118420144,21513,30,5650.0,5650.0
2016-01-16,5657.0,5695.0,5450.0,5639.0,20088920,3550,9,5639.0,5660.0
2016-01-17,5665.0,5670.0,5359.0,5613.0,228313693,41787,35,5639.0,5540.0
2016-01-18,5634.0,5634.0,5333.0,5548.0,372931402,69672,29,5613.0,5579.0
2016-01-19,5491.0,5821.0,5271.0,5481.0,2650409930,483597,165,5548.0,5746.0
2016-01-20,5755.0,5755.0,5300.0,5592.0,1611762434,288219,76,5481.0,5601.0
2016-01-23,5749.0,5749.0,5511.0,5590.0,244338261,43795,25,5592.0,5674.0
2016-01-24,5700.0,5700.0,5500.0,5586.0,312311309,56070,28,5590.0,5678.0
2016-01-25,5735.0,5865.0,5735.0,5859.0,3929676076,670695,98,5586.0,5865.0
2016-01-26,5998.0,6151.0,5860.0,6138.0,2266445968,369223,76,5859.0,6100.0
2016-01-27,6100.0,6390.0,5840.0,6140.0,1097666000,178745,77,6138.0,6120.0
2016-01-30,6120.0,6340.0,5872.0,6160.0,771343638,124703,48,6140.0,5872.0
2016-01-31,6199.0,6200.0,5852.0,6101.0,890115824,147200,31,6160.0,6047.0
2016-02-01,6051.0,6183.0,6000.0,6096.0,292695393,48191,20,6101.0,6000.0
2016-02-02,5888.0,6179.0,5862.0,6091.0,114386139,18987,14,6096.0,5970.0
2016-02-03,5901.0,6099.0,5803.0,6072.0,357659656,59586,23,6091.0,6098.0
2016-02-06,5902.0,5902.0,5860.0,6040.0,297476923,50478,18,6072.0,5860.0
2016-02-07,5766.0,6100.0,5766.0,6025.0,428314700,71601,32,6040.0,5890.0
2016-02-08,5787.0,5999.0,5770.0,5927.0,871164115,149161,54,6025.0,5770.0
2016-02-09,5970.0,6096.0,5958.0,5944.0,319418592,53098,25,5927.0,6011.0
2016-02-10,5670.0,5987.0,5660.0,5919.0,327869886,56357,19,5944.0,5815.0
2016-02-13,5990.0,5990.0,5850.0,5920.0,57210845,9612,10,5919.0,5900.0
2016-02-14,5950.0,6060.0,5750.0,5928.0,169551188,28277,31,5920.0,5999.0
2016-02-15,5950.0,6095.0,5950.0,5955.0,322738870,53176,26,5928.0,5975.0
2016-02-16,5980.0,6095.0,5980.0,5963.0,237011200,39439,9,5955.0,6095.0
2016-02-17,6080.0,6080.0,5812.0,5967.0,307273720,51347,19,5963.0,5812.0
2016-02-20,5801.0,5994.0,5800.0,5962.0,178275399,30099,26,5967.0,5985.0
2016-02-21,5980.0,5980.0,5790.0,5959.0,78320450,13265,14,5962.0,5790.0
2016-02-22,5794.0,5900.0,5794.0,5936.0,358324965,61200,25,5959.0,5802.0
2016-02-23,5800.0,5969.0,5800.0,5931.0,76564370,13136,9,5936.0,5800.0
2016-02-24,5800.0,5900.0,5700.0,5818.0,16753509950,2879406,221,5931.0,5801.0
2016-03-07,3685.0,3685.0,3501.0,3527.0,2397492456,679737,125,5032.0,3670.0
2016-03-08,3351.0,3450.0,3351.0,3501.0,168689033,49858,39,3527.0,3400.0
2016-03-09,3360.0,3557.0,3336.0,3462.0,304855452,90217,63,3501.0,3400.0
2016-03-12,3300.0,3410.0,3300.0,3440.0,251474207,74432,43,3462.0,3350.0
2016-03-14,3330.0,3475.0,3270.0,3412.0,235577776,70741,30,3440.0,3380.0
2016-03-15,3360.0,3557.0,3273.0,3423.0,515575947,150202,40,3412.0,3480.0
2016-03-16,3340.0,3480.0,3340.0,3421.0,163722100,47962,18,3423.0,3460.0
2016-03-26,3552.0,3557.0,3401.0,3427.0,74974274,21419,14,3421.0,3401.0
2016-03-27,3520.0,3557.0,3450.0,3444.0,272096822,78000,18,3427.0,3461.0
2016-03-28,3550.0,3550.0,3412.0,3445.0,74530597,21577,14,3444.0,3495.0
2016-03-29,3529.0,3529.0,3422.0,3448.0,231723544,67034,34,3445.0,3478.0
2016-03-30,3400.0,3530.0,3390.0,3444.0,119470683,35000,25,3448.0,3470.0
2016-04-02,3466.0,3466.0,3350.0,3444.0,23160360,6729,10,3444.0,3449.0
2016-04-03,3450.0,3450.0,3351.0,3439.0,83398475,24610,9,3444.0,3401.0
2016-04-04,3445.0,3445.0,3350.0,3436.0,54328305,16002,21,3439.0,3440.0
2016-04-05,3448.0,3448.0,3310.0,3431.0,79372620,23500,20,3436.0,3310.0
2016-04-06,3439.0,3500.0,3352.0,3432.0,242820731,70653,26,3431.0,3352.0
2016-04-09,3439.0,3439.0,3355.0,3427.0,80324150,23805,10,3432.0,3430.0
2016-04-10,3440.0,3440.0,3350.0,3413.0,208181800,61880,35,3427.0,3400.0
2016-04-11,3440.0,3440.0,3302.0,3401.0,148543163,44500,21,3413.0,3304.0
2016-04-12,3498.0,3499.0,3295.0,3392.0,171478135,51143,20,3401.0,3340.0
2016-04-13,3435.0,3435.0,3310.0,3391.0,199793098,58985,27,3392.0,3400.0
2016-04-16,3399.0,3400.0,3250.0,3389.0,34538443,10364,10,3391.0,3380.0
2016-04-17,3399.0,3400.0,3399.0,3389.0,16998000,5000,2,3389.0,3400.0
2016-04-18,3420.0,3428.0,3300.0,3386.0,104017054,30978,16,3389.0,3399.0
2016-04-19,3310.0,3400.0,3300.0,3380.0,122352281,36599,32,3386.0,3370.0
2016-04-20,3368.0,3370.0,3271.0,3376.0,225785250,67150,15,3380.0,3339.0
2016-04-23,3338.0,3480.0,3239.0,3374.0,92212513,27500,10,3376.0,3349.0
2016-04-24,3390.0,3390.0,3240.0,3374.0,9681736,2902,5,3374.0,3368.0
2016-04-25,3360.0,3410.0,3251.0,3373.0,115353621,34310,13,3374.0,3360.0
2016-04-26,3360.0,3390.0,3360.0,3373.0,138268802,41000,6,3373.0,3360.0
2016-04-27,3360.0,3390.0,3300.0,3370.0,112273012,33526,14,3373.0,3370.0
2016-04-30,3370.0,3370.0,3300.0,3366.0,78120700,23479,15,3370.0,3350.0
2016-05-01,3370.0,3370.0,3350.0,3366.0,18234640,5420,4,3366.0,3350.0
2016-05-02,3229.0,3330.0,3229.0,3360.0,144651500,43500,5,3366.0,3329.0
2016-05-03,3300.0,3330.0,3230.0,3349.0,107517624,32889,20,3360.0,3234.0
2016-05-04,3329.0,3390.0,3300.0,3337.0,401779185,121000,25,3349.0,3390.0
2016-05-07,3390.0,3390.0,3250.0,3336.0,142651760,42845,11,3337.0,3300.0
2016-05-08,3389.0,3390.0,3250.0,3337.0,25188393,7507,7,3336.0,3330.0
2016-05-09,3389.0,3442.0,3251.0,3338.0,553310500,165736,24,3337.0,3300.0
2016-05-10,3400.0,3470.0,3240.0,3331.0,288973034,87133,22,3338.0,3470.0
2016-05-11,3464.0,3470.0,3303.0,3334.0,31727132,9288,9,3331.0,3418.0
2016-05-14,3362.0,3370.0,3362.0,3335.0,13860222,4114,3,3334.0,3370.0
2016-05-15,3365.0,3365.0,3250.0,3324.0,146484991,44831,15,3335.0,3327.0
2016-05-16,3364.0,3364.0,3364.0,3324.0,8410000,2500,1,3324.0,3364.0
2016-05-17,3345.0,3345.0,3200.0,3321.0,65072238,19870,16,3324.0,3320.0
2016-05-18,3329.0,3329.0,3190.0,3313.0,113111006,34754,25,3321.0,3289.0
2016-05-21,3280.0,3317.0,3211.0,3310.0,74641275,22800,12,3313.0,3220.0
2016-05-23,3309.0,3310.0,3298.0,3310.0,39661776,12000,9,3310.0,3300.0
2016-05-24,3231.0,3310.0,3231.0,3307.0,106991240,32605,9,3310.0,3300.0
2016-05-25,3231.0,3310.0,3231.0,3307.0,94217800,28500,10,3307.0,3310.0
2016-05-28,3224.0,3308.0,3224.0,3306.0,14683890,4540,7,3307.0,3308.0
2016-05-29,3309.0,3328.0,3226.0,3289.0,231749066,71500,18,3306.0,3308.0
2016-05-30,3290.0,3290.0,3240.0,3287.0,36801800,11340,6,3289.0,3250.0
2016-05-31,3240.0,3240.0,3240.0,3282.0,97857720,30203,7,3287.0,3240.0
2016-06-01,3280.0,3280.0,3223.0,3279.0,50338352,15615,6,3282.0,3223.0
2016-06-05,3220.0,3220.0,3220.0,3279.0,1610000,500,1,3279.0,3220.0
2016-06-06,3221.0,3221.0,3120.0,3268.0,73974570,23500,10,3279.0,3170.0
2016-06-07,3240.0,3240.0,3140.0,3263.0,38537900,12214,4,3268.0,3217.0
2016-06-08,3160.0,3166.0,3150.0,3258.0,39239830,12423,9,3263.0,3150.0
2016-06-11,3160.0,3160.0,3126.0,3258.0,2263772,722,2,3258.0,3126.0
2016-06-12,3122.0,3122.0,3120.0,3254.0,23180000,7425,4,3258.0,3120.0
2016-06-13,3150.0,3150.0,3104.0,3250.0,27870000,8875,5,3254.0,3104.0
2016-06-14,3090.0,3090.0,3090.0,3250.0,1507920,488,1,3250.0,3090.0
2016-06-15,3090.0,3091.0,3088.0,3238.0,66344564,21478,15,3250.0,3088.0
2016-06-18,3080.0,3080.0,3077.0,3219.0,101316654,32926,13,3238.0,3077.0
2016-06-19,3060.0,3063.0,3059.0,3150.0,369776696,120860,29,3219.0,3059.0
2016-06-21,3000.0,3110.0,3000.0,3141.0,60623400,20004,13,3150.0,3032.0
2016-06-22,3120.0,3298.0,3120.0,3147.0,76451808,23794,9,3141.0,3298.0
2016-06-25,3250.0,3250.0,3131.0,3147.0,10396000,3308,3,3147.0,3133.0
2016-06-28,3200.0,3304.0,3200.0,3294.0,892250367,270404,43,3147.0,3304.0
2016-06-29,3330.0,3330.0,3130.0,3287.0,45685900,14488,19,3294.0,3130.0
2016-07-02,3127.0,3127.0,3127.0,3287.0,1025656,328,1,3287.0,3127.0
2016-07-03,3126.0,3170.0,3126.0,3287.0,2969470,945,2,3287.0,3170.0
2016-07-04,3150.0,3150.0,3150.0,3286.0,6300000,2000,2,3287.0,3150.0
2016-07-05,3195.0,3201.0,3195.0,3285.0,14571604,4554,7,3286.0,3200.0
2016-07-09,3127.0,3128.0,3127.0,3283.0,13835198,4424,5,3285.0,3127.0
2016-07-10,3127.0,3127.0,3127.0,3283.0,312700,100,1,3283.0,3127.0
2016-07-11,3230.0,3329.0,3130.0,3283.0,16383940,5020,6,3283.0,3130.0
2016-07-13,3270.0,3283.0,3270.0,3283.0,86482960,26348,5,3283.0,3283.0
2016-07-18,3283.0,3399.0,3282.0,3284.0,11180154,3323,5,3283.0,3399.0
2016-07-19,3300.0,3325.0,3200.0,3285.0,119429900,36256,12,3284.0,3200.0
2016-07-20,3322.0,3324.0,3320.0,3286.0,14372372,4327,5,3285.0,3324.0
2016-07-23,3324.0,3370.0,3324.0,3290.0,66026906,19770,19,3286.0,3348.0
2016-07-24,3347.0,3399.0,3310.0,3342.0,1238043190,370430,40,3290.0,3399.0
2016-07-25,3285.0,3400.0,3285.0,3346.0,364797570,108829,17,3342.0,3300.0
2016-07-26,3280.0,3280.0,3280.0,3346.0,3444000,1050,4,3346.0,3280.0
2016-07-27,3221.0,3221.0,3179.0,3190.0,1622619620,508622,128,3346.0,3181.0
2016-07-31,3180.0,3180.0,3031.0,3178.0,195616683,62344,20,3190.0,3180.0
2016-08-01,3220.0,3260.0,3160.0,3185.0,249829910,78026,16,3178.0,3171.0
2016-08-02,3145.0,3160.0,3121.0,3180.0,135574115,42997,12,3185.0,3160.0
2016-08-03,3207.0,3210.0,3200.0,3185.0,139291300,43400,8,3180.0,3210.0
2016-08-06,3207.0,3250.0,3193.0,3230.0,1768951862,547661,74,3185.0,3250.0
2016-08-07,3260.0,3353.0,3260.0,3257.0,296909649,89550,32,3230.0,3300.0
2016-08-08,3329.0,3329.0,3200.0,3256.0,25623850,7990,6,3257.0,3229.0
2016-08-09,3234.0,3234.0,3106.0,3225.0,243809609,77574,19,3256.0,3106.0
2016-08-10,3230.0,3240.0,3218.0,3228.0,273633935,84557,16,3225.0,3240.0
2016-08-13,3220.0,3220.0,3160.0,3217.0,154795120,48936,11,3228.0,3162.0
2016-08-14,3113.0,3259.0,3113.0,3210.0,312825309,97888,28,3217.0,3200.0
2016-08-15,3155.0,3155.0,3149.0,3207.0,50563075,16035,11,3210.0,3150.0
2016-08-16,3200.0,3217.0,3140.0,3207.0,7099510863,2213999,226,3207.0,3145.0
2016-08-17,3150.0,3190.0,3120.0,3177.0,496445494,157440,37,3207.0,3190.0
2016-08-20,3202.0,3246.0,3140.0,3203.0,699087076,217743,24,3177.0,3140.0
2016-08-21,3120.0,3363.0,3120.0,3341.0,9121489652,2729973,232,3203.0,3363.0
2016-08-22,3238.0,3508.0,3238.0,3454.0,1649074536,477395,96,3341.0,3358.0
2016-08-23,3468.0,3500.0,3328.0,3470.0,826225470,237925,51,3454.0,3480.0
2016-08-24,3495.0,3500.0,3383.0,3440.0,392607513,115601,29,3470.0,3430.0
2016-08-27,3450.0,3450.0,3300.0,3424.0,147728777,44215,23,3440.0,3300.0
2016-08-28,3273.0,3498.0,3273.0,3416.0,82050709,24604,27,3424.0,3285.0
2016-08-29,3353.0,3359.0,3300.0,3389.0,274932408,82672,23,3416.0,3340.0
2016-08-30,3300.0,3503.0,3220.0,3449.0,1244056273,360654,42,3389.0,3440.0
2016-08-31,3350.0,3360.0,3350.0,3434.0,148341258,44245,11,3449.0,3352.0
2016-09-03,3326.0,3420.0,3282.0,3382.0,330592991,100517,25,3434.0,3348.0
2016-09-04,3299.0,3300.0,3220.0,3359.0,178795500,54750,23,3382.0,3220.0
2016-09-05,3280.0,3280.0,3212.0,3335.0,161644780,50100,8,3359.0,3212.0
2016-09-06,3178.0,3247.0,3170.0,3301.0,198838350,62450,14,3335.0,3246.0
2016-09-07,3150.0,3399.0,3150.0,3290.0,166415180,51350,12,3301.0,3299.0
2016-09-10,3173.0,3195.0,3173.0,3288.0,16467737,5181,2,3290.0,3195.0
2016-09-11,3250.0,3300.0,3165.0,3269.0,239498886,74416,19,3288.0,3300.0
2016-09-14,3297.0,3298.0,3297.0,3269.0,5110900,1550,2,3269.0,3298.0
2016-09-17,3200.0,3300.0,3200.0,3258.0,168727244,52518,6,3269.0,3300.0
2016-09-18,3299.0,3299.0,3299.0,3258.0,11150620,3380,4,3258.0,3299.0
2016-09-19,3240.0,3298.0,3240.0,3259.0,34275050,10400,3,3258.0,3298.0
2016-09-21,3201.0,3201.0,3201.0,3256.0,45819114,14314,1,3259.0,3201.0
2016-09-24,3250.0,3250.0,3250.0,3256.0,1540500,474,1,3256.0,3250.0
2016-09-25,3300.0,3360.0,3175.0,3235.0,330790876,103398,22,3256.0,3190.0
2016-09-26,3220.0,3250.0,3200.0,3223.0,407057689,126881,29,3235.0,3250.0
2016-09-27,3300.0,3330.0,3213.0,3227.0,132905180,40905,16,3223.0,3216.0
2016-09-28,3329.0,3329.0,3200.0,3226.0,265855114,82513,28,3227.0,3240.0
2016-10-01,3210.0,3300.0,3201.0,3235.0,271161930,83250,20,3226.0,3201.0
2016-10-02,3200.0,3210.0,3200.0,3231.0,116493018,36391,20,3235.0,3200.0
2016-10-03,3211.0,3260.0,3210.0,3227.0,235884498,73325,19,3231.0,3220.0
2016-10-04,3238.0,3260.0,3210.0,3227.0,48038053,14863,13,3227.0,3260.0
2016-10-05,3255.0,3255.0,3214.0,3228.0,77333805,23853,11,3227.0,3230.0
2016-10-08,3230.0,3236.0,3200.0,3225.0,145371266,45320,23,3228.0,3200.0
2016-10-09,3240.0,3240.0,3181.0,3223.0,71560695,22347,14,3225.0,3192.0
2016-10-10,3206.0,3206.0,3171.0,3210.0,494445499,154560,44,3223.0,3171.0
2016-10-15,3240.0,3240.0,3160.0,3202.0,187473920,59117,17,3210.0,3160.0
2016-10-16,3173.0,3180.0,3172.0,3192.0,331641824,104468,12,3202.0,3178.0
2016-10-17,3180.0,3199.0,3160.0,3178.0,468884194,148106,29,3192.0,3171.0
2016-10-18,3171.0,3240.0,3171.0,3179.0,148972732,46800,18,3178.0,3192.0
2016-10-19,3230.0,3300.0,3230.0,3215.0,461629361,142056,36,3179.0,3235.0
2016-10-22,3375.0,3375.0,3375.0,3314.0,582180750,172498,35,3215.0,3375.0
2016-10-23,3479.0,3479.0,3479.0,3362.0,284053392,81648,10,3314.0,3479.0
2016-10-24,3530.0,3530.0,3530.0,3464.0,598832730,169641,20,3362.0,3530.0
2016-10-25,3637.0,3637.0,3637.0,3637.0,1454050778,399794,31,3464.0,3637.0
2016-10-26,3818.0,3818.0,3818.0,3792.0,916663620,240090,23,3637.0,3818.0
2016-10-29,3898.0,3948.0,3850.0,3893.0,9225645732,2370068,309,3792.0,3870.0
2016-10-30,3879.0,3879.0,3740.0,3803.0,1385871060,364462,84,3893.0,3753.0
2016-10-31,3740.0,3860.0,3740.0,3799.0,1874208607,493318,72,3803.0,3789.0
2016-11-01,3789.0,3790.0,3712.0,3761.0,827682834,220676,39,3799.0,3748.0
2016-11-02,3829.0,3829.0,3740.0,3770.0,386501591,102115,30,3761.0,3797.0
2016-11-05,3760.0,3796.0,3700.0,3739.0,724440832,194439,40,3770.0,3730.0
2016-11-06,3730.0,3794.0,3690.0,3736.0,844596429,226139,38,3739.0,3692.0
2016-11-07,3770.0,3797.0,3711.0,3756.0,508811260,134702,39,3736.0,3789.0
2016-11-08,3799.0,3799.0,3748.0,3765.0,622600689,165069,29,3756.0,3792.0
2016-11-09,3720.0,3788.0,3577.0,3704.0,1305847441,352504,53,3765.0,3711.0
2016-11-12,3795.0,3824.0,3795.0,3803.0,947384732,248265,39,3704.0,3822.0
2016-11-13,3760.0,3800.0,3718.0,3795.0,206180274,54826,17,3803.0,3735.0
2016-11-14,3731.0,3790.0,3731.0,3790.0,214105013,56808,14,3795.0,3789.0
2016-11-15,3780.0,3780.0,3730.0,3778.0,221143645,59225,17,3790.0,3732.0
2016-11-16,3730.0,3790.0,3730.0,3774.0,125728000,33550,12,3778.0,3740.0
2016-11-19,3731.0,3789.0,3731.0,3773.0,66288254,17617,9,3774.0,3779.0
2016-11-21,3892.0,3961.0,3892.0,3836.0,409102756,103732,33,3773.0,3961.0
2016-11-22,4027.0,4027.0,4027.0,4027.0,3761157595,933985,58,3836.0,4027.0
2016-11-23,4225.0,4225.0,4080.0,4191.0,5269992396,1257450,202,4027.0,4182.0
2016-11-26,4150.0,4225.0,4060.0,4174.0,299277089,72550,39,4191.0,4157.0
2016-11-27,4070.0,4084.0,4000.0,4071.0,852895814,211232,45,4174.0,4000.0
2016-11-29,4002.0,4040.0,3981.0,4038.0,524149690,130998,37,4071.0,3982.0
2016-12-03,3980.0,3980.0,3900.0,4003.0,314144818,80239,28,4038.0,3915.0
2016-12-04,3950.0,4177.0,3950.0,4000.0,223067520,55929,31,4003.0,3963.0
2016-12-05,4002.0,4002.0,3902.0,3985.0,411621097,103921,43,4000.0,3902.0
2016-12-06,3902.0,4039.0,3902.0,3966.0,450554000,114404,25,3985.0,4035.0
2016-12-07,4000.0,4040.0,4000.0,3973.0,214090000,53475,20,3966.0,4000.0
2016-12-10,4000.0,4050.0,3991.0,4000.0,1096680147,274127,26,3973.0,4001.0
2016-12-11,4004.0,4088.0,4004.0,4008.0,135474010,33312,21,4000.0,4085.0
2016-12-12,4090.0,4138.0,4000.0,4032.0,701754305,173375,57,4008.0,4000.0
2016-12-13,4020.0,4020.0,3990.0,4027.0,174595200,43650,21,4032.0,3990.0
2016-12-14,4000.0,4050.0,4000.0,4026.0,68877667,17164,26,4027.0,4000.0
2016-12-18,4000.0,4020.0,3980.0,4020.0,288862140,72181,24,4026.0,3980.0
2016-12-19,3964.0,4010.0,3963.0,4017.0,86983435,21850,17,4020.0,4010.0
2016-12-20,3976.0,4020.0,3970.0,4016.0,52308330,13079,9,4017.0,4020.0
2016-12-21,3930.0,3930.0,3900.0,4011.0,53123504,13553,11,4016.0,3921.0
2016-12-24,4020.0,4170.0,4020.0,4037.0,490664474,120482,35,4011.0,4045.0
2016-12-25,3981.0,4049.0,3981.0,4037.0,46744343,11557,6,4037.0,4048.0
2016-12-26,4050.0,4050.0,3981.0,4033.0,159625320,39807,21,4037.0,3981.0
2016-12-27,4074.0,4074.0,3980.0,4030.0,70700974,17756,10,4033.0,3980.0
2016-12-28,4000.0,4000.0,3980.0,4029.0,32219248,8090,7,4030.0,3983.0
2016-12-31,3975.0,4000.0,3842.0,4000.0,310528315,79090,27,4029.0,4000.0
2017-01-01,4000.0,4048.0,3925.0,3999.0,237367632,59418,18,4000.0,4048.0
2017-01-02,4059.0,4075.0,4000.0,4016.0,437650962,108273,30,3999.0,4000.0
2017-01-03,4111.0,4111.0,4000.0,4016.0,20111000,5000,6,4016.0,4000.0
2017-01-04,4070.0,4070.0,4070.0,4016.0,2035000,500,1,4016.0,4070.0
2017-01-07,3901.0,4000.0,3901.0,4010.0,79726448,20243,12,4016.0,4000.0
2017-01-08,3961.0,4037.0,3961.0,4009.0,83648905,20915,14,4010.0,4000.0
2017-01-09,4035.0,4036.0,3999.0,4010.0,46719900,11600,8,4009.0,3999.0
2017-01-11,4029.0,4029.0,3951.0,4007.0,72879535,18359,12,4010.0,3952.0
2017-01-14,4004.0,4004.0,3937.0,4004.0,68322110,17275,8,4007.0,3937.0
2017-01-15,3940.0,3940.0,3882.0,3995.0,107672618,27513,23,4004.0,3882.0
2017-01-16,3901.0,3940.0,3901.0,3991.0,53994920,13776,13,3995.0,3920.0
2017-01-17,3900.0,4000.0,3900.0,3974.0,300875091,76570,33,3991.0,4000.0
2017-01-18,3972.0,4000.0,3947.0,3976.0,90208868,22575,11,3974.0,4000.0
2017-01-21,3910.0,3910.0,3801.0,3953.0,170028300,44373,22,3976.0,3801.0
2017-01-22,3831.0,3831.0,3821.0,3948.0,41622585,10878,10,3953.0,3825.0
2017-01-23,3900.0,3910.0,3830.0,3938.0,170372034,43831,24,3948.0,3909.0
2017-01-24,3899.0,3899.0,3810.0,3929.0,100634540,26180,20,3938.0,3835.0
2017-01-25,3820.0,3898.0,3780.0,3884.0,374797519,98635,52,3929.0,3790.0
2017-01-28,3770.0,3770.0,3690.0,3691.0,3974336002,1076747,218,3884.0,3693.0
2017-01-29,3723.0,3803.0,3587.0,3682.0,348147064,94975,42,3691.0,3641.0
2017-01-30,3700.0,3749.0,3660.0,3684.0,181865635,49262,30,3682.0,3735.0
2017-01-31,3775.0,3775.0,3690.0,3692.0,159171319,42628,29,3684.0,3749.0
2017-02-01,3700.0,3750.0,3623.0,3688.0,389269688,105711,34,3692.0,3623.0
2017-02-04,3620.0,3700.0,3603.0,3687.0,14482190,3999,13,3688.0,3620.0
2017-02-05,3620.0,3650.0,3602.0,3671.0,221413988,61294,25,3687.0,3609.0
2017-02-06,3609.0,3687.0,3609.0,3663.0,173867650,47970,15,3671.0,3649.0
2017-02-07,3685.0,3693.0,3670.0,3668.0,228135681,61922,27,3663.0,3670.0
2017-02-08,3700.0,3750.0,3695.0,3679.0,232468953,62560,31,3668.0,3739.0
2017-02-11,3655.0,3750.0,3655.0,3690.0,241828560,64878,13,3679.0,3720.0
2017-02-12,3709.0,3744.0,3660.0,3689.0,447075076,121262,19,3690.0,3744.0
2017-02-13,3689.0,3744.0,3670.0,3694.0,333417689,90031,27,3689.0,3700.0
2017-02-14,3671.0,3671.0,3670.0,3692.0,90385760,24628,8,3694.0,3670.0
2017-02-15,3671.0,3690.0,3650.0,3685.0,242043697,66095,33,3692.0,3655.0
2017-02-18,3652.0,3666.0,3641.0,3673.0,321568515,88197,32,3685.0,3641.0
2017-02-19,3655.0,3725.0,3655.0,3677.0,127906115,34500,15,3673.0,3725.0
2017-02-20,3700.0,3750.0,3690.0,3691.0,497864738,134301,55,3677.0,3700.0
2017-02-21,3760.0,3760.0,3511.0,3640.0,717559622,198298,44,3691.0,3607.0
2017-02-22,3621.0,3795.0,3621.0,3716.0,1020514265,274544,47,3640.0,3681.0
2017-02-25,3701.0,3720.0,3635.0,3692.0,501935289,136878,47,3716.0,3650.0
2017-02-26,3708.0,3708.0,3640.0,3684.0,406411462,110696,41,3692.0,3650.0
2017-02-27,3695.0,3715.0,3640.0,3679.0,141997940,38912,27,3684.0,3650.0
2017-02-28,3584.0,3719.0,3580.0,3633.0,2110977395,581076,128,3679.0,3600.0
2017-03-15,3350.0,3350.0,3183.0,3313.0,3593999427,1084811,87,3083.0,3183.0
2017-03-18,3243.0,3448.0,3243.0,3356.0,2654346008,790848,71,3313.0,3290.0
2017-03-25,3440.0,3440.0,3192.0,3330.0,183126946,56713,14,3356.0,3350.0
2017-03-26,3350.0,3394.0,3284.0,3341.0,250356192,74259,24,3330.0,3284.0
2017-03-27,3285.0,3300.0,3200.0,3285.0,521327660,160727,27,3341.0,3300.0
2017-03-28,3291.0,3345.0,3291.0,3289.0,71384790,21380,16,3285.0,3333.0
2017-03-29,3345.0,3345.0,3320.0,3289.0,5652287,1693,7,3289.0,3321.0
2017-04-03,3223.0,3333.0,3223.0,3288.0,33591785,10294,11,3289.0,3333.0
2017-04-04,3310.0,3320.0,3305.0,3302.0,422573893,127328,33,3288.0,3305.0
2017-04-05,3256.0,3353.0,3250.0,3311.0,355299307,106842,42,3302.0,3300.0
2017-04-08,3171.0,3359.0,3171.0,3318.0,484321952,145665,39,3311.0,3355.0
2017-04-09,3352.0,3379.0,3309.0,3332.0,370545745,110468,28,3318.0,3379.0
2017-04-10,3379.0,3498.0,3379.0,3437.0,1509924077,439295,47,3332.0,3498.0
2017-04-12,3608.0,3608.0,3608.0,3438.0,4304344,1193,5,3437.0,3608.0
2017-04-15,3609.0,3609.0,3609.0,3447.0,54116955,14995,9,3438.0,3609.0
2017-04-16,3619.0,3619.0,3619.0,3478.0,181612277,50183,5,3447.0,3619.0
2017-04-17,3651.0,3651.0,3651.0,3478.0,54765,15,2,3478.0,3651.0
2017-04-18,3651.0,3651.0,3651.0,3481.0,15005610,4110,4,3478.0,3651.0
2017-04-19,3655.0,3655.0,3655.0,3483.0,10983275,3005,2,3481.0,3655.0
2017-04-22,3657.0,3657.0,3657.0,3493.0,59279970,16210,7,3483.0,3657.0
2017-04-23,3667.0,3667.0,3667.0,3667.0,1027126700,280100,12,3493.0,3667.0
2017-04-24,3850.0,3850.0,3850.0,3850.0,1124508000,292080,25,3667.0,3850.0
2017-04-26,4042.0,4042.0,4042.0,3928.0,458969100,113550,10,3850.0,4042.0
2017-04-29,4124.0,4124.0,4124.0,4124.0,1154720000,280000,19,3928.0,4124.0
2017-04-30,4330.0,4330.0,4135.0,4326.0,57389739698,13267451,942,4124.0,4135.0
2017-05-01,4200.0,4290.0,4110.0,4139.0,13849556500,3345931,361,4326.0,4110.0
2017-05-02,4001.0,4311.0,4001.0,4138.0,7333485669,1772376,243,4139.0,4298.0
2017-05-03,4300.0,4344.0,4211.0,4338.0,32255150340,7435522,439,4138.0,4344.0
2017-05-06,4554.0,4554.0,4370.0,4544.0,65580647509,14431556,1041,4338.0,4438.0
2017-05-07,4497.0,4648.0,4317.0,4444.0,19113334749,4300796,534,4544.0,4317.0
2017-05-08,4350.0,4417.0,4222.0,4256.0,8760350278,2058242,316,4444.0,4222.0
2017-05-09,4287.0,4300.0,4085.0,4131.0,3233464310,782695,146,4256.0,4120.0
2017-05-10,4051.0,4337.0,4051.0,4277.0,4810781343,1124865,184,4131.0,4214.0
2017-05-13,4320.0,4375.0,4122.0,4226.0,633993394,151543,42,4277.0,4122.0
2017-05-14,4122.0,4300.0,4015.0,4083.0,2908966758,712455,102,4226.0,4023.0
2017-05-15,4190.0,4240.0,4050.0,4100.0,600107717,145834,24,4083.0,4100.0
2017-05-16,4185.0,4189.0,4026.0,4123.0,1808250293,438608,50,4100.0,4189.0
2017-05-17,4196.0,4296.0,4125.0,4241.0,1871129045,441211,75,4123.0,4250.0
2017-05-20,4250.0,4440.0,4250.0,4296.0,2211851058,514870,66,4241.0,4250.0
2017-05-21,4399.0,4399.0,4110.0,4204.0,741099650,178491,41,4296.0,4200.0
2017-05-22,4120.0,4277.0,4050.0,4131.0,2042387979,494435,100,4204.0,4277.0
2017-05-23,4296.0,4296.0,4145.0,4155.0,283565945,67004,20,4131.0,4165.0
2017-05-24,4298.0,4362.0,4231.0,4350.0,4331781827,995888,108,4155.0,4362.0
2017-05-27,4388.0,4430.0,4300.0,4378.0,3252495246,742968,98,4350.0,4368.0
2017-05-28,4310.0,4420.0,4202.0,4327.0,1789962862,413661,60,4378.0,4330.0
2017-05-29,4170.0,4410.0,4170.0,4362.0,1485281032,340503,65,4327.0,4334.0
2017-05-30,4400.0,4400.0,4303.0,4354.0,880170470,202281,43,4362.0,4317.0
2017-05-31,4354.0,4433.0,4301.0,4371.0,2765344202,632670,109,4354.0,4354.0
2017-06-03,4440.0,4538.0,4430.0,4485.0,6361259414,1418391,214,4371.0,4490.0
2017-06-06,4515.0,4570.0,4416.0,4491.0,9236286550,2056454,302,4485.0,4500.0
2017-06-07,4311.0,4520.0,4267.0,4278.0,9508311144,2222550,160,4491.0,4325.0
2017-06-10,4480.0,4480.0,4250.0,4312.0,1073694654,248783,61,4278.0,4370.0
2017-06-11,4251.0,4417.0,4233.0,4345.0,1370112059,315308,72,4312.0,4336.0
2017-06-12,4236.0,4390.0,4200.0,4260.0,1922590804,451319,74,4345.0,4251.0
2017-06-13,4333.0,4435.0,4222.0,4263.0,176187307,41177,23,4260.0,4345.0
2017-06-14,4344.0,4344.0,4153.0,4258.0,493772620,116136,29,4263.0,4200.0
2017-06-17,4390.0,4398.0,4158.0,4254.0,78445884,18664,15,4258.0,4294.0
2017-06-18,4320.0,4320.0,4042.0,4079.0,1404317409,344274,67,4254.0,4042.0
2017-06-19,4265.0,4265.0,4030.0,4076.0,275285956,67682,24,4079.0,4050.0
2017-06-20,4021.0,4189.0,4001.0,4096.0,1223441297,298679,73,4076.0,4033.0
2017-06-21,4010.0,4150.0,4001.0,4077.0,443320944,109540,49,4096.0,4010.0
2017-06-24,4125.0,4125.0,3890.0,4009.0,4711474455,1175281,167,4077.0,4109.0
2017-06-25,4140.0,4179.0,4080.0,4138.0,1519936888,367268,79,4009.0,4150.0
2017-06-28,4149.0,4155.0,4020.0,4113.0,499610929,122442,49,4138.0,4155.0
2017-07-01,4151.0,4217.0,4021.0,4118.0,1217905920,295724,65,4113.0,4030.0
2017-07-02,4041.0,4199.0,4041.0,4134.0,1312079793,317415,65,4118.0,4199.0
2017-07-03,4131.0,4202.0,4110.0,4148.0,507306893,121739,49,4134.0,4198.0
2017-07-04,4041.0,4203.0,4030.0,4094.0,1106386444,270395,98,4148.0,4050.0
2017-07-05,4100.0,4190.0,4055.0,4106.0,843568409,205212,58,4094.0,4066.0
2017-07-08,4100.0,4254.0,4090.0,4168.0,4956287355,1189118,123,4106.0,4100.0
2017-07-09,4130.0,4195.0,4130.0,4159.0,994659729,239278,75,4168.0,4160.0
2017-07-10,4155.0,4169.0,4100.0,4135.0,2252631302,544830,139,4159.0,4169.0
2017-07-11,4135.0,4196.0,4100.0,4149.0,1025701610,247096,51,4135.0,4195.0
2017-07-12,4180.0,4297.0,4148.0,4216.0,1541784803,365674,60,4149.0,4200.0
2017-07-15,4160.0,4296.0,4160.0,4205.0,993701797,236435,61,4216.0,4199.0
2017-07-16,4243.0,4243.0,4101.0,4176.0,2170770554,519763,108,4205.0,4191.0
2017-07-17,4190.0,4269.0,4150.0,4171.0,762632008,182978,29,4176.0,4170.0
2017-07-18,4180.0,4186.0,4120.0,4157.0,545707270,131743,66,4171.0,4169.0
2017-07-19,4200.0,4364.0,4200.0,4349.0,7712186273,1773170,149,4157.0,4364.0
2017-07-22,4400.0,4539.0,4221.0,4350.0,4119860409,947046,144,4349.0,4364.0
2017-07-23,4260.0,4479.0,4253.0,4338.0,1056176871,243586,47,4350.0,4305.0
2017-07-24,4330.0,4400.0,4122.0,4200.0,1876882929,446859,109,4338.0,4154.0
2017-07-25,4362.0,4362.0,4160.0,4196.0,702745643,167614,57,4200.0,4294.0
2017-07-26,4340.0,4399.0,4065.0,4201.0,1363841786,324683,67,4196.0,4120.0
2017-07-29,4101.0,4254.0,3991.0,4108.0,590116954,146664,42,4201.0,4058.0
2017-07-30,4125.0,4297.0,4022.0,4190.0,1926431223,459772,97,4108.0,4063.0
2017-07-31,4200.0,4270.0,4060.0,4177.0,455791807,109662,37,4190.0,4235.0
2017-08-01,4096.0,4199.0,4000.0,4066.0,1857093061,456707,92,4177.0,4001.0
2017-08-02,4021.0,4134.0,4001.0,4034.0,733641842,182608,68,4066.0,4125.0
2017-08-06,4051.0,4130.0,4000.0,4022.0,742003577,184750,37,4034.0,4121.0
2017-08-07,4110.0,4110.0,3969.0,4018.0,263001601,65700,29,4022.0,3969.0
2017-08-08,4050.0,4080.0,3971.0,4002.0,443151610,111372,47,4018.0,3990.0
2017-08-09,3990.0,4045.0,3969.0,3997.0,322570315,80971,34,4002.0,4000.0
2017-08-12,3970.0,4029.0,3942.0,3995.0,352605960,88369,42,3997.0,3942.0
2017-08-13,3833.0,3947.0,3796.0,3830.0,1709264221,446293,98,3995.0,3833.0
2017-08-14,3920.0,4000.0,3890.0,3887.0,747929671,191107,46,3830.0,4000.0
2017-08-15,3920.0,4000.0,3870.0,3899.0,733328755,187776,34,3887.0,3870.0
2017-08-16,3970.0,3972.0,3831.0,3900.0,119021946,30440,16,3899.0,3831.0
2017-08-19,3900.0,3903.0,3890.0,3898.0,762483900,195621,16,3900.0,3900.0
2017-08-20,3901.0,3999.0,3880.0,3902.0,1213616376,310986,48,3898.0,3880.0
2017-08-21,3910.0,3979.0,3891.0,3902.0,246171074,63062,17,3902.0,3891.0
2017-08-22,3905.0,3905.0,3890.0,3899.0,500681830,128536,29,3902.0,3900.0
2017-08-23,3900.0,3950.0,3899.0,3900.0,351438700,90080,21,3899.0,3900.0
2017-08-26,3912.0,4050.0,3900.0,3966.0,836632426,209818,38,3900.0,4044.0
2017-08-27,4050.0,4050.0,3921.0,3967.0,46618139,11659,8,3966.0,3940.0
2017-08-28,3940.0,4010.0,3940.0,3972.0,134014780,33427,10,3967.0,4010.0
2017-08-29,4000.0,4000.0,3900.0,3953.0,379787579,96945,35,3972.0,3950.0
2017-08-30,4000.0,4060.0,3900.0,3948.0,430368860,109226,13,3953.0,4000.0
2017-09-02,3901.0,3906.0,3890.0,3928.0,441755660,113314,20,3948.0,3890.0
2017-09-03,3900.0,4050.0,3900.0,3933.0,1279348370,325303,67,3928.0,4050.0
2017-09-04,3940.0,3940.0,3880.0,3917.0,490029040,125762,20,3933.0,3881.0
2017-09-05,3902.0,3940.0,3900.0,3915.0,1145066964,292450,40,3917.0,3900.0
2017-09-06,3900.0,3901.0,3900.0,3911.0,300012402,76915,14,3915.0,3901.0
2017-09-10,3901.0,3901.0,3900.0,3907.0,398233000,102100,8,3911.0,3900.0
2017-09-11,4102.0,4102.0,4000.0,4093.0,1285699704,314111,64,3907.0,4000.0
2017-09-12,4090.0,4220.0,4040.0,4105.0,2516467622,612986,83,4093.0,4100.0
2017-09-13,3945.0,4280.0,3945.0,4258.0,1402992883,329527,63,4105.0,4240.0
2017-09-16,4240.0,4299.0,4051.0,4211.0,790531873,188760,34,4258.0,4063.0
2017-09-17,4192.0,4195.0,4075.0,4172.0,1147309650,275024,47,4211.0,4075.0
2017-09-18,4149.0,4370.0,4149.0,4276.0,5000205268,1169269,146,4172.0,4300.0
2017-09-19,4349.0,4449.0,4300.0,4371.0,3021065747,691194,107,4276.0,4301.0
2017-09-20,4410.0,4500.0,4352.0,4460.0,7266151252,1629278,213,4371.0,4447.0
2017-09-23,4240.0,4255.0,4240.0,4452.0,43781800,10300,7,4460.0,4255.0
2017-09-24,4300.0,4300.0,4230.0,4432.0,110685970,26139,14,4452.0,4230.0
2017-09-25,4211.0,4211.0,4211.0,4362.0,374593716,88956,26,4432.0,4211.0
2017-09-26,4144.0,4248.0,4144.0,4144.0,1658416004,400186,78,4362.0,4144.0
2017-09-27,4055.0,4135.0,3945.0,4009.0,2065994554,515304,142,4144.0,4000.0
2017-10-02,3960.0,4099.0,3960.0,4009.0,10205557,2547,9,4009.0,3961.0
2017-10-03,4001.0,4108.0,3927.0,4002.0,141122358,35689,21,4009.0,3927.0
2017-10-04,3940.0,4039.0,3901.0,3994.0,272514993,68667,19,4002.0,3904.0
2017-10-07,4000.0,4000.0,3900.0,3971.0,294276676,75264,14,3994.0,3900.0
2017-10-08,3901.0,3901.0,3813.0,3937.0,257670883,67305,24,3971.0,3840.0
2017-10-09,3983.0,3983.0,3847.0,3934.0,81910908,21034,28,3937.0,3848.0
2017-10-10,4030.0,4030.0,3800.0,3888.0,477826513,124757,39,3934.0,3800.0
2017-10-11,3969.0,3970.0,3959.0,3898.0,140975631,35551,14,3888.0,3959.0
2017-10-14,3959.0,3978.0,3923.0,3907.0,180977908,45750,22,3898.0,3955.0
2017-10-15,3955.0,3980.0,3887.0,3908.0,47595090,12115,9,3907.0,3970.0
2017-10-16,3967.0,3994.0,3923.0,3920.0,237739018,60005,29,3908.0,3973.0
2017-10-17,4000.0,4000.0,3900.0,3924.0,429594650,109337,18,3920.0,3903.0
2017-10-18,3895.0,3895.0,3833.0,3918.0,88616275,23003,12,3924.0,3842.0
2017-10-21,3959.0,3959.0,3810.0,3889.0,389465877,101511,61,3918.0,3821.0
2017-10-22,3810.0,3850.0,3745.0,3859.0,294857390,77950,53,3889.0,3850.0
2017-10-23,3850.0,3899.0,3790.0,3859.0,15085369,3928,8,3859.0,3849.0
2017-10-24,3800.0,3800.0,3751.0,3855.0,53451164,14150,13,3859.0,3781.0
2017-10-25,3871.0,3871.0,3753.0,3840.0,175454420,46614,24,3855.0,3755.0
2017-10-28,3810.0,3850.0,3648.0,3710.0,1512015829,407549,121,3840.0,3800.0
2017-10-29,3792.0,3886.0,3752.0,3793.0,657413083,170945,78,3710.0,3752.0
2017-10-30,3887.0,3887.0,3887.0,3793.0,2332200,600,1,3793.0,3887.0
2017-10-31,3822.0,3822.0,3730.0,3789.0,133409070,35460,18,3793.0,3770.0
2017-11-01,3734.0,3734.0,3650.0,3750.0,344609898,93837,50,3789.0,3723.0
2017-11-04,3636.0,3723.0,3630.0,3735.0,151360095,41468,23,3750.0,3680.0
2017-11-05,3768.0,3768.0,3768.0,3735.0,1017360,270,1,3735.0,3768.0
2017-11-06,3660.0,3660.0,3660.0,3734.0,16012500,4375,5,3735.0,3660.0
2017-11-07,3654.0,3741.0,3654.0,3727.0,111538360,30414,24,3734.0,3667.0
2017-11-08,3604.0,3729.0,3564.0,3703.0,194548560,54028,28,3727.0,3650.0
2017-11-11,3703.0,3845.0,3700.0,3719.0,580466440,155548,46,3703.0,3792.0
2017-11-12,3791.0,3791.0,3667.0,3722.0,72583538,19312,11,3719.0,3789.0
2017-11-13,3791.0,3850.0,3700.0,3724.0,39622987,10496,21,3722.0,3701.0
2017-11-14,3700.0,3797.0,3700.0,3726.0,174550889,46731,15,3724.0,3775.0
2017-11-15,3700.0,3826.0,3662.0,3723.0,144320444,38939,27,3726.0,3694.0
2017-11-18,3701.0,3750.0,3613.0,3720.0,102094777,27621,14,3723.0,3750.0
2017-11-20,3700.0,3792.0,3668.0,3719.0,57619878,15566,10,3720.0,3771.0
2017-11-21,3700.0,3794.0,3700.0,3733.0,442635943,117932,32,3719.0,3790.0
2017-11-22,3798.0,3819.0,3686.0,3772.0,734440354,193781,58,3733.0,3686.0
2017-12-03,3750.0,3808.0,3650.0,3707.0,821059830,222493,48,3772.0,3650.0
2017-12-04,3660.0,3660.0,3522.0,3601.0,844176755,235744,76,3707.0,3522.0
2017-12-05,3512.0,3579.0,3464.0,3581.0,206331234,58845,28,3601.0,3502.0
2017-12-09,3530.0,3680.0,3520.0,3585.0,314857599,87641,53,3581.0,3550.0
2017-12-10,3699.0,3750.0,3575.0,3614.0,217235257,58292,17,3585.0,3660.0
2017-12-11,3581.0,3581.0,3434.0,3526.0,581380863,167688,75,3614.0,3434.0
2017-12-12,3450.0,3451.0,3350.0,3351.0,5957652584,1777781,286,3526.0,3360.0
2017-12-13,3351.0,3400.0,3332.0,3349.0,1002933722,299461,135,3351.0,3338.0
2017-12-16,3446.0,3446.0,3310.0,3348.0,302483817,90422,43,3349.0,3350.0
2017-12-17,3350.0,3419.0,3310.0,3345.0,793520786,237269,70,3348.0,3330.0
2017-12-18,3397.0,3397.0,3304.0,3329.0,1227204185,368606,54,3345.0,3335.0
2017-12-19,3332.0,3400.0,3313.0,3335.0,281823414,84180,29,3329.0,3355.0
2017-12-20,3400.0,3400.0,3355.0,3344.0,197457229,58471,36,3335.0,3393.0
2017-12-23,3410.0,3450.0,3390.0,3389.0,552254208,161407,60,3344.0,3450.0
2017-12-24,3480.0,3480.0,3366.0,3411.0,623481399,182134,33,3389.0,3450.0
2017-12-25,3470.0,3495.0,3451.0,3457.0,685100832,197108,66,3411.0,3488.0
2017-12-26,3475.0,3475.0,3420.0,3455.0,293157975,84954,24,3457.0,3420.0
2017-12-27,3401.0,3480.0,3401.0,3455.0,102487715,29649,18,3455.0,3460.0
2017-12-30,3451.0,3451.0,3401.0,3443.0,272267182,79774,36,3455.0,3438.0
2017-12-31,3390.0,3390.0,3271.0,3353.0,534149804,162494,57,3443.0,3271.0
2018-01-01,3496.0,3496.0,3300.0,3352.0,56626925,17000,15,3353.0,3300.0
2018-01-02,3282.0,3374.0,3185.0,3291.0,457907462,141664,69,3352.0,3185.0
2018-01-03,3185.0,3186.0,3178.0,3276.0,124844174,39225,16,3291.0,3181.0
2018-01-06,3270.0,3345.0,3240.0,3285.0,397654395,120641,44,3276.0,3240.0
2018-01-07,3336.0,3336.0,3177.0,3244.0,427204214,133559,69,3285.0,3321.0
2018-01-08,3306.0,3330.0,3271.0,3264.0,317628124,96209,22,3244.0,3330.0
2018-01-09,3300.0,3345.0,3300.0,3275.0,177750700,53489,19,3264.0,3300.0
2018-01-10,3317.0,3317.0,3270.0,3283.0,761011933,231660,24,3275.0,3300.0
2018-01-13,3300.0,3310.0,3225.0,3283.0,77869316,23746,13,3283.0,3310.0
2018-01-14,3233.0,3317.0,3233.0,3281.0,38400123,11851,6,3283.0,3310.0
2018-01-15,3223.0,3226.0,3222.0,3276.0,78575035,24370,14,3281.0,3226.0
2018-01-16,3200.0,3315.0,3200.0,3280.0,194347085,58998,21,3276.0,3300.0
2018-01-17,3300.0,3339.0,3300.0,3283.0,105539210,31950,14,3280.0,3302.0
2018-01-20,3339.0,3352.0,3301.0,3318.0,544954570,163016,28,3283.0,3330.0
2018-01-21,3379.0,3380.0,3222.0,3311.0,186221949,56681,19,3318.0,3299.0
2018-01-22,3300.0,3300.0,3146.0,3199.0,781758644,245559,47,3311.0,3200.0
2018-01-23,3202.0,3318.0,3152.0,3213.0,342959500,105950,19,3199.0,3230.0
2018-01-24,3189.0,3285.0,3189.0,3216.0,63555135,19503,12,3213.0,3210.0
2018-01-27,3250.0,3250.0,3230.0,3225.0,244861650,75397,16,3216.0,3230.0
2018-01-28,3271.0,3386.0,3210.0,3252.0,564980482,172872,71,3225.0,3386.0
2018-01-29,3333.0,3340.0,3270.0,3267.0,353356880,107343,24,3252.0,3270.0
2018-01-30,3277.0,3277.0,3274.0,3267.0,14609220,4460,7,3267.0,3276.0
2018-01-31,3272.0,3340.0,3272.0,3270.0,61493840,18582,14,3267.0,3340.0
2018-02-03,3410.0,3412.0,3382.0,3298.0,208062914,61211,16,3270.0,3383.0
2018-02-04,3390.0,3410.0,3350.0,3313.0,131765770,38717,19,3298.0,3400.0
2018-02-05,3399.0,3400.0,3300.0,3327.0,164276076,48409,22,3313.0,3300.0
2018-02-06,3250.0,3293.0,3250.0,3315.0,173944344,53292,12,3327.0,3275.0
2018-02-07,3399.0,3399.0,3267.0,3317.0,122701062,36840,13,3315.0,3350.0
2018-02-10,3380.0,3380.0,3315.0,3317.0,39044732,11760,7,3317.0,3315.0
2018-02-12,3330.0,3400.0,3330.0,3332.0,275113260,81648,22,3317.0,3400.0
2018-02-13,3395.0,3400.0,3300.0,3334.0,190523292,57013,24,3332.0,3300.0
2018-02-14,3350.0,3395.0,3350.0,3335.0,27612532,8200,8,3334.0,3395.0
2018-02-17,3400.0,3400.0,3320.0,3335.0,74648731,22346,8,3335.0,3379.0
2018-02-18,3340.0,3350.0,3200.0,3332.0,111467800,33692,13,3335.0,3300.0
2018-02-19,3374.0,3374.0,3272.0,3332.0,64263034,19297,18,3332.0,3354.0
2018-02-21,3371.0,3372.0,3280.0,3318.0,380817580,115465,25,3332.0,3283.0
2018-02-24,3329.0,3329.0,3240.0,3315.0,62883395,19184,15,3318.0,3240.0
2018-02-25,3270.0,3271.0,3181.0,3257.0,573248496,177815,38,3315.0,3181.0
2018-02-26,3299.0,3299.0,3203.0,3256.0,38302243,11867,11,3257.0,3250.0
2018-02-27,3230.0,3259.0,3200.0,3251.0,145407395,45112,25,3256.0,3200.0
2018-02-28,3248.0,3400.0,3185.0,3254.0,2265113324,696154,97,3251.0,3190.0
2018-03-03,3202.0,3376.0,3190.0,3320.0,1584224649,477217,76,3254.0,3225.0
2018-03-04,3320.0,3378.0,3256.0,3322.0,1229689536,370207,66,3320.0,3272.0
2018-03-10,2990.0,3008.0,2800.0,2945.0,427539061,145152,28,2865.0,2819.0
2018-03-11,2900.0,2909.0,2885.0,2942.0,42148000,14600,5,2945.0,2885.0
2018-03-12,2895.0,2928.0,2825.0,2929.0,102614889,36100,11,2942.0,2826.0
2018-03-13,2802.0,2877.0,2783.0,2902.0,160187649,57283,16,2929.0,2877.0
2018-03-14,2790.0,2839.0,2785.0,2901.0,9326400,3320,3,2902.0,2839.0
2018-03-17,2833.0,2833.0,2788.0,2878.0,175207607,62608,13,2901.0,2801.0
2018-03-18,2819.0,2819.0,2775.0,2877.0,14057200,5030,8,2878.0,2810.0
2018-03-19,2847.0,3000.0,2800.0,2945.0,702099213,237438,42,2877.0,2940.0
2018-03-25,3040.0,3090.0,2872.0,2946.0,12355140,4106,13,2945.0,3000.0
2018-03-26,3087.0,3088.0,3087.0,2946.0,1991430,645,2,2946.0,3088.0
2018-03-27,3070.0,3070.0,3000.0,2958.0,171869691,57187,15,2946.0,3000.0
2018-03-28,3000.0,3000.0,3000.0,2958.0,1005000,335,1,2958.0,3000.0
2018-04-04,2955.0,2990.0,2932.0,2958.0,43762217,14807,10,2958.0,2958.0
2018-04-07,2969.0,2970.0,2900.0,2955.0,350406180,118784,23,2958.0,2900.0
2018-04-08,2851.0,2855.0,2821.0,2938.0,123916780,43575,11,2955.0,2821.0
2018-04-09,2886.0,2887.0,2792.0,2896.0,322727530,113867,25,2938.0,2792.0
2018-04-10,2770.0,2781.0,2752.0,2877.0,108261407,39197,25,2896.0,2753.0
2018-04-11,2753.0,2800.0,2734.0,2837.0,216301589,79059,27,2877.0,2734.0
2018-04-15,2696.0,2830.0,2696.0,2819.0,113208158,41686,28,2837.0,2696.0
2018-04-16,2710.0,2710.0,2679.0,2815.0,20866635,7765,8,2819.0,2679.0
2018-04-17,2676.0,2720.0,2675.0,2774.0,223761755,83614,25,2815.0,2675.0
2018-04-18,2700.0,2700.0,2636.0,2756.0,168775157,62685,17,2774.0,2700.0
2018-04-21,2652.0,2659.0,2619.0,2621.0,1054140597,402251,63,2756.0,2619.0
2018-04-22,2520.0,2653.0,2500.0,2590.0,398968835,155498,59,2621.0,2528.0
2018-04-23,2550.0,2598.0,2505.0,2579.0,119890198,47458,21,2590.0,2505.0
2018-04-24,2630.0,2707.0,2630.0,2668.0,659467079,246027,54,2579.0,2707.0
2018-04-25,2797.0,2801.0,2700.0,2746.0,1188924037,432893,94,2668.0,2801.0
2018-04-28,2611.0,2628.0,2609.0,2726.0,107006047,40981,21,2746.0,2609.0
2018-04-29,2592.0,2635.0,2590.0,2709.0,97377211,37509,20,2726.0,2591.0
2018-04-30,2577.0,2644.0,2574.0,2646.0,403192525,155385,36,2709.0,2574.0
2018-05-01,2535.0,2673.0,2524.0,2642.0,26810225,10582,10,2646.0,2540.0
2018-05-05,2600.0,2600.0,2510.0,2612.0,166011770,65990,17,2642.0,2510.0
2018-05-06,2568.0,2568.0,2568.0,2612.0,2568,1,1,2612.0,2568.0
2018-05-07,2500.0,2569.0,2500.0,2587.0,207705714,82182,14,2612.0,2569.0
2018-05-08,2586.0,2686.0,2470.0,2584.0,155367526,60401,24,2587.0,2533.0
2018-05-09,2504.0,2680.0,2455.0,2518.0,651204103,259145,77,2584.0,2680.0
2018-05-12,2421.0,2421.0,2421.0,2517.0,7263000,3000,2,2518.0,2421.0
2018-05-13,2477.0,2528.0,2430.0,2482.0,358886242,146503,29,2517.0,2466.0
2018-05-14,2588.0,2606.0,2461.0,2592.0,821206642,316778,60,2482.0,2606.0
2018-05-15,2639.0,2721.0,2639.0,2712.0,1004447375,370357,67,2592.0,2665.0
2018-05-16,2749.0,2847.0,2700.0,2753.0,844899811,306939,53,2712.0,2721.0
2018-05-19,2746.0,2790.0,2700.0,2751.0,303140126,110300,31,2753.0,2715.0
2018-05-20,2790.0,2790.0,2700.0,2742.0,144292000,53408,28,2751.0,2700.0
2018-05-21,2633.0,2713.0,2605.0,2702.0,229118647,87665,41,2742.0,2605.0
2018-05-23,2575.0,2714.0,2567.0,2688.0,85691961,33162,22,2702.0,2659.0
2018-05-27,2570.0,2820.0,2570.0,2745.0,464391962,166861,42,2688.0,2789.0
2018-05-28,2835.0,2848.0,2611.0,2730.0,371423793,136803,34,2745.0,2611.0
2018-05-29,2614.0,2689.0,2594.0,2601.0,841026373,323376,54,2730.0,2594.0
2018-05-30,2554.0,2699.0,2471.0,2577.0,1637968168,635490,106,2601.0,2650.0
2018-06-02,2705.0,2705.0,2551.0,2653.0,922146234,347629,65,2577.0,2600.0
2018-06-03,2551.0,2600.0,2521.0,2581.0,471461230,185334,59,2653.0,2533.0
2018-06-09,2580.0,2597.0,2510.0,2563.0,404611566,158720,37,2581.0,2575.0
2018-06-10,2599.0,2640.0,2530.0,2601.0,589359092,225823,55,2563.0,2639.0
2018-06-11,2505.0,2610.0,2505.0,2586.0,157936360,62300,14,2601.0,2610.0
2018-06-12,2639.0,2640.0,2558.0,2595.0,371661855,142747,27,2586.0,2600.0
2018-06-13,2679.0,2720.0,2666.0,2703.0,1143984208,423299,66,2595.0,2690.0
2018-06-17,2750.0,2820.0,2700.0,2772.0,727042028,261877,65,2703.0,2800.0
2018-06-18,2820.0,2910.0,2640.0,2788.0,813028550,291603,67,2772.0,2670.0
2018-06-19,2790.0,2790.0,2652.0,2752.0,384078573,141371,39,2788.0,2680.0
2018-06-20,2700.0,2751.0,2650.0,2701.0,1645346394,609205,99,2752.0,2740.0
2018-06-23,2730.0,2775.0,2720.0,2711.0,178542877,65099,62,2701.0,2732.0
2018-06-24,2730.0,2846.0,2730.0,2821.0,2330303101,825951,159,2711.0,2846.0
2018-06-25,2883.0,2962.0,2883.0,2940.0,1135443975,386259,57,2821.0,2962.0
2018-06-26,3087.0,3087.0,3087.0,3087.0,2129687343,689889,73,2940.0,3087.0
2018-06-27,3241.0,3241.0,3241.0,3241.0,1248747577,385297,59,3087.0,3241.0
2018-06-30,3403.0,3403.0,3403.0,3403.0,2818150211,828137,39,3241.0,3403.0
2018-07-01,3241.0,3241.0,3233.0,3334.0,374508340,115756,28,3403.0,3233.0
2018-07-02,3172.0,3231.0,3168.0,3171.0,4195100361,1323120,162,3334.0,3190.0
2018-07-03,3232.0,3233.0,3040.0,3192.0,867104207,271578,125,3171.0,3189.0
2018-07-04,3189.0,3189.0,3033.0,3135.0,329880957,108350,70,3192.0,3033.0
2018-07-07,3034.0,3100.0,3002.0,3116.0,133486462,44258,30,3135.0,3050.0
2018-07-08,3186.0,3269.0,3100.0,3163.0,922648495,291716,70,3116.0,3100.0
2018-07-10,3267.0,3268.0,3011.0,3146.0,152545467,49707,17,3163.0,3015.0
2018-07-11,3011.0,3012.0,2989.0,3029.0,666715676,222374,61,3146.0,2989.0
2018-07-14,3029.0,3150.0,3029.0,3062.0,330953086,106196,35,3029.0,3050.0
2018-07-15,3006.0,3063.0,3000.0,3035.0,394297510,131250,23,3062.0,3001.0
2018-07-16,3023.0,3103.0,2884.0,2959.0,1252587598,423291,63,3035.0,2884.0
2018-07-17,2852.0,2945.0,2852.0,2921.0,399278745,138558,29,2959.0,2880.0
2018-07-18,2929.0,3040.0,2891.0,2962.0,441421002,147223,66,2921.0,2955.0
2018-07-21,3039.0,3039.0,2890.0,2945.0,196874468,68048,28,2962.0,2896.0
2018-07-22,2873.0,3092.0,2870.0,3073.0,1589461111,517178,95,2945.0,3092.0
2018-07-23,3170.0,3170.0,3000.0,3071.0,554045748,180506,46,3073.0,3000.0
2018-07-24,3000.0,3077.0,2941.0,3049.0,193997136,65170,15,3071.0,3017.0
2018-07-25,2924.0,3000.0,2915.0,3016.0,214726678,73492,22,3049.0,2915.0
2018-07-28,2989.0,2989.0,2889.0,2959.0,385554845,133104,28,3016.0,2900.0
2018-07-29,3000.0,3000.0,2820.0,2901.0,395676648,139251,52,2959.0,2820.0
2018-07-30,2798.0,2920.0,2756.0,2795.0,706070986,253643,66,2901.0,2756.0
2018-07-31,2800.0,2934.0,2800.0,2920.0,827350570,283307,57,2795.0,2934.0
2018-08-01,3000.0,3000.0,2841.0,2924.0,209362875,71342,16,2920.0,2850.0
2018-08-04,2851.0,2851.0,2778.0,2877.0,257006010,92351,38,2924.0,2778.0
2018-08-05,2900.0,2900.0,2735.0,2814.0,461140029,166452,67,2877.0,2799.0
2018-08-06,2772.0,2772.0,2674.0,2695.0,1739733805,645623,119,2814.0,2674.0
2018-08-07,2601.0,2799.0,2561.0,2669.0,237874932,90974,36,2695.0,2736.0
2018-08-08,2736.0,2779.0,2700.0,2682.0,168693680,61883,21,2669.0,2760.0
2018-08-11,2681.0,2780.0,2681.0,2690.0,77014330,27915,16,2682.0,2700.0
2018-08-12,2731.0,2769.0,2684.0,2701.0,942738110,349017,58,2690.0,2690.0
2018-08-13,2715.0,2749.0,2694.0,2711.0,1615718306,596068,139,2701.0,2710.0
2018-08-14,2710.0,2744.0,2683.0,2698.0,1445902240,535935,121,2711.0,2700.0
2018-08-15,2685.0,2760.0,2679.0,2727.0,1343580657,492667,68,2698.0,2755.0
2018-08-18,2755.0,2863.0,2755.0,2852.0,2074230799,727321,121,2727.0,2863.0
2018-08-19,2965.0,2965.0,2770.0,2860.0,1271025660,444339,71,2852.0,2889.0
2018-08-20,2811.0,2898.0,2811.0,2840.0,1068228552,376149,62,2860.0,2837.0
2018-08-21,2810.0,2949.0,2810.0,2891.0,500504309,171189,56,2840.0,2881.0
2018-08-25,2855.0,3035.0,2855.0,3013.0,4419248835,1466570,166,2891.0,3035.0
2018-08-26,3163.0,3163.0,3101.0,3162.0,1836911891,580977,121,3013.0,3163.0
2018-08-27,3320.0,3320.0,3010.0,3278.0,2265541180,691230,154,3162.0,3222.0
2018-08-28,3289.0,3289.0,3115.0,3184.0,1328378794,417165,113,3278.0,3115.0
2018-08-29,3100.0,3209.0,3100.0,3157.0,1102243335,349142,177,3184.0,3102.0
2018-09-01,3198.0,3314.0,3198.0,3303.0,1753231698,530811,79,3157.0,3314.0
2018-09-02,3329.0,3398.0,3203.0,3275.0,1289002288,393539,83,3303.0,3210.0
2018-09-03,3161.0,3300.0,3161.0,3234.0,925479596,286129,67,3275.0,3212.0
2018-09-04,3300.0,3395.0,3204.0,3362.0,4203075152,1250319,168,3234.0,3280.0
2018-09-05,3385.0,3385.0,3266.0,3311.0,931489068,281304,69,3362.0,3300.0
2018-09-08,3211.0,3476.0,3210.0,3406.0,2742627343,805226,79,3311.0,3476.0
2018-09-09,3576.0,3576.0,3480.0,3572.0,2423831786,678528,99,3406.0,3576.0
2018-09-10,3735.0,3750.0,3530.0,3749.0,7381234971,1968662,173,3572.0,3750.0
2018-09-11,3900.0,3935.0,3565.0,3842.0,1942839695,505747,152,3749.0,3840.0
2018-09-12,3999.0,4034.0,3999.0,4031.0,1746070819,433158,64,3842.0,4034.0
2018-09-15,4232.0,4440.0,4021.0,4243.0,3097374922,729991,135,4031.0,4300.0
2018-09-16,4199.0,4199.0,4031.0,4058.0,3436817631,846936,131,4243.0,4199.0
2018-09-17,4230.0,4260.0,4230.0,4259.0,2766566650,649639,94,4058.0,4260.0
2018-09-18,4469.0,4471.0,4405.0,4462.0,4864769843,1090243,164,4259.0,4471.0
2018-09-22,4685.0,4685.0,4633.0,4675.0,4094251238,875793,142,4462.0,4685.0
2018-09-23,4900.0,4900.0,4693.0,4741.0,5368427718,1132306,174,4675.0,4750.0
2018-09-24,4750.0,4844.0,4510.0,4674.0,7316990357,1565333,207,4741.0,4700.0
2018-09-25,4740.0,4800.0,4536.0,4695.0,16112639555,3431710,478,4674.0,4536.0
2018-09-26,4712.0,4790.0,4561.0,4637.0,8421695515,1816372,353,4695.0,4600.0
2018-09-29,4600.0,4868.0,4590.0,4823.0,17892614906,3710220,494,4637.0,4868.0
2018-09-30,5020.0,5061.0,4970.0,5030.0,24258748995,4822608,829,4823.0,5030.0
2018-10-01,5187.0,5187.0,4779.0,4895.0,9048863235,1848761,428,5030.0,4900.0
2018-10-02,4780.0,4780.0,4651.0,4711.0,1028790943,220671,66,4895.0,4651.0
2018-10-03,4476.0,4476.0,4476.0,4476.0,2204112204,492429,50,4711.0,4476.0
2018-10-06,4253.0,4330.0,4253.0,4265.0,4047036173,948891,168,4476.0,4253.0
2018-10-07,4052.0,4052.0,4052.0,4234.0,166034752,40976,21,4265.0,4052.0
2018-10-08,4023.0,4023.0,4023.0,4141.0,498582459,123933,19,4234.0,4023.0
2018-10-09,3934.0,4188.0,3934.0,3978.0,14903020243,3746299,605,4141.0,3998.0
2018-10-10,3820.0,4141.0,3780.0,3807.0,5028110962,1320634,198,3978.0,3780.0
2018-10-13,3617.0,3617.0,3617.0,3629.0,949730158,262574,64,3807.0,3617.0
2018-10-14,3448.0,3448.0,3448.0,3586.0,229095464,66443,14,3629.0,3448.0
2018-10-15,3409.0,3759.0,3409.0,3690.0,3833506787,1038973,270,3586.0,3661.0
2018-10-16,3800.0,3874.0,3800.0,3868.0,4585741416,1185478,200,3690.0,3874.0
2018-10-17,4000.0,4061.0,3820.0,4021.0,7401270379,1840484,332,3868.0,4061.0
2018-10-20,4222.0,4222.0,4110.0,4182.0,6710159881,1604453,319,4021.0,4120.0
2018-10-21,4200.0,4200.0,3973.0,3990.0,5117430502,1282665,225,4182.0,4050.0
2018-10-22,4147.0,4147.0,3800.0,3896.0,3733284792,958192,152,3990.0,4000.0
2018-10-23,3998.0,3998.0,3702.0,3711.0,2711809132,730722,141,3896.0,3735.0
2018-10-24,3526.0,3739.0,3526.0,3582.0,1775313161,495615,93,3711.0,3640.0
2018-10-27,3431.0,3635.0,3410.0,3468.0,1437674590,414565,76,3582.0,3520.0
2018-10-28,3425.0,3450.0,3357.0,3388.0,1679456526,495652,104,3468.0,3399.0
2018-10-29,3460.0,3557.0,3390.0,3495.0,1453790844,415945,100,3388.0,3557.0
2018-10-31,3644.0,3669.0,3550.0,3653.0,2409229454,659495,126,3495.0,3620.0
2018-11-03,3602.0,3655.0,3602.0,3618.0,1562762501,431987,69,3653.0,3624.0
2018-11-04,3716.0,3716.0,3500.0,3562.0,1044478414,293199,56,3618.0,3620.0
2018-11-05,3448.0,3640.0,3448.0,3591.0,828038344,230150,61,3562.0,3581.0
2018-11-06,3551.0,3770.0,3551.0,3746.0,1730277686,461860,131,3591.0,3748.0
2018-11-10,3820.0,3932.0,3701.0,3803.0,1112993213,292643,80,3746.0,3748.0
2018-11-11,3748.0,3748.0,3613.0,3630.0,1503650311,414197,97,3803.0,3660.0
2018-11-12,3614.0,3811.0,3537.0,3794.0,6617736363,1744488,204,3630.0,3811.0
2018-11-13,3855.0,3983.0,3855.0,3963.0,5748730850,1450467,276,3794.0,3983.0
2018-11-14,4089.0,4089.0,3770.0,3976.0,1485201613,373563,103,3963.0,4000.0
2018-11-17,3820.0,4100.0,3819.0,3995.0,2683766673,671804,270,3976.0,3950.0
2018-11-18,3931.0,4000.0,3796.0,3891.0,1752910110,450530,122,3995.0,3931.0
2018-11-19,4080.0,4085.0,3950.0,4079.0,5444505366,1334859,213,3891.0,4085.0
2018-11-20,4148.0,4148.0,4014.0,4083.0,3788478160,927933,224,4079.0,4050.0
2018-11-21,4063.0,4287.0,3910.0,4246.0,6266458441,1475696,263,4083.0,4287.0
2018-11-24,4300.0,4391.0,4256.0,4309.0,2027723493,470556,155,4246.0,4256.0
2018-11-26,4255.0,4350.0,4094.0,4141.0,2057814046,496996,145,4309.0,4094.0
2018-11-27,4070.0,4200.0,3968.0,4111.0,1198105205,291423,104,4141.0,4022.0
2018-11-28,4050.0,4090.0,3906.0,4011.0,2529963094,630819,99,4111.0,3950.0
2018-12-01,3925.0,3925.0,3811.0,3849.0,904001352,236685,41,4011.0,3811.0
2018-12-02,3940.0,4032.0,3793.0,3966.0,999707398,251192,60,3849.0,4000.0
2018-12-03,4027.0,4027.0,3816.0,3897.0,2473970115,634809,133,3966.0,3880.0
2018-12-04,3809.0,3906.0,3741.0,3837.0,1222809341,318698,82,3897.0,3785.0
2018-12-05,3771.0,4028.0,3771.0,3987.0,2196332039,550825,114,3837.0,4000.0
2018-12-08,4021.0,4140.0,4000.0,4093.0,5487147453,1340636,292,3987.0,4120.0
2018-12-09,4186.0,4290.0,4142.0,4207.0,5016429795,1192530,325,4093.0,4196.0
2018-12-10,4240.0,4348.0,4150.0,4245.0,3430065718,808081,247,4207.0,4240.0
2018-12-11,4299.0,4299.0,4185.0,4225.0,1897973148,449184,121,4245.0,4190.0
2018-12-12,4200.0,4269.0,4120.0,4189.0,1556675776,371654,101,4225.0,4120.0
2018-12-15,4110.0,4110.0,3980.0,4037.0,1807519210,447741,137,4189.0,3982.0
2018-12-16,4070.0,4070.0,3870.0,3975.0,987407164,248889,43,4037.0,3870.0
2018-12-18,4050.0,4050.0,3871.0,3966.0,423113234,106696,39,3975.0,3901.0
2018-12-19,3901.0,3901.0,3812.0,3870.0,1087829266,281106,68,3966.0,3900.0
2018-12-22,3954.0,4235.0,3954.0,4068.0,2951860331,725673,133,3870.0,4066.0
2018-12-23,4100.0,4271.0,4081.0,4259.0,11299441198,2653253,410,4068.0,4271.0
2018-12-24,4400.0,4471.0,4326.0,4443.0,17291378569,3891660,662,4259.0,4400.0
2018-12-25,4444.0,4599.0,4221.0,4410.0,12752665412,2891829,425,4443.0,4285.0
2018-12-26,4300.0,4450.0,4300.0,4405.0,9900451322,2247523,346,4410.0,4400.0
2018-12-29,4510.0,4625.0,4510.0,4620.0,31058999710,6722023,640,4405.0,4625.0
2018-12-30,4698.0,4698.0,4400.0,4582.0,5502519782,1201004,339,4620.0,4597.0
2018-12-31,4653.0,4811.0,4653.0,4801.0,22887618330,4767333,381,4582.0,4811.0
2019-01-01,5041.0,5041.0,4902.0,5022.0,42657621834,8494141,1641,4801.0,5000.0
2019-01-02,5140.0,5273.0,4853.0,5230.0,25610319966,4896462,931,5022.0,5273.0
2019-01-05,5491.0,5491.0,5015.0,5324.0,63748158394,11973297,2117,5230.0,5050.0
2019-01-06,5122.0,5122.0,5058.0,5063.0,5471329177,1080728,288,5324.0,5058.0
2019-01-07,4950.0,5249.0,4950.0,5067.0,21382065221,4220191,1047,5063.0,5147.0
2019-01-08,5250.0,5250.0,5000.0,5098.0,10261945982,2012799,567,5067.0,5059.0
2019-01-09,5000.0,5150.0,4900.0,5020.0,4655229075,927360,378,5098.0,5065.0
2019-01-12,5120.0,5188.0,5052.0,5145.0,7103635785,1380592,390,5020.0,5139.0
2019-01-13,5190.0,5190.0,4902.0,4992.0,5473991797,1096634,435,5145.0,4920.0
2019-01-14,5001.0,5075.0,4743.0,4820.0,9590775302,1989608,532,4992.0,4743.0
2019-01-15,4920.0,4920.0,4580.0,4652.0,7456736062,1603012,504,4820.0,4651.0
2019-01-16,4748.0,4884.0,4652.0,4839.0,6062853869,1252808,368,4652.0,4884.0
2019-01-19,5019.0,5080.0,4850.0,5068.0,12069914352,2381581,434,4839.0,5080.0
2019-01-20,5178.0,5300.0,5081.0,5187.0,14768231092,2846928,947,5068.0,5260.0
2019-01-21,5305.0,5305.0,5110.0,5249.0,8246972266,1571262,415,5187.0,5270.0
2019-01-22,5270.0,5510.0,5172.0,5411.0,18710010197,3457551,708,5249.0,5300.0
2019-01-23,5331.0,5580.0,5331.0,5508.0,6171446694,1120407,388,5411.0,5442.0
2019-01-26,5505.0,5780.0,5505.0,5673.0,8942457811,1576370,507,5508.0,5630.0
2019-01-27,5700.0,5700.0,5390.0,5491.0,9105107047,1658043,433,5673.0,5390.0
2019-01-28,5220.0,5650.0,5217.0,5378.0,12364317170,2299068,392,5491.0,5328.0
2019-01-29,5300.0,5398.0,5110.0,5249.0,3633798319,692334,253,5378.0,5287.0
2019-01-30,5299.0,5299.0,4987.0,5105.0,4475903413,876839,339,5249.0,5124.0
2019-02-02,5280.0,5280.0,5000.0,5063.0,1045186811,207027,118,5105.0,5085.0
2019-02-03,5239.0,5239.0,5030.0,5157.0,1688610073,327458,180,5063.0,5191.0
2019-02-04,5100.0,5290.0,4900.0,5211.0,2843338973,545649,179,5157.0,5249.0
2019-02-05,5136.0,5260.0,5062.0,5151.0,3408692424,661800,186,5211.0,5130.0
2019-02-06,4924.0,5248.0,4924.0,5104.0,2987906408,585389,167,5151.0,5130.0
2019-02-10,4954.0,5145.0,4954.0,5071.0,1711241234,337458,102,5104.0,5060.0
2019-02-12,5030.0,5100.0,5029.0,5052.0,1447406354,286508,140,5071.0,5045.0
2019-02-13,5050.0,5050.0,4960.0,4979.0,4319124809,867501,251,5052.0,4979.0
2019-02-16,5000.0,5001.0,4860.0,4939.0,1506813612,305075,207,4979.0,4995.0
2019-02-17,5179.0,5179.0,4877.0,4988.0,2377638460,476716,159,4939.0,5015.0
2019-02-18,5050.0,5237.0,5050.0,5170.0,3693069848,714304,135,4988.0,5170.0
2019-02-19,5233.0,5233.0,4972.0,5009.0,4693615514,937085,375,5170.0,5040.0
2019-02-20,5158.0,5158.0,4759.0,4816.0,4659948808,967690,358,5009.0,4759.0
2019-02-23,4800.0,4900.0,4576.0,4622.0,7923492962,1714404,332,4816.0,4681.0
2019-02-24,4683.0,4833.0,4683.0,4782.0,7419333438,1551416,740,4622.0,4833.0
2019-02-25,4853.0,4976.0,4710.0,4833.0,7517876547,1555462,497,4782.0,4860.0
2019-02-26,4950.0,5050.0,4819.0,4916.0,3411811290,694053,382,4833.0,5000.0
2019-03-04,4671.0,4904.0,4671.0,4832.0,397972057,82359,38,4666.0,4904.0
2019-03-05,4911.0,5073.0,4911.0,5052.0,6766703526,1339486,342,4832.0,5073.0
2019-03-06,5185.0,5248.0,4980.0,5098.0,2693761122,528409,240,5052.0,5044.0
2019-03-09,5190.0,5198.0,4940.0,4986.0,2579070555,517238,202,5098.0,4940.0
2019-03-10,4859.0,5090.0,4859.0,5016.0,2189249959,436483,123,4986.0,4971.0
2019-03-11,4866.0,5000.0,4866.0,4966.0,1567502906,315623,126,5016.0,4920.0
2019-03-12,4915.0,4915.0,4790.0,4827.0,2837621655,587874,247,4966.0,4870.0
2019-03-13,4885.0,4941.0,4823.0,4866.0,1486158378,305394,157,4827.0,4920.0
2019-03-16,4893.0,5049.0,4893.0,4954.0,2639980328,532891,167,4866.0,4900.0
2019-03-17,4911.0,5020.0,4880.0,4919.0,2350714256,477914,220,4954.0,4890.0
2019-03-18,4865.0,4925.0,4860.0,4909.0,1930039271,393178,188,4919.0,4906.0
2019-03-19,4908.0,5049.0,4908.0,4974.0,950849166,189998,98,4909.0,5044.0
2019-03-25,4895.0,5087.0,4895.0,5000.0,500986530,99284,74,4974.0,5017.0
2019-03-26,4985.0,5078.0,4985.0,5003.0,3406747429,681006,304,5000.0,5000.0
2019-03-27,4881.0,5088.0,4881.0,5027.0,1226202647,243762,115,5003.0,5084.0
2019-03-30,5083.0,5278.0,5083.0,5240.0,3931260217,750192,199,5027.0,5278.0
2019-03-31,5282.0,5502.0,5282.0,5498.0,14308686113,2602713,418,5240.0,5502.0
2019-04-06,5659.0,5772.0,5300.0,5702.0,12425505421,2179144,349,5498.0,5772.0
2019-04-07,5891.0,5987.0,5817.0,5970.0,19306849367,3234183,435,5702.0,5925.0
2019-04-08,5874.0,6014.0,5672.0,5762.0,14665254257,2545177,430,5970.0,5799.0
2019-04-09,5999.0,5999.0,5480.0,5631.0,6718406897,1193025,340,5762.0,5490.0
2019-04-10,5485.0,5720.0,5485.0,5633.0,4761139895,845251,225,5631.0,5548.0
2019-04-13,5566.0,5707.0,5400.0,5489.0,5441173886,991360,287,5633.0,5400.0
2019-04-14,5640.0,5658.0,5300.0,5427.0,3011226442,554876,205,5489.0,5467.0
2019-04-15,5500.0,5688.0,5400.0,5549.0,6091475664,1097675,286,5427.0,5460.0
2019-04-16,5544.0,5592.0,5350.0,5470.0,3600707603,658254,161,5549.0,5410.0
2019-04-17,5351.0,5601.0,5351.0,5490.0,4503888776,820421,199,5470.0,5500.0
2019-04-20,5500.0,5740.0,5500.0,5658.0,4900189597,865995,220,5490.0,5740.0
2019-04-22,5851.0,5900.0,5635.0,5792.0,4927069333,850734,235,5658.0,5749.0
2019-04-23,5591.0,6081.0,5591.0,6052.0,18715244479,3092540,486,5792.0,6081.0
2019-04-24,6354.0,6354.0,6353.0,6354.0,4521773622,711643,118,6052.0,6354.0
2019-04-27,6671.0,6671.0,6670.0,6671.0,34387141586,5154726,443,6354.0,6671.0
2019-04-28,6980.0,7004.0,6671.0,6967.0,45650626290,6552297,1097,6671.0,6845.0
2019-04-29,7020.0,7020.0,6619.0,6668.0,14348973290,2152074,661,6967.0,6670.0
2019-04-30,6671.0,6790.0,6335.0,6406.0,13640826904,2129403,612,6668.0,6335.0
2019-05-01,6450.0,6450.0,6086.0,6233.0,23705322637,3803227,928,6406.0,6319.0
2019-05-04,6498.0,6544.0,6335.0,6538.0,16203387383,2478167,546,6233.0,6544.0
2019-05-05,6864.0,6864.0,6212.0,6613.0,12526402224,1894109,518,6538.0,6540.0
2019-05-06,6483.0,6610.0,6283.0,6305.0,6468393952,1025851,316,6613.0,6283.0
2019-05-07,6012.0,6100.0,5990.0,6002.0,2151781066,358524,139,6305.0,5990.0
2019-05-08,5702.0,6300.0,5702.0,5874.0,5292857360,901071,256,6002.0,6086.0
2019-05-11,6100.0,6167.0,5601.0,6090.0,5406181109,887709,228,5874.0,6010.0
2019-05-12,6100.0,6110.0,5786.0,5843.0,9455651553,1618212,307,6090.0,6018.0
2019-05-13,6099.0,6135.0,5850.0,6090.0,6012165644,987160,274,5843.0,6135.0
2019-05-14,6350.0,6394.0,6234.0,6389.0,12293001427,1924216,271,6090.0,6394.0
2019-05-15,6689.0,6689.0,6070.0,6128.0,27400199793,4471617,829,6389.0,6172.0
2019-05-18,6175.0,6434.0,6000.0,6385.0,17209229226,2695378,422,6128.0,6434.0
2019-05-19,6700.0,6704.0,6435.0,6667.0,26604211703,3990149,611,6385.0,6704.0
2019-05-20,6649.0,6730.0,6334.0,6411.0,5605355452,874314,298,6667.0,6519.0
2019-05-21,6391.0,6500.0,6300.0,6405.0,6474248679,1010887,328,6411.0,6390.0
2019-05-22,6357.0,6640.0,6300.0,6462.0,8014167269,1240130,257,6405.0,6421.0
2019-05-25,6494.0,6785.0,6252.0,6667.0,16382320325,2457215,555,6462.0,6730.0
2019-05-26,6779.0,6830.0,6501.0,6689.0,5507315018,823393,402,6667.0,6571.0
2019-05-28,6572.0,6750.0,6460.0,6575.0,6442625938,979896,404,6689.0,6550.0
2019-05-29,6550.0,6650.0,6247.0,6367.0,8321762471,1306954,515,6575.0,6247.0
2019-06-01,6300.0,6399.0,6049.0,6178.0,7636107635,1236064,367,6367.0,6100.0
2019-06-02,5960.0,6435.0,5960.0,6346.0,6713647711,1057959,341,6178.0,6385.0
2019-06-03,6600.0,6600.0,6233.0,6351.0,6562776473,1033370,368,6346.0,6235.0
2019-06-08,6346.0,6346.0,6050.0,6120.0,5963267617,974348,364,6351.0,6148.0
2019-06-09,6200.0,6426.0,6200.0,6406.0,12437073479,1941325,528,6120.0,6399.0
2019-06-10,6726.0,6726.0,6630.0,6725.0,48488375727,7209748,806,6406.0,6726.0
2019-06-11,6790.0,7061.0,6790.0,7052.0,30944308881,4388040,394,6725.0,7061.0
2019-06-12,7404.0,7404.0,7380.0,7404.0,31528168796,4258400,456,7052.0,7404.0
2019-06-15,7500.0,7774.0,7500.0,7733.0,31610568184,4087784,828,7404.0,7774.0
2019-06-16,7744.0,7744.0,7347.0,7526.0,36678091512,4873742,1083,7733.0,7367.0
2019-06-17,7400.0,7400.0,7150.0,7162.0,15279585007,2133476,534,7526.0,7163.0
2019-06-18,7164.0,7450.0,6911.0,7164.0,10289969978,1436382,441,7162.0,7247.0
2019-06-19,7247.0,7400.0,6827.0,7059.0,5912416334,837626,297,7164.0,6953.0
2019-06-22,7330.0,7330.0,6707.0,6815.0,5768178768,846405,265,7059.0,6780.0
2019-06-23,6854.0,7155.0,6854.0,7134.0,10485838705,1469746,308,6815.0,7155.0
2019-06-25,7300.0,7665.0,7250.0,7454.0,5963960368,800118,229,7134.0,7351.0
2019-06-26,7415.0,7415.0,7100.0,7171.0,7176826629,1000845,471,7454.0,7100.0
2019-06-30,7469.0,7469.0,6940.0,7076.0,5187100351,733060,221,7171.0,7085.0
2019-07-01,7159.0,7159.0,6723.0,6802.0,7274018597,1069365,402,7076.0,6875.0
2019-07-02,7098.0,7098.0,6759.0,6843.0,10043043968,1467705,328,6802.0,6870.0
2019-07-03,6663.0,7153.0,6663.0,7041.0,7740919412,1099371,312,6843.0,6945.0
2019-07-06,7169.0,7169.0,6700.0,6835.0,5442929903,796367,268,7041.0,6700.0
2019-07-07,6800.0,7000.0,6700.0,6843.0,10664051277,1558432,321,6835.0,6700.0
2019-07-08,6920.0,6920.0,6603.0,6775.0,8290366043,1223728,451,6843.0,6750.0
2019-07-09,6561.0,6754.0,6500.0,6612.0,8321681278,1258565,495,6775.0,6590.0
2019-07-10,6689.0,6745.0,6499.0,6598.0,10717195383,1624281,468,6612.0,6730.0
2019-07-13,6850.0,6927.0,6765.0,6914.0,10111565389,1462509,2305,6598.0,6927.0
2019-07-14,7000.0,7070.0,6760.0,6909.0,10268973233,1486335,509,6914.0,6899.0
2019-07-15,6940.0,6940.0,6564.0,6713.0,7786699246,1159987,439,6909.0,6666.0
2019-07-16,6700.0,6799.0,6378.0,6415.0,5087895731,793081,256,6713.0,6378.0
2019-07-17,6280.0,6588.0,6150.0,6335.0,5851869555,923779,283,6415.0,6253.0
2019-07-20,6530.0,6530.0,6101.0,6213.0,4276044903,688202,369,6335.0,6200.0
2019-07-21,6201.0,6420.0,5908.0,6154.0,6082539821,988356,416,6213.0,6210.0
2019-07-22,5847.0,6109.0,5847.0,5877.0,34256103823,5828485,1559,6154.0,5891.0
2019-07-23,5932.0,6075.0,5860.0,5954.0,6553450886,1100716,504,5877.0,6034.0
2019-07-24,5970.0,6094.0,5950.0,5982.0,5402276545,903034,407,5954.0,6000.0
2019-07-27,6080.0,6250.0,5900.0,6096.0,8619370851,1413823,651,5982.0,6140.0
2019-07-28,6020.0,6180.0,6000.0,6108.0,4796089239,785208,456,6096.0,6139.0
2019-07-29,6050.0,6100.0,5880.0,5967.0,6904760847,1157124,485,6108.0,5998.0
2019-07-30,5722.0,5900.0,5722.0,5787.0,4071883125,703667,555,5967.0,5835.0
2019-07-31,5898.0,5937.0,5739.0,5861.0,4666619160,796176,372,5787.0,5918.0
2019-08-03,5989.0,5999.0,5870.0,5939.0,4700529240,791478,346,5861.0,5915.0
2019-08-04,6000.0,6235.0,5919.0,6180.0,20688790835,3347436,798,5939.0,6235.0
2019-08-05,6261.0,6489.0,6261.0,6442.0,19570084620,3037790,899,6180.0,6355.0
2019-08-06,6449.0,6449.0,6120.0,6205.0,8642964349,1392920,639,6442.0,6224.0
2019-08-07,6224.0,6250.0,6000.0,6081.0,6418011821,1055430,441,6205.0,6120.0
2019-08-10,6200.0,6385.0,6191.0,6354.0,11528604018,1814257,781,6081.0,6385.0
2019-08-11,6577.0,6577.0,6220.0,6392.0,6513852570,1019002,614,6354.0,6364.0
2019-08-13,6478.0,6593.0,6200.0,6398.0,12108976188,1892530,711,6392.0,6470.0
2019-08-14,6575.0,6586.0,6252.0,6475.0,8465383972,1307481,480,6398.0,6400.0
2019-08-17,6350.0,6490.0,6330.0,6382.0,8289930913,1298996,565,6475.0,6354.0
2019-08-18,6400.0,6400.0,6200.0,6301.0,7008409461,1112232,443,6382.0,6319.0
2019-08-19,6200.0,6499.0,6160.0,6391.0,5886385045,920973,497,6301.0,6415.0
2019-08-21,6499.0,6687.0,6425.0,6585.0,10717620892,1627643,809,6391.0,6600.0
2019-08-24,6710.0,6914.0,6500.0,6874.0,18778635804,2731962,852,6585.0,6910.0
2019-08-25,6920.0,6939.0,6531.0,6652.0,11265821820,1693686,598,6874.0,6701.0
2019-08-26,6700.0,6800.0,6555.0,6675.0,10335815838,1548537,666,6652.0,6730.0
2019-08-27,6760.0,6760.0,6510.0,6653.0,8596161972,1292137,557,6675.0,6564.0
2019-08-28,6671.0,6690.0,6404.0,6533.0,5863174851,897431,456,6653.0,6530.0
2019-08-31,6478.0,6695.0,6301.0,6466.0,12480782595,1930322,812,6533.0,6488.0
2019-09-01,6500.0,6650.0,6340.0,6551.0,10335579455,1577671,721,6466.0,6640.0
2019-09-02,6648.0,6791.0,6311.0,6622.0,13377020556,2020224,847,6551.0,6615.0
2019-09-03,6640.0,6900.0,6580.0,6822.0,14945081941,2190834,854,6622.0,6860.0
2019-09-04,6900.0,7155.0,6900.0,7066.0,17895504334,2532514,1095,6822.0,7149.0
2019-09-07,7298.0,7419.0,7152.0,7360.0,19433675419,2640425,1123,7066.0,7329.0
2019-09-08,7306.0,7359.0,7040.0,7137.0,24461310326,3427459,1658,7360.0,7110.0
2019-09-11,7250.0,7465.0,6900.0,7262.0,17893508245,2464027,1026,7137.0,7401.0
2019-09-14,7599.0,7625.0,7530.0,7607.0,12535514018,1647833,383,7262.0,7625.0
2019-09-15,7987.0,7987.0,7625.0,7955.0,68433989205,8602743,1542,7607.0,7987.0
2019-09-16,8352.0,8352.0,8352.0,8352.0,20770521984,2486892,468,7955.0,8352.0
2019-09-17,8769.0,8769.0,8002.0,8668.0,108549826355,12522465,2809,8352.0,8633.0
2019-09-18,8600.0,8600.0,8235.0,8264.0,32798604974,3968907,1173,8668.0,8235.0
2019-09-21,8099.0,8223.0,7851.0,8006.0,32002681050,3997112,1467,8264.0,8020.0
2019-09-22,8020.0,8196.0,7750.0,7940.0,25688792099,3235241,1158,8006.0,7750.0
2019-09-23,7998.0,8337.0,7850.0,8274.0,30445946999,3679556,1090,7940.0,8220.0
2019-09-24,8253.0,8590.0,7861.0,7991.0,29121042056,3644409,1296,8274.0,7861.0
2019-09-25,8072.0,8138.0,7702.0,7896.0,32865458556,4162505,1217,7991.0,8100.0
2019-09-28,8289.0,8290.0,8255.0,8290.0,126426247914,15250589,1101,7896.0,8290.0
2019-09-29,8500.0,8704.0,8300.0,8563.0,61260314915,7153879,1404,8290.0,8704.0
2019-09-30,8991.0,8991.0,8991.0,8991.0,7091408493,788723,173,8563.0,8991.0
2019-10-01,9440.0,9440.0,8542.0,9117.0,85595145790,9389031,2098,8991.0,8600.0
2019-10-02,8800.0,8999.0,8672.0,8777.0,34921297487,3978688,1022,9117.0,8760.0
2019-10-05,8888.0,9159.0,8672.0,8989.0,34701061309,3860395,1007,8777.0,8752.0
2019-10-06,8899.0,9119.0,8540.0,8761.0,27592341714,3149452,854,8989.0,9104.0
2019-10-07,9191.0,9199.0,8840.0,9100.0,25975950616,2854345,962,8761.0,8990.0
2019-10-08,9195.0,9195.0,8645.0,8728.0,11273748831,1291611,418,9100.0,8645.0
2019-10-09,8292.0,8700.0,8292.0,8334.0,17115774891,2053606,634,8728.0,8490.0
2019-10-12,8688.0,8688.0,8001.0,8272.0,13754814812,1662730,731,8334.0,8325.0
2019-10-13,8485.0,8549.0,8010.0,8299.0,12289184289,1480885,472,8272.0,8185.0
2019-10-14,7888.0,8092.0,7885.0,7889.0,15481055710,1962288,437,8299.0,7885.0
2019-10-15,7692.0,7871.0,7495.0,7555.0,2644585812,350063,130,7889.0,7495.0
2019-10-16,7178.0,7399.0,7178.0,7191.0,16243440357,2258740,472,7555.0,7178.0
2019-10-20,6834.0,7110.0,6832.0,6864.0,4236311960,617210,163,7191.0,6832.0
2019-10-21,6521.0,7000.0,6521.0,6608.0,8809231526,1333055,331,6864.0,6900.0
2019-10-22,6938.0,6938.0,6399.0,6640.0,11377789287,1713437,663,6608.0,6694.0
2019-10-23,6700.0,6700.0,6308.0,6383.0,14010604292,2194896,433,6640.0,6410.0
2019-10-26,6630.0,6630.0,6100.0,6317.0,8713407425,1379346,393,6383.0,6486.0
2019-10-28,6595.0,6632.0,6399.0,6614.0,3149252930,476147,120,6317.0,6632.0
2019-10-30,6900.0,6944.0,6660.0,6875.0,12154633111,1768058,540,6614.0,6944.0
2019-11-02,7179.0,7188.0,6760.0,6970.0,8088205476,1160392,501,6875.0,7165.0
2019-11-03,7158.0,7200.0,7011.0,7105.0,3388951976,476999,350,6970.0,7134.0
2019-11-04,7200.0,7237.0,6810.0,6943.0,4350865231,626672,276,7105.0,6810.0
2019-11-05,6610.0,7150.0,6600.0,6948.0,5896708466,848726,294,6943.0,7143.0
2019-11-09,7171.0,7295.0,7061.0,7260.0,7338372066,1010736,241,6948.0,7295.0
2019-11-10,7549.0,7623.0,7295.0,7567.0,41059297431,5426102,1238,7260.0,7310.0
2019-11-11,7350.0,7600.0,7250.0,7426.0,10962490681,1476234,612,7567.0,7474.0
2019-11-12,7474.0,7775.0,7331.0,7571.0,11901607610,1572090,439,7426.0,7613.0
2019-11-13,7601.0,7949.0,7193.0,7744.0,11205095189,1447024,440,7571.0,7949.0
2019-11-16,8131.0,8131.0,8000.0,8131.0,119969392590,14754594,1197,7744.0,8131.0
2019-11-17,8109.0,8199.0,7725.0,7923.0,23024251112,2905998,711,8131.0,7999.0
2019-11-18,7850.0,8319.0,7850.0,8308.0,95199427646,11459265,678,7923.0,8319.0
2019-11-19,8710.0,8710.0,8355.0,8629.0,76841963670,8905321,1623,8308.0,8434.0
2019-11-20,8550.0,8550.0,8222.0,8395.0,20468417327,2438063,991,8629.0,8410.0
2019-11-23,8300.0,8814.0,8300.0,8724.0,38236083045,4382702,1258,8395.0,8688.0
2019-11-24,9160.0,9160.0,9160.0,9160.0,48154770360,5257071,382,8724.0,9160.0
2019-11-25,9618.0,9618.0,9605.0,9618.0,101429227841,10545783,1441,9160.0,9618.0
2019-11-26,9999.0,9999.0,9300.0,9620.0,67129922451,6978374,1997,9618.0,9650.0
2019-11-27,9599.0,9600.0,9260.0,9429.0,29523821390,3131265,1134,9620.0,9290.0
2019-11-30,9600.0,9900.0,9600.0,9862.0,44313072677,4493413,546,9429.0,9900.0
2019-12-01,10355.0,10355.0,10355.0,10355.0,68198506330,6586046,407,9862.0,10355.0
2019-12-02,10872.0,10872.0,10370.0,10856.0,189335037256,17440466,2029,10355.0,10872.0
2019-12-03,11000.0,11398.0,10364.0,11245.0,105681439249,9398007,1504,10856.0,11398.0
2019-12-04,11807.0,11807.0,11398.0,11797.0,17097685340,1449326,210,11245.0,11700.0
2019-12-09,12386.0,13001.0,11850.0,12582.0,105452333549,8381091,2508,11797.0,12490.0
2019-12-10,12596.0,12596.0,11953.0,11986.0,94538430315,7887145,1486,12582.0,11953.0
2019-12-11,11810.0,12585.0,11810.0,12549.0,146968941430,11711303,1876,11986.0,12440.0
2019-12-14,12549.0,12677.0,11922.0,11984.0,157007128266,13101845,2891,12549.0,12095.0
2019-12-15,12300.0,12300.0,11385.0,11480.0,134717528002,11734785,2528,11984.0,11385.0
2019-12-16,11111.0,12054.0,10907.0,11611.0,95734523708,8245218,1957,11480.0,12001.0
2019-12-17,12119.0,12191.0,11777.0,12168.0,34086983245,2801281,573,11611.0,12191.0
2019-12-18,12590.0,12769.0,12000.0,12580.0,71796128521,5707318,2074,12168.0,12400.0
2019-12-21,12640.0,12769.0,12100.0,12434.0,37745345365,3035685,1018,12580.0,12101.0
2019-12-22,12200.0,12434.0,11813.0,11899.0,95562309898,8031097,1894,12434.0,12000.0
2019-12-23,12199.0,12399.0,11305.0,11766.0,47823809552,4064530,1182,11899.0,11600.0
2019-12-24,11554.0,11600.0,11178.0,11298.0,46901487180,4151183,1503,11766.0,11300.0
2019-12-25,11411.0,11800.0,11000.0,11372.0,41292052221,3631007,1127,11298.0,11365.0
2019-12-28,11898.0,11898.0,11340.0,11554.0,50850187618,4401026,1455,11372.0,11399.0
2019-12-29,11749.0,12131.0,11745.0,12011.0,52244288095,4349697,1321,11554.0,12131.0
2019-12-30,12611.0,12611.0,12611.0,12611.0,27389755234,2171894,420,12011.0,12611.0
2019-12-31,12983.0,12983.0,12310.0,12568.0,74343642627,5915547,1559,12611.0,12380.0
2020-01-01,12550.0,13196.0,12201.0,13128.0,79366012589,6045500,1328,12568.0,13092.0
2020-01-04,12472.0,12472.0,12472.0,12472.0,8813176664,706637,119,13128.0,12472.0
2020-01-05,11849.0,11849.0,11849.0,11849.0,7602235457,641593,153,12472.0,11849.0
2020-01-07,11257.0,11257.0,11257.0,11257.0,5560890458,493994,105,11849.0,11257.0
2020-01-08,11032.0,11032.0,11032.0,11118.0,1901784416,172388,59,11257.0,11032.0
2020-01-11,11340.0,11340.0,11340.0,11340.0,6773370660,597299,89,11118.0,11340.0
2020-01-12,11907.0,11907.0,11351.0,11755.0,79676030222,6777842,1853,11340.0,11900.0
2020-01-13,11999.0,12200.0,11501.0,11954.0,49509591223,4141727,1329,11755.0,11975.0
2020-01-14,12350.0,12350.0,11357.0,11467.0,89777634178,7829016,1901,11954.0,11540.0
2020-01-15,11540.0,11700.0,10896.0,11407.0,33181302258,2908880,1043,11467.0,11455.0
2020-01-18,11701.0,11977.0,11699.0,11956.0,36660652130,3066176,431,11407.0,11977.0
2020-01-19,12553.0,12553.0,12553.0,12553.0,45731796641,3643097,351,11956.0,12553.0
2020-01-20,13180.0,13180.0,13180.0,13180.0,9931591300,753535,219,12553.0,13180.0
2020-01-21,13839.0,13839.0,13200.0,13585.0,139117277685,10240294,2717,13180.0,13350.0
2020-01-22,13397.0,13700.0,12906.0,13360.0,69622459928,5211312,1751,13585.0,13400.0
2020-01-25,13750.0,14028.0,13361.0,13792.0,92494206695,6706567,1995,13360.0,14028.0
2020-01-26,14370.0,14448.0,13103.0,13805.0,88661601511,6422504,2183,13792.0,14079.0
2020-01-27,13946.0,14250.0,13450.0,13969.0,45337138733,3245620,974,13805.0,14183.0
2020-01-28,14001.0,14667.0,13500.0,14056.0,199388442733,14185714,2583,13969.0,14667.0
2020-02-01,14758.0,14758.0,14758.0,14758.0,51783313140,3508830,364,14056.0,14758.0
2020-02-02,15495.0,15495.0,15495.0,15495.0,40879497810,2638238,258,14758.0,15495.0
2020-02-03,16269.0,16269.0,16269.0,16269.0,17888855523,1099567,153,15495.0,16269.0
2020-02-04,17082.0,17082.0,16500.0,17010.0,183411709094,10782799,1624,16269.0,17082.0
2020-02-05,16660.0,17852.0,16315.0,17019.0,86779681510,5098870,2195,17010.0,17005.0
2020-02-08,16810.0,17005.0,16169.0,16398.0,103480558476,6310600,2015,17019.0,16212.0
2020-02-09,15650.0,16400.0,15650.0,16002.0,49679938600,3104525,1243,16398.0,16100.0
2020-02-10,16449.0,16590.0,15202.0,15630.0,48098510962,3077300,1109,16002.0,16010.0
2020-02-12,16339.0,16411.0,16011.0,16336.0,29674082665,1816435,779,15630.0,16411.0
2020-02-15,17000.0,17140.0,16410.0,16628.0,44722762399,2689674,1173,16336.0,16500.0
2020-02-16,16800.0,16889.0,16400.0,16647.0,69178377081,4155711,1044,16628.0,16400.0
2020-02-17,16470.0,16999.0,16016.0,16385.0,75877514301,4630901,1110,16647.0,16030.0
2020-02-18,16210.0,16210.0,15570.0,15722.0,37311198736,2373238,962,16385.0,15651.0
2020-02-19,16030.0,16508.0,16030.0,16472.0,100657538770,6110742,1587,15722.0,16508.0
2020-02-22,17295.0,17295.0,17295.0,17295.0,24474379335,1415113,476,16472.0,17295.0
2020-02-23,18159.0,18159.0,18159.0,18159.0,5578354005,307195,134,17295.0,18159.0
2020-02-24,19066.0,19066.0,19066.0,19066.0,48630673834,2550649,350,18159.0,19066.0
2020-02-25,20019.0,20019.0,20019.0,20019.0,10466053314,522806,176,19066.0,20019.0
2020-02-26,21019.0,21019.0,20650.0,21002.0,341052693329,16238871,4057,20019.0,21019.0
2020-02-29,22052.0,22052.0,19980.0,21948.0,305255608218,13908307,4125,21002.0,22052.0
2020-03-01,23045.0,23045.0,23045.0,23045.0,173666520830,7535974,893,21948.0,23045.0
2020-03-04,24197.0,25406.0,24197.0,25363.0,200447197625,7903263,2103,23045.0,25406.0
2020-03-07,24990.0,26200.0,24095.0,24657.0,178477789450,7238323,3816,25363.0,24095.0
2020-03-09,23425.0,23989.0,23425.0,24131.0,20103812611,857403,670,24657.0,23425.0
2020-03-10,22925.0,23790.0,22925.0,22962.0,189039838662,8232842,2089,24131.0,22925.0
2020-03-11,22710.0,24110.0,21975.0,22677.0,185230662820,8168258,3080,22962.0,23500.0
2020-03-14,23500.0,23580.0,21544.0,21935.0,137523363527,6269688,2033,22677.0,21544.0
2020-03-15,21000.0,21997.0,20839.0,21218.0,83367117898,3929037,1945,21935.0,21315.0
2020-03-16,22000.0,22278.0,21923.0,22077.0,41198707264,1852376,584,21218.0,22278.0
2020-03-17,23180.0,23180.0,22278.0,23096.0,128398944593,5559274,1705,22077.0,23180.0
2020-03-18,24250.0,24250.0,24250.0,23743.0,29997250000,1237000,435,23096.0,24250.0
2020-03-24,24930.0,24930.0,24930.0,23927.0,8142885900,326630,204,23743.0,24930.0
2020-03-25,25123.0,25123.0,25123.0,24684.0,33496119055,1333285,194,23927.0,25123.0
2020-03-28,25918.0,25918.0,25918.0,25401.0,30485451386,1176227,176,24684.0,25918.0
2020-03-29,26671.0,26671.0,26671.0,26309.0,38608219483,1447573,280,25401.0,26671.0
2020-03-30,27624.0,27624.0,27000.0,27622.0,235737594552,8534383,1590,26309.0,27624.0
2020-04-04,29003.0,29003.0,29003.0,28673.0,39968367231,1378077,338,27622.0,29003.0
2020-04-05,30106.0,30106.0,30106.0,30106.0,81609658864,2710744,302,28673.0,30106.0
2020-04-06,31611.0,31611.0,30002.0,31419.0,225055802507,7163088,2630,30106.0,31611.0
2020-04-07,32989.0,32989.0,32989.0,32722.0,49541461673,1501757,412,31419.0,32989.0
2020-04-08,34358.0,34358.0,34358.0,34062.0,50957552330,1483135,400,32722.0,34358.0
2020-04-13,35765.0,37553.0,35765.0,37177.0,361278638002,9717772,3995,34062.0,36850.0
2020-04-14,36342.0,39035.0,36000.0,38402.0,303846348537,7912240,3787,37177.0,39035.0
2020-04-25,13593.0,13593.0,13593.0,13593.0,376485321,27697,23,12946.0,13593.0
2020-04-26,14272.0,14272.0,14272.0,14271.0,52412920960,3672430,390,13593.0,14272.0
2020-04-27,14984.0,14984.0,14984.0,14927.0,50686586576,3382714,196,14271.0,14984.0
2020-04-28,15673.0,15673.0,15673.0,15672.0,57586269482,3674234,231,14927.0,15673.0
2020-04-29,16455.0,16455.0,16455.0,16422.0,57942366210,3521262,194,15672.0,16455.0
2020-05-02,17243.0,17243.0,17243.0,17234.0,51944313341,3012487,212,16422.0,17243.0
2020-05-03,18095.0,18095.0,18095.0,18089.0,54705763035,3023253,202,17234.0,18095.0
2020-05-04,18993.0,18993.0,18000.0,18907.0,717887193114,37969017,7183,18089.0,18501.0
2020-05-05,19000.0,19780.0,17962.0,18775.0,500268013069,26644988,8504,18907.0,18098.0
2020-05-06,17837.0,19450.0,17837.0,18484.0,308908455446,16712314,5701,18775.0,18764.0
2020-05-09,19400.0,19408.0,19090.0,19392.0,125727302772,6483443,2515,18484.0,19408.0
2020-05-10,20361.0,20361.0,19408.0,20314.0,134702289288,6631131,2432,19392.0,20361.0
2020-05-11,21329.0,21329.0,21329.0,20758.0,25264136513,1184497,646,20314.0,21329.0
2020-05-16,19721.0,19721.0,18735.0,19667.0,25912831806,1374958,765,20758.0,18735.0
2020-05-17,18684.0,18684.0,18684.0,19055.0,28031156784,1500276,630,19667.0,18684.0
2020-05-18,19100.0,20007.0,18218.0,19343.0,215161789419,11123706,4628,19055.0,19000.0
2020-05-19,19800.0,20310.0,19437.0,20144.0,189837886390,9424246,2345,19343.0,20310.0
2020-05-20,21151.0,21151.0,19200.0,20966.0,245246566319,11697519,3741,20144.0,21151.0
2020-05-23,21300.0,21498.0,19918.0,20139.0,104663510869,5196964,2167,20966.0,19918.0
2020-05-26,19133.0,19918.0,19133.0,19963.0,7976222439,416883,214,20139.0,19133.0
2020-05-27,18965.0,19603.0,18965.0,18980.0,102407287523,5395448,1409,19963.0,18965.0
2020-05-30,19140.0,19929.0,19140.0,19860.0,92032541358,4633970,1629,18980.0,19929.0
2020-06-01,21500.0,22575.0,20830.0,21439.0,221660040182,10339117,4421,19860.0,21050.0
2020-06-02,21439.0,22000.0,20368.0,20650.0,243481053735,11790617,6110,21439.0,20368.0
2020-06-06,20990.0,21682.0,20000.0,21271.0,219008818930,10296087,4140,20650.0,21682.0
2020-06-07,22334.0,22334.0,22230.0,22334.0,105455077351,4721731,1565,21271.0,22334.0
2020-06-08,21218.0,23450.0,21218.0,23261.0,196349510135,8441139,3992,22334.0,23281.0
2020-06-09,24000.0,24424.0,23450.0,24353.0,99036251389,4066654,1882,23261.0,24424.0
2020-06-10,25570.0,25570.0,25570.0,24889.0,27277334470,1066771,454,24353.0,25570.0
2020-06-13,26130.0,26130.0,26130.0,25570.0,28848303900,1104030,510,24889.0,26130.0
2020-06-14,26840.0,26840.0,25300.0,26760.0,211929672800,7919159,3483,25570.0,26840.0
2020-06-15,28090.0,28090.0,28090.0,27900.0,48216400730,1716497,1136,26760.0,28090.0
2020-06-16,29290.0,29290.0,29290.0,29290.0,86427467500,2950750,1463,27900.0,29290.0
2020-06-20,30750.0,30750.0,30750.0,30750.0,64153540500,2086294,1260,29290.0,30750.0
2020-06-21,32280.0,32280.0,30850.0,32250.0,94893838170,2942423,1394,30750.0,31500.0
2020-06-24,33000.0,34650.0,32990.0,33920.0,340416324260,10035477,5943,32250.0,34640.0
2020-06-27,34470.0,34470.0,32230.0,32650.0,202001426500,6187624,4387,33920.0,32230.0
2020-06-28,31020.0,31020.0,31020.0,31410.0,34890272340,1124767,1106,32650.0,31020.0
2020-06-29,29840.0,29840.0,29840.0,29840.0,49370130800,1654495,956,31410.0,29840.0
2020-06-30,28350.0,31330.0,28350.0,30200.0,826690753730,27375352,9691,29840.0,31330.0
2020-07-01,31710.0,31710.0,30470.0,31540.0,464268256190,14721621,6368,30200.0,31200.0
2020-07-04,31800.0,31800.0,29970.0,30430.0,71597796760,2352723,2273,31540.0,29970.0
2020-07-05,28910.0,31390.0,28910.0,29320.0,522311810870,17815831,8483,30430.0,28910.0
2020-07-06,29010.0,30640.0,27860.0,28810.0,495690080240,17202621,11209,29320.0,27860.0
2020-07-07,28400.0,28400.0,27370.0,27470.0,347664740350,12657739,6916,28810.0,27370.0
2020-07-08,26310.0,27250.0,26100.0,26250.0,266122458070,10136979,5967,27470.0,26100.0
2020-07-11,24940.0,26000.0,24940.0,25260.0,147513609600,5840836,3612,26250.0,25420.0
2020-07-12,26500.0,26520.0,26450.0,26510.0,162067118320,6112346,3264,25260.0,26520.0
2020-07-13,27300.0,27300.0,25310.0,26250.0,149196604930,5683557,4141,26510.0,25540.0
2020-07-14,26200.0,26550.0,24940.0,25230.0,126807972120,5025829,3301,26250.0,24940.0
2020-07-15,24000.0,26490.0,23970.0,25000.0,302797109160,12111725,6449,25230.0,26380.0
2020-07-19,27500.0,28870.0,26540.0,27780.0,200321541900,7210582,5250,25000.0,27530.0
2020-07-20,28870.0,28870.0,26400.0,27250.0,248234076610,9108022,6166,27780.0,26400.0
2020-07-21,25890.0,25890.0,25890.0,26170.0,41024465520,1584568,1681,27250.0,25890.0
2020-07-22,24870.0,24870.0,24870.0,25470.0,26765889840,1076232,988,26170.0,24870.0
2020-07-25,24420.0,24830.0,24200.0,24380.0,190538766770,7816662,5161,25470.0,24200.0
2020-07-26,23300.0,23360.0,23170.0,23200.0,79550155530,3428302,1802,24380.0,23170.0
2020-07-27,22040.0,23200.0,22040.0,22300.0,223377455770,10016275,5849,23200.0,22250.0
2020-07-28,23380.0,23410.0,22870.0,23330.0,168885444640,7238759,3678,22300.0,23410.0
2020-07-29,24490.0,24490.0,24490.0,24490.0,76130667070,3108643,1180,23330.0,24490.0
2020-08-01,25710.0,25710.0,25710.0,25200.0,30402126420,1182502,519,24490.0,25710.0
2020-08-02,25510.0,26460.0,24710.0,26000.0,312706551060,12028596,6620,25200.0,25090.0
2020-08-03,25400.0,25450.0,24700.0,25020.0,43030093620,1731851,1420,26000.0,24700.0
2020-08-04,23770.0,24560.0,23770.0,23790.0,167667122520,7047973,3442,25020.0,23770.0
2020-08-09,24000.0,24000.0,22800.0,22950.0,46725791700,2038417,1301,23790.0,22800.0
2020-08-10,21810.0,22800.0,21810.0,21850.0,70150054400,3209830,1660,22950.0,21810.0
2020-08-11,20760.0,20760.0,20760.0,21380.0,18891018720,909972,473,21850.0,20760.0
2020-08-12,20590.0,21380.0,20320.0,20620.0,55031945600,2668316,1705,21380.0,20320.0
2020-08-15,19750.0,20300.0,19590.0,20090.0,26523835420,1348441,921,20620.0,19590.0
2020-08-16,19090.0,19090.0,19090.0,19810.0,13006456070,681323,542,20090.0,19090.0
2020-08-17,18820.0,19790.0,18820.0,18860.0,88091348470,4671375,2273,19810.0,18820.0
2020-08-18,19770.0,19800.0,19000.0,19570.0,104114243910,5319990,2694,18860.0,19200.0
2020-08-19,19250.0,19250.0,18600.0,19240.0,16238611000,870711,695,19570.0,18600.0
2020-08-22,18600.0,19240.0,18280.0,18770.0,25911593690,1410263,958,19240.0,18280.0
2020-08-23,17840.0,17900.0,17840.0,18550.0,10761079120,603120,410,18770.0,17840.0
2020-08-24,17630.0,17630.0,17630.0,18440.0,5617076670,318609,204,18550.0,17630.0
2020-08-25,17520.0,18740.0,17520.0,17770.0,83779169520,4713774,2483,18440.0,17830.0
2020-08-26,18390.0,18390.0,17900.0,17780.0,822945380,44809,52,17770.0,17900.0
2020-08-31,17970.0,17970.0,17080.0,17690.0,7156703970,416320,331,17780.0,17080.0
2020-09-01,16810.0,16810.0,16810.0,17630.0,3292322550,195855,164,17690.0,16810.0
2020-09-02,16750.0,16750.0,16750.0,17580.0,2698056500,161078,96,17630.0,16750.0
2020-09-05,16710.0,16750.0,16710.0,17100.0,26091339070,1561417,511,17580.0,16710.0
2020-09-06,16250.0,16580.0,16250.0,16820.0,15670854550,963547,579,17100.0,16250.0
2020-09-07,15980.0,15980.0,15980.0,16800.0,1340658080,83896,62,16820.0,15980.0
2020-09-08,15960.0,15960.0,15960.0,16790.0,729786960,45726,60,16800.0,15960.0
2020-09-09,15960.0,15960.0,15960.0,16730.0,3193165080,200073,217,16790.0,15960.0
2020-09-12,16000.0,16730.0,15900.0,16290.0,29468721290,1839961,847,16730.0,15900.0
2020-09-13,15480.0,15480.0,15480.0,16260.0,1622768400,104830,66,16290.0,15480.0
2020-09-14,15450.0,16180.0,15450.0,15530.0,133527071520,8599516,2903,16260.0,15640.0
2020-09-15,15560.0,16300.0,15560.0,16200.0,76386354020,4714260,1892,15530.0,16300.0
2020-09-16,17010.0,17010.0,15390.0,15760.0,56563481530,3588913,1699,16200.0,15390.0
2020-09-19,14980.0,15750.0,14980.0,15370.0,23935698990,1597494,643,15760.0,14980.0
2020-09-20,14610.0,14610.0,14610.0,15300.0,4374759960,299436,128,15370.0,14610.0
2020-09-21,14540.0,14540.0,14540.0,15270.0,1561726860,107409,63,15300.0,14540.0
2020-09-22,14510.0,14510.0,14510.0,14970.0,18237822140,1256914,238,15270.0,14510.0
2020-09-23,14230.0,14800.0,14230.0,14340.0,43027500970,3007290,1073,14970.0,14230.0
2020-09-26,13630.0,14000.0,13630.0,13940.0,26791700400,1964446,612,14340.0,13630.0
2020-09-27,13250.0,13250.0,13250.0,13930.0,480763000,36284,36,13940.0,13250.0
2020-09-28,13240.0,13240.0,13240.0,13920.0,675266480,51002,33,13930.0,13240.0
2020-09-29,13230.0,13230.0,13230.0,13890.0,1881107550,142185,68,13920.0,13230.0
2020-09-30,13200.0,13200.0,13200.0,13850.0,2803521600,212388,125,13890.0,13200.0
2020-10-03,13160.0,13900.0,13160.0,13390.0,51214722620,3824222,1917,13850.0,13590.0
2020-10-04,13820.0,14000.0,12730.0,13000.0,49461087610,3804540,1383,13390.0,12750.0
2020-10-05,12400.0,12740.0,12350.0,12610.0,29848096260,2403569,736,13000.0,12570.0
2020-10-06,12650.0,13240.0,12200.0,13170.0,48334127220,3669919,1040,12610.0,13240.0
2020-10-07,13750.0,13820.0,13170.0,13590.0,45263012510,3321635,1346,13170.0,13820.0
2020-10-10,14000.0,14260.0,13820.0,14230.0,52618717510,3697934,647,13590.0,14260.0
2020-10-11,14940.0,14940.0,14940.0,14940.0,57718598400,3863360,537,14230.0,14940.0
2020-10-12,15680.0,15680.0,14200.0,15360.0,67056121260,4364623,1346,14940.0,15490.0
2020-10-13,15490.0,15890.0,14650.0,15300.0,48668134280,3184048,1067,15360.0,15380.0
2020-10-14,15600.0,15600.0,14540.0,14950.0,36260702910,2454755,911,15300.0,14800.0
2020-10-18,14230.0,14300.0,14210.0,14860.0,6035363660,424504,213,14950.0,14210.0
2020-10-19,14120.0,14120.0,14120.0,14820.0,2489511320,176311,41,14860.0,14120.0
2020-10-20,14080.0,14080.0,14080.0,14790.0,1699343360,120692,59,14820.0,14080.0
2020-10-21,14060.0,15000.0,14060.0,14570.0,16487370770,1163765,390,14790.0,14060.0
2020-10-24,13850.0,13850.0,13850.0,14550.0,1185850850,85621,36,14570.0,13850.0
2020-10-26,13830.0,13830.0,13830.0,14530.0,1078242120,77964,28,14550.0,13830.0
2020-10-27,13810.0,13810.0,13810.0,14510.0,1202602420,87082,33,14530.0,13810.0
2020-10-28,13790.0,14220.0,13790.0,13820.0,64899882250,4696224,871,14510.0,13920.0
2020-10-31,13160.0,14510.0,13160.0,14430.0,51639444770,3577919,927,13820.0,14510.0
2020-11-01,14800.0,14800.0,13710.0,14170.0,28774143130,2058968,544,14430.0,14000.0
2020-11-02,14000.0,14000.0,13470.0,13930.0,20028308860,1473529,370,14170.0,13630.0
2020-11-04,13330.0,14380.0,13330.0,13960.0,22344734770,1595765,523,13930.0,14010.0
2020-11-07,13400.0,14200.0,13270.0,13740.0,15678937450,1179330,285,13960.0,13270.0
2020-11-08,13060.0,13060.0,13060.0,13610.0,9150528180,700653,159,13740.0,13060.0
2020-11-09,12940.0,13700.0,12930.0,13440.0,17417345320,1324757,510,13610.0,13290.0
2020-11-10,13000.0,13690.0,12810.0,13300.0,27336578960,2070922,684,13440.0,13460.0
2020-11-11,13960.0,13960.0,13960.0,13960.0,84789201000,6073725,532,13300.0,13960.0
2020-11-14,14650.0,14650.0,14650.0,14650.0,62075932250,4237265,238,13960.0,14650.0
2020-11-15,15380.0,15380.0,15380.0,15380.0,56896971940,3699413,381,14650.0,15380.0
2020-11-16,16140.0,16140.0,15470.0,16140.0,194996774670,12083189,1482,15380.0,16140.0
2020-11-17,16150.0,16890.0,15380.0,16200.0,219365789320,13543115,3938,16140.0,15810.0
2020-11-21,17680.0,18250.0,16800.0,17430.0,191831438620,11007512,3232,16200.0,16800.0
2020-11-22,16640.0,17940.0,16560.0,17140.0,188199317280,10980143,2963,17430.0,17220.0
2020-11-23,17300.0,17650.0,16700.0,17360.0,73763397260,4249836,1811,17140.0,17550.0
2020-11-24,17690.0,18140.0,16600.0,17400.0,100439984000,5771280,1975,17360.0,16970.0
2020-11-25,17200.0,17500.0,16530.0,16980.0,79879800930,4703877,1647,17400.0,17140.0
2020-11-28,16560.0,17820.0,16500.0,17530.0,155813464670,8889119,2371,16980.0,17820.0
2020-11-29,18400.0,18400.0,18100.0,18400.0,72777467400,3955347,795,17530.0,18400.0
2020-11-30,19310.0,19320.0,18690.0,19220.0,96915783730,5042191,1878,18400.0,19320.0
2020-12-01,20020.0,20020.0,18700.0,19460.0,126158411830,6481991,2329,19220.0,19430.0
2020-12-02,19100.0,19700.0,18490.0,19270.0,84395782260,4379714,1727,19460.0,18760.0
2020-12-05,18800.0,19700.0,18310.0,19120.0,105468263370,5516801,1800,19270.0,19280.0
2020-12-06,19500.0,20070.0,19310.0,19880.0,101888052430,5123960,2278,19120.0,20000.0
2020-12-07,20200.0,20200.0,18890.0,19270.0,86868806530,4507583,2013,19880.0,18890.0
2020-12-08,18450.0,19390.0,18310.0,18830.0,51644415960,2743358,1471,19270.0,19150.0
2020-12-09,18850.0,19400.0,17900.0,19080.0,60328489400,3161301,1622,18830.0,19250.0
2020-12-12,19250.0,20030.0,19250.0,19920.0,139073539270,6980828,2396,19080.0,20030.0
2020-12-13,20200.0,20910.0,19100.0,20740.0,147315929740,7102595,1390,19920.0,20910.0
2020-12-14,21770.0,21770.0,20290.0,21380.0,319377238690,14936719,3390,20740.0,20780.0
2020-12-15,20380.0,21450.0,20320.0,20760.0,41522414800,2018372,585,21380.0,20320.0
2020-12-16,19730.0,21350.0,19730.0,20350.0,111476606400,5477649,2174,20760.0,20350.0
2020-12-19,20200.0,21360.0,20000.0,21210.0,142959319170,6738869,1933,20350.0,21360.0
2020-12-20,22040.0,22270.0,20750.0,22050.0,236820511490,10739137,3496,21210.0,22270.0
2020-12-21,22500.0,23000.0,21630.0,22430.0,137689047840,6138169,2672,22050.0,22210.0
2020-12-22,21900.0,23350.0,21500.0,22490.0,191282830660,8506360,3033,22430.0,22710.0
2020-12-23,23280.0,23610.0,22330.0,23270.0,319598305410,13735592,3664,22490.0,23610.0
2020-12-26,23800.0,24370.0,22650.0,23400.0,178711435240,7637995,3201,23270.0,22740.0
2020-12-27,22500.0,23130.0,22230.0,22370.0,91064667480,4071574,1756,23400.0,22230.0
2020-12-28,21270.0,22970.0,21260.0,22010.0,184486163840,8381163,3163,22370.0,22350.0
2020-12-29,22230.0,23110.0,22010.0,22690.0,141225959570,6224036,2708,22010.0,23110.0
2020-12-30,23700.0,23700.0,22480.0,23150.0,178813977770,7723003,2390,22690.0,22680.0
2021-01-02,22010.0,22710.0,22000.0,22040.0,83489052650,3788386,1490,23150.0,22000.0
2021-01-03,20950.0,22500.0,20940.0,21260.0,81638524240,3840880,1462,22040.0,20940.0
2021-01-04,20220.0,21760.0,20200.0,20400.0,101759683790,4987097,2196,21260.0,20200.0
2021-01-05,19510.0,20000.0,19380.0,19490.0,163436923170,8387208,2122,20400.0,19380.0
2021-01-06,19600.0,20200.0,18520.0,19330.0,111292387020,5756521,2330,19490.0,19900.0
2021-01-09,18790.0,20290.0,18790.0,20030.0,114621385160,5722402,2034,19330.0,20290.0
2021-01-10,20790.0,20790.0,20030.0,20420.0,74284346460,3638630,1610,20030.0,20320.0
2021-01-11,19400.0,19400.0,19400.0,19400.0,72359167600,3729854,516,20420.0,19400.0
2021-01-12,18430.0,18430.0,18430.0,19050.0,17038719300,924510,190,19400.0,18430.0
2021-01-13,18100.0,18100.0,18100.0,18650.0,19597069100,1082711,115,19050.0,18100.0
2021-01-16,17720.0,17720.0,17720.0,18330.0,16300167280,919874,71,18650.0,17720.0
2021-01-18,17420.0,17420.0,17420.0,18320.0,423445360,24308,26,18330.0,17420.0
2021-01-19,17410.0,17410.0,17410.0,17410.0,53049697620,3047082,217,18320.0,17410.0
2021-01-20,16540.0,17200.0,16540.0,16670.0,506830904600,30408366,5663,17410.0,16800.0
2021-01-23,17000.0,17490.0,16670.0,17020.0,206352999440,12124731,3600,16670.0,17460.0
2021-01-24,17620.0,17870.0,16170.0,16980.0,201840763950,11886750,3281,17020.0,16170.0
2021-01-25,16180.0,16530.0,16140.0,16180.0,133430743490,8244459,1550,16980.0,16140.0
2021-01-26,15400.0,16130.0,15380.0,15440.0,109742372740,7106396,1220,16180.0,15380.0
2021-01-27,14670.0,14970.0,14670.0,14700.0,117343740020,7982603,1494,15440.0,14670.0
2021-01-30,14200.0,15430.0,14200.0,15270.0,130956128020,8575023,1829,14700.0,15430.0
2021-01-31,15500.0,15800.0,14510.0,14760.0,100851422690,6832214,1327,15270.0,14510.0
2021-02-01,14100.0,15300.0,14050.0,14890.0,171367445800,11512382,2522,14760.0,15110.0
2021-02-02,15180.0,15490.0,14150.0,14470.0,189683067920,13104860,2415,14890.0,14530.0
2021-02-03,14700.0,15040.0,13750.0,14350.0,148307185360,10336137,2050,14470.0,14000.0
2021-02-06,13700.0,14000.0,13640.0,13660.0,51848299540,3797000,648,14350.0,13640.0
2021-02-07,14200.0,14340.0,13870.0,14250.0,119666307990,8400089,1465,13660.0,14340.0
2021-02-08,14840.0,14840.0,13550.0,14030.0,139604275460,9949800,1964,14250.0,13710.0
2021-02-09,13750.0,14300.0,13540.0,13990.0,72269655120,5167082,1510,14030.0,14190.0
2021-02-13,14650.0,14820.0,14110.0,14680.0,107648872740,7334806,1396,13990.0,14820.0
2021-02-14,15000.0,15150.0,14390.0,14600.0,80592358140,5520480,1199,14680.0,14390.0
2021-02-15,14310.0,14880.0,14310.0,14600.0,60733340030,4160849,1377,14600.0,14360.0
2021-02-16,14450.0,15300.0,14310.0,14990.0,130656578780,8718673,2289,14600.0,15170.0
2021-02-17,15460.0,15460.0,14710.0,14920.0,100632006570,6744293,1631,14990.0,14770.0
2021-02-20,14630.0,15000.0,14630.0,14680.0,40150749000,2743954,478,14920.0,14630.0
2021-02-21,14390.0,14390.0,14390.0,14670.0,960172750,66725,34,14680.0,14390.0
2021-02-22,14380.0,14380.0,14380.0,14670.0,254827980,17721,21,14670.0,14380.0
2021-02-23,14380.0,14380.0,14380.0,14650.0,2705798320,188164,61,14670.0,14380.0
2021-02-24,14360.0,14500.0,14360.0,14530.0,20460994140,1424548,265,14650.0,14360.0
2021-02-27,14240.0,14240.0,14240.0,14520.0,1250898560,87844,23,14530.0,14240.0
2021-02-28,14230.0,14230.0,14230.0,14520.0,274710150,19305,17,14520.0,14230.0
2021-03-01,14230.0,14230.0,14230.0,14510.0,1902522540,133698,56,14520.0,14230.0
2021-03-07,13730.0,13730.0,13730.0,14000.0,1486258770,108249,47,14010.0,13730.0
2021-03-08,13720.0,13720.0,13720.0,13890.0,18462276840,1345647,109,14000.0,13720.0
2021-03-09,13620.0,13900.0,13620.0,13640.0,67934782870,4980887,948,13890.0,13620.0
2021-03-10,13370.0,13370.0,13370.0,13530.0,18298342440,1368612,177,13640.0,13370.0
2021-03-13,13260.0,13600.0,13260.0,13290.0,62894974930,4731186,1260,13530.0,13260.0
2021-03-14,13300.0,13600.0,13030.0,13110.0,83376398620,6360985,1258,13290.0,13030.0
2021-03-15,13110.0,13110.0,12850.0,12980.0,25311006940,1968239,479,13110.0,12850.0
2021-03-16,12740.0,13110.0,12730.0,12880.0,104926317700,8145738,1784,12980.0,13070.0
2021-03-17,13190.0,13480.0,12630.0,12900.0,77751467860,6026026,1320,12880.0,12900.0
2021-03-27,13320.0,13620.0,12810.0,13230.0,52289269380,3951248,1144,12900.0,13530.0
2021-03-28,13550.0,13990.0,13360.0,13620.0,53031724720,3892925,1229,13230.0,13860.0
2021-03-30,13930.0,13980.0,13550.0,13740.0,43637933900,3169361,929,13620.0,13600.0
2021-03-31,13470.0,13970.0,13470.0,13610.0,51831591500,3808000,1020,13740.0,13760.0
2021-04-03,13780.0,13800.0,13340.0,13480.0,44472878000,3302560,819,13610.0,13450.0
2021-04-04,13230.0,13580.0,13220.0,13350.0,32568558750,2452337,585,13480.0,13220.0
2021-04-05,13090.0,13640.0,13090.0,13270.0,48983388150,3691902,1199,13350.0,13140.0
2021-04-06,13270.0,13480.0,13010.0,13250.0,30518433980,2304591,770,13270.0,13390.0
2021-04-07,13260.0,13500.0,13000.0,13210.0,31586681490,2394366,627,13250.0,13020.0
2021-04-10,12950.0,12950.0,12950.0,13190.0,3305487500,255250,65,13210.0,12950.0
2021-04-11,12930.0,12930.0,12930.0,13180.0,2019174660,156162,27,13190.0,12930.0
2021-04-12,12920.0,13000.0,12920.0,13050.0,24548347150,1899786,195,13180.0,12920.0
2021-04-13,12890.0,13300.0,12790.0,12960.0,50389177780,3887439,952,13050.0,12800.0
2021-04-14,12730.0,12950.0,12710.0,12910.0,9828411290,772300,146,12960.0,12710.0
2021-04-17,12660.0,12660.0,12660.0,12900.0,1579828740,124789,68,12910.0,12660.0
2021-04-18,12650.0,12650.0,12650.0,12900.0,312556200,24708,7,12900.0,12650.0
2021-04-19,12650.0,12650.0,12650.0,12900.0,745426550,58927,20,12900.0,12650.0
2021-04-20,12650.0,12650.0,12650.0,12890.0,1016364250,80345,26,12900.0,12650.0
2021-04-21,12510.0,12510.0,12510.0,12880.0,670223250,53575,17,12890.0,12510.0
2021-04-24,12500.0,12500.0,12500.0,12880.0,245675000,19654,13,12880.0,12500.0
2021-04-25,12500.0,12500.0,12500.0,12880.0,282425000,22594,9,12880.0,12500.0
2021-04-26,12500.0,12500.0,12500.0,12880.0,490662500,39253,23,12880.0,12500.0
2021-04-27,12500.0,12500.0,12500.0,12880.0,442962500,35437,29,12880.0,12500.0
2021-04-28,12500.0,12500.0,12500.0,12860.0,2230325000,178426,21,12880.0,12500.0
2021-05-01,12480.0,12480.0,12480.0,12860.0,533881920,42779,22,12860.0,12480.0
2021-05-02,12480.0,12480.0,12480.0,12860.0,65245440,5228,4,12860.0,12480.0
2021-05-03,12480.0,12480.0,12480.0,12860.0,217863360,17457,8,12860.0,12480.0
2021-05-05,12480.0,12480.0,12480.0,12860.0,571584000,45800,16,12860.0,12480.0
2021-05-08,12480.0,12480.0,12480.0,12860.0,50918400,4080,7,12860.0,12480.0
2021-05-09,12480.0,12480.0,12480.0,12860.0,50269440,4028,3,12860.0,12480.0
2021-05-10,12480.0,12480.0,12480.0,12860.0,132387840,10608,7,12860.0,12480.0
2021-05-11,12090.0,12090.0,12090.0,12730.0,8005320960,662144,162,12860.0,12090.0
2021-05-12,12350.0,12350.0,12350.0,12730.0,346960900,28094,18,12730.0,12350.0
2021-05-15,12100.0,12100.0,12100.0,12710.0,439447800,36318,18,12730.0,12100.0
2021-05-16,12080.0,12080.0,12080.0,12700.0,335014640,27733,8,12710.0,12080.0
2021-05-17,12070.0,12070.0,12070.0,12660.0,814761210,67503,7,12700.0,12070.0
2021-05-18,12030.0,12030.0,12030.0,12640.0,376502910,31297,17,12660.0,12030.0
2021-05-19,12010.0,12010.0,12010.0,12640.0,111332700,9270,5,12640.0,12010.0
2021-05-22,12010.0,12010.0,12010.0,12640.0,45878200,3820,4,12640.0,12010.0
2021-05-23,12010.0,12010.0,12010.0,12630.0,160381540,13354,3,12640.0,12010.0
2021-05-24,12000.0,12000.0,12000.0,12630.0,46116000,3843,5,12630.0,12000.0
2021-05-25,12000.0,12000.0,12000.0,12620.0,276168000,23014,9,12630.0,12000.0
2021-05-26,11990.0,11990.0,11990.0,12610.0,213445980,17802,14,12620.0,11990.0
2021-05-29,11980.0,11980.0,11980.0,12540.0,1518453020,126749,71,12610.0,11980.0
2021-05-30,11290.0,12480.0,11290.0,11600.0,232971147930,20083154,2907,12540.0,11390.0
2021-05-31,11990.0,11990.0,11080.0,11450.0,33735485410,2947531,865,11600.0,11250.0
2021-06-01,11110.0,11600.0,10880.0,11190.0,47285814400,4225640,936,11450.0,11600.0
2021-06-02,11700.0,11740.0,11600.0,11740.0,38848967060,3310080,377,11190.0,11740.0
2021-06-07,12270.0,12320.0,11660.0,12170.0,110014908430,9040759,1335,11740.0,12290.0
2021-06-08,12730.0,12770.0,11720.0,12610.0,75695294850,6002635,1060,12170.0,12230.0
2021-06-09,12020.0,12930.0,12020.0,12690.0,65325035710,5147611,705,12610.0,12700.0
2021-06-12,12310.0,12950.0,12300.0,12660.0,30752046410,2428702,457,12690.0,12590.0
2021-06-13,12760.0,12840.0,12120.0,12530.0,27558060420,2199671,471,12660.0,12320.0
2021-06-14,12100.0,12670.0,12100.0,12330.0,43867315140,3558574,536,12530.0,12350.0
2021-06-15,12250.0,12300.0,12000.0,12100.0,97563353210,8065438,565,12330.0,12010.0
2021-06-16,11720.0,12260.0,11720.0,12040.0,23203091370,1927582,355,12100.0,12100.0
2021-06-19,12280.0,12500.0,11980.0,12100.0,31062310920,2567874,442,12040.0,12050.0
2021-06-20,12100.0,12100.0,11780.0,12000.0,25283679880,2106697,251,12100.0,12010.0
2021-06-21,11800.0,12220.0,11700.0,12020.0,31610415020,2629079,430,12000.0,12000.0
2021-06-22,12000.0,12400.0,11880.0,12080.0,31998362440,2648451,452,12020.0,12070.0
2021-06-23,12290.0,12490.0,12010.0,12140.0,39599859240,3262617,615,12080.0,12260.0
2021-06-26,12500.0,12560.0,12250.0,12340.0,37542788290,3041206,636,12140.0,12320.0
2021-06-27,12450.0,12600.0,12030.0,12310.0,48596949830,3947608,494,12340.0,12330.0
2021-06-28,12480.0,12480.0,11800.0,12020.0,40623486220,3378550,676,12310.0,12100.0
2021-06-29,12200.0,12260.0,11850.0,12110.0,26400780710,2180209,442,12020.0,12260.0
2021-06-30,12290.0,12360.0,12030.0,12150.0,19430488050,1598569,359,12110.0,12100.0
2021-07-03,12230.0,12750.0,12020.0,12650.0,117800158600,9312665,1315,12150.0,12750.0
2021-07-04,12800.0,13280.0,12800.0,13220.0,111940591460,8466985,1088,12650.0,13280.0
2021-07-05,13880.0,13880.0,13310.0,13720.0,122498042170,8931318,1518,13220.0,13520.0
2021-07-06,13580.0,13890.0,13300.0,13680.0,93015465600,6801535,1064,13720.0,13740.0
2021-07-07,13650.0,13990.0,13370.0,13740.0,29103594670,2118642,615,13680.0,13540.0
2021-07-10,13130.0,14400.0,13130.0,14060.0,64227455600,4566719,964,13740.0,14380.0
2021-07-11,14420.0,14760.0,14400.0,14710.0,155102242690,10547053,1512,14060.0,14600.0
2021-07-12,14900.0,14950.0,14020.0,14420.0,69263883300,4802121,1189,14710.0,14400.0
2021-07-13,14500.0,14720.0,14080.0,14350.0,38876915560,2709398,658,14420.0,14270.0
2021-07-14,14350.0,14930.0,13800.0,14620.0,109197576350,7471332,983,14350.0,14680.0
2021-07-17,14950.0,14980.0,14190.0,14500.0,43519568050,3002286,762,14620.0,14290.0
2021-07-18,14490.0,14490.0,13780.0,14070.0,37270367970,2649364,568,14500.0,14010.0
2021-07-19,13850.0,14490.0,13700.0,14100.0,24595360260,1744480,511,14070.0,14110.0
2021-07-26,14100.0,14300.0,13770.0,13990.0,60939578880,4356262,795,14100.0,13870.0
2021-07-27,13600.0,13980.0,13300.0,13360.0,88569317200,6627680,921,13990.0,13300.0
2021-07-28,13560.0,13970.0,13050.0,13480.0,27325558210,2027251,532,13360.0,13400.0
2021-07-31,13690.0,13890.0,13170.0,13530.0,53839097560,3978730,650,13480.0,13530.0
2021-08-01,13920.0,14200.0,13450.0,14100.0,119985108830,8507712,1306,13530.0,14200.0
2021-08-02,14120.0,14600.0,13870.0,14200.0,60761063100,4278530,833,14100.0,14200.0
2021-08-03,14390.0,14390.0,14000.0,14110.0,28202355550,1998853,505,14200.0,14100.0
2021-08-04,14370.0,14370.0,13850.0,14020.0,65326256190,4658386,722,14110.0,14200.0
2021-08-07,14300.0,14300.0,13820.0,14030.0,56004623750,3991772,660,14020.0,13900.0
2021-08-08,14110.0,14210.0,13770.0,14000.0,32717368000,2337603,600,14030.0,13890.0
2021-08-09,14000.0,14220.0,13800.0,14050.0,44446603790,3163770,737,14000.0,13930.0
2021-08-10,13940.0,14750.0,13810.0,14580.0,122429989650,8395741,1391,14050.0,14750.0
2021-08-11,14770.0,15170.0,14580.0,14900.0,101866887660,6834766,1484,14580.0,15090.0
2021-08-14,15090.0,15640.0,14660.0,15400.0,121505979740,7888508,1453,14900.0,15640.0
2021-08-15,15640.0,16170.0,15350.0,16140.0,98359957120,6095534,1017,15400.0,16170.0
2021-08-22,16940.0,16940.0,16310.0,16790.0,152742321920,9096037,1767,16140.0,16360.0
2021-08-23,16500.0,17150.0,15960.0,16480.0,165307219770,10030942,2356,16790.0,16720.0
2021-08-24,17000.0,17300.0,16850.0,17260.0,95352342700,5523644,751,16480.0,17300.0
2021-08-25,17380.0,17380.0,16580.0,16950.0,70135184270,4136639,1486,17260.0,16900.0
2021-08-28,16520.0,17050.0,16380.0,16700.0,113623223750,6804532,1862,16950.0,16840.0
2021-08-29,16940.0,17090.0,15900.0,16510.0,149930939310,9081255,1910,16700.0,15970.0
2021-08-30,15690.0,16240.0,15690.0,15740.0,32685909470,2076437,540,16510.0,15690.0
2021-08-31,14960.0,16350.0,14960.0,15500.0,102004143480,6580292,1517,15740.0,15880.0
2021-09-01,15650.0,16270.0,15650.0,16230.0,105499880290,6498534,939,15500.0,16270.0
2021-09-04,17030.0,17040.0,16600.0,17030.0,84397251690,4955520,850,16230.0,17040.0
2021-09-05,17520.0,17690.0,16750.0,17180.0,140101722110,8153107,2506,17030.0,16890.0
2021-09-06,16890.0,17560.0,16330.0,16710.0,102340911630,6125918,2073,17180.0,16330.0
2021-09-11,16010.0,16450.0,15880.0,15970.0,15866762400,993711,262,16710.0,15880.0
2021-09-12,15270.0,16450.0,15180.0,15520.0,44238100680,2850951,1050,15970.0,15450.0
2021-09-13,15450.0,15990.0,14750.0,15000.0,48542812350,3235663,929,15520.0,15300.0
2021-09-14,15010.0,15750.0,15010.0,15490.0,61715329980,3985439,987,15000.0,15440.0
2021-09-15,15150.0,15500.0,14740.0,15000.0,28117453330,1873910,943,15490.0,14760.0
2021-09-18,14700.0,14990.0,14250.0,14300.0,32558785310,2276243,672,15000.0,14250.0
2021-09-19,13610.0,14670.0,13610.0,14140.0,39150721250,2768907,683,14300.0,13850.0
2021-09-20,13750.0,14440.0,13750.0,14110.0,23209925420,1645462,570,14140.0,14000.0
2021-09-21,13800.0,14440.0,13410.0,13510.0,23353973310,1728449,460,14110.0,13410.0
2021-09-22,13100.0,13670.0,12840.0,12970.0,42520709730,3278821,921,13510.0,13300.0
2021-09-25,13100.0,13590.0,13100.0,13370.0,16505243430,1234588,476,12970.0,13540.0
2021-09-26,13540.0,13850.0,13120.0,13440.0,9313596660,690484,413,13370.0,13790.0
2021-09-28,13880.0,13880.0,13450.0,13550.0,13251127850,976491,494,13440.0,13480.0
2021-09-29,13210.0,13550.0,12950.0,13290.0,15848602600,1192566,540,13550.0,13340.0
2021-10-02,13500.0,13550.0,12990.0,13180.0,32480189680,2464075,712,13290.0,13100.0
2021-10-03,13200.0,13200.0,12650.0,12880.0,21592577810,1676304,549,13180.0,12900.0
2021-10-04,13000.0,13520.0,12740.0,13410.0,44445258310,3315040,645,12880.0,13520.0
2021-10-06,13720.0,13890.0,13250.0,13550.0,32716545400,2414968,698,13410.0,13410.0
2021-10-09,13400.0,13740.0,12880.0,13180.0,33235373610,2521575,672,13550.0,13050.0
2021-10-10,12800.0,13000.0,12530.0,12760.0,12686560830,997693,467,13180.0,12770.0
2021-10-11,12370.0,12980.0,12370.0,12610.0,20218539380,1603761,526,12760.0,12480.0
2021-10-12,12260.0,12780.0,11980.0,12000.0,41057298680,3420563,641,12610.0,11980.0
2021-10-13,11510.0,11980.0,11510.0,11560.0,12885872360,1114443,367,12000.0,11540.0
2021-10-16,11600.0,12130.0,11600.0,12120.0,35881819850,2959434,481,11560.0,12130.0
2021-10-17,12360.0,12460.0,11800.0,12090.0,26917493360,2226869,641,12120.0,11950.0
2021-10-18,11800.0,12040.0,11580.0,11710.0,32639026680,2787647,749,12090.0,11670.0
2021-11-06,7710.0,7950.0,7370.0,7550.0,103658200740,13733565,2131,6360.0,7390.0
2021-11-07,7490.0,7490.0,7180.0,7220.0,61539728650,8526227,1297,7550.0,7190.0
2021-11-08,7190.0,7400.0,6860.0,7080.0,28339592160,4004531,725,7220.0,6990.0
2021-11-09,6900.0,7110.0,6800.0,6960.0,29787100730,4277710,549,7080.0,7000.0
2021-11-10,6990.0,7300.0,6990.0,7190.0,33016104040,4590773,862,6960.0,7290.0
2021-11-13,6880.0,7260.0,6880.0,7130.0,16233383430,2276169,414,7190.0,7070.0
2021-11-14,7150.0,7260.0,7000.0,7110.0,19014296500,2673249,371,7130.0,7040.0
2021-11-15,7100.0,7120.0,6930.0,7020.0,17766770860,2530320,337,7110.0,6950.0
2021-11-16,6900.0,7160.0,6900.0,7030.0,9481755540,1347457,283,7020.0,7040.0
2021-11-17,7000.0,7300.0,7000.0,7130.0,13414792220,1878045,411,7030.0,7250.0
2021-11-20,7340.0,7440.0,7050.0,7260.0,16736408460,2304073,549,7130.0,7150.0
2021-11-21,7250.0,7380.0,6940.0,7090.0,24974388350,3521436,635,7260.0,6990.0
2021-11-22,6930.0,7050.0,6760.0,6910.0,22401721090,3241442,773,7090.0,6800.0
2021-11-23,6720.0,6900.0,6570.0,6610.0,15917857200,2409140,569,6910.0,6570.0
2021-11-24,6330.0,6610.0,6310.0,6400.0,13720757890,2143983,471,6610.0,6480.0
2021-11-27,6440.0,6460.0,6120.0,6270.0,8637584010,1396797,326,6400.0,6140.0
2021-11-28,6090.0,6190.0,6000.0,6130.0,10478335890,1725247,373,6270.0,6020.0
2021-11-29,6180.0,6190.0,5830.0,6000.0,9242072130,1556774,353,6130.0,5920.0
2021-11-30,5890.0,5950.0,5710.0,5830.0,11990524080,2065726,284,6000.0,5760.0
2021-12-01,5600.0,6000.0,5560.0,5850.0,13449615610,2298701,394,5830.0,5840.0
2021-12-04,5670.0,5950.0,5560.0,5760.0,12446003160,2167438,358,5850.0,5650.0
2021-12-05,5530.0,6040.0,5530.0,5880.0,19873933580,3382710,535,5760.0,5790.0
2021-12-06,5660.0,6030.0,5660.0,5870.0,7841063060,1337647,220,5880.0,5810.0
2021-12-07,5870.0,5870.0,5680.0,5800.0,7839775680,1364703,210,5870.0,5720.0
2021-12-08,5650.0,5780.0,5540.0,5710.0,10760135170,1897081,622,5800.0,5660.0
2021-12-11,5710.0,5770.0,5540.0,5630.0,14225600060,2527072,360,5710.0,5650.0
2021-12-12,5630.0,5760.0,5400.0,5500.0,21276104230,3870063,251,5630.0,5400.0
2021-12-13,5250.0,5400.0,5230.0,5290.0,21041111240,3978051,387,5500.0,5300.0
2021-12-14,5300.0,5300.0,5070.0,5140.0,15135626200,2946879,307,5290.0,5130.0
2021-12-15,5030.0,5210.0,5030.0,5140.0,12015204180,2338835,231,5140.0,5140.0
2021-12-18,5110.0,5300.0,5110.0,5150.0,7674051500,1488405,213,5140.0,5170.0
2021-12-19,5350.0,5350.0,5110.0,5150.0,5804330570,1126580,183,5150.0,5110.0
2021-12-20,5220.0,5250.0,5060.0,5170.0,6114181970,1178203,167,5150.0,5230.0
2021-12-21,5010.0,5420.0,5010.0,5310.0,13672847600,2567255,308,5170.0,5400.0
2021-12-22,5550.0,5560.0,5380.0,5400.0,7836369400,1424693,222,5310.0,5520.0
2021-12-25,5570.0,5630.0,5420.0,5450.0,7457377900,1353697,230,5400.0,5470.0
2021-12-26,5450.0,5630.0,5440.0,5500.0,12763590500,2318134,266,5450.0,5590.0
2021-12-27,5630.0,5770.0,5600.0,5570.0,5980817310,1054266,242,5500.0,5670.0
2021-12-28,5640.0,5770.0,5550.0,5590.0,9944921460,1777263,247,5570.0,5590.0
2021-12-29,5590.0,5770.0,5590.0,5610.0,4369955870,771317,188,5590.0,5630.0
2022-01-01,5610.0,5610.0,5400.0,5570.0,6526643030,1182394,229,5610.0,5420.0
2022-01-02,5560.0,5680.0,5400.0,5590.0,11293039880,2017122,297,5570.0,5500.0
2022-01-03,5450.0,5690.0,5450.0,5590.0,5485201500,983625,193,5590.0,5610.0
2022-01-04,5500.0,5680.0,5420.0,5560.0,3205558020,586521,145,5590.0,5420.0
2022-01-05,5660.0,5660.0,5340.0,5500.0,5615284530,1039834,189,5560.0,5370.0
2022-01-08,5570.0,5570.0,5260.0,5450.0,4010717600,751732,253,5500.0,5320.0
2022-01-09,5230.0,5420.0,5180.0,5360.0,4983437020,959472,223,5450.0,5180.0
2022-01-10,5120.0,5190.0,5100.0,5180.0,10387000390,2029626,276,5360.0,5100.0
2022-01-11,5100.0,5200.0,4930.0,5030.0,17534588420,3488725,408,5180.0,5000.0
2022-01-12,5040.0,5180.0,4930.0,5100.0,13076250280,2559666,482,5030.0,5140.0
2022-01-15,5010.0,5180.0,5010.0,5100.0,2741240900,539236,152,5100.0,5030.0
2022-01-16,5030.0,5100.0,4870.0,5060.0,3688875720,744136,191,5100.0,5090.0
2022-01-17,4910.0,5180.0,4910.0,5050.0,2098691690,418359,115,5060.0,5000.0
2022-01-18,4910.0,5090.0,4800.0,4880.0,10806176320,2238602,192,5050.0,4800.0
2022-01-19,4670.0,4880.0,4650.0,4850.0,2670761250,564548,109,4880.0,4750.0
2022-01-22,4611.0,4840.0,4608.0,4810.0,3829101775,815293,158,4850.0,4611.0
2022-01-23,4581.0,4672.0,4570.0,4701.0,6684987590,1459736,220,4810.0,4650.0
2022-01-24,4830.0,4830.0,4466.0,4646.0,3409124598,761364,152,4701.0,4466.0
2022-01-25,4420.0,4422.0,4414.0,4603.0,2544396445,576358,87,4646.0,4414.0
2022-01-26,4620.0,4740.0,4402.0,4613.0,9991753184,2164175,327,4603.0,4608.0
2022-01-29,4729.0,4837.0,4650.0,4692.0,6799671581,1418662,228,4613.0,4826.0
2022-01-30,4843.0,4880.0,4688.0,4699.0,5490913874,1165256,238,4692.0,4699.0
2022-01-31,4700.0,4824.0,4697.0,4707.0,5965242102,1263815,158,4699.0,4790.0
2022-02-01,4708.0,4890.0,4708.0,4740.0,4719333057,980026,138,4707.0,4820.0
2022-02-02,4800.0,4884.0,4800.0,4761.0,3398257480,702769,121,4740.0,4849.0
2022-02-05,4900.0,4950.0,4771.0,4810.0,4806905337,976930,231,4761.0,4882.0
2022-02-06,4940.0,4940.0,4573.0,4804.0,10144843632,2112862,385,4810.0,4820.0
2022-02-07,4804.0,4840.0,4780.0,4805.0,8420662158,1752363,407,4804.0,4820.0
2022-02-08,4890.0,5000.0,4890.0,4845.0,4687352269,949394,163,4805.0,4989.0
2022-02-09,4910.0,5027.0,4910.0,4903.0,6730485792,1351692,309,4845.0,5024.0
2022-02-12,5000.0,5087.0,4841.0,4971.0,19069341113,3836214,328,4903.0,5000.0
2022-02-13,5000.0,5040.0,4850.0,4980.0,9799780011,1965818,250,4971.0,5018.0
2022-02-14,4990.0,5050.0,4960.0,4986.0,7606384681,1523952,228,4980.0,4990.0
2022-02-16,5091.0,5110.0,4987.0,4997.0,2816754212,558097,117,4986.0,5025.0
2022-02-19,5092.0,5092.0,4995.0,4999.0,8440101894,1688035,215,4997.0,5000.0
2022-02-20,5080.0,5080.0,4873.0,5003.0,10680762565,2134344,235,4999.0,5001.0
2022-02-21,5003.0,5180.0,5003.0,5040.0,5140845671,1005248,222,5003.0,5160.0
2022-02-22,5250.0,5250.0,5090.0,5076.0,3987922899,769947,204,5040.0,5180.0
2022-02-23,5001.0,5248.0,5001.0,5086.0,1470523159,283738,106,5076.0,5152.0
2022-02-26,5100.0,5160.0,5010.0,5090.0,6554526980,1288897,259,5086.0,5150.0
2022-02-27,5170.0,5170.0,4840.0,5010.0,32742054760,6535358,526,5090.0,5120.0
2022-03-15,4890.0,4890.0,4480.0,4640.0,3257726930,709859,181,4660.0,4580.0
2022-03-16,4660.0,4750.0,4510.0,4630.0,3658925380,798833,193,4640.0,4560.0
2022-03-19,4520.0,4680.0,4510.0,4598.0,9667049459,2110091,309,4630.0,4670.0
2022-03-26,4580.0,4750.0,4550.0,4657.0,25259599983,5423635,528,4598.0,4718.0
2022-03-27,4840.0,4850.0,4682.0,4718.0,7569963946,1582543,244,4657.0,4775.0
2022-03-28,4887.0,4887.0,4700.0,4794.0,12823357742,2665558,337,4718.0,4831.0
2022-03-29,4879.0,4879.0,4660.0,4756.0,8352985510,1768145,314,4794.0,4700.0
2022-03-30,4601.0,4855.0,4601.0,4774.0,6999583474,1459727,222,4756.0,4828.0
2022-04-03,4704.0,5012.0,4680.0,4993.0,27547313031,5517320,333,4774.0,5012.0
2022-04-04,5241.0,5241.0,5000.0,5082.0,18923588593,3723944,486,4993.0,5031.0
2022-04-05,5110.0,5199.0,4930.0,5101.0,13586106645,2661402,384,5082.0,5054.0
2022-04-06,5198.0,5198.0,4950.0,5075.0,8772217162,1735755,339,5101.0,4965.0
2022-04-09,4940.0,5110.0,4860.0,5050.0,5290732100,1057497,253,5075.0,5000.0
2022-04-10,4960.0,5110.0,4960.0,5030.0,13561204930,2695282,309,5050.0,5000.0
2022-04-11,4990.0,5200.0,4990.0,5140.0,15551931120,3027653,448,5030.0,5200.0
2022-04-12,5140.0,5280.0,4960.0,5100.0,8953956670,1762385,285,5140.0,5010.0
2022-04-13,4950.0,5190.0,4950.0,5100.0,7458567190,1459983,299,5100.0,5100.0
2022-04-16,5140.0,5190.0,5030.0,5090.0,13194686210,2591119,347,5100.0,5100.0
2022-04-17,5050.0,5140.0,5000.0,5070.0,10310451140,2035905,270,5090.0,5120.0
2022-04-18,5160.0,5240.0,5090.0,5130.0,10073527970,1952930,366,5070.0,5110.0
2022-04-19,5080.0,5210.0,5060.0,5120.0,15032147660,2934421,463,5130.0,5180.0
2022-04-20,5090.0,5420.0,5080.0,5370.0,49032713620,9133713,709,5120.0,5420.0
2022-04-24,5640.0,5690.0,5390.0,5540.0,184126448950,33236885,2108,5370.0,5520.0
2022-04-25,5400.0,5590.0,5210.0,5330.0,119472483420,22416601,1811,5540.0,5300.0
2022-04-26,5310.0,5450.0,5300.0,5380.0,59242201650,11012274,752,5330.0,5300.0
2022-04-27,5410.0,5420.0,5210.0,5280.0,49402397760,9350731,724,5380.0,5240.0
2022-04-30,5220.0,5590.0,5220.0,5570.0,91035770490,16332180,788,5280.0,5590.0
2022-05-01,5660.0,5740.0,5460.0,5590.0,46647577210,8340010,920,5570.0,5590.0
2022-05-02,5650.0,5650.0,5270.0,5490.0,15872038820,2890127,535,5590.0,5500.0
2022-05-07,5600.0,5810.0,5560.0,5780.0,140821263240,24343242,1448,5490.0,5810.0
2022-05-08,5900.0,5990.0,5640.0,5780.0,42538945580,7365146,945,5780.0,5730.0
2022-05-09,5780.0,5880.0,5440.0,5570.0,41434093250,7440739,947,5780.0,5490.0
2022-05-10,5480.0,5580.0,5330.0,5470.0,16759737310,3064034,471,5570.0,5500.0
2022-05-11,5510.0,5790.0,5510.0,5760.0,64648279350,11232255,936,5470.0,5790.0
2022-05-14,5850.0,6030.0,5600.0,5770.0,38116817300,6609128,830,5760.0,5740.0
2022-05-15,5800.0,5840.0,5500.0,5710.0,29638584100,5191034,690,5770.0,5750.0
2022-05-16,5750.0,5870.0,5650.0,5770.0,27276662070,4727510,729,5710.0,5860.0
2022-05-17,5890.0,5950.0,5740.0,5840.0,25041956670,4285228,556,5770.0,5740.0
2022-05-18,5880.0,5900.0,5620.0,5760.0,15598228820,2706388,387,5840.0,5810.0
2022-05-21,5700.0,5840.0,5590.0,5710.0,20702861340,3622629,363,5760.0,5620.0
2022-05-22,5730.0,5770.0,5500.0,5660.0,16289111260,2877619,399,5710.0,5660.0
2022-05-23,5570.0,5750.0,5330.0,5380.0,33492269410,6220292,537,5660.0,5330.0
2022-05-24,5480.0,5480.0,5210.0,5320.0,8447373470,1597349,285,5380.0,5300.0
2022-05-25,5240.0,5580.0,5240.0,5460.0,24244762970,4443070,413,5320.0,5550.0
2022-05-28,5630.0,5700.0,5250.0,5460.0,9561721640,1748744,312,5460.0,5340.0
2022-05-29,5280.0,5780.0,5200.0,5680.0,47912211400,8441482,425,5460.0,5780.0
2022-05-30,5780.0,5860.0,5460.0,5700.0,33930439260,5954563,582,5680.0,5600.0
2022-05-31,5710.0,5710.0,5480.0,5560.0,30300283870,5449090,526,5700.0,5530.0
2022-06-01,5670.0,5670.0,5500.0,5580.0,9854451440,1762923,294,5560.0,5620.0
2022-06-06,5580.0,5690.0,5250.0,5270.0,40398263990,7663656,527,5580.0,5280.0
2022-06-07,4990.0,5300.0,4990.0,5100.0,15264553550,2990508,406,5270.0,5050.0
2022-06-08,5250.0,5250.0,5100.0,5110.0,6263063230,1221194,238,5100.0,5100.0
2022-06-11,5030.0,5200.0,5000.0,5090.0,6044573610,1192875,252,5110.0,5090.0
2022-06-12,5090.0,5360.0,5000.0,5150.0,7490574590,1436468,271,5090.0,5200.0
2022-06-13,5270.0,5410.0,5170.0,5250.0,17670844490,3362811,270,5150.0,5250.0
2022-06-14,5160.0,5290.0,5000.0,5190.0,9165598940,1777917,261,5250.0,5110.0
2022-06-15,5070.0,5240.0,5010.0,5170.0,11519108850,2232246,250,5190.0,5200.0
2022-06-18,5180.0,5200.0,5000.0,5110.0,8525878980,1684181,256,5170.0,5100.0
2022-06-19,5030.0,5170.0,5010.0,5080.0,8710929320,1723230,196,5110.0,5040.0
2022-06-20,5290.0,5290.0,5040.0,5090.0,4886216870,957147,177,5080.0,5070.0
2022-06-21,5140.0,5140.0,5020.0,5080.0,3408937520,675020,126,5090.0,5040.0
2022-06-22,5020.0,5080.0,4900.0,4990.0,11970617270,2406308,278,5080.0,4950.0
2022-06-25,4860.0,5048.0,4860.0,4966.0,5928819928,1202739,204,4990.0,4930.0
2022-06-26,5040.0,5050.0,4801.0,4893.0,10972035330,2253712,240,4966.0,4850.0
2022-06-27,4790.0,5110.0,4700.0,4972.0,12070288933,2418078,327,4893.0,5000.0
2022-06-28,5110.0,5110.0,4963.0,4983.0,3701636972,737786,177,4972.0,5020.0
2022-06-29,5040.0,5040.0,4850.0,4973.0,2769777472,561678,209,4983.0,4910.0
2022-07-02,4900.0,4900.0,4771.0,4893.0,7147393264,1485704,201,4973.0,4778.0
2022-07-03,4760.0,4999.0,4739.0,4885.0,4934483821,1013315,219,4893.0,4882.0
2022-07-04,4831.0,5040.0,4831.0,4928.0,6793978102,1364305,182,4885.0,4940.0
2022-07-05,4900.0,4950.0,4811.0,4916.0,3994587227,817968,173,4928.0,4933.0
2022-07-06,4831.0,4970.0,4754.0,4857.0,6731293030,1405510,256,4916.0,4754.0
2022-07-09,4741.0,4899.0,4716.0,4815.0,5820613982,1224933,214,4857.0,4730.0
2022-07-11,4716.0,4805.0,4650.0,4734.0,8450124380,1807222,236,4815.0,4651.0
2022-07-12,4633.0,4700.0,4530.0,4629.0,9202111638,2012585,247,4734.0,4582.0
2022-07-13,4760.0,4760.0,4535.0,4625.0,4993371562,1081370,168,4629.0,4619.0
2022-07-16,4571.0,4700.0,4571.0,4635.0,12017822911,2591683,224,4625.0,4690.0
2022-07-17,4480.0,4520.0,4357.0,4385.0,62713026479,14300468,984,4635.0,4378.0
2022-07-19,4357.0,4420.0,4270.0,4335.0,11083101161,2564658,403,4385.0,4335.0
2022-07-20,4335.0,4449.0,4300.0,4379.0,8640436281,1960520,313,4335.0,4412.0
2022-07-23,4250.0,4350.0,4117.0,4226.0,100465581885,23771866,1491,4379.0,4288.0
2022-07-24,4331.0,4331.0,4105.0,4191.0,24288535326,5795242,640,4226.0,4150.0
2022-07-25,4110.0,4150.0,3940.0,3953.0,36699601235,9284569,652,4191.0,3940.0
2022-07-26,3820.0,4008.0,3716.0,3774.0,26255003707,6956773,677,3953.0,3810.0
2022-07-27,3889.0,3889.0,3731.0,3794.0,8754692784,2301933,258,3774.0,3820.0
2022-07-30,3794.0,3946.0,3682.0,3833.0,11261029340,2927253,385,3794.0,3782.0
2022-07-31,3830.0,3830.0,3622.0,3757.0,7792273267,2111646,241,3833.0,3681.0
2022-08-01,3750.0,3800.0,3652.0,3754.0,7553964070,2013960,201,3757.0,3757.0
2022-08-02,3658.0,3840.0,3622.0,3711.0,9028847197,2450575,358,3754.0,3688.0
2022-08-03,3652.0,3816.0,3652.0,3745.0,9149783321,2429419,187,3711.0,3789.0
2022-08-06,3771.0,3969.0,3766.0,3945.0,23479373701,5950938,492,3745.0,3969.0
2022-08-09,3999.0,4110.0,3800.0,3990.0,11008956000,2745109,346,3945.0,3946.0
2022-08-10,3887.0,4056.0,3887.0,3988.0,9897504244,2482182,288,3990.0,3991.0
2022-08-13,4000.0,4120.0,3988.0,4048.0,12085921168,2974379,354,3988.0,4100.0
2022-08-14,4185.0,4185.0,4006.0,4046.0,4023827806,995952,212,4048.0,4025.0
2022-08-15,3999.0,4119.0,3980.0,4023.0,13888002611,3453736,380,4046.0,4101.0
2022-08-16,4100.0,4170.0,4004.0,4033.0,7235078763,1789259,245,4023.0,4069.0
2022-08-17,3990.0,4165.0,3914.0,3983.0,13703851571,3444311,400,4033.0,3998.0
2022-08-20,3891.0,4079.0,3890.0,3990.0,10671312982,2672641,265,3983.0,4015.0
2022-08-21,3913.0,4047.0,3913.0,3996.0,6505994850,1625363,214,3990.0,4002.0
2022-08-22,4048.0,4080.0,3996.0,4005.0,9363946375,2334715,160,3996.0,3999.0
2022-08-23,3960.0,4245.0,3960.0,4216.0,41561228394,9858205,528,4005.0,4245.0
2022-08-24,4300.0,4380.0,4250.0,4272.0,11434704238,2662502,336,4216.0,4295.0
2022-08-27,4232.0,4400.0,4183.0,4292.0,14414388166,3357661,438,4272.0,4200.0
2022-08-28,4120.0,4235.0,4090.0,4183.0,12673119728,3042056,360,4292.0,4125.0
2022-08-29,4100.0,4224.0,4062.0,4180.0,8986595818,2150696,277,4183.0,4184.0
2022-08-30,4200.0,4285.0,4156.0,4183.0,5613042758,1340315,199,4180.0,4161.0
2022-08-31,4100.0,4288.0,4100.0,4181.0,2926560485,701612,129,4183.0,4180.0
2022-09-03,4070.0,4199.0,4000.0,4140.0,5368599125,1318862,253,4181.0,4118.0
2022-09-04,3951.0,4149.0,3951.0,4119.0,9891911084,2407427,212,4140.0,4141.0
2022-09-05,4022.0,4400.0,4022.0,4178.0,6993524455,1646679,274,4119.0,4193.0
2022-09-06,4110.0,4296.0,4090.0,4209.0,7663027806,1807943,246,4178.0,4250.0
2022-09-07,4290.0,4290.0,4150.0,4229.0,11947147403,2821009,220,4209.0,4173.0
2022-09-10,4228.0,4298.0,4020.0,4116.0,10400173238,2554028,372,4229.0,4120.0
2022-09-11,4109.0,4181.0,3990.0,4102.0,5377126263,1318669,166,4116.0,4045.0
2022-09-12,4002.0,4169.0,3891.0,4097.0,4991375775,1220974,163,4102.0,4125.0
2022-09-13,4046.0,4257.0,4045.0,4140.0,7661351784,1833054,194,4097.0,4176.0
2022-09-14,4120.0,4200.0,4120.0,4145.0,3750388870,901972,137,4140.0,4132.0
2022-09-18,4041.0,4189.0,4000.0,4137.0,6757810405,1637151,195,4145.0,4130.0
2022-09-19,4044.0,4190.0,4044.0,4132.0,6680281020,1619124,247,4137.0,4145.0
2022-09-20,4052.0,4187.0,4052.0,4127.0,7376075332,1789452,120,4132.0,4143.0
2022-09-21,4065.0,4229.0,4065.0,4135.0,10660945597,2576257,225,4127.0,4131.0
2022-09-24,4050.0,4125.0,3854.0,4023.0,21569185774,5361461,351,4135.0,4023.0
2022-09-26,4000.0,4042.0,3950.0,4018.0,3921183264,979170,158,4023.0,4020.0
2022-09-28,4137.0,4255.0,4110.0,4094.0,7492085910,1795692,286,4018.0,4140.0
2022-10-01,4091.0,4190.0,4041.0,4101.0,10573643864,2576107,244,4094.0,4055.0
2022-10-02,4040.0,4069.0,3853.0,4028.0,6509653578,1652504,221,4101.0,3999.0
2022-10-03,3902.0,4030.0,3902.0,4016.0,4014054846,1007534,138,4028.0,3970.0
2022-10-04,3901.0,4000.0,3900.0,3999.0,7512872675,1886510,114,4016.0,3930.0
2022-10-08,3930.0,4100.0,3853.0,3965.0,7433772943,1890965,241,3999.0,3920.0
2022-10-09,3891.0,3895.0,3688.0,3752.0,19763551088,5267075,441,3965.0,3760.0
2022-10-10,3625.0,4014.0,3625.0,3981.0,25969724757,6523628,341,3752.0,4014.0
2022-10-11,4259.0,4259.0,4259.0,4259.0,27752891887,6516293,278,3981.0,4259.0
2022-10-12,4480.0,4480.0,4171.0,4294.0,28738114277,6692801,690,4259.0,4275.0
2022-10-15,4120.0,4292.0,4120.0,4243.0,11579713329,2738131,258,4294.0,4214.0
2022-10-16,4293.0,4293.0,4020.0,4188.0,6538456305,1586669,170,4243.0,4130.0
2022-10-17,4134.0,4448.0,4090.0,4214.0,60063960635,14254451,451,4188.0,4350.0
2022-10-18,4417.0,4417.0,4220.0,4265.0,10615330656,2476625,321,4214.0,4252.0
2022-10-19,4120.0,4295.0,4120.0,4207.0,15168382717,3605338,265,4265.0,4250.0
2022-10-22,4128.0,4359.0,4128.0,4201.0,15261012816,3632551,317,4207.0,4175.0
2022-10-23,4160.0,4160.0,4070.0,4099.0,17676082868,4312250,336,4201.0,4083.0
2022-10-24,4061.0,4088.0,3900.0,4012.0,8167599550,2067979,335,4099.0,3930.0
2022-10-25,3860.0,4059.0,3805.0,3949.0,7510191497,1927815,315,4012.0,3860.0
2022-10-26,3860.0,3900.0,3680.0,3816.0,17440117790,4569719,489,3949.0,3799.0
2022-10-29,3717.0,3900.0,3553.0,3745.0,10533399580,2833796,306,3816.0,3698.0
2022-10-30,3601.0,3800.0,3565.0,3712.0,13650097401,3679759,375,3745.0,3745.0
2022-11-02,3964.0,3964.0,3821.0,3750.0,3666776528,947961,107,3712.0,3878.0
2022-11-05,3998.0,4012.0,3852.0,3995.0,15619640365,3903922,207,3750.0,4012.0
2022-11-06,3891.0,4184.0,3891.0,4079.0,11200407948,2719157,233,3995.0,4100.0
2022-11-07,4200.0,4364.0,4085.0,4297.0,22831392797,5313725,463,4079.0,4364.0
2022-11-08,4550.0,4550.0,4200.0,4338.0,19815558045,4567503,431,4297.0,4245.0
2022-11-09,4141.0,4546.0,4141.0,4437.0,46878590634,10564925,579,4338.0,4445.0
2022-11-12,4590.0,4747.0,4460.0,4730.0,87583791436,18517664,1072,4437.0,4747.0
2022-11-13,4930.0,4930.0,4610.0,4749.0,35067510335,7384152,808,4730.0,4735.0
2022-11-14,4621.0,4912.0,4621.0,4744.0,25856341694,5450814,588,4749.0,4719.0
2022-11-15,4600.0,4787.0,4560.0,4739.0,31401730724,6626612,396,4744.0,4747.0
2022-11-16,4700.0,4950.0,4621.0,4835.0,36699058365,7590561,668,4739.0,4885.0
2022-11-19,4885.0,4930.0,4724.0,4823.0,22031893301,4568116,420,4835.0,4900.0
2022-11-20,4914.0,4930.0,4780.0,4812.0,25455829242,5289982,406,4823.0,4786.0
2022-11-21,4724.0,4959.0,4720.0,4895.0,27468054024,5611189,401,4812.0,4881.0
2022-11-22,4755.0,4940.0,4755.0,4869.0,15461238909,3175151,293,4895.0,4900.0
2022-11-23,4950.0,4969.0,4701.0,4800.0,25706626344,5355859,448,4869.0,4896.0
2022-11-26,4770.0,4900.0,4650.0,4718.0,12288093355,2613203,273,4800.0,4651.0
2022-11-27,4742.0,4742.0,4500.0,4594.0,27025150990,5883286,415,4718.0,4550.0
2022-11-28,4610.0,4742.0,4500.0,4612.0,21742940684,4714441,467,4594.0,4700.0
2022-11-29,4770.0,4782.0,4656.0,4697.0,12225553906,2593321,355,4612.0,4735.0
2022-11-30,4740.0,4809.0,4614.0,4738.0,16878059380,3562173,305,4697.0,4768.0
2022-12-03,4829.0,4829.0,4584.0,4689.0,15575381493,3321565,444,4738.0,4684.0
2022-12-04,4588.0,4769.0,4588.0,4652.0,32829521395,7056715,488,4689.0,4717.0
2022-12-05,4700.0,4759.0,4585.0,4666.0,18528119717,3971058,323,4652.0,4700.0
2022-12-06,4720.0,4830.0,4643.0,4780.0,64756692871,13548408,382,4666.0,4714.0
2022-12-07,4714.0,4810.0,4714.0,4787.0,41307366841,8629866,435,4780.0,4769.0
2022-12-10,4683.0,4800.0,4656.0,4749.0,7711890006,1635807,279,4787.0,4659.0
2022-12-11,4670.0,4795.0,4659.0,4721.0,11492188484,2438167,159,4749.0,4740.0
2022-12-12,4721.0,4810.0,4691.0,4762.0,27984890091,5876317,350,4721.0,4760.0
2022-12-13,4780.0,5095.0,4720.0,5075.0,120077821674,23658465,1164,4762.0,5095.0
2022-12-14,5150.0,5355.0,5070.0,5186.0,57216871441,11032409,1070,5075.0,5081.0
2022-12-17,5400.0,5400.0,5080.0,5230.0,58555859070,11191905,946,5186.0,5230.0
2022-12-18,5280.0,5340.0,5120.0,5200.0,48962908030,9411644,1081,5230.0,5150.0
2022-12-19,5190.0,5220.0,5060.0,5160.0,54616537640,10588148,811,5200.0,5210.0
2022-12-20,5190.0,5290.0,5180.0,5240.0,32748388930,6245450,461,5160.0,5190.0
2022-12-21,5200.0,5220.0,5140.0,5180.0,31574118740,6099470,411,5240.0,5200.0
2022-12-24,5110.0,5540.0,5110.0,5460.0,107773279130,19733526,1026,5180.0,5540.0
2022-12-25,5600.0,5820.0,5460.0,5620.0,51611165000,9189144,811,5460.0,5680.0
2022-12-26,5590.0,6010.0,5560.0,5910.0,129604503730,21924578,1364,5620.0,5970.0
2022-12-28,6200.0,6200.0,5870.0,5970.0,114081809570,19114223,1863,5910.0,5900.0
2022-12-31,5700.0,5800.0,5560.0,5570.0,96537912110,17324431,1203,5970.0,5560.0
2023-01-01,5500.0,5700.0,5220.0,5340.0,54123370620,10141338,926,5570.0,5360.0
2023-01-02,5210.0,5670.0,5210.0,5530.0,19087885390,3451706,508,5340.0,5500.0
2023-01-03,5670.0,5710.0,5400.0,5520.0,31072629290,5626055,562,5530.0,5410.0
2023-01-04,5410.0,5650.0,5300.0,5490.0,22017907420,4011007,360,5520.0,5600.0
2023-01-07,5430.0,5870.0,5430.0,5850.0,134907625090,23070389,992,5490.0,5870.0
2023-01-08,5900.0,6220.0,5700.0,5990.0,81091350080,13528808,1026,5850.0,6060.0
2023-01-09,6140.0,6360.0,5980.0,6250.0,79095627810,12653400,1433,5990.0,6330.0
2023-01-10,6380.0,6620.0,6300.0,6430.0,131906693880,20513846,1251,6250.0,6400.0
2023-01-11,6230.0,6540.0,6090.0,6360.0,112402003110,17675489,1056,6430.0,6120.0
2023-01-14,6000.0,6310.0,5950.0,6140.0,38613677120,6291292,796,6360.0,6160.0
2023-01-16,6380.0,6380.0,6160.0,6260.0,44541788750,7114446,741,6140.0,6300.0
2023-01-17,6250.0,6250.0,5900.0,6020.0,73460899080,12205543,1546,6260.0,5930.0
2023-01-18,6000.0,6180.0,5790.0,6000.0,37233042170,6209895,833,6020.0,6090.0
2023-01-21,6000.0,6000.0,5640.0,5770.0,31613833670,5477649,815,6000.0,5730.0
2023-01-22,5640.0,6110.0,5640.0,5940.0,42670081540,7188703,738,5770.0,6050.0
2023-01-23,6070.0,6170.0,5730.0,5950.0,38377264460,6444985,693,5940.0,6000.0
2023-01-24,6110.0,6110.0,5540.0,5640.0,46984152820,8324142,1322,5950.0,5560.0
2023-02-06,3808.0,3920.0,3804.0,3831.0,28487580124,7437028,729,4090.0,3843.0
2023-02-07,3954.0,4000.0,3821.0,3925.0,28197277617,7184046,523,3831.0,3921.0
2023-02-08,3980.0,3980.0,3860.0,3914.0,21643350993,5530346,373,3925.0,3922.0
2023-02-12,3980.0,3980.0,3820.0,3880.0,7175509000,1866699,258,3914.0,3850.0
2023-02-13,3850.0,3870.0,3756.0,3818.0,10616497966,2797431,389,3880.0,3790.0
2023-02-14,3820.0,3840.0,3641.0,3754.0,22865262839,6091303,641,3818.0,3670.0
2023-02-15,3660.0,3740.0,3520.0,3580.0,23529201769,6572813,828,3754.0,3534.0
2023-02-19,3594.0,3655.0,3433.0,3539.0,23636381895,6678093,587,3580.0,3500.0
2023-02-20,3500.0,3786.0,3500.0,3721.0,43671511223,11735177,864,3539.0,3730.0
2023-02-21,3799.0,3909.0,3722.0,3819.0,50559891844,13238506,1133,3721.0,3760.0
2023-02-22,3820.0,3820.0,3600.0,3724.0,11572823865,3134752,312,3819.0,3739.0
2023-02-25,3839.0,3984.0,3839.0,3960.0,68998603608,17423258,993,3724.0,3984.0
2023-02-26,4085.0,4210.0,3880.0,4025.0,42485050983,10555483,976,3960.0,3880.0
2023-02-27,3961.0,4020.0,3839.0,3914.0,31574357811,8067854,1073,4025.0,3864.0
2023-02-28,3861.0,3973.0,3860.0,3888.0,20148524295,5182243,692,3914.0,3898.0
2023-03-01,3901.0,3965.0,3801.0,3873.0,26822933579,6924964,672,3888.0,3801.0
2023-03-04,3800.0,3948.0,3800.0,3907.0,24029226638,6151022,551,3873.0,3914.0
2023-03-06,3960.0,4078.0,3924.0,4000.0,28344311509,7085520,442,3907.0,4006.0
2023-03-07,4010.0,4085.0,3930.0,4000.0,37530310538,9382082,652,4000.0,3999.0
2023-03-11,4050.0,4139.0,4000.0,4071.0,36618589792,8994417,709,4000.0,4040.0
2023-03-27,3969.0,3969.0,3850.0,3967.0,24110962090,6077306,213,3710.0,3969.0
2023-03-28,4244.0,4244.0,4100.0,4243.0,121344071339,28598637,1005,3967.0,4244.0
2023-03-29,4490.0,4490.0,4300.0,4430.0,65776891449,14848212,1367,4243.0,4400.0
2023-04-03,4499.0,4499.0,4202.0,4387.0,67869550304,15471820,1515,4430.0,4437.0
2023-04-04,4430.0,4650.0,4324.0,4435.0,92322747869,20816766,1239,4387.0,4396.0
2023-04-05,4435.0,4745.0,4401.0,4672.0,135045051493,28903770,1011,4435.0,4745.0
2023-04-08,4989.0,4999.0,4785.0,4993.0,120263721298,24088005,595,4672.0,4999.0
2023-04-09,5290.0,5342.0,5100.0,5324.0,201705114051,37887542,2325,4993.0,5342.0
2023-04-10,5500.0,5500.0,4952.0,5162.0,152144299679,29471536,3885,5324.0,5099.0
2023-04-11,4900.0,5506.0,4900.0,5332.0,93017513328,17445887,1512,5162.0,5489.0
2023-04-15,5680.0,5700.0,5480.0,5690.0,138370500790,24301925,1406,5332.0,5700.0
2023-04-16,6080.0,6080.0,5900.0,6070.0,23769304050,3913948,137,5690.0,5900.0
2023-04-19,6490.0,6490.0,6100.0,6390.0,233179051560,36512232,2727,6070.0,6250.0
2023-04-24,6250.0,6290.0,5950.0,6100.0,152496339240,24985293,2611,6390.0,6150.0
2023-04-25,6100.0,6470.0,6040.0,6200.0,185387696830,29896433,1990,6100.0,6220.0
2023-04-26,6200.0,6490.0,5950.0,6260.0,216325651070,34536529,2093,6200.0,6280.0
2023-04-29,6260.0,6490.0,6150.0,6270.0,203655169890,32482344,2286,6260.0,6260.0
2023-04-30,6470.0,6520.0,6200.0,6380.0,134827139230,21142926,2102,6270.0,6520.0
2023-05-01,6650.0,6820.0,6600.0,6810.0,279108561430,40989588,2209,6380.0,6820.0
2023-05-02,7230.0,7230.0,6790.0,6940.0,255061637750,36731131,2713,6810.0,6970.0
2023-05-03,7100.0,7150.0,6860.0,7020.0,198493974670,28288739,2055,6940.0,7000.0
2023-05-06,7020.0,7280.0,6800.0,7060.0,155288651320,21987995,2169,7020.0,7100.0
2023-05-07,7060.0,7230.0,6570.0,6670.0,33796271890,5066596,541,7060.0,6570.0
2023-05-08,6210.0,6210.0,6210.0,6210.0,87016786650,14012365,626,6670.0,6210.0
2023-05-09,5780.0,6640.0,5780.0,6290.0,243702210640,38732773,2589,6210.0,6640.0
2023-05-10,6730.0,6730.0,6030.0,6510.0,239289841890,36745980,3332,6290.0,6700.0
2023-05-13,6500.0,6800.0,6060.0,6230.0,205905671110,33027643,2427,6510.0,6360.0
2023-05-14,6280.0,6660.0,6280.0,6630.0,110990666930,16749232,941,6230.0,6660.0
2023-05-15,6830.0,7000.0,6430.0,6780.0,77111757630,11378834,1201,6630.0,6710.0
2023-05-17,6890.0,6890.0,6440.0,6700.0,110106188920,16423310,1655,6780.0,6780.0
2023-05-20,6850.0,6900.0,6370.0,6570.0,64138390600,9764015,1530,6700.0,6470.0
2023-05-21,6360.0,6600.0,6280.0,6450.0,48956977420,7591522,1210,6570.0,6420.0
2023-05-22,6360.0,6540.0,6180.0,6290.0,72309270590,11502670,1303,6450.0,6300.0
2023-05-23,6300.0,6450.0,6220.0,6320.0,82017620130,12971397,1136,6290.0,6300.0
2023-05-24,6250.0,6450.0,6220.0,6290.0,42813496650,6811961,734,6320.0,6260.0
2023-05-27,6410.0,6540.0,6160.0,6270.0,44944933940,7172497,888,6290.0,6230.0
2023-05-28,6200.0,6260.0,5840.0,5870.0,97358048530,16594366,967,6270.0,5930.0
2023-05-29,5860.0,6160.0,5610.0,5910.0,43259203300,7322727,725,5870.0,5990.0
2023-05-30,5940.0,6320.0,5940.0,6200.0,59459283990,9593541,899,5910.0,6250.0
2023-05-31,6200.0,6440.0,6100.0,6270.0,35730993380,5702425,664,6200.0,6230.0
2023-06-03,6270.0,6430.0,6060.0,6270.0,31427117520,5008853,563,6270.0,6340.0
2023-06-06,6110.0,6460.0,6110.0,6290.0,33482854070,5326295,654,6270.0,6340.0
2023-06-07,6200.0,6370.0,6200.0,6250.0,39252235950,6278968,547,6290.0,6270.0
2023-06-10,6180.0,6280.0,5820.0,5840.0,116393011290,19938600,963,6250.0,5900.0
2023-06-11,5780.0,6240.0,5780.0,6100.0,45476349680,7450903,838,5840.0,6220.0
2023-06-12,6370.0,6370.0,5800.0,5980.0,31954877580,5339545,544,6100.0,5960.0
2023-06-13,5980.0,6270.0,5900.0,6150.0,33726487230,5487249,442,5980.0,6100.0
2023-06-14,6150.0,6580.0,6150.0,6540.0,162505434230,24829378,1161,6150.0,6580.0
2023-06-17,6800.0,6880.0,6610.0,6740.0,115202540800,17093343,1513,6540.0,6720.0
2023-06-18,6760.0,6970.0,6610.0,6790.0,99821817690,14693071,1340,6740.0,6810.0
2023-06-19,6790.0,7100.0,6510.0,6970.0,188392881510,27024702,1414,6790.0,6800.0
2023-06-20,6710.0,7130.0,6710.0,6980.0,169262749420,24261140,1310,6970.0,7000.0
2023-06-21,6920.0,7100.0,6600.0,6770.0,86396275020,12756803,1416,6980.0,6790.0
2023-06-24,6560.0,6820.0,6530.0,6650.0,42591098510,6406967,617,6770.0,6630.0
2023-06-25,6650.0,6820.0,6410.0,6530.0,53732700900,8230267,793,6650.0,6500.0
2023-06-26,6530.0,6580.0,6170.0,6290.0,73822340070,11743809,1206,6530.0,6220.0
2023-06-27,6290.0,6480.0,6030.0,6160.0,70263579090,11408810,834,6290.0,6270.0
2023-06-28,6200.0,6330.0,6030.0,6220.0,53257943500,8558345,568,6160.0,6310.0
2023-07-01,6230.0,6650.0,6230.0,6640.0,133355612580,20090271,665,6220.0,6650.0
2023-07-02,6990.0,6990.0,6670.0,6860.0,172550086490,25146645,1611,6640.0,6730.0
2023-07-03,6650.0,7280.0,6650.0,7040.0,125115216790,17769744,1375,6860.0,6960.0
2023-07-04,7000.0,7200.0,6980.0,7100.0,194738160180,27419172,1274,7040.0,7130.0
2023-07-05,7150.0,7460.0,6980.0,7220.0,186583772590,25851626,1414,7100.0,7250.0
2023-07-08,7230.0,7500.0,7050.0,7230.0,86923407390,12030835,1023,7220.0,7190.0
2023-07-09,7290.0,7290.0,6950.0,7050.0,145070790750,20564428,924,7230.0,7030.0
2023-07-10,6950.0,7140.0,6770.0,6970.0,98106853870,14066849,809,7050.0,6870.0
2023-07-11,6770.0,7100.0,6490.0,6710.0,148984611220,22198625,1356,6970.0,6610.0
2023-07-12,6690.0,6690.0,6280.0,6310.0,218259784230,34565325,938,6710.0,6500.0
2023-07-15,6310.0,6600.0,6300.0,6430.0,211122607690,32848484,719,6310.0,6440.0
2023-07-16,6580.0,6850.0,6360.0,6570.0,102508592490,15592038,1365,6430.0,6450.0
2023-07-17,6590.0,6590.0,6120.0,6140.0,198991112680,32432824,1079,6570.0,6120.0
2023-07-18,6560.0,6560.0,6210.0,6410.0,52639464000,8212683,565,6140.0,6550.0
2023-07-19,6700.0,6700.0,6280.0,6450.0,52982952600,8215470,603,6410.0,6400.0
2023-07-22,6900.0,6900.0,6710.0,6890.0,211270467060,30676851,1664,6450.0,6900.0
2023-07-23,6900.0,7140.0,6900.0,7030.0,68617823280,9767310,1035,6890.0,6940.0
2023-07-24,7000.0,7200.0,6800.0,7090.0,69678956040,9830027,844,7030.0,7170.0
2023-07-25,7180.0,7480.0,6870.0,7080.0,94262039650,13311070,956,7090.0,6970.0
2023-07-26,6840.0,7070.0,6600.0,6730.0,130353229090,19381939,1293,7080.0,6650.0
2023-07-29,6600.0,6690.0,6260.0,6380.0,74129164940,11615391,1021,6730.0,6350.0
2023-07-30,6300.0,6390.0,6040.0,6230.0,45061826320,7234699,671,6380.0,6340.0
2023-07-31,6320.0,6500.0,6260.0,6380.0,21861798470,3427180,413,6230.0,6490.0
2023-08-01,6400.0,6770.0,6400.0,6640.0,34732597300,5227871,485,6380.0,6710.0
2023-08-05,6700.0,7000.0,6660.0,6810.0,35551009430,5219744,604,6640.0,6770.0
2023-08-06,6850.0,6900.0,6550.0,6690.0,31518974290,4708127,403,6810.0,6680.0
2023-08-07,6750.0,6750.0,6350.0,6520.0,32717724300,5021620,672,6690.0,6410.0
2023-08-08,6360.0,6490.0,6310.0,6380.0,47423284900,7428890,419,6520.0,6340.0
2023-08-09,6490.0,6520.0,6210.0,6300.0,27991051980,4444624,418,6380.0,6260.0
2023-08-12,6260.0,6290.0,6010.0,6120.0,32848462250,5371109,540,6300.0,6180.0
2023-08-13,6150.0,6400.0,6130.0,6260.0,17304726820,2763279,401,6120.0,6270.0
2023-08-14,6350.0,6380.0,6110.0,6210.0,17678226020,2847921,393,6260.0,6180.0
2023-08-15,6130.0,6200.0,6010.0,6090.0,34236962350,5618644,428,6210.0,6090.0
2023-08-16,5950.0,6270.0,5950.0,6160.0,21286454790,3453517,529,6090.0,6200.0
2023-08-19,6260.0,6270.0,6090.0,6200.0,17843659260,2876874,374,6160.0,6250.0
2023-08-20,6220.0,6500.0,6190.0,6330.0,49350445450,7791497,747,6200.0,6310.0
2023-08-21,6270.0,6500.0,6230.0,6340.0,23788491500,3750735,527,6330.0,6330.0
2023-08-22,6250.0,6320.0,5910.0,6060.0,30454645290,5029484,638,6340.0,6120.0
2023-08-23,6100.0,6370.0,6100.0,6270.0,18445471370,2941202,370,6060.0,6330.0
2023-08-26,6480.0,6700.0,6320.0,6560.0,43331270520,6602837,570,6270.0,6620.0
2023-08-27,6560.0,6880.0,6560.0,6750.0,32982771920,4886081,459,6560.0,6810.0
2023-09-02,6840.0,7000.0,6560.0,6790.0,28844062180,4246696,432,6750.0,6720.0
2023-09-03,6580.0,6900.0,6520.0,6750.0,42589254390,6309256,698,6790.0,6850.0
2023-09-04,6860.0,7100.0,6660.0,6930.0,63822039380,9203454,707,6750.0,6940.0
2023-09-05,6940.0,7000.0,6710.0,6880.0,45721555720,6649129,788,6930.0,6910.0
2023-09-09,6740.0,6990.0,6740.0,6900.0,63169533210,9155734,568,6880.0,6930.0
2023-09-10,6930.0,6970.0,6760.0,6910.0,17993024130,2602793,362,6900.0,6930.0
2023-09-11,6800.0,6980.0,6800.0,6910.0,15823785960,2291553,257,6910.0,6920.0
2023-09-12,6850.0,7030.0,6830.0,6940.0,17979586730,2589085,311,6910.0,6890.0
2023-09-13,6700.0,7290.0,6700.0,7020.0,52766058310,7515146,599,6940.0,7120.0
2023-09-17,7050.0,7190.0,6960.0,7040.0,38773644200,5509494,507,7020.0,7020.0
2023-09-18,6960.0,7060.0,6890.0,6980.0,14256296740,2047029,316,7040.0,6940.0
2023-09-19,6900.0,6950.0,6610.0,6840.0,15656636490,2294865,437,6980.0,6760.0
2023-09-20,6650.0,6800.0,6600.0,6710.0,14848109660,2219157,424,6840.0,6700.0
2023-09-23,6620.0,6870.0,6600.0,6800.0,18954476180,2789004,331,6710.0,6810.0
2023-09-25,6690.0,7010.0,6680.0,6800.0,29383586890,4318681,477,6800.0,6890.0
2023-09-26,6810.0,7000.0,6810.0,6940.0,34883921160,5028719,327,6800.0,6970.0
2023-09-27,6800.0,7100.0,6800.0,7030.0,24386707670,3470652,443,6940.0,7080.0
2023-09-30,6990.0,7520.0,6810.0,7380.0,392697729300,53208381,1978,7030.0,7490.0
2023-10-01,7450.0,7880.0,7450.0,7680.0,189065673010,24616222,2021,7380.0,7580.0
2023-10-02,7520.0,7740.0,7300.0,7520.0,108840755500,14466876,1293,7680.0,7500.0
2023-10-04,7400.0,7670.0,7280.0,7400.0,80019904080,10810167,1156,7520.0,7420.0
2023-10-07,7400.0,7660.0,7230.0,7370.0,135251475110,18361532,1179,7400.0,7300.0
2023-10-08,7220.0,7250.0,6860.0,6870.0,83258804270,12113484,638,7370.0,6860.0
2023-10-09,6850.0,7000.0,6390.0,6570.0,126576457420,19271563,1470,6870.0,6700.0
2023-10-10,6500.0,6950.0,6500.0,6840.0,21190657910,3098083,329,6570.0,6950.0
2023-10-11,6700.0,7150.0,6700.0,6970.0,23609407730,3386591,321,6840.0,6960.0
2023-10-14,6780.0,7030.0,6750.0,6870.0,22072330710,3212294,394,6970.0,6820.0
2023-10-17,7280.0,7310.0,6910.0,7030.0,38074834830,5414207,512,6870.0,7050.0
2023-10-18,6890.0,7000.0,6570.0,6840.0,34170188770,4997006,659,7030.0,6820.0
2023-10-21,6660.0,6960.0,6660.0,6810.0,16869556670,2477136,321,6840.0,6770.0
2023-10-22,6810.0,6920.0,6730.0,6800.0,37556737720,5523149,512,6810.0,6810.0
2023-10-23,6710.0,6830.0,6330.0,6430.0,114753703230,17834676,1606,6800.0,6600.0
2023-10-24,6530.0,6720.0,6100.0,6230.0,43611154160,7004087,851,6430.0,6220.0
2023-10-25,6250.0,6500.0,6100.0,6340.0,18255469200,2879274,460,6230.0,6460.0
2023-10-28,6380.0,6380.0,5900.0,6040.0,52794875190,8737728,505,6340.0,6010.0
2023-10-29,6030.0,6460.0,6030.0,6370.0,22010187830,3454641,402,6040.0,6460.0
2023-10-30,6360.0,6700.0,6330.0,6540.0,22945114070,3510741,478,6370.0,6430.0
2023-10-31,6550.0,6750.0,6450.0,6590.0,15565554760,2359642,407,6540.0,6520.0
2023-11-01,6360.0,6570.0,6130.0,6280.0,72584973390,11553452,880,6590.0,6360.0
2023-11-04,6400.0,6650.0,6350.0,6450.0,18671927940,2892988,296,6280.0,6580.0
2023-11-05,6500.0,6670.0,6400.0,6510.0,28796068690,4422215,405,6450.0,6590.0
2023-11-06,6500.0,6650.0,6490.0,6580.0,14660383190,2223809,275,6510.0,6550.0
2023-11-07,6550.0,6820.0,6500.0,6690.0,54345539070,8128774,653,6580.0,6790.0
2023-11-08,6700.0,6840.0,6540.0,6670.0,30918522820,4633069,505,6690.0,6710.0
2023-11-11,6720.0,6850.0,6550.0,6740.0,13708089340,2027338,369,6670.0,6750.0
2023-11-12,6650.0,6850.0,6610.0,6770.0,14412251380,2128121,266,6740.0,6800.0
2023-11-13,6750.0,6950.0,6690.0,6790.0,24222817760,3566933,340,6770.0,6750.0
2023-11-14,6700.0,6830.0,6550.0,6700.0,35135714590,5244791,336,6790.0,6700.0
2023-11-15,6600.0,6970.0,6600.0,6780.0,22942979970,3384749,1113,6700.0,6760.0
2023-11-18,7000.0,7250.0,7000.0,7210.0,449502061520,62335612,2944,6780.0,7250.0
2023-11-19,7210.0,7320.0,6990.0,7140.0,89510923200,12531985,1440,7210.0,7040.0
2023-11-20,7040.0,7070.0,6810.0,6880.0,74257691910,10795214,833,7140.0,6850.0
2023-11-21,6940.0,7000.0,6700.0,6800.0,44025507710,6472422,577,6880.0,6710.0
2023-11-22,6700.0,7130.0,6700.0,6980.0,48448945370,6945871,589,6800.0,7000.0
2023-11-25,6900.0,7180.0,6850.0,6980.0,58864223580,8427856,600,6980.0,6980.0
2023-11-26,6900.0,7090.0,6870.0,6970.0,44216074150,6343328,447,6980.0,7030.0
2023-11-27,7100.0,7230.0,6960.0,7050.0,45306849300,6422130,415,6970.0,7020.0
2023-11-28,7030.0,7250.0,7000.0,7150.0,39729259200,5555373,556,7050.0,7150.0
2023-11-29,7150.0,7250.0,7110.0,7170.0,62987925230,8786972,460,7150.0,7190.0
2023-12-02,7120.0,7300.0,7110.0,7210.0,76762212600,10653883,714,7170.0,7300.0
2023-12-03,7210.0,7350.0,7170.0,7270.0,77622598140,10684175,1173,7210.0,7300.0
2023-12-04,7250.0,7440.0,7180.0,7260.0,77505533860,10669361,1237,7270.0,7270.0
2023-12-05,7180.0,7400.0,7180.0,7300.0,70657908780,9683027,1426,7260.0,7300.0
2023-12-06,7210.0,7340.0,7190.0,7270.0,41592312750,5722102,723,7300.0,7300.0
2023-12-09,7210.0,7490.0,7210.0,7370.0,82427461680,11179104,1143,7270.0,7360.0
2023-12-10,7310.0,7560.0,7230.0,7480.0,46727722890,6251134,628,7370.0,7540.0
2023-12-11,7410.0,7760.0,7150.0,7610.0,57147093850,7509005,802,7480.0,7610.0
2023-12-12,7420.0,7770.0,7420.0,7600.0,50579579080,6654262,582,7610.0,7680.0
2023-12-13,7580.0,8000.0,7520.0,7850.0,88183497970,11236889,1058,7600.0,7810.0
2023-12-16,7850.0,8100.0,7730.0,7960.0,107071998550,13456909,1636,7850.0,7950.0
2023-12-18,7800.0,8110.0,7770.0,7880.0,90825349720,11523769,1365,7960.0,7860.0
2023-12-19,7700.0,7840.0,7630.0,7720.0,50234259420,6509541,571,7880.0,7780.0
2023-12-20,7600.0,7850.0,7590.0,7750.0,23391013520,3018522,354,7720.0,7760.0
2023-12-23,7600.0,7900.0,7600.0,7750.0,20259607760,2613474,307,7750.0,7710.0
2023-12-24,7750.0,8150.0,7670.0,7870.0,130811108510,16630631,1434,7750.0,7800.0
2023-12-25,7810.0,7990.0,7680.0,7780.0,41618617770,5350019,556,7870.0,7750.0
2023-12-26,7590.0,7760.0,7410.0,7540.0,80606589500,10690053,879,7780.0,7460.0
2023-12-27,7530.0,7610.0,7460.0,7550.0,35172976400,4660568,420,7540.0,7560.0
2023-12-30,7560.0,7920.0,7410.0,7790.0,134935849250,17330666,1212,7550.0,7790.0
2023-12-31,7790.0,7810.0,7680.0,7740.0,27509160790,3555550,377,7790.0,7710.0
2024-01-01,7690.0,7800.0,7630.0,7720.0,44054585490,5708528,320,7740.0,7740.0
2024-01-02,7650.0,7780.0,7490.0,7560.0,58139183940,7690665,447,7720.0,7590.0
2024-01-03,7580.0,7650.0,7470.0,7570.0,27418283540,3619878,398,7560.0,7560.0
2024-01-06,7440.0,7780.0,7360.0,7620.0,47547908740,6239837,445,7570.0,7590.0
2024-01-07,7620.0,7780.0,7560.0,7630.0,29954118830,3923429,738,7620.0,7640.0
2024-01-08,7630.0,7710.0,7570.0,7620.0,21394702510,2807074,233,7630.0,7640.0
2024-01-09,7540.0,7700.0,7540.0,7620.0,13572795810,1780281,234,7620.0,7640.0
2024-01-10,7690.0,7780.0,7630.0,7710.0,24649435860,3197586,521,7620.0,7710.0
2024-01-13,7540.0,7800.0,7530.0,7720.0,41388467910,5359710,559,7710.0,7780.0
2024-01-14,7790.0,7850.0,7700.0,7780.0,53318847970,6850191,583,7720.0,7740.0
2024-01-15,7800.0,7810.0,7640.0,7690.0,33241460210,4321333,376,7780.0,7650.0
2024-01-16,7520.0,7680.0,7520.0,7600.0,37839027560,4981123,413,7690.0,7600.0
2024-01-17,7520.0,7690.0,7520.0,7560.0,28927988670,3825427,397,7600.0,7590.0
2024-01-20,7600.0,7850.0,7330.0,7530.0,68677423970,9124977,893,7560.0,7380.0
2024-01-21,7660.0,7660.0,7320.0,7410.0,61842031930,8342125,938,7530.0,7560.0
2024-01-22,7550.0,7660.0,7310.0,7400.0,59316631770,8011841,865,7410.0,7340.0
2024-01-23,7300.0,7370.0,7220.0,7270.0,25554678400,3515555,731,7400.0,7290.0
2024-01-24,7450.0,7670.0,7280.0,7380.0,31892019260,4320030,702,7270.0,7390.0
2024-01-27,7380.0,7480.0,7360.0,7420.0,20233012130,2726740,222,7380.0,7450.0
2024-01-28,7470.0,7480.0,7350.0,7430.0,93903743010,12641839,890,7420.0,7420.0
2024-01-29,7420.0,7450.0,7260.0,7400.0,29973286360,4049646,407,7430.0,7400.0
2024-01-30,7250.0,7480.0,7250.0,7360.0,36741288720,4993912,435,7400.0,7330.0
2024-01-31,7290.0,7350.0,7160.0,7300.0,11895751990,1636673,226,7360.0,7290.0
2024-02-03,7170.0,7370.0,7170.0,7280.0,35344116920,4857834,417,7300.0,7240.0
2024-02-04,7240.0,7350.0,7180.0,7210.0,45100689150,6252531,660,7280.0,7200.0
2024-02-05,7180.0,7290.0,7050.0,7130.0,25743728140,3611176,384,7210.0,7120.0
2024-02-06,7150.0,7290.0,7060.0,7110.0,28946605030,4072138,513,7130.0,7090.0
2024-02-07,7030.0,7250.0,7030.0,7120.0,25891525730,3637855,505,7110.0,7200.0
2024-02-10,7260.0,7260.0,7080.0,7160.0,12618558590,1758611,203,7120.0,7220.0
2024-02-12,7110.0,7240.0,7110.0,7170.0,27010647360,3765983,254,7160.0,7140.0
2024-02-13,7670.0,7670.0,7430.0,7650.0,214867238410,28102613,1290,7170.0,7610.0
2024-02-14,7690.0,7770.0,7550.0,7650.0,58351156980,7627915,681,7650.0,7700.0
2024-02-17,7720.0,7740.0,7480.0,7550.0,28098956630,3724116,498,7650.0,7490.0
2024-02-18,7680.0,7750.0,7460.0,7630.0,39221421020,5142924,450,7550.0,7700.0
2024-02-19,7630.0,7810.0,7510.0,7650.0,56718967100,7414003,395,7630.0,7610.0
2024-02-20,7640.0,7720.0,7510.0,7650.0,83674582980,10938009,487,7650.0,7650.0
2024-03-02,6950.0,7320.0,6890.0,7040.0,37553717260,5335949,414,6850.0,7160.0
2024-03-03,7250.0,7490.0,7170.0,7300.0,32918986710,4508612,851,7040.0,7330.0
2024-03-04,7280.0,7440.0,7170.0,7260.0,39415025310,5432653,558,7300.0,7230.0
2024-03-05,7190.0,7450.0,7190.0,7300.0,30955384750,4238681,397,7260.0,7220.0
2024-03-06,7300.0,7420.0,7180.0,7320.0,92786598220,12677953,636,7300.0,7340.0
2024-03-16,5237.0,5237.0,4930.0,5027.0,26347545019,5241304,490,4895.0,4950.0
2024-03-17,5000.0,5110.0,4920.0,5029.0,15901433354,3161579,320,5027.0,5029.0
2024-03-18,5030.0,5381.0,4960.0,5132.0,29374636282,5723966,371,5029.0,5381.0
2024-03-24,5420.0,5490.0,5330.0,5480.0,40234366350,7345526,533,5132.0,5490.0
2024-03-25,5850.0,5850.0,5480.0,5630.0,67481418230,11992584,665,5480.0,5670.0
2024-03-26,5640.0,5880.0,5630.0,5770.0,37848212410,6559928,479,5630.0,5780.0
2024-03-27,5930.0,6020.0,5720.0,5950.0,61384067550,10323030,696,5770.0,5990.0
2024-03-30,6050.0,6100.0,5710.0,5830.0,68611070390,11768593,930,5950.0,5900.0
2024-04-02,5470.0,5900.0,5470.0,5740.0,22407899150,3904787,490,5830.0,5880.0
2024-04-03,5680.0,5950.0,5670.0,5790.0,26004749050,4491615,459,5740.0,5900.0
2024-04-06,5760.0,5960.0,5680.0,5740.0,38494250030,6709737,510,5790.0,5700.0
2024-04-07,5790.0,5790.0,5580.0,5630.0,68004886200,12079478,1464,5740.0,5590.0
2024-04-08,5630.0,5760.0,5540.0,5580.0,65832836550,11799651,700,5630.0,5580.0
2024-04-09,5690.0,5690.0,5430.0,5480.0,50825048280,9279663,1375,5580.0,5470.0
2024-04-13,5490.0,5490.0,5190.0,5260.0,43854051170,8336734,741,5480.0,5230.0
2024-04-14,5210.0,5210.0,5210.0,5260.0,796353710,152851,23,5260.0,5210.0
2024-04-15,5210.0,5310.0,5210.0,5270.0,68713684690,13048590,666,5260.0,5300.0
2024-04-16,5220.0,5220.0,5220.0,5240.0,11734142400,2247920,143,5270.0,5220.0
2024-04-17,5200.0,5290.0,5200.0,5290.0,76175424220,14407900,441,5240.0,5290.0
2024-04-20,5100.0,5440.0,5100.0,5330.0,158236465120,29683938,2932,5290.0,5330.0
2024-04-21,5420.0,5420.0,5290.0,5330.0,69697466930,13066912,1545,5330.0,5350.0
2024-04-22,5400.0,5420.0,5230.0,5360.0,61621468810,11502325,1165,5330.0,5300.0
2024-04-23,5260.0,5390.0,5260.0,5340.0,55389103120,10376647,1245,5360.0,5350.0
2024-04-24,5390.0,5560.0,5300.0,5430.0,60713230030,11174673,743,5340.0,5530.0
2024-04-28,5470.0,5490.0,5250.0,5340.0,21326285710,3995681,478,5430.0,5380.0
2024-04-29,5280.0,5440.0,5280.0,5340.0,35882384040,6724601,430,5340.0,5420.0
2024-04-30,5370.0,5490.0,5200.0,5350.0,14167057620,2643662,313,5340.0,5390.0
2024-05-01,5240.0,5440.0,5240.0,5360.0,20989151930,3914680,418,5350.0,5260.0
2024-05-05,5250.0,5430.0,5250.0,5350.0,19409077480,3630929,363,5360.0,5310.0
2024-05-06,5280.0,5400.0,5250.0,5320.0,11729921020,2216455,248,5350.0,5340.0
2024-05-07,5350.0,5350.0,5260.0,5310.0,18722946780,3530309,246,5320.0,5350.0
2024-05-08,5350.0,5350.0,5170.0,5200.0,23569251180,4530439,318,5310.0,5200.0
2024-05-11,5170.0,5230.0,4990.0,5090.0,28295329720,5555275,367,5200.0,5140.0
2024-05-12,5160.0,5160.0,5010.0,5050.0,23108677070,4573642,267,5090.0,5050.0
2024-05-13,5050.0,5050.0,4800.0,4870.0,29802627590,6117996,347,5050.0,4930.0
2024-05-14,4840.0,4940.0,4810.0,4860.0,22419033950,4610583,449,4870.0,4860.0
2024-05-15,4870.0,4950.0,4800.0,4890.0,24048531060,4914140,300,4860.0,4950.0
2024-05-18,4950.0,5098.0,4892.0,4964.0,20467991044,4123376,254,4890.0,4966.0
2024-05-19,4980.0,4980.0,4660.0,4734.0,17230536457,3652690,310,4964.0,4738.0
2024-05-21,4650.0,4828.0,4650.0,4806.0,25276715457,5258973,278,4734.0,4820.0
2024-05-25,4822.0,4896.0,4710.0,4720.0,28957848151,6134997,542,4806.0,4741.0
2024-05-26,4636.0,4729.0,4626.0,4628.0,32565952111,7037048,541,4720.0,4626.0
2024-05-27,4541.0,4720.0,4541.0,4688.0,38190313859,8147019,409,4628.0,4720.0
2024-05-28,4731.0,4781.0,4731.0,4758.0,14214581569,2973349,114,4688.0,4781.0
2024-05-29,4853.0,4853.0,4782.0,4835.0,15543934671,3203290,147,4758.0,4853.0
2024-06-01,4931.0,4931.0,4860.0,4931.0,22962669475,4656908,179,4835.0,4931.0
2024-06-02,4980.0,5029.0,4905.0,4985.0,17574715887,3521473,291,4931.0,4945.0
2024-06-05,5078.0,5084.0,4990.0,5065.0,23767295185,4692554,238,4985.0,5084.0
2024-06-08,5140.0,5140.0,4970.0,4990.0,22321850380,4474958,269,5065.0,4990.0
2024-06-09,4990.0,5080.0,4940.0,4970.0,16852416220,3392861,248,4990.0,4960.0
2024-06-10,4990.0,5060.0,4980.0,5060.0,28140908900,5565739,168,4970.0,5060.0
2024-06-11,5070.0,5160.0,5050.0,5150.0,23217673660,4507695,214,5060.0,5160.0
2024-06-12,5240.0,5240.0,5090.0,5160.0,13800811420,2672414,198,5150.0,5170.0
2024-06-15,5080.0,5080.0,5060.0,5060.0,22667259330,4478150,168,5160.0,5070.0
2024-06-16,5050.0,5140.0,5030.0,5050.0,26013443960,5152961,173,5060.0,5030.0
2024-06-18,5120.0,5130.0,5060.0,5070.0,7266687850,1423808,128,5050.0,5070.0
2024-06-19,5110.0,5170.0,5080.0,5120.0,9812297550,1898275,126,5070.0,5170.0
2024-06-22,5210.0,5220.0,5050.0,5160.0,11100187720,2138440,172,5120.0,5220.0
2024-06-23,5180.0,5260.0,5140.0,5210.0,10820370830,2058402,160,5160.0,5260.0
2024-06-24,5270.0,5310.0,5270.0,5270.0,12839264960,2418016,90,5210.0,5310.0
2024-06-26,5370.0,5370.0,5370.0,5330.0,11735055630,2185299,139,5270.0,5370.0
2024-06-29,5370.0,5640.0,5370.0,5630.0,77305192650,13729911,467,5330.0,5640.0
2024-06-30,5650.0,5650.0,5310.0,5440.0,41230622450,7576274,546,5630.0,5400.0
2024-07-01,5640.0,5760.0,5380.0,5640.0,45173254890,8014324,532,5440.0,5710.0
2024-07-02,5800.0,5890.0,5650.0,5770.0,25592597210,4438437,351,5640.0,5880.0
2024-07-03,5860.0,5950.0,5710.0,5840.0,31552083580,5404289,325,5770.0,5950.0
2024-07-06,6190.0,6190.0,6110.0,6180.0,32605952820,5273134,195,5840.0,6190.0
2024-07-07,6200.0,6550.0,6010.0,6240.0,78337671530,12557850,617,6180.0,6160.0
2024-07-08,6150.0,6220.0,5920.0,6010.0,66228627640,11021405,961,6240.0,5980.0
2024-07-09,6010.0,6070.0,5980.0,5990.0,36124407000,6028115,303,6010.0,5980.0
2024-07-10,5990.0,6010.0,5940.0,5990.0,14780189300,2466490,254,5990.0,5990.0
2024-07-13,5990.0,6000.0,5800.0,5920.0,12573161770,2145902,375,5990.0,5880.0
2024-07-14,5810.0,5930.0,5800.0,5900.0,9813270100,1668681,277,5920.0,5910.0
2024-07-17,5810.0,6000.0,5810.0,5920.0,16415227830,2768834,180,5900.0,5960.0
2024-07-20,5850.0,5950.0,5820.0,5900.0,10243913620,1744346,210,5920.0,5830.0
2024-07-21,5900.0,5900.0,5590.0,5760.0,29726942450,5157406,662,5900.0,5850.0
2024-07-22,5840.0,5840.0,5710.0,5760.0,3687580410,642067,108,5760.0,5740.0
2024-07-23,5800.0,5860.0,5620.0,5720.0,9636964670,1697413,196,5760.0,5660.0
2024-07-24,5580.0,5790.0,5580.0,5670.0,16432971350,2909541,628,5720.0,5650.0
2024-07-27,5580.0,5650.0,5480.0,5580.0,18464352930,3318741,457,5670.0,5650.0
2024-07-29,5590.0,5590.0,5380.0,5510.0,9690868370,1782673,204,5580.0,5440.0
2024-07-30,5310.0,5540.0,5310.0,5480.0,16884870120,3082684,465,5510.0,5470.0
2024-07-31,5180.0,5500.0,5180.0,5330.0,21958988260,4123034,986,5480.0,5350.0
2024-08-03,5030.0,5490.0,5020.0,5040.0,89606654420,17762428,1389,5330.0,5020.0
2024-08-04,4990.0,5090.0,4990.0,5050.0,9906184120,1955521,259,5040.0,5060.0
2024-08-05,5070.0,5100.0,5000.0,5040.0,12231688050,2430833,336,5050.0,5000.0
2024-08-06,5080.0,5080.0,4990.0,5020.0,19468933990,3875642,485,5040.0,5030.0
2024-08-10,5010.0,5040.0,5010.0,5020.0,8884471750,1769737,242,5020.0,5010.0
2024-08-11,5040.0,5070.0,5010.0,5050.0,17044733120,3371119,204,5020.0,5020.0
2024-08-12,5020.0,5080.0,5000.0,5010.0,30786359330,6145287,419,5050.0,5000.0
2024-08-13,5030.0,5030.0,4960.0,5000.0,2637656270,531670,58,5010.0,4960.0
2024-08-14,5050.0,5050.0,5040.0,5030.0,12913910260,2557281,395,5000.0,5050.0
2024-08-17,4970.0,5130.0,4970.0,5050.0,7121173000,1397904,88,5030.0,5130.0
2024-08-18,5150.0,5150.0,5150.0,5060.0,1413690450,274503,24,5050.0,5150.0
2024-08-19,5160.0,5160.0,5160.0,5160.0,23301920160,4515876,291,5060.0,5160.0
2024-08-20,5260.0,5260.0,5250.0,5260.0,22751747480,4325448,705,5160.0,5260.0
2024-08-21,5360.0,5360.0,5210.0,5270.0,12240499860,2318797,420,5260.0,5290.0
2024-08-24,5300.0,5370.0,5300.0,5370.0,48046099870,8949023,318,5270.0,5370.0
2024-08-26,5440.0,5470.0,5370.0,5450.0,25203699790,4626860,347,5370.0,5380.0
2024-08-27,5350.0,5530.0,5350.0,5460.0,17796553370,3259546,1065,5450.0,5450.0
2024-08-28,5540.0,5540.0,5380.0,5430.0,14419965670,2659104,207,5460.0,5430.0
2024-08-31,5530.0,5530.0,5530.0,5530.0,28250104540,5108518,96,5430.0,5530.0
2024-09-01,5640.0,5640.0,5550.0,5630.0,40274797230,7155728,396,5530.0,5630.0
2024-09-03,5690.0,5700.0,5600.0,5640.0,18672556960,3306337,758,5630.0,5620.0
2024-09-07,5750.0,5760.0,5570.0,5640.0,16252551720,2880758,551,5640.0,5690.0
2024-09-08,5700.0,5700.0,5520.0,5590.0,14120381560,2537017,918,5640.0,5570.0
2024-09-09,5650.0,5650.0,5470.0,5570.0,14395412440,2591266,511,5590.0,5500.0
2024-09-10,5600.0,5600.0,5470.0,5550.0,12784936340,2306973,191,5570.0,5510.0
2024-09-11,5660.0,5660.0,5440.0,5500.0,17090682110,3113643,276,5550.0,5440.0
2024-09-14,5500.0,5500.0,5340.0,5360.0,22265260700,4150858,421,5500.0,5410.0
2024-09-15,5360.0,5440.0,5290.0,5370.0,15679259790,2920134,196,5360.0,5290.0
2024-09-16,5480.0,5490.0,5290.0,5380.0,6611982840,1225028,133,5370.0,5370.0
2024-09-17,5470.0,5540.0,5350.0,5420.0,13272915220,2436044,226,5380.0,5420.0
2024-09-18,5440.0,5520.0,5410.0,5440.0,10764502660,1968740,155,5420.0,5480.0
2024-09-22,5500.0,5500.0,5400.0,5440.0,16114245810,2962899,331,5440.0,5450.0
2024-09-23,5450.0,5600.0,5440.0,5590.0,42878325750,7672433,204,5440.0,5600.0
2024-09-24,5600.0,5730.0,5600.0,5650.0,13733761240,2417386,175,5590.0,5650.0
2024-09-25,5790.0,5790.0,5510.0,5640.0,21779796400,3862931,298,5650.0,5680.0
2024-09-28,5590.0,5590.0,5590.0,5610.0,13421310500,2400950,55,5640.0,5590.0
2024-09-29,5560.0,5640.0,5560.0,5580.0,22208235710,3982283,253,5610.0,5640.0
2024-09-30,5550.0,5630.0,5550.0,5630.0,22479730450,3993660,177,5580.0,5630.0
2024-10-01,5590.0,5600.0,5580.0,5600.0,15070053810,2700549,110,5630.0,5580.0
2024-10-02,5550.0,5650.0,5550.0,5550.0,33116020190,5965146,235,5600.0,5550.0
2024-10-05,5500.0,5500.0,5500.0,5540.0,3567019500,648549,25,5550.0,5500.0
2024-10-06,5490.0,5490.0,5490.0,5540.0,111243870,20263,9,5540.0,5490.0
2024-10-07,5490.0,5570.0,5490.0,5490.0,91080151830,16587536,412,5540.0,5520.0
2024-10-08,5440.0,5540.0,5440.0,5510.0,68871009420,12510213,416,5490.0,5510.0
2024-10-09,5470.0,5560.0,5460.0,5480.0,31972562730,5832726,387,5510.0,5510.0
2024-10-12,5610.0,5640.0,5560.0,5640.0,130539411620,23148382,475,5480.0,5640.0
2024-10-13,5630.0,5690.0,5480.0,5540.0,28153469160,5077757,859,5640.0,5500.0
2024-10-14,5420.0,5580.0,5380.0,5390.0,35322494330,6548047,709,5540.0,5380.0
2024-10-15,5300.0,5310.0,5230.0,5240.0,24753413950,4725368,195,5390.0,5230.0
2024-10-16,5230.0,5340.0,5100.0,5200.0,11247483520,2179974,971,5240.0,5160.0
2024-10-19,5190.0,5190.0,5050.0,5110.0,16491430420,3240847,589,5200.0,5050.0
2024-10-20,4960.0,4970.0,4960.0,5000.0,14717790560,2967286,72,5110.0,4960.0
2024-10-21,4890.0,5120.0,4850.0,4900.0,20243272370,4131274,396,5000.0,4950.0
2024-10-22,4800.0,5000.0,4760.0,4830.0,15129188620,3139484,327,4900.0,4770.0
2024-10-23,4690.0,4790.0,4690.0,4690.0,21563285210,4595629,248,4830.0,4690.0
2024-10-26,4830.0,4830.0,4830.0,4745.0,7438823070,1540129,51,4690.0,4830.0
2024-10-27,4887.0,4887.0,4887.0,4800.0,7410632139,1516397,28,4745.0,4887.0
2024-10-28,4944.0,4944.0,4944.0,4856.0,7457623536,1508419,33,4800.0,4944.0
2024-10-29,5001.0,5001.0,4920.0,4999.0,88072667460,17617853,245,4856.0,5001.0
2024-10-30,5050.0,5148.0,4999.0,5129.0,68864757415,13426944,440,4999.0,5148.0
2024-11-02,5280.0,5280.0,5180.0,5260.0,53266379890,10135965,321,5129.0,5220.0
2024-11-03,5240.0,5240.0,5110.0,5200.0,9605675320,1872341,336,5260.0,5110.0
2024-11-04,5050.0,5190.0,5050.0,5090.0,27094143830,5326917,1004,5200.0,5130.0
2024-11-05,5150.0,5240.0,5130.0,5160.0,12354050100,2371613,158,5090.0,5240.0
2024-11-06,5010.0,5240.0,5010.0,5050.0,51117202980,10115498,289,5160.0,5150.0
2024-11-09,5100.0,5200.0,5100.0,5200.0,76948070430,14798044,203,5050.0,5200.0
2024-11-10,5350.0,5350.0,5350.0,5350.0,34409124200,6431612,94,5200.0,5350.0
2024-11-11,5510.0,5510.0,5380.0,5490.0,73675098990,13415092,384,5350.0,5440.0
2024-11-12,5500.0,5530.0,5330.0,5420.0,26471015490,4879712,374,5490.0,5380.0
2024-11-13,5310.0,5580.0,5310.0,5540.0,20379523510,3672274,246,5420.0,5580.0
2024-11-16,5610.0,5700.0,5580.0,5700.0,79251785410,13908132,256,5540.0,5700.0
2024-11-17,5850.0,5870.0,5630.0,5750.0,31742153250,5515807,331,5700.0,5650.0
2024-11-18,5750.0,5920.0,5750.0,5900.0,66003639480,11185905,252,5750.0,5920.0
2024-11-19,6070.0,6070.0,5780.0,5960.0,42173533420,7074729,344,5900.0,5800.0
2024-11-20,5790.0,5930.0,5790.0,5800.0,40817351520,7036659,322,5960.0,5800.0
2024-11-23,5880.0,5910.0,5670.0,5810.0,19560249650,3366938,278,5800.0,5800.0
2024-11-24,5800.0,5980.0,5740.0,5970.0,156849135080,26270926,598,5810.0,5980.0
2024-11-25,6100.0,6140.0,5980.0,6120.0,299995338460,49017339,1177,5970.0,6120.0
2024-11-26,6300.0,6300.0,5990.0,6160.0,107382699550,17438594,596,6120.0,6030.0
2024-11-27,6000.0,6220.0,5980.0,5990.0,121274617480,20254713,679,6160.0,6090.0
2024-11-30,6070.0,6070.0,5820.0,5880.0,57460306270,9763893,437,5990.0,5820.0
2024-12-01,5840.0,5880.0,5770.0,5840.0,16337301920,2806752,339,5880.0,5790.0
2024-12-02,5980.0,6010.0,5880.0,6010.0,45743518010,7613010,216,5840.0,6010.0
2024-12-03,6190.0,6190.0,6000.0,6080.0,63940643910,10523685,562,6010.0,6000.0
2024-12-04,5980.0,6120.0,5980.0,6090.0,99621320120,16367707,589,6080.0,6100.0
2024-12-07,6140.0,6140.0,5910.0,5920.0,60835350510,10267804,426,6090.0,5910.0
2024-12-08,5850.0,5920.0,5750.0,5780.0,60193511920,10405156,865,5920.0,5850.0
2024-12-09,5790.0,5950.0,5790.0,5940.0,50234775850,8462315,354,5780.0,5950.0
2024-12-10,6050.0,6050.0,5830.0,5900.0,36778051780,6229038,609,5940.0,5890.0
2024-12-11,5930.0,6060.0,5890.0,5960.0,56860252020,9538850,456,5900.0,5960.0
2024-12-14,6130.0,6130.0,6130.0,6130.0,27724947900,4522830,157,5960.0,6130.0
2024-12-15,6310.0,6310.0,6180.0,6310.0,205212484350,32533733,595,6130.0,6310.0
2024-12-16,6400.0,6400.0,6130.0,6200.0,50445391560,8138529,500,6310.0,6130.0
2024-12-17,6310.0,6380.0,6080.0,6320.0,199620710520,31564714,1348,6200.0,6180.0
2024-12-18,6350.0,6500.0,6160.0,6450.0,112896852280,17515123,662,6320.0,6500.0
2024-12-21,6620.0,6640.0,6530.0,6630.0,25145632570,3791243,179,6450.0,6640.0
2024-12-22,6620.0,6630.0,6440.0,6460.0,154483214480,23905759,1811,6630.0,6490.0
2024-12-23,6270.0,6530.0,6270.0,6330.0,52108430620,8234894,933,6460.0,6370.0
2024-12-24,6380.0,6510.0,6380.0,6490.0,74942480290,11539479,446,6330.0,6510.0
2024-12-25,6680.0,6680.0,6350.0,6630.0,118874152520,17923053,1141,6490.0,6680.0
2024-12-28,6820.0,6820.0,6730.0,6810.0,101689296920,14927398,896,6630.0,6780.0
2024-12-29,6870.0,6880.0,6610.0,6630.0,83736952530,12630436,1119,6810.0,6610.0
2024-12-30,6680.0,6710.0,6450.0,6570.0,32592293720,4962234,1132,6630.0,6530.0
2024-12-31,6500.0,6760.0,6450.0,6680.0,35660080420,5338869,397,6570.0,6680.0
2025-01-01,6680.0,6880.0,6680.0,6840.0,37208999890,5443306,458,6680.0,6850.0
2025-01-04,7010.0,7040.0,6830.0,6990.0,110112750080,15746631,746,6840.0,7040.0
2025-01-05,7180.0,7180.0,6950.0,7080.0,49344297830,6968556,474,6990.0,7130.0
2025-01-06,7190.0,7290.0,7000.0,7220.0,56973142230,7888019,564,7080.0,7290.0
2025-01-07,7270.0,7430.0,7270.0,7430.0,37923740390,5104337,220,7220.0,7430.0
2025-01-08,7650.0,7650.0,7650.0,7650.0,128056509450,16739413,413,7430.0,7650.0
2025-01-11,7870.0,7870.0,7510.0,7840.0,227324943010,29013052,1355,7650.0,7590.0
2025-01-12,7800.0,7800.0,7610.0,7630.0,99233743380,13012831,1198,7840.0,7610.0
2025-01-13,7410.0,7850.0,7410.0,7710.0,83618500500,10851299,776,7630.0,7720.0
2025-01-15,7930.0,7930.0,7480.0,7580.0,37301149940,4919327,487,7710.0,7500.0
2025-01-18,7370.0,7580.0,7360.0,7380.0,38168246960,5168937,719,7580.0,7360.0
2025-01-19,7160.0,7400.0,7160.0,7310.0,39031064180,5336787,1061,7380.0,7260.0
2025-01-20,7260.0,7320.0,7100.0,7110.0,65098045440,9150397,1497,7310.0,7100.0
2025-01-21,7000.0,7300.0,7000.0,7100.0,25957540520,3653714,499,7110.0,7250.0
2025-01-22,7120.0,7310.0,7120.0,7300.0,66618781010,9124508,319,7100.0,7310.0
2025-01-25,7510.0,7510.0,7510.0,7510.0,106248378370,14147587,478,7300.0,7510.0
2025-01-26,7730.0,7730.0,7730.0,7730.0,170330209880,22034956,373,7510.0,7730.0
2025-01-27,7960.0,7960.0,7760.0,7930.0,475505938560,59983475,1933,7730.0,7860.0
2025-01-29,7970.0,7980.0,7820.0,7870.0,63092232430,8013530,1390,7930.0,7830.0
2025-02-01,7840.0,7920.0,7640.0,7680.0,83192514110,10832154,1606,7870.0,7820.0
2025-02-02,7690.0,7910.0,7630.0,7760.0,47488889310,6119987,1107,7680.0,7750.0
2025-02-03,7910.0,7950.0,7770.0,7840.0,64139024500,8179646,640,7760.0,7950.0
2025-02-04,7990.0,8070.0,7960.0,8060.0,186228353180,23092867,1216,7840.0,8070.0
2025-02-17,5750.0,5750.0,5580.0,5590.0,67606348280,12102728,405,5770.0,5600.0
2025-02-18,5460.0,5750.0,5450.0,5660.0,54798880730,9677097,1013,5590.0,5750.0
2025-02-19,5820.0,5820.0,5600.0,5780.0,66500684660,11502813,880,5660.0,5820.0
2025-03-01,5210.0,5210.0,5210.0,5210.0,51131752760,9814156,169,5060.0,5210.0
2025-03-02,5360.0,5360.0,5340.0,5360.0,224969008510,41974723,1278,5210.0,5360.0
2025-03-03,5400.0,5520.0,5210.0,5500.0,314337288410,57180484,2626,5360.0,5520.0
2025-03-04,5660.0,5660.0,5440.0,5560.0,116973396130,21020273,1657,5500.0,5500.0
2025-03-05,5550.0,5570.0,5400.0,5430.0,94631925850,17416348,1900,5560.0,5460.0
2025-03-08,5340.0,5430.0,5270.0,5290.0,64949278120,12288610,994,5430.0,5270.0
2025-03-09,5220.0,5230.0,5140.0,5210.0,16447044240,3192302,348,5290.0,5140.0
2025-03-10,5060.0,5350.0,5060.0,5110.0,89365356060,17490230,1082,5210.0,5110.0
2025-03-11,5120.0,5200.0,4960.0,5000.0,38840627420,7771031,1655,5110.0,4960.0
2025-03-12,5030.0,5150.0,4880.0,5100.0,29644786410,5818284,576,5000.0,5140.0
2025-03-15,5250.0,5250.0,5200.0,5250.0,58650914970,11172398,493,5100.0,5250.0
2025-03-16,5370.0,5370.0,5210.0,5270.0,28477437790,5404348,1001,5250.0,5240.0
2025-03-17,5300.0,5320.0,5160.0,5230.0,23962778480,4588111,1027,5270.0,5160.0
2025-03-18,5080.0,5230.0,5080.0,5090.0,59882948710,11754580,887,5230.0,5180.0
2025-03-25,5240.0,5240.0,5210.0,5180.0,17645676320,3368682,235,5090.0,5240.0
2025-03-26,5330.0,5330.0,5270.0,5330.0,39438801430,7405375,381,5180.0,5330.0
2025-03-29,5480.0,5480.0,5380.0,5480.0,74108511410,13532685,707,5330.0,5480.0
2025-03-30,5630.0,5640.0,5560.0,5630.0,71479453890,12695164,694,5480.0,5640.0
2025-04-05,5480.0,5770.0,5480.0,5700.0,58481325960,10267273,945,5630.0,5750.0
2025-04-06,5780.0,5780.0,5530.0,5580.0,54537455080,9773999,741,5700.0,5590.0
2025-04-07,5480.0,5520.0,5420.0,5430.0,70021034160,12894456,1085,5580.0,5420.0
2025-04-08,5470.0,5590.0,5470.0,5590.0,50595717890,9055398,379,5430.0,5590.0
2025-04-09,5740.0,5740.0,5430.0,5490.0,54442574410,9914205,860,5590.0,5430.0
2025-04-12,5510.0,5520.0,5330.0,5450.0,63831471540,11722055,883,5490.0,5430.0
2025-04-13,5610.0,5610.0,5610.0,5610.0,42785080140,7626574,143,5450.0,5610.0
2025-04-14,5770.0,5770.0,5700.0,5770.0,83051785740,14396733,499,5610.0,5770.0
2025-04-15,5900.0,5900.0,5600.0,5640.0,108542775120,19245031,923,5770.0,5600.0
2025-04-16,5510.0,5800.0,5510.0,5790.0,97671542080,16871006,593,5640.0,5800.0
2025-04-19,5920.0,5960.0,5840.0,5960.0,80811043350,13566045,443,5790.0,5960.0
2025-04-20,6130.0,6130.0,6130.0,6130.0,63589959580,10373566,188,5960.0,6130.0
2025-04-21,6310.0,6310.0,6310.0,6310.0,82654469150,13098965,263,6130.0,6310.0
2025-04-22,6490.0,6490.0,6490.0,6490.0,67789068930,10445157,296,6310.0,6490.0
2025-04-23,6680.0,6680.0,6680.0,6680.0,68105953360,10195502,277,6490.0,6680.0
2025-04-26,6880.0,6880.0,6880.0,6880.0,64596595200,9389040,224,6680.0,6880.0
2025-04-27,7020.0,7080.0,6680.0,7040.0,469799531710,66755609,1952,6880.0,6950.0
2025-04-28,7220.0,7220.0,6830.0,7040.0,484605585150,68817797,2502,7040.0,7080.0
2025-04-29,6880.0,7250.0,6880.0,7140.0,219575585120,30767835,1182,7040.0,7250.0
2025-04-30,7350.0,7350.0,7280.0,7350.0,233524209450,31778123,1105,7140.0,7350.0
2025-05-03,7130.0,7470.0,7130.0,7290.0,180803284000,24799932,1959,7350.0,7400.0
2025-05-04,7500.0,7500.0,7410.0,7500.0,174655800840,23296123,1029,7290.0,7500.0
2025-05-05,7710.0,7720.0,7500.0,7650.0,114368695110,14958105,1004,7500.0,7620.0
2025-05-06,7870.0,7870.0,7460.0,7680.0,106697782410,13884162,1467,7650.0,7750.0
2025-05-07,7910.0,7910.0,7570.0,7760.0,83837319740,10807482,914,7680.0,7730.0
2025-05-10,7780.0,7780.0,7530.0,7550.0,171056681630,22667849,1010,7760.0,7530.0
2025-05-11,7500.0,7500.0,7330.0,7350.0,109007308700,14835634,1098,7550.0,7330.0
2025-05-12,7570.0,7570.0,7520.0,7560.0,261517497430,34584501,1463,7350.0,7570.0
2025-05-13,7780.0,7780.0,7340.0,7440.0,200728964510,26980115,1954,7560.0,7380.0
2025-05-14,7590.0,7600.0,7260.0,7370.0,161260057610,21894961,1417,7440.0,7490.0
2025-05-17,7540.0,7540.0,7190.0,7300.0,66464641000,9103572,1027,7370.0,7330.0
2025-05-18,7440.0,7510.0,7210.0,7460.0,224894314990,30136580,1357,7300.0,7510.0
2025-05-19,7680.0,7680.0,7520.0,7650.0,197651697760,25831696,1439,7460.0,7590.0
2025-05-20,7680.0,7680.0,7430.0,7470.0,162558259890,21773990,2042,7650.0,7430.0
2025-05-21,7250.0,7440.0,7250.0,7290.0,170995394910,23471869,1307,7470.0,7410.0
2025-05-24,7500.0,7500.0,7370.0,7500.0,281939575330,37603831,881,7290.0,7490.0
2025-05-25,7500.0,7660.0,7280.0,7330.0,136816659460,18666272,2040,7500.0,7280.0
2025-05-26,7320.0,7500.0,7320.0,7440.0,36970831550,4965030,440,7330.0,7460.0
2025-05-27,7650.0,7660.0,7440.0,7640.0,99606414730,13039192,718,7440.0,7660.0
2025-05-28,7840.0,7840.0,7580.0,7670.0,71351663690,9307918,893,7640.0,7670.0
2025-05-31,7900.0,7900.0,7700.0,7780.0,71334863300,9171230,653,7670.0,7750.0
2025-06-01,7760.0,7760.0,7550.0,7630.0,69118454470,9062804,1112,7780.0,7690.0
2025-06-02,7800.0,7800.0,7580.0,7620.0,37537136890,4923658,540,7630.0,7660.0
2025-06-03,7590.0,7600.0,7460.0,7560.0,25288970870,3365324,866,7620.0,7500.0
2025-06-07,7460.0,7580.0,7340.0,7370.0,132456838730,17964138,2292,7560.0,7350.0
2025-06-08,7350.0,7590.0,7350.0,7460.0,24942324880,3318880,278,7370.0,7560.0
2025-06-09,7590.0,7590.0,7240.0,7330.0,66351659840,9051723,1288,7460.0,7320.0
2025-06-10,7300.0,7500.0,7160.0,7270.0,72123889660,9914383,1592,7330.0,7250.0
2025-06-11,7290.0,7480.0,7280.0,7310.0,26258616030,3579398,376,7270.0,7340.0
2025-06-28,7100.0,7100.0,7100.0,7200.0,19966378600,2812166,72,7310.0,7100.0
2025-06-29,6990.0,6990.0,6990.0,6990.0,43910592840,6281916,139,7200.0,6990.0
2025-06-30,6790.0,6790.0,6790.0,6790.0,109941310290,16191651,222,6990.0,6790.0
2025-07-01,6590.0,6590.0,6590.0,6590.0,103258472760,15668964,251,6790.0,6590.0
2025-07-02,6400.0,6780.0,6400.0,6480.0,517039907890,79807722,3647,6590.0,6700.0
2025-07-07,6670.0,6670.0,6480.0,6610.0,52889181490,8007030,871,6480.0,6510.0
2025-07-08,6630.0,6630.0,6420.0,6420.0,59557512880,9274257,543,6610.0,6420.0
2025-07-09,6230.0,6390.0,6230.0,6240.0,113463263570,18193567,1065,6420.0,6370.0
2025-07-12,6420.0,6420.0,6410.0,6420.0,44371025280,6911384,333,6240.0,6420.0
2025-07-13,6580.0,6610.0,6460.0,6540.0,40212549940,6147435,596,6420.0,6600.0
2025-07-14,6620.0,6650.0,6460.0,6540.0,46730446450,7144878,650,6540.0,6520.0
2025-07-15,6530.0,6650.0,6390.0,6520.0,109513310310,16804712,1118,6540.0,6590.0
2025-07-16,6580.0,6650.0,6410.0,6580.0,58397004420,8879216,493,6520.0,6580.0
2025-07-19,6580.0,6770.0,6580.0,6740.0,147892872000,21940439,1098,6580.0,6770.0
2025-07-20,6940.0,6940.0,6790.0,6930.0,121182971620,17495397,865,6740.0,6940.0
2025-07-21,7130.0,7130.0,7070.0,7120.0,153914223190,21606190,1203,6930.0,7130.0
2025-07-22,7290.0,7310.0,6990.0,7080.0,168585090380,23813019,1562,7120.0,7010.0
2025-07-23,6880.0,7110.0,6870.0,6890.0,142075031420,20616692,1373,7080.0,6870.0
2025-07-26,6720.0,6950.0,6690.0,6760.0,124925394840,18482724,1018,6890.0,6690.0
2025-07-27,6760.0,6760.0,6560.0,6630.0,116316226850,17533888,1018,6760.0,6560.0
2025-07-28,6440.0,6440.0,6440.0,6570.0,10602081840,1646286,90,6630.0,6440.0
2025-07-29,6380.0,6380.0,6380.0,6520.0,9766625220,1530819,104,6570.0,6380.0
2025-07-30,6330.0,6330.0,6330.0,6370.0,27797562000,4391400,247,6520.0,6330.0
2025-08-02,6180.0,6190.0,6180.0,6180.0,157987105900,25564255,792,6370.0,6180.0
2025-08-03,6000.0,6180.0,6000.0,6010.0,106157169830,17661598,1106,6180.0,6000.0
2025-08-04,5850.0,6100.0,5830.0,5870.0,134238987050,22851928,1877,6010.0,5890.0
2025-08-05,5850.0,5990.0,5700.0,5740.0,115614645030,20133071,1627,5870.0,5700.0
2025-08-06,5690.0,5690.0,5570.0,5570.0,74028803880,13289424,555,5740.0,5570.0
2025-08-09,5580.0,5730.0,5580.0,5700.0,111747671610,19614021,1007,5570.0,5670.0
2025-08-10,5800.0,5860.0,5680.0,5740.0,48543012250,8458377,645,5700.0,5790.0
2025-08-11,5780.0,5910.0,5650.0,5770.0,55281513680,9578110,646,5740.0,5700.0
2025-08-12,5770.0,5790.0,5600.0,5660.0,84372406620,14905209,826,5770.0,5610.0
2025-08-13,5500.0,5520.0,5500.0,5570.0,17665009460,3211766,322,5660.0,5500.0
2025-08-16,5410.0,5680.0,5410.0,5550.0,58719301480,10584564,658,5570.0,5610.0
2025-08-17,5600.0,5710.0,5600.0,5710.0,85541238320,14985298,446,5550.0,5710.0
2025-08-18,5870.0,5870.0,5680.0,5760.0,50907329500,8836240,725,5710.0,5710.0
2025-08-19,5680.0,5830.0,5610.0,5760.0,59244036860,10278914,498,5760.0,5750.0
2025-08-20,5810.0,5860.0,5770.0,5820.0,35412387080,6089208,371,5760.0,5810.0
2025-08-23,5870.0,5870.0,5810.0,5840.0,37105031970,6348329,308,5820.0,5860.0
2025-08-25,5820.0,5870.0,5670.0,5720.0,61391531770,10736087,822,5840.0,5670.0
2025-08-26,5740.0,5800.0,5550.0,5580.0,160359355210,28760304,2345,5720.0,5550.0
2025-08-27,5640.0,5740.0,5590.0,5720.0,80878482560,14128510,715,5580.0,5740.0
2025-08-30,5550.0,5590.0,5550.0,5550.0,46486745660,8370239,594,5720.0,5560.0
2025-08-31,5470.0,5700.0,5470.0,5590.0,15656470610,2778457,286,5550.0,5680.0
2025-09-02,5590.0,5750.0,5590.0,5710.0,24314908430,4234829,251,5590.0,5750.0
2025-09-03,5870.0,5880.0,5750.0,5850.0,41878077340,7158033,373,5710.0,5880.0
2025-09-06,5970.0,5970.0,5790.0,5850.0,35109987230,6004297,522,5850.0,5850.0
2025-09-07,5850.0,6020.0,5830.0,5930.0,45952584310,7744206,353,5850.0,5960.0
2025-09-08,5960.0,6100.0,5940.0,6080.0,55086064370,9054517,300,5930.0,6100.0
2025-09-09,6240.0,6240.0,5970.0,6040.0,58069259910,9612018,738,6080.0,6030.0
2025-09-13,6040.0,6080.0,5900.0,5990.0,40146528720,6702714,474,6040.0,5940.0
2025-09-14,5990.0,6160.0,5990.0,6080.0,35738095200,5873703,464,5990.0,6050.0
2025-09-15,6090.0,6140.0,5980.0,6050.0,39612068090,6552409,499,6080.0,5980.0
2025-09-16,6050.0,6050.0,5870.0,5910.0,61842787430,10465238,755,6050.0,5870.0
2025-09-17,5900.0,5930.0,5760.0,5820.0,47520987200,8163793,670,5910.0,5810.0
2025-09-20,5680.0,5680.0,5650.0,5660.0,44125661500,7795886,229,5820.0,5650.0
2025-09-21,5500.0,5690.0,5500.0,5560.0,68214771120,12272012,1125,5660.0,5680.0
2025-09-22,5610.0,5720.0,5580.0,5650.0,40018501040,7081330,741,5560.0,5630.0
2025-09-23,5810.0,5810.0,5750.0,5810.0,116737905720,20095395,754,5650.0,5810.0
2025-09-24,5640.0,5970.0,5640.0,5790.0,72542378170,12535383,965,5810.0,5900.0
2025-09-27,5630.0,5960.0,5630.0,5910.0,30891824890,5220952,255,5790.0,5960.0
