date,open,high,low,adjClose,value,volume,count,yesterday,close
2013-11-05,601.0,601.0,600.0,600.0,37319000,62165,2,1000.0,600.0
2013-11-30,600.0,900.0,500.0,581.0,15295600,26326,4,600.0,500.0
2013-12-08,600.0,600.0,600.0,600.0,6379800,10633,1,581.0,600.0
2013-12-25,1000.0,1000.0,900.0,993.0,215782000,217382,7,600.0,900.0
2013-12-29,1000.0,1000.0,900.0,905.0,13577200,15000,3,993.0,900.0
2014-01-01,1000.0,1000.0,1000.0,1000.0,7703000,7703,2,905.0,1000.0
2014-01-04,1000.0,1000.0,1000.0,1000.0,4336000,4336,4,1000.0,1000.0
2014-01-07,1100.0,1103.0,1100.0,1102.0,18730000,17000,2,1000.0,1103.0
2014-01-11,1100.0,1200.0,1100.0,1120.0,114220797,101960,7,1102.0,1106.0
2014-01-21,1220.0,1501.0,1220.0,1256.0,85378420,67990,7,1120.0,1400.0
2014-01-27,1221.0,1400.0,1124.0,1198.0,198562252,165803,8,1256.0,1124.0
2014-01-29,1130.0,1198.0,1130.0,1132.0,26525780,23426,3,1198.0,1198.0
2014-02-02,1130.0,1130.0,1124.0,1128.0,11380908,10086,3,1132.0,1124.0
2014-02-05,1201.0,1201.0,1201.0,1201.0,2984485,2485,1,1128.0,1201.0
2014-02-10,1120.0,1120.0,1120.0,1120.0,56000000,50000,1,1201.0,1120.0
2014-02-12,1124.0,1124.0,1122.0,1123.0,15740612,14013,2,1120.0,1122.0
2014-02-17,1124.0,1124.0,1070.0,1106.0,118896478,107500,8,1123.0,1070.0
2014-02-18,1050.0,1050.0,1050.0,1050.0,42450450,40429,5,1106.0,1050.0
2014-02-19,1050.0,1050.0,1050.0,1050.0,27436500,26130,1,1050.0,1050.0
2014-02-23,1020.0,1020.0,1020.0,1020.0,63005400,61770,4,1050.0,1020.0
2014-02-24,1000.0,1000.0,1000.0,1000.0,20942000,20942,3,1020.0,1000.0
2014-02-26,900.0,900.0,900.0,900.0,447300,497,2,1000.0,900.0
2014-03-08,880.0,880.0,880.0,880.0,880000,1000,1,900.0,880.0
2014-03-09,900.0,900.0,900.0,900.0,395100,439,1,880.0,900.0
2014-03-10,900.0,900.0,601.0,785.0,5181736,6600,2,900.0,601.0
2014-03-11,899.0,899.0,880.0,891.0,5035802,5650,2,785.0,880.0
2014-04-09,650.0,650.0,650.0,650.0,3672500,5650,1,891.0,650.0
2014-04-19,660.0,660.0,660.0,660.0,2454540,3719,1,650.0,660.0
2014-04-20,650.0,650.0,650.0,650.0,3597100,5534,1,660.0,650.0
2014-04-26,660.0,660.0,660.0,660.0,3652440,5534,1,650.0,660.0
2014-04-29,690.0,690.0,660.0,675.0,27115880,40170,4,660.0,660.0
2014-04-30,660.0,700.0,640.0,650.0,70466000,108339,7,675.0,640.0
2014-05-05,620.0,650.0,620.0,623.0,13700000,22000,3,650.0,650.0
2014-05-07,640.0,670.0,640.0,662.0,1823840,2756,2,623.0,670.0
2014-05-10,650.0,650.0,650.0,650.0,71500,110,2,662.0,650.0
2014-05-14,610.0,650.0,610.0,623.0,4460990,7155,2,650.0,650.0
2014-05-17,650.0,650.0,650.0,650.0,289250,445,1,623.0,650.0
2014-05-19,650.0,663.0,650.0,660.0,4573296,6925,2,650.0,663.0
2014-05-24,651.0,651.0,651.0,651.0,376929,579,1,660.0,651.0
2014-06-03,670.0,670.0,670.0,670.0,3752000,5600,3,651.0,670.0
2014-06-07,670.0,670.0,651.0,657.0,6768075,10296,3,670.0,670.0
2014-06-11,651.0,651.0,651.0,651.0,25226250,38750,1,657.0,651.0
2014-06-14,670.0,670.0,650.0,652.0,26601396,40828,3,651.0,650.0
2014-06-15,670.0,670.0,670.0,670.0,13400000,20000,1,652.0,670.0
2014-06-17,670.0,670.0,670.0,670.0,3350,5,1,670.0,670.0
2014-06-21,670.0,670.0,670.0,670.0,696800,1040,1,670.0,670.0
2014-06-22,631.0,631.0,631.0,631.0,451165,715,1,670.0,631.0
2014-06-23,631.0,631.0,631.0,631.0,844278,1338,1,631.0,631.0
2014-06-29,630.0,630.0,625.0,627.0,22373164,35656,3,631.0,625.0
2014-06-30,626.0,626.0,626.0,626.0,1305836,2086,1,627.0,626.0
2014-07-05,630.0,630.0,630.0,630.0,74340,118,3,626.0,630.0
2014-07-08,626.0,626.0,626.0,626.0,6468458,10333,1,630.0,626.0
2014-07-12,626.0,630.0,626.0,626.0,26916696,42988,4,626.0,630.0
2014-07-21,630.0,631.0,630.0,630.0,40545910,64357,3,626.0,630.0
2014-07-26,630.0,630.0,630.0,630.0,2520000,4000,1,630.0,630.0
2014-08-02,630.0,630.0,630.0,630.0,3132990,4973,1,630.0,630.0
2014-08-04,585.0,585.0,585.0,585.0,3117465,5329,1,630.0,585.0
2014-08-09,630.0,630.0,584.0,586.0,40040937,68346,3,585.0,585.0
2014-08-11,630.0,630.0,630.0,630.0,407610,647,1,586.0,630.0
2014-08-13,630.0,630.0,630.0,630.0,5194350,8245,2,630.0,630.0
2014-08-18,630.0,630.0,630.0,630.0,962640,1528,1,630.0,630.0
2014-08-19,630.0,630.0,584.0,616.0,11090780,18006,5,630.0,630.0
2014-08-23,630.0,630.0,630.0,630.0,7548030,11981,2,616.0,630.0
2014-08-31,630.0,630.0,584.0,590.0,14401092,24399,5,630.0,630.0
2014-09-01,580.0,584.0,580.0,584.0,297800,510,2,590.0,584.0
2014-09-06,590.0,590.0,590.0,590.0,1627220,2758,2,584.0,590.0
2014-09-07,584.0,584.0,584.0,584.0,2168976,3714,1,590.0,584.0
2014-09-08,584.0,584.0,584.0,584.0,1735648,2972,1,584.0,584.0
2014-09-09,580.0,580.0,580.0,580.0,1708680,2946,5,584.0,580.0
2014-09-13,584.0,584.0,584.0,584.0,291416,499,1,580.0,584.0
2014-09-15,584.0,584.0,584.0,584.0,1423208,2437,1,584.0,584.0
2014-09-16,584.0,584.0,580.0,581.0,7119912,12251,5,584.0,580.0
2014-09-21,453.0,453.0,453.0,453.0,1108491,2447,1,581.0,453.0
2014-09-24,455.0,500.0,455.0,474.0,4981815,10503,6,453.0,500.0
2014-09-29,549.0,549.0,459.0,468.0,2340000,5000,2,474.0,459.0
2014-10-06,461.0,699.0,461.0,644.0,222509923,345410,22,468.0,699.0
2014-10-07,899.0,899.0,772.0,810.0,304951285,376536,24,644.0,820.0
2014-10-08,850.0,850.0,820.0,823.0,18389000,22340,2,810.0,820.0
2014-10-11,820.0,820.0,820.0,820.0,42475180,51799,2,823.0,820.0
2014-10-19,715.0,715.0,715.0,715.0,3712280,5192,3,820.0,715.0
2014-10-25,770.0,770.0,770.0,770.0,10395000,13500,5,715.0,770.0
2014-10-26,770.0,770.0,770.0,770.0,67452000,87600,2,770.0,770.0
2014-11-18,900.0,900.0,790.0,879.0,4688800,5332,4,770.0,790.0
2014-11-19,600.0,600.0,600.0,600.0,12000000,20000,1,879.0,600.0
2014-11-22,900.0,900.0,900.0,900.0,900000,1000,1,600.0,900.0
2014-11-23,890.0,890.0,750.0,833.0,4198500,5038,4,900.0,890.0
2014-11-24,889.0,889.0,800.0,802.0,32889000,41000,2,833.0,800.0
2014-11-25,750.0,750.0,631.0,669.0,68939509,103082,6,802.0,652.0
2014-11-26,652.0,656.0,652.0,653.0,19600000,30000,2,669.0,656.0
2014-11-29,790.0,790.0,790.0,790.0,978020,1238,1,653.0,790.0
2014-11-30,700.0,700.0,630.0,645.0,106361991,164980,9,790.0,654.0
2014-12-02,612.0,622.0,612.0,619.0,9019288,14574,2,645.0,622.0
2014-12-06,640.0,640.0,605.0,629.0,91416516,145366,9,619.0,605.0
2014-12-10,604.0,604.0,601.0,603.0,78074258,129458,8,629.0,601.0
2014-12-15,630.0,630.0,550.0,554.0,16628442,30000,5,603.0,550.0
2014-12-16,550.0,550.0,520.0,549.0,12776960,23270,3,554.0,550.0
2014-12-17,520.0,520.0,520.0,520.0,687960,1323,1,549.0,520.0
2014-12-20,520.0,520.0,520.0,520.0,5200000,10000,1,520.0,520.0
2014-12-27,522.0,522.0,520.0,520.0,9780122,18806,2,520.0,520.0
2014-12-28,537.0,537.0,537.0,537.0,2112021,3933,1,520.0,537.0
2014-12-29,551.0,551.0,551.0,551.0,913558,1658,1,537.0,551.0
2015-01-03,552.0,552.0,552.0,552.0,552000,1000,1,551.0,552.0
2015-01-04,552.0,552.0,552.0,552.0,9574992,17346,3,552.0,552.0
2015-01-05,552.0,599.0,550.0,564.0,19705380,34937,3,552.0,599.0
2015-01-06,600.0,600.0,537.0,557.0,11419482,20500,4,564.0,537.0
2015-01-07,541.0,541.0,541.0,541.0,2193755,4055,1,557.0,541.0
2015-01-10,541.0,541.0,541.0,541.0,21736298,40178,2,541.0,541.0
2015-01-11,542.0,542.0,537.0,542.0,14532926,26834,4,541.0,537.0
2015-01-13,567.0,567.0,567.0,567.0,586845,1035,1,542.0,567.0
2015-01-14,575.0,575.0,575.0,575.0,8144300,14164,4,567.0,575.0
2015-01-17,580.0,580.0,580.0,580.0,11600000,20000,1,575.0,580.0
2015-01-18,599.0,599.0,599.0,599.0,5990000,10000,1,580.0,599.0
2015-01-19,599.0,599.0,580.0,587.0,1632560,2782,2,599.0,580.0
2015-01-21,580.0,580.0,523.0,537.0,7891930,14709,3,587.0,523.0
2015-01-24,522.0,522.0,522.0,522.0,2477934,4747,1,537.0,522.0
2015-02-02,600.0,630.0,600.0,600.0,10200450,17000,3,522.0,630.0
2015-02-03,630.0,750.0,630.0,706.0,97714177,138317,12,600.0,750.0
2015-02-04,750.0,850.0,750.0,768.0,463600,604,2,706.0,850.0
2015-02-07,790.0,790.0,790.0,790.0,3950000,5000,1,768.0,790.0
2015-02-08,721.0,740.0,700.0,701.0,7364431,10502,4,790.0,700.0
2015-02-09,621.0,621.0,577.0,614.0,75877200,123600,7,701.0,620.0
2015-02-10,580.0,700.0,580.0,654.0,5274800,8060,4,614.0,580.0
2015-02-28,550.0,550.0,550.0,550.0,1925000,3500,1,654.0,550.0
2015-03-01,500.0,500.0,500.0,500.0,2031000,4062,1,550.0,500.0
2015-03-02,503.0,504.0,503.0,503.0,939906,1867,2,500.0,504.0
2015-03-03,521.0,521.0,521.0,521.0,195375,375,1,503.0,521.0
2015-03-15,450.0,450.0,450.0,450.0,432000,960,1,521.0,450.0
2015-03-17,500.0,520.0,500.0,504.0,4416480,8767,2,450.0,520.0
2015-04-05,600.0,600.0,600.0,600.0,1438200,2397,1,504.0,600.0
2015-04-07,600.0,600.0,600.0,600.0,4560000,7600,1,600.0,600.0
2015-04-08,521.0,521.0,521.0,521.0,36470000,70000,1,600.0,521.0
2015-04-11,580.0,580.0,580.0,580.0,6960000,12000,2,521.0,580.0
2015-04-15,599.0,599.0,599.0,599.0,688850,1150,1,580.0,599.0
2015-04-18,501.0,550.0,501.0,525.0,5115217,9734,2,599.0,550.0
2015-04-19,550.0,550.0,550.0,550.0,2020150,3673,1,525.0,550.0
2015-04-20,550.0,550.0,550.0,550.0,3198250,5815,2,550.0,550.0
2015-04-26,550.0,550.0,550.0,550.0,981200,1784,1,550.0,550.0
2015-05-05,500.0,500.0,500.0,500.0,11000000,22000,1,550.0,500.0
2015-05-06,502.0,550.0,501.0,502.0,6929876,13800,5,500.0,550.0
2015-05-09,501.0,550.0,500.0,502.0,3574785,7128,5,502.0,550.0
2015-05-10,500.0,500.0,500.0,500.0,353500,707,1,502.0,500.0
2015-05-13,501.0,501.0,501.0,501.0,11072100,22100,1,500.0,501.0
2015-05-18,550.0,550.0,550.0,550.0,2934800,5336,3,501.0,550.0
2015-05-19,599.0,599.0,590.0,599.0,17955537,30000,2,550.0,590.0
2015-05-20,599.0,625.0,599.0,604.0,29675500,49105,5,599.0,599.0
2015-05-23,599.0,599.0,570.0,587.0,3011563,5133,2,604.0,570.0
2015-05-24,650.0,650.0,649.0,649.0,6495000,10000,2,587.0,649.0
2015-05-25,797.0,797.0,796.0,796.0,2389000,3000,2,649.0,796.0
2015-05-27,650.0,650.0,650.0,650.0,5370300,8262,2,796.0,650.0
2015-05-31,602.0,630.0,602.0,603.0,25607848,42454,8,650.0,603.0
2015-06-02,600.0,600.0,577.0,592.0,1480818,2500,2,603.0,577.0
2015-06-07,576.0,576.0,576.0,576.0,1319616,2291,1,592.0,576.0
2015-06-13,580.0,580.0,563.0,570.0,760887,1335,2,576.0,563.0
2015-06-15,563.0,563.0,563.0,563.0,269677,479,1,570.0,563.0
2015-06-16,563.0,563.0,551.0,557.0,11015987,19761,3,563.0,551.0
2015-06-20,563.0,564.0,552.0,559.0,11563489,20695,4,557.0,552.0
2015-06-21,551.0,551.0,551.0,551.0,457881,831,1,559.0,551.0
2015-06-23,551.0,600.0,551.0,591.0,10985107,18599,3,551.0,600.0
2015-06-24,552.0,552.0,551.0,552.0,35958670,65170,3,591.0,551.0
2015-06-29,551.0,551.0,551.0,551.0,2462970,4470,3,552.0,551.0
2015-06-30,551.0,551.0,551.0,551.0,2819467,5117,3,551.0,551.0
2015-07-04,552.0,552.0,552.0,552.0,2208,4,1,551.0,552.0
2015-07-05,552.0,552.0,552.0,552.0,5520000,10000,1,552.0,552.0
2015-07-11,640.0,640.0,640.0,640.0,17112320,26738,1,552.0,640.0
2015-07-12,690.0,700.0,680.0,687.0,22309100,32485,5,640.0,680.0
2015-07-13,690.0,775.0,690.0,732.0,27005270,36913,4,687.0,700.0
2015-07-14,774.0,780.0,774.0,776.0,38781924,50000,3,732.0,780.0
2015-07-15,623.0,770.0,623.0,624.0,12559330,20129,2,776.0,770.0
2015-07-20,623.0,623.0,620.0,622.0,23606600,37930,2,624.0,620.0
2015-07-21,620.0,620.0,620.0,620.0,10540000,17000,1,622.0,620.0
2015-07-22,600.0,620.0,600.0,600.0,6043400,10070,3,620.0,600.0
2015-07-25,600.0,600.0,600.0,600.0,380400,634,2,600.0,600.0
2015-07-26,600.0,600.0,600.0,600.0,188400,314,1,600.0,600.0
2015-07-27,600.0,600.0,600.0,600.0,415200,692,1,600.0,600.0
2015-08-03,600.0,600.0,600.0,600.0,540000,900,1,600.0,600.0
2015-08-08,600.0,600.0,600.0,600.0,1100400,1834,1,600.0,600.0
2015-08-16,600.0,600.0,600.0,600.0,60000,100,1,600.0,600.0
2015-08-22,600.0,600.0,595.0,598.0,5839790,9769,4,600.0,595.0
2015-08-23,664.0,664.0,664.0,664.0,13280000,20000,1,598.0,664.0
2015-10-06,550.0,551.0,510.0,519.0,9658730,18623,3,664.0,510.0
2015-10-07,510.0,519.0,510.0,512.0,2173425,4249,3,519.0,513.0
2015-10-19,530.0,532.0,530.0,530.0,2251990,4246,2,512.0,532.0
2015-10-20,534.0,534.0,534.0,534.0,15590130,29195,2,530.0,534.0
2015-10-21,535.0,535.0,531.0,532.0,6282095,11817,2,534.0,531.0
2015-11-01,560.0,560.0,560.0,560.0,3360000,6000,1,532.0,560.0
2016-01-02,560.0,560.0,560.0,560.0,44800,80,1,560.0,560.0
2016-01-05,500.0,500.0,500.0,500.0,500000,1000,1,560.0,500.0
2016-01-06,560.0,560.0,560.0,560.0,1391040,2484,1,500.0,560.0
2016-01-17,550.0,550.0,550.0,550.0,1650000,3000,1,560.0,550.0
2016-01-19,560.0,560.0,560.0,560.0,5471200,9770,1,550.0,560.0
2016-01-25,520.0,520.0,500.0,518.0,34618260,66790,6,560.0,500.0
2016-01-26,540.0,560.0,540.0,545.0,21897740,40181,3,518.0,560.0
2016-01-30,690.0,700.0,665.0,687.0,13046000,19000,7,545.0,700.0
2016-02-01,526.0,526.0,526.0,526.0,22618000,43000,1,687.0,526.0
2016-02-02,526.0,526.0,526.0,526.0,1841000,3500,1,526.0,526.0
2016-02-03,670.0,700.0,670.0,697.0,80724185,115880,5,526.0,700.0
2016-02-06,678.0,850.0,574.0,632.0,188858320,298664,17,697.0,575.0
2016-02-07,603.0,603.0,603.0,603.0,688626,1142,1,632.0,603.0
2016-02-08,700.0,700.0,700.0,700.0,3500000,5000,1,603.0,700.0
2016-02-09,700.0,850.0,700.0,700.0,7017000,10020,2,700.0,850.0
2016-02-10,700.0,700.0,700.0,700.0,26691000,38130,2,700.0,700.0
2016-02-14,849.0,850.0,849.0,849.0,6737946,7934,4,700.0,849.0
2016-02-15,849.0,849.0,700.0,848.0,104369258,123015,3,849.0,849.0
2016-02-17,705.0,705.0,700.0,701.0,48914500,69735,2,848.0,700.0
2016-02-21,701.0,701.0,700.0,700.0,10217444,14595,2,701.0,700.0
2016-02-22,701.0,702.0,700.0,700.0,45982883,65677,5,700.0,702.0
2016-02-24,621.0,621.0,610.0,619.0,11140000,18000,4,700.0,610.0
2016-02-28,611.0,611.0,611.0,611.0,521183,853,1,619.0,611.0
2016-02-29,650.0,650.0,630.0,638.0,4600410,7207,3,611.0,630.0
2016-03-01,630.0,650.0,630.0,644.0,8287240,12870,3,638.0,650.0
2016-03-02,850.0,850.0,730.0,805.0,121283841,150690,9,644.0,730.0
2016-03-05,899.0,900.0,899.0,900.0,69270000,77000,4,805.0,900.0
2016-03-06,811.0,900.0,811.0,854.0,5141090,6017,3,900.0,900.0
2016-03-07,850.0,890.0,850.0,878.0,12431000,14160,4,854.0,890.0
2016-03-08,850.0,850.0,731.0,810.0,22391690,27630,4,878.0,731.0
2016-03-12,850.0,850.0,850.0,850.0,850000,1000,1,810.0,850.0
2016-03-14,720.0,720.0,680.0,684.0,37588440,54983,3,850.0,680.0
2016-03-30,686.0,686.0,686.0,686.0,1159340,1690,1,684.0,686.0
2016-04-03,820.0,820.0,820.0,820.0,696180,849,1,686.0,820.0
2016-04-04,750.0,750.0,695.0,700.0,7246165,10347,4,820.0,695.0
2016-04-05,750.0,900.0,750.0,851.0,435756856,512035,22,700.0,900.0
2016-04-06,1000.0,1040.0,950.0,1007.0,242420556,240715,12,851.0,1039.0
2016-04-09,1000.0,1210.0,1000.0,1183.0,528518300,446731,10,1007.0,1210.0
2016-04-10,1299.0,1380.0,1112.0,1290.0,678868598,526135,18,1183.0,1112.0
2016-04-11,1250.0,1390.0,1200.0,1297.0,105532050,81383,7,1290.0,1300.0
2016-04-12,1201.0,1202.0,1200.0,1201.0,76015355,63295,7,1297.0,1201.0
2016-04-13,1250.0,1400.0,1114.0,1328.0,513527672,386799,16,1201.0,1200.0
2016-04-17,1150.0,1151.0,1113.0,1133.0,237231300,209462,7,1328.0,1151.0
2016-04-18,1113.0,1249.0,1113.0,1233.0,88510906,71760,5,1133.0,1200.0
2016-04-20,870.0,870.0,870.0,870.0,69600000,80000,3,1233.0,870.0
2016-04-23,870.0,870.0,861.0,867.0,122363514,141192,8,870.0,870.0
2016-04-24,900.0,900.0,900.0,900.0,47352600,52614,1,867.0,900.0
2016-04-25,999.0,1000.0,990.0,999.0,56477335,56533,6,900.0,1000.0
2016-04-26,999.0,1080.0,999.0,1073.0,15270258,14227,3,999.0,1050.0
2016-04-27,1190.0,1250.0,1000.0,1170.0,454048389,388163,16,1073.0,1250.0
2016-04-30,1200.0,1500.0,1025.0,1396.0,423649250,303452,13,1170.0,1450.0
2016-05-02,1470.0,1480.0,1470.0,1473.0,15483320,10509,3,1396.0,1480.0
2016-05-03,1500.0,1500.0,1499.0,1500.0,38678169,25786,4,1473.0,1500.0
2016-05-04,1450.0,1450.0,1450.0,1450.0,14500000,10000,2,1500.0,1450.0
2016-05-07,1251.0,1253.0,1251.0,1252.0,54661367,43649,3,1450.0,1253.0
2016-05-08,1252.0,1290.0,1250.0,1252.0,280877803,224351,6,1252.0,1270.0
2016-05-09,1270.0,1270.0,1270.0,1270.0,86360,68,1,1252.0,1270.0
2016-05-10,1250.0,1300.0,1152.0,1199.0,47917760,39956,5,1270.0,1300.0
2016-05-11,1200.0,1200.0,1200.0,1200.0,9075600,7563,1,1199.0,1200.0
2016-05-14,1190.0,1200.0,1190.0,1199.0,49035700,40889,5,1200.0,1200.0
2016-05-15,1200.0,1200.0,1200.0,1200.0,16552800,13794,3,1199.0,1200.0
2016-05-16,1201.0,1250.0,1200.0,1208.0,8567850,7092,5,1200.0,1250.0
2016-05-17,1160.0,1161.0,1160.0,1160.0,5687441,4901,2,1208.0,1161.0
2016-05-18,1160.0,1160.0,1160.0,1160.0,883920,762,1,1160.0,1160.0
2016-05-21,1160.0,1160.0,1160.0,1160.0,1224960,1056,1,1160.0,1160.0
2016-05-23,1250.0,1250.0,1161.0,1216.0,18751433,15425,4,1160.0,1161.0
2016-05-24,1171.0,1171.0,1171.0,1171.0,976614,834,2,1216.0,1171.0
2016-05-25,1180.0,1200.0,1152.0,1159.0,106805314,92182,14,1171.0,1152.0
2016-05-28,1250.0,1250.0,1250.0,1250.0,486250,389,1,1159.0,1250.0
2016-05-29,1270.0,1270.0,1269.0,1270.0,5206900,4100,3,1250.0,1270.0
2016-05-31,1162.0,1280.0,1121.0,1159.0,110374658,95242,10,1270.0,1121.0
2016-06-05,1151.0,1151.0,1151.0,1151.0,4229925,3675,2,1159.0,1151.0
2016-06-06,1160.0,1160.0,1150.0,1151.0,35546220,30880,4,1151.0,1150.0
2016-06-07,1135.0,1135.0,1110.0,1122.0,37030000,33000,7,1151.0,1110.0
2016-06-12,1050.0,1050.0,1029.0,1033.0,206600000,200000,4,1122.0,1029.0
2016-06-18,1000.0,1000.0,901.0,969.0,42105836,43436,5,1033.0,901.0
2016-08-08,969.0,969.0,969.0,969.0,402135,415,1,969.0,969.0
2016-08-09,969.0,969.0,969.0,969.0,374034,386,1,969.0,969.0
2016-08-21,900.0,900.0,890.0,895.0,1994920,2229,2,969.0,890.0
2016-09-07,650.0,690.0,609.0,671.0,16656121,24835,10,895.0,688.0
2016-09-10,688.0,700.0,688.0,693.0,7494488,10820,6,671.0,688.0
2016-09-19,800.0,840.0,611.0,738.0,19508292,26424,6,693.0,611.0
2016-09-28,738.0,738.0,738.0,738.0,2084850,2825,2,738.0,738.0
2016-10-01,766.0,771.0,766.0,768.0,18038500,23500,2,738.0,771.0
2016-10-02,771.0,771.0,771.0,771.0,6553500,8500,1,768.0,771.0
2016-10-04,800.0,800.0,639.0,668.0,43116700,64568,7,771.0,700.0
2016-10-16,667.0,667.0,667.0,667.0,66700,100,1,668.0,667.0
2016-10-18,700.0,700.0,700.0,700.0,5553800,7934,2,667.0,700.0
2016-10-19,660.0,660.0,652.0,655.0,23814606,36385,4,700.0,653.0
2016-10-22,653.0,653.0,653.0,653.0,890039,1363,1,655.0,653.0
2016-10-23,655.0,655.0,655.0,655.0,457845,699,1,653.0,655.0
2016-10-26,655.0,655.0,655.0,655.0,6550000,10000,1,655.0,655.0
2016-11-02,655.0,655.0,655.0,655.0,539720,824,1,655.0,655.0
2016-11-07,657.0,660.0,657.0,660.0,2904576,4402,4,655.0,660.0
2016-11-09,661.0,661.0,661.0,661.0,2273840,3440,2,660.0,661.0
2016-11-12,661.0,661.0,655.0,657.0,14257413,21701,3,661.0,655.0
2016-11-13,655.0,656.0,655.0,656.0,4252000,6484,4,657.0,656.0
2016-11-16,656.0,656.0,650.0,652.0,9109320,13968,3,656.0,650.0
2016-11-22,666.0,666.0,646.0,650.0,30769028,47310,5,652.0,646.0
2016-11-23,640.0,640.0,600.0,615.0,104989900,170645,10,650.0,604.0
2016-11-29,604.0,604.0,600.0,603.0,14642100,24275,3,615.0,600.0
2016-12-04,520.0,520.0,500.0,503.0,18642100,37041,4,603.0,500.0
2016-12-14,502.0,502.0,502.0,502.0,960828,1914,1,503.0,502.0
2016-12-20,500.0,500.0,500.0,500.0,579500,1159,1,502.0,500.0
2016-12-25,501.0,501.0,501.0,501.0,1836165,3665,2,500.0,501.0
2016-12-26,501.0,501.0,501.0,501.0,247494,494,1,501.0,501.0
2016-12-31,501.0,501.0,500.0,500.0,2126999,4251,3,501.0,500.0
2017-01-02,500.0,500.0,500.0,500.0,242000,484,1,500.0,500.0
2017-01-04,515.0,515.0,500.0,513.0,7211000,14062,7,500.0,500.0
2017-01-07,510.0,510.0,510.0,510.0,845070,1657,1,513.0,510.0
2017-01-09,500.0,500.0,500.0,500.0,21500,43,1,510.0,500.0
2017-01-11,480.0,500.0,480.0,498.0,11013840,22136,3,500.0,500.0
2017-01-16,500.0,500.0,500.0,500.0,3473000,6946,2,498.0,500.0
2017-01-18,500.0,500.0,500.0,500.0,1821500,3643,1,500.0,500.0
2017-01-25,511.0,600.0,511.0,596.0,37545164,62988,6,500.0,550.0
2017-01-31,630.0,630.0,551.0,589.0,21834816,37060,6,596.0,551.0
2017-02-05,552.0,556.0,552.0,554.0,4054396,7316,4,589.0,556.0
2017-02-07,556.0,556.0,556.0,556.0,22761528,40938,2,554.0,556.0
2017-02-11,556.0,556.0,556.0,556.0,1492304,2684,1,556.0,556.0
2017-02-19,557.0,557.0,550.0,551.0,55140000,100000,2,556.0,550.0
2017-02-21,560.0,560.0,550.0,558.0,7851500,14063,4,551.0,550.0
2017-02-26,550.0,550.0,550.0,550.0,1076900,1958,1,558.0,550.0
2017-02-28,560.0,560.0,560.0,560.0,2427600,4335,1,550.0,560.0
2017-03-01,560.0,560.0,560.0,560.0,3562720,6362,1,560.0,560.0
2017-03-07,560.0,560.0,450.0,482.0,80125065,166373,9,560.0,450.0
2017-03-13,530.0,530.0,530.0,530.0,1146390,2163,3,482.0,530.0
2017-03-14,583.0,583.0,583.0,583.0,62347769,106943,6,530.0,583.0
2017-03-15,641.0,641.0,600.0,620.0,2484482,4004,2,583.0,600.0
2017-03-18,682.0,682.0,680.0,680.0,34409724,50596,6,620.0,680.0
2017-03-25,748.0,748.0,748.0,748.0,41600020,55615,9,680.0,748.0
2017-03-26,800.0,822.0,800.0,819.0,51165278,62495,8,748.0,822.0
2017-03-27,900.0,900.0,900.0,900.0,18032400,20036,6,819.0,900.0
2017-03-28,810.0,920.0,810.0,845.0,7187404,8509,4,900.0,920.0
2017-03-29,928.0,928.0,761.0,821.0,89635089,109149,10,845.0,761.0
2017-04-03,900.0,900.0,780.0,803.0,8979420,11180,5,821.0,800.0
2017-04-05,810.0,810.0,723.0,743.0,6524832,8784,3,803.0,723.0
2017-04-08,670.0,670.0,669.0,669.0,44988712,67245,16,743.0,669.0
2017-04-09,621.0,700.0,603.0,618.0,127229237,205851,20,669.0,647.0
2017-04-10,668.0,668.0,668.0,668.0,13913772,20829,2,618.0,668.0
2017-04-12,620.0,690.0,620.0,672.0,72822929,108318,14,668.0,690.0
2017-04-15,700.0,739.0,700.0,719.0,54728413,76153,16,672.0,739.0
2017-04-16,790.0,790.0,790.0,790.0,69339880,87772,13,719.0,790.0
2017-04-17,869.0,869.0,869.0,869.0,345439666,397514,37,790.0,869.0
2017-04-18,952.0,952.0,794.0,849.0,53411308,62899,16,869.0,794.0
2017-04-19,875.0,875.0,765.0,777.0,8738850,11244,4,849.0,765.0
2017-04-22,741.0,854.0,741.0,850.0,110301502,129814,19,777.0,854.0
2017-04-23,935.0,935.0,870.0,929.0,126548150,136205,28,850.0,931.0
2017-04-24,838.0,838.0,837.0,837.0,14809530,17685,8,929.0,837.0
2017-04-26,762.0,890.0,762.0,879.0,13184000,15000,4,837.0,886.0
2017-04-29,897.0,897.0,796.0,836.0,8171030,9777,9,879.0,811.0
2017-04-30,820.0,913.0,758.0,822.0,286888858,349141,31,836.0,810.0
2017-05-01,850.0,850.0,760.0,763.0,26420730,34612,10,822.0,760.0
2017-05-02,767.0,839.0,711.0,831.0,1497490433,1801228,109,763.0,839.0
2017-05-03,914.0,914.0,910.0,914.0,1796264632,1965342,125,831.0,914.0
2017-05-06,1005.0,1005.0,903.0,998.0,669439562,670915,98,914.0,998.0
2017-05-07,996.0,996.0,899.0,930.0,135976348,146249,16,998.0,899.0
2017-05-08,837.0,837.0,837.0,837.0,56656530,67690,12,930.0,837.0
2017-05-09,830.0,890.0,754.0,770.0,808088693,1048938,122,837.0,775.0
2017-05-10,765.0,765.0,693.0,708.0,623497214,880889,115,770.0,727.0
2017-05-13,705.0,755.0,670.0,717.0,142694786,199109,44,708.0,715.0
2017-05-14,715.0,788.0,715.0,782.0,457421827,584879,96,717.0,788.0
2017-05-15,828.0,828.0,753.0,810.0,371212181,458332,75,782.0,807.0
2017-05-16,800.0,854.0,753.0,786.0,126618522,161033,30,810.0,753.0
2017-05-17,819.0,819.0,732.0,760.0,52232969,68751,19,786.0,732.0
2017-05-20,780.0,829.0,740.0,762.0,30116078,39544,20,760.0,779.0
2017-05-21,728.0,750.0,728.0,737.0,71521943,97027,9,762.0,735.0
2017-05-22,764.0,769.0,740.0,745.0,104517819,140319,19,737.0,758.0
2017-05-23,730.0,748.0,700.0,717.0,58676553,81807,26,745.0,745.0
2017-05-24,755.0,788.0,749.0,768.0,295859558,385426,85,717.0,788.0
2017-05-27,752.0,844.0,751.0,837.0,269909903,322624,59,768.0,844.0
2017-05-28,840.0,898.0,776.0,846.0,112886088,133376,52,837.0,776.0
2017-09-27,997.0,1200.0,997.0,1062.0,966950064,910085,115,846.0,1200.0
2017-10-02,1299.0,1302.0,1299.0,1301.0,376194957,289068,37,1062.0,1302.0
2017-10-04,1270.0,1270.0,1270.0,1270.0,950742320,748616,92,1301.0,1270.0
2017-10-07,1480.0,1600.0,1480.0,1501.0,1885027680,1256046,128,1270.0,1600.0
2017-11-11,1994.0,1994.0,1994.0,1994.0,124525300,62450,6,1501.0,1994.0
2017-11-13,1989.0,1989.0,1700.0,1975.0,120450389,60976,15,1994.0,1700.0
2017-11-15,1300.0,1300.0,1300.0,1300.0,1222000000,940000,31,1975.0,1300.0
2017-11-18,1400.0,1500.0,1400.0,1415.0,1612383000,1139395,143,1300.0,1500.0
2017-11-20,1555.0,1555.0,1371.0,1408.0,1900641649,1349483,106,1415.0,1371.0
2017-11-22,1360.0,1502.0,1360.0,1477.0,945564408,640230,42,1408.0,1502.0
2017-11-25,1500.0,1500.0,1479.0,1500.0,1552787076,1035213,103,1477.0,1479.0
2017-11-29,1498.0,1498.0,1399.0,1456.0,706908621,485436,44,1500.0,1399.0
2017-12-02,1349.0,1349.0,1349.0,1349.0,455634193,337757,47,1456.0,1349.0
2017-12-04,1303.0,1360.0,1303.0,1304.0,153841788,117942,36,1349.0,1360.0
2017-12-09,1310.0,1310.0,1310.0,1310.0,340285600,259760,76,1304.0,1310.0
2017-12-11,1309.0,1309.0,1309.0,1309.0,83902973,64097,10,1310.0,1309.0
2017-12-13,1270.0,1270.0,1218.0,1226.0,132805070,108301,19,1309.0,1218.0
2017-12-16,1181.0,1181.0,1162.0,1180.0,623133674,527954,76,1226.0,1162.0
2017-12-18,1131.0,1248.0,1131.0,1164.0,238592601,204894,27,1180.0,1248.0
2017-12-20,1370.0,1400.0,1370.0,1371.0,1533477990,1118637,168,1164.0,1400.0
2017-12-23,1400.0,1400.0,1301.0,1396.0,1173808400,840556,100,1371.0,1301.0
2017-12-25,1350.0,1350.0,1250.0,1261.0,168685250,133743,19,1396.0,1250.0
2017-12-27,1200.0,1226.0,1200.0,1201.0,277469230,231000,62,1261.0,1226.0
2018-02-05,1201.0,1498.0,1201.0,1283.0,111556705,75799,14,1201.0,1498.0
2018-02-07,1283.0,1400.0,1283.0,1363.0,300064268,220198,39,1283.0,1400.0
2018-02-10,1363.0,1363.0,1362.0,1363.0,181542663,133198,23,1363.0,1362.0
2018-02-12,1363.0,1363.0,1363.0,1363.0,156468311,114797,41,1363.0,1363.0
2018-02-14,1334.0,1334.0,1334.0,1334.0,140218074,105111,6,1363.0,1334.0
2018-02-17,1334.0,1360.0,1334.0,1334.0,605044986,453479,61,1334.0,1360.0
2018-02-19,1300.0,1300.0,1300.0,1300.0,394702100,303617,56,1334.0,1300.0
2018-02-21,1338.0,1338.0,1300.0,1316.0,368777976,280286,31,1300.0,1300.0
2018-02-24,1203.0,1203.0,1203.0,1203.0,944391090,785030,84,1316.0,1203.0
2018-02-26,1260.0,1260.0,1199.0,1239.0,8156192,6582,8,1203.0,1199.0
2018-02-28,1170.0,1170.0,1169.0,1170.0,117946369,100811,43,1239.0,1169.0
2018-03-03,1130.0,1180.0,1130.0,1138.0,128464920,112864,38,1170.0,1180.0
2018-03-05,1199.0,1230.0,1199.0,1201.0,425400818,354209,53,1138.0,1230.0
2018-03-07,1230.0,1230.0,1200.0,1223.0,168820620,138078,17,1201.0,1200.0
2018-03-10,1227.0,1227.0,1227.0,1227.0,2757069,2247,2,1223.0,1227.0
2018-03-12,1230.0,1230.0,1220.0,1227.0,8655660,7052,7,1227.0,1220.0
2018-03-14,1210.0,1210.0,1210.0,1210.0,16677430,13783,2,1227.0,1210.0
2018-03-17,1197.0,1197.0,1197.0,1197.0,8259300,6900,4,1210.0,1197.0
2018-03-19,1137.0,1188.0,1137.0,1140.0,318145713,279049,62,1197.0,1188.0
2018-03-28,1250.0,1250.0,1240.0,1244.0,94236930,75777,12,1140.0,1240.0
2018-04-07,1130.0,1130.0,1130.0,1130.0,534054950,472615,50,1244.0,1130.0
2018-04-09,1130.0,1130.0,1130.0,1130.0,97167570,85989,19,1130.0,1130.0
2018-04-11,1130.0,1130.0,1129.0,1130.0,59486041,52664,23,1130.0,1129.0
2018-04-16,1100.0,1100.0,1100.0,1100.0,6110500,5555,3,1130.0,1100.0
2018-04-18,1010.0,1010.0,1010.0,1010.0,325390690,322169,47,1100.0,1010.0
2018-04-23,1010.0,1030.0,1010.0,1026.0,69211150,67469,9,1010.0,1030.0
2018-04-25,1060.0,1060.0,1040.0,1054.0,10469280,9932,6,1026.0,1040.0
2018-04-28,1070.0,1070.0,1000.0,1003.0,139746140,139305,13,1054.0,1000.0
2018-04-30,1003.0,1003.0,1003.0,1003.0,52461915,52305,22,1003.0,1003.0
2018-05-05,1004.0,1004.0,1003.0,1004.0,137024920,136480,14,1003.0,1003.0
2018-05-07,1005.0,1005.0,1005.0,1005.0,159702540,158908,11,1004.0,1005.0
2018-05-09,1005.0,1005.0,1005.0,1005.0,258345300,257060,22,1005.0,1005.0
2018-05-12,1030.0,1030.0,1030.0,1030.0,170466030,165501,27,1005.0,1030.0
2018-05-14,1030.0,1030.0,1030.0,1030.0,116905000,113500,16,1030.0,1030.0
2018-05-16,1070.0,1070.0,1070.0,1070.0,6038010,5643,3,1030.0,1070.0
2018-05-21,1070.0,1070.0,1028.0,1036.0,7838328,7566,5,1070.0,1028.0
2018-05-23,1060.0,1060.0,1060.0,1060.0,20505700,19345,4,1036.0,1060.0
2018-05-28,1029.0,1029.0,911.0,992.0,74279657,74867,5,1060.0,911.0
2018-05-30,970.0,970.0,900.0,903.0,91538250,101330,24,992.0,900.0
2018-06-02,900.0,940.0,900.0,912.0,163036100,178695,19,903.0,940.0
2018-06-09,912.0,912.0,912.0,912.0,101497392,111291,13,912.0,912.0
2018-06-11,940.0,940.0,912.0,933.0,98639996,105672,17,912.0,912.0
2018-06-13,933.0,933.0,902.0,921.0,92283138,100186,12,933.0,902.0
2018-06-18,935.0,935.0,935.0,935.0,244160290,261134,25,921.0,935.0
2018-06-20,905.0,905.0,905.0,905.0,469346575,518615,52,935.0,905.0
2018-06-23,905.0,1003.0,905.0,976.0,144412107,147903,16,905.0,1003.0
2018-06-25,976.0,976.0,976.0,976.0,129396128,132578,16,976.0,976.0
2018-06-27,976.0,979.0,976.0,976.0,178204984,182584,21,976.0,979.0
2018-06-30,1024.0,1024.0,1024.0,1024.0,103424000,101000,10,976.0,1024.0
2018-07-02,1068.0,1151.0,1068.0,1097.0,397175235,362040,47,1024.0,1151.0
2018-07-04,1290.0,1300.0,1290.0,1292.0,1001767720,775186,86,1097.0,1300.0
2018-07-07,1409.0,1450.0,1409.0,1416.0,603026493,425813,64,1292.0,1450.0
2018-07-11,1500.0,1500.0,1500.0,1500.0,1720219500,1146813,96,1416.0,1500.0
2018-07-14,1548.0,1548.0,1548.0,1548.0,1289408148,832951,92,1500.0,1548.0
2018-07-16,1600.0,1600.0,1530.0,1596.0,104684110,65588,14,1548.0,1530.0
2018-07-18,1401.0,1401.0,1401.0,1401.0,17002536,12136,3,1596.0,1401.0
2018-07-21,1200.0,1215.0,1200.0,1200.0,472061700,393251,54,1401.0,1215.0
2018-07-23,1202.0,1206.0,1202.0,1202.0,486781486,404943,50,1200.0,1206.0
2018-07-25,1202.0,1290.0,1202.0,1234.0,44756178,36265,11,1202.0,1290.0
2018-07-28,1234.0,1234.0,1234.0,1234.0,23238688,18832,7,1234.0,1234.0
2018-07-30,1234.0,1380.0,1234.0,1285.0,73957810,57569,12,1234.0,1380.0
2018-08-01,1500.0,1500.0,1429.0,1489.0,794018387,533104,67,1285.0,1429.0
2018-08-04,1480.0,1480.0,1240.0,1249.0,46719400,37405,7,1489.0,1240.0
2018-08-06,1206.0,1206.0,1000.0,1185.0,519498156,438576,68,1249.0,1000.0
2018-08-08,1185.0,1185.0,1169.0,1173.0,184233485,157101,22,1185.0,1169.0
2018-08-11,1169.0,1270.0,1169.0,1172.0,901580526,769268,109,1173.0,1270.0
2018-08-15,1193.0,1193.0,1193.0,1193.0,39837849,33393,10,1172.0,1193.0
2018-08-18,1193.0,1193.0,1193.0,1193.0,616554330,516810,76,1193.0,1193.0
2018-08-20,1237.0,1246.0,1237.0,1237.0,472366616,381824,48,1193.0,1246.0
2018-08-25,1388.0,1415.0,1388.0,1390.0,603972435,434652,54,1237.0,1415.0
2018-08-27,1499.0,1680.0,1499.0,1578.0,290525987,184162,39,1390.0,1680.0
2018-08-29,1735.0,1735.0,1735.0,1598.0,54635150,31490,7,1578.0,1735.0
2018-09-01,1757.0,1757.0,1610.0,1719.0,1102960231,641792,114,1598.0,1679.0
2018-09-02,1719.0,1756.0,1611.0,1675.0,692143710,413184,78,1719.0,1680.0
2018-09-03,1651.0,1690.0,1575.0,1624.0,627979320,386586,79,1675.0,1600.0
2018-09-04,1570.0,1729.0,1540.0,1643.0,1462628726,890355,123,1624.0,1611.0
2018-09-05,1697.0,1698.0,1591.0,1623.0,553087658,340827,63,1643.0,1591.0
2018-09-08,1600.0,1785.0,1600.0,1769.0,2418602162,1367431,186,1623.0,1785.0
2018-09-09,1928.0,1945.0,1803.0,1928.0,3220000097,1670056,219,1769.0,1945.0
2018-09-10,2090.0,2109.0,1827.0,1978.0,3368278590,1703159,234,1928.0,2065.0
2018-09-11,2120.0,2175.0,2092.0,2167.0,2388470270,1102455,143,1978.0,2175.0
2018-09-12,2383.0,2383.0,2383.0,2383.0,5206855,2185,2,2167.0,2383.0
2018-09-15,2621.0,2796.0,2359.0,2491.0,2984034900,1198058,130,2383.0,2400.0
2018-09-16,2290.0,2629.0,2242.0,2322.0,3545540048,1526795,179,2491.0,2449.0
2018-09-17,2460.0,2554.0,2460.0,2546.0,1430550065,561907,60,2322.0,2554.0
2018-09-18,2800.0,2800.0,2623.0,2776.0,2574379292,927478,113,2546.0,2771.0
2018-09-22,2980.0,2980.0,2600.0,2792.0,2715737386,972639,179,2776.0,2671.0
2018-09-23,2711.0,2837.0,2515.0,2642.0,2518431494,953128,137,2792.0,2580.0
2018-09-24,2599.0,2599.0,2379.0,2423.0,2732571454,1127909,209,2642.0,2468.0
2018-09-25,2665.0,2665.0,2600.0,2663.0,1283521913,482061,82,2423.0,2665.0
2018-09-26,2798.0,2869.0,2700.0,2794.0,2943532537,1053516,184,2663.0,2805.0
2018-09-29,2898.0,3073.0,2898.0,3030.0,1960265576,646980,120,2794.0,3073.0
2018-09-30,3332.0,3333.0,3150.0,3260.0,3528002780,1082123,194,3030.0,3333.0
2018-10-01,3586.0,3586.0,3586.0,3586.0,430926034,120169,9,3260.0,3586.0
2018-10-03,3228.0,3499.0,3228.0,3249.0,3168522603,975358,150,3586.0,3233.0
2018-10-06,3489.0,3489.0,2925.0,3181.0,2461677308,773900,138,3249.0,2925.0
2018-10-07,2863.0,3000.0,2863.0,2871.0,1602588588,558291,72,3181.0,2863.0
2018-10-08,2584.0,2584.0,2584.0,2584.0,62307992,24113,6,2871.0,2584.0
2018-10-09,2327.0,2780.0,2327.0,2641.0,1003081806,379874,76,2584.0,2511.0
2018-10-10,2690.0,2690.0,2377.0,2393.0,503609774,210457,41,2641.0,2377.0
2018-10-13,2154.0,2299.0,2154.0,2162.0,1441150369,666687,108,2393.0,2154.0
2018-10-14,1946.0,2202.0,1946.0,2045.0,476887333,233145,75,2162.0,2060.0
2018-10-15,2127.0,2249.0,2000.0,2221.0,419619847,188923,52,2045.0,2249.0
2018-10-16,2443.0,2443.0,2151.0,2440.0,823091981,337343,70,2221.0,2443.0
2018-10-17,2641.0,2684.0,2400.0,2642.0,1636511910,619324,131,2440.0,2684.0
2018-10-20,2871.0,2906.0,2531.0,2896.0,1764056443,609172,104,2642.0,2906.0
2018-10-22,2999.0,3150.0,2650.0,2942.0,1273638444,432957,68,2896.0,2970.0
2018-10-23,3200.0,3200.0,2651.0,2880.0,1541388047,535197,89,2942.0,2897.0
2018-10-24,2811.0,3168.0,2811.0,3134.0,6867228268,2191427,326,2880.0,3168.0
2018-10-27,3236.0,3400.0,3000.0,3175.0,2340349867,737136,163,3134.0,3051.0
2018-10-28,3000.0,3099.0,2858.0,2914.0,2254586346,773755,196,3175.0,2858.0
2018-10-29,3000.0,3080.0,2623.0,2855.0,3435753944,1203627,249,2914.0,2750.0
2018-10-31,2750.0,2790.0,2606.0,2672.0,1161873935,434760,103,2855.0,2623.0
2018-11-03,2605.0,2792.0,2600.0,2640.0,557386077,211133,45,2672.0,2621.0
2018-11-04,2730.0,2730.0,2500.0,2634.0,1012767164,384455,74,2640.0,2532.0
2018-11-05,2650.0,2787.0,2620.0,2720.0,917236628,337244,70,2634.0,2769.0
2018-11-06,2899.0,2899.0,2626.0,2738.0,772761319,282229,85,2720.0,2799.0
2018-11-10,2820.0,2820.0,2560.0,2737.0,246273101,89986,32,2738.0,2600.0
2018-11-11,2535.0,2599.0,2502.0,2529.0,420166794,166122,42,2737.0,2599.0
2018-11-12,2290.0,2648.0,2290.0,2589.0,206612400,79793,35,2529.0,2600.0
2018-11-13,2647.0,2810.0,2565.0,2683.0,998806912,372251,83,2589.0,2650.0
2018-11-14,2583.0,2722.0,2581.0,2633.0,309214668,117430,56,2683.0,2584.0
2018-11-17,2470.0,2696.0,2451.0,2534.0,372501330,146979,60,2633.0,2589.0
2018-11-18,2600.0,2689.0,2337.0,2496.0,80352127,32193,19,2534.0,2356.0
2018-11-19,2500.0,2642.0,2351.0,2510.0,43633331,17382,17,2496.0,2500.0
2018-11-20,2500.0,2594.0,2438.0,2517.0,580217008,230538,66,2510.0,2559.0
2018-11-21,2440.0,2644.0,2360.0,2529.0,344624458,136256,55,2517.0,2609.0
2018-11-24,2648.0,2650.0,2500.0,2591.0,776945020,299909,81,2529.0,2650.0
2018-11-26,2650.0,2850.0,2570.0,2828.0,1999313769,706979,125,2591.0,2850.0
2018-11-27,3110.0,3110.0,3109.0,3110.0,3583427296,1152236,154,2828.0,3110.0
2018-11-28,3199.0,3199.0,2840.0,2975.0,3291973886,1106532,258,3110.0,2840.0
2018-12-01,2712.0,2834.0,2678.0,2692.0,527923852,196114,59,2975.0,2678.0
2018-12-02,2512.0,2698.0,2512.0,2602.0,1311307968,504010,134,2692.0,2580.0
2018-12-03,2687.0,2862.0,2550.0,2764.0,1662332219,601443,152,2602.0,2862.0
2018-12-04,2945.0,2983.0,2603.0,2807.0,432788887,154204,73,2764.0,2827.0
2018-12-05,2800.0,2800.0,2611.0,2692.0,841980692,312727,107,2807.0,2697.0
2018-12-08,2767.0,2767.0,2423.0,2533.0,2184095462,862223,203,2692.0,2515.0
2018-12-09,2510.0,2540.0,2449.0,2490.0,747838434,300371,94,2533.0,2520.0
2018-12-10,2426.0,2739.0,2426.0,2693.0,1850187025,687054,138,2490.0,2739.0
2018-12-24,2962.0,2962.0,2962.0,2962.0,471514856,159188,38,2693.0,2962.0
2018-12-25,3258.0,3258.0,3052.0,3233.0,15620929594,4831737,588,2962.0,3175.0
2018-12-26,3130.0,3556.0,3100.0,3453.0,4022316569,1164947,189,3233.0,3556.0
2018-12-29,3798.0,3798.0,3790.0,3798.0,9798443639,2579962,238,3453.0,3798.0
2018-12-30,4100.0,4177.0,3900.0,4078.0,8554230718,2097787,378,3798.0,4177.0
2018-12-31,4400.0,4400.0,4400.0,4400.0,584962400,132946,13,4078.0,4400.0
2019-01-02,4800.0,4800.0,4800.0,4800.0,3870998400,806458,94,4400.0,4800.0
2019-01-05,4350.0,5280.0,4350.0,4997.0,10820088411,2165452,623,4800.0,5280.0
2019-01-06,5413.0,5495.0,4851.0,5144.0,11581239495,2251476,752,4997.0,4902.0
2019-01-07,4903.0,5100.0,4630.0,4798.0,8093666448,1686937,446,5144.0,4670.0
2019-01-08,4420.0,5150.0,4420.0,4968.0,4543013498,914492,411,4798.0,5100.0
2019-01-09,5000.0,5349.0,4850.0,5117.0,3562012266,696087,289,4968.0,5020.0
2019-01-12,4950.0,5300.0,4771.0,4997.0,2582263939,516726,230,5117.0,4950.0
2019-01-13,4998.0,4998.0,4498.0,4515.0,4851046454,1074486,289,4997.0,4498.0
2019-01-14,4120.0,4350.0,4064.0,4162.0,11904597233,2860012,717,4515.0,4210.0
2019-01-15,4400.0,4578.0,4330.0,4547.0,5465928373,1202000,232,4162.0,4578.0
2019-01-16,4800.0,4950.0,4653.0,4857.0,7205900636,1483703,412,4547.0,4910.0
2019-01-19,4711.0,5250.0,4711.0,5153.0,4131328349,801712,258,4857.0,5075.0
2019-01-20,5198.0,5275.0,4799.0,5004.0,3449067688,689208,200,5153.0,4799.0
2019-01-21,4750.0,4929.0,4504.0,4518.0,1450243156,320987,104,5004.0,4504.0
2019-01-22,4200.0,4880.0,4200.0,4456.0,4295458133,964005,313,4518.0,4600.0
2019-01-23,4600.0,4869.0,4600.0,4720.0,3597696863,762199,207,4456.0,4600.0
2019-01-26,4780.0,4780.0,4248.0,4299.0,6914664878,1608405,446,4720.0,4248.0
2019-01-27,4200.0,4488.0,3931.0,4241.0,4906162239,1156850,315,4299.0,4266.0
2019-01-28,4327.0,4327.0,4150.0,4185.0,1686056181,402926,152,4241.0,4195.0
2019-01-29,4250.0,4490.0,4221.0,4350.0,3082810233,708659,301,4185.0,4370.0
2019-01-30,4206.0,4550.0,4100.0,4271.0,3833418468,897607,267,4350.0,4200.0
2019-02-02,4150.0,4400.0,4131.0,4237.0,3234548263,763323,224,4271.0,4192.0
2019-02-03,4030.0,4200.0,3964.0,4066.0,4393850955,1080501,325,4237.0,4100.0
2019-02-04,4227.0,4299.0,4021.0,4177.0,2094542289,501395,203,4066.0,4170.0
2019-02-05,4176.0,4176.0,3980.0,4011.0,1725293820,430124,195,4177.0,4002.0
2019-02-06,4050.0,4215.0,4020.0,4087.0,1037308649,253824,92,4011.0,4070.0
2019-02-10,4022.0,4149.0,3912.0,4008.0,1151797748,287385,123,4087.0,3970.0
2019-02-12,4065.0,4065.0,3608.0,3696.0,2745666602,742847,219,4008.0,3663.0
2019-02-13,3878.0,4039.0,3650.0,3869.0,2722748807,703792,287,3696.0,3960.0
2019-02-16,4000.0,4000.0,3700.0,3800.0,1026941765,270279,126,3869.0,3760.0
2019-02-17,3800.0,3864.0,3580.0,3691.0,2207200353,597979,174,3800.0,3600.0
2019-02-18,3747.0,3747.0,3500.0,3523.0,1354046895,384305,158,3691.0,3510.0
2019-02-19,3512.0,3512.0,3305.0,3454.0,1000907618,289812,126,3523.0,3480.0
2019-02-20,3265.0,3747.0,3265.0,3639.0,1470456043,404051,149,3454.0,3640.0
2019-02-23,3416.0,3746.0,3276.0,3425.0,2152111534,628285,193,3639.0,3311.0
2019-02-24,3400.0,3400.0,3280.0,3332.0,869539607,260988,103,3425.0,3360.0
2019-02-25,3350.0,3665.0,3350.0,3590.0,2263353353,630448,184,3332.0,3665.0
2019-02-26,3949.0,3949.0,3772.0,3935.0,3452112192,877272,230,3590.0,3949.0
2019-02-27,4200.0,4328.0,4011.0,4236.0,10636930340,2511162,754,3935.0,4162.0
2019-03-02,4236.0,4500.0,3930.0,4275.0,12588901588,2945040,697,4236.0,4400.0
2019-03-03,4497.0,4659.0,4169.0,4434.0,8859552189,1997884,466,4275.0,4381.0
2019-03-04,4500.0,4500.0,4050.0,4220.0,6352246524,1505125,356,4434.0,4071.0
2019-03-05,4033.0,4140.0,3876.0,3971.0,2384389358,600490,183,4220.0,3902.0
2019-03-06,4029.0,4029.0,3650.0,3775.0,3405276521,902069,277,3971.0,3751.0
2019-03-09,3661.0,4152.0,3661.0,4073.0,5034589279,1236099,347,3775.0,4152.0
2019-03-10,4280.0,4450.0,4001.0,4248.0,5573764126,1312174,387,4073.0,4001.0
2019-03-11,3970.0,4139.0,3914.0,4007.0,3129809058,780988,249,4248.0,3920.0
2019-03-12,3868.0,4249.0,3756.0,4048.0,2522274042,623066,261,4007.0,4030.0
2019-03-13,4003.0,4190.0,3860.0,4014.0,3070749632,765010,240,4048.0,3901.0
2019-03-16,4069.0,4069.0,3872.0,3920.0,900574452,229735,117,4014.0,3893.0
2019-03-17,3867.0,4138.0,3790.0,3993.0,2886732331,722925,253,3920.0,3910.0
2019-03-18,4019.0,4020.0,3820.0,3889.0,1337879568,344042,131,3993.0,3850.0
2019-03-19,3997.0,4000.0,3806.0,3904.0,1171941457,300161,118,3889.0,3806.0
2019-03-25,4016.0,4016.0,3811.0,3895.0,958257001,246022,101,3904.0,3899.0
2019-03-26,3823.0,4031.0,3822.0,3973.0,1770351841,445566,171,3895.0,4028.0
2019-03-27,4040.0,4094.0,3911.0,3989.0,1077601105,270136,115,3973.0,3920.0
2019-03-30,3910.0,4200.0,3902.0,4099.0,2244319289,547562,168,3989.0,4200.0
2019-03-31,4200.0,4368.0,4061.0,4195.0,1712442047,408198,187,4099.0,4111.0
2019-04-06,4118.0,4337.0,4017.0,4245.0,3187006785,750688,282,4195.0,4320.0
2019-04-07,4347.0,4347.0,4077.0,4191.0,3386753203,808149,249,4245.0,4104.0
2019-04-08,4080.0,4400.0,4032.0,4236.0,5441667672,1284572,401,4191.0,4301.0
2019-04-09,4386.0,4387.0,4180.0,4281.0,3586478596,837781,210,4236.0,4240.0
2019-04-10,4131.0,4385.0,4131.0,4249.0,5670289259,1334403,272,4281.0,4189.0
2019-04-13,4299.0,4482.0,4271.0,4346.0,5238336940,1205304,303,4249.0,4280.0
2019-04-14,4390.0,4397.0,4161.0,4253.0,3871002355,910248,195,4346.0,4238.0
2019-04-15,4240.0,4362.0,4190.0,4276.0,3343600842,781948,199,4253.0,4240.0
2019-04-16,4250.0,4250.0,4153.0,4176.0,2111393849,505545,124,4276.0,4180.0
2019-04-17,4135.0,4290.0,4002.0,4157.0,1976656546,475463,157,4176.0,4086.0
2019-04-20,4282.0,4380.0,4119.0,4256.0,3220126741,756564,222,4157.0,4191.0
2019-04-22,4251.0,4370.0,4203.0,4264.0,2670686901,626348,156,4256.0,4226.0
2019-04-23,4270.0,4280.0,4150.0,4228.0,1417235488,335184,165,4264.0,4150.0
2019-04-24,4150.0,4345.0,4150.0,4243.0,3281886629,773405,173,4228.0,4190.0
2019-04-27,4185.0,4297.0,4185.0,4227.0,2238487528,529513,144,4243.0,4202.0
2019-04-28,4288.0,4649.0,4280.0,4590.0,18957707179,4130037,649,4227.0,4649.0
2019-04-29,4870.0,5049.0,4700.0,5010.0,14966005132,2987215,609,4590.0,5049.0
2019-04-30,5298.0,5511.0,4509.0,5309.0,16728676865,3150762,746,5010.0,5201.0
2019-05-01,5310.0,5310.0,4882.0,5050.0,7066172513,1399368,442,5309.0,5021.0
2019-05-04,5100.0,5199.0,4600.0,4956.0,11859501607,2393117,653,5050.0,5070.0
2019-05-05,5200.0,5450.0,5000.0,5243.0,7208888988,1374876,381,4956.0,5150.0
2019-05-06,5300.0,5400.0,4719.0,4925.0,4007225079,813708,282,5243.0,4870.0
2019-05-07,5072.0,5072.0,4433.0,4494.0,3979765646,885666,227,4925.0,4434.0
2019-05-08,4050.0,4939.0,4050.0,4724.0,6309572954,1335686,330,4494.0,4937.0
2019-05-11,5196.0,5196.0,5001.0,5193.0,23824843663,4588186,422,4724.0,5196.0
2019-05-12,5499.0,5712.0,5450.0,5697.0,14981152822,2629819,449,5193.0,5712.0
2019-05-13,6000.0,6266.0,5801.0,6207.0,25131880106,4049262,743,5697.0,6266.0
2019-05-14,6827.0,6827.0,6827.0,6827.0,3689495129,540427,57,6207.0,6827.0
2019-05-15,7509.0,7509.0,7509.0,7509.0,831726876,110764,17,6827.0,7509.0
2019-05-18,7751.0,8258.0,7020.0,7881.0,43234047869,5485961,1382,7509.0,7900.0
2019-05-19,8140.0,8140.0,7093.0,7271.0,16185430217,2225931,680,7881.0,7093.0
2019-05-20,6700.0,7000.0,6544.0,6626.0,3636983496,548934,204,7271.0,6544.0
2019-05-21,6333.0,6533.0,5965.0,6150.0,15082108332,2452263,699,6626.0,6357.0
2019-05-22,6490.0,6765.0,6301.0,6683.0,28492860279,4263226,615,6150.0,6765.0
2019-05-25,7350.0,7351.0,7000.0,7248.0,36888435356,5089507,947,6683.0,7280.0
2019-05-26,7300.0,7300.0,6524.0,6595.0,35624654616,5401406,1272,7248.0,6526.0
2019-05-28,6500.0,6500.0,6006.0,6259.0,27906866707,4458475,1163,6595.0,6467.0
2019-05-29,6600.0,6600.0,6000.0,6295.0,8632551716,1371376,503,6259.0,6170.0
2019-06-01,6170.0,6395.0,5950.0,6138.0,4603030124,749964,307,6295.0,6195.0
2019-06-02,6140.0,6268.0,5650.0,5874.0,10085255664,1717032,592,6138.0,5725.0
2019-06-03,5789.0,6099.0,5477.0,5586.0,12343600642,2209789,581,5874.0,5499.0
2019-06-08,5290.0,5470.0,5099.0,5232.0,8504805395,1625469,433,5586.0,5099.0
2019-06-09,5287.0,5755.0,5111.0,5681.0,6203515458,1091926,251,5232.0,5755.0
2019-06-10,5790.0,6095.0,5784.0,5877.0,4135544845,703725,220,5681.0,5850.0
2019-06-11,5990.0,5998.0,5557.0,5638.0,3857455186,684222,238,5877.0,5670.0
2019-06-12,5929.0,5929.0,5200.0,5602.0,3164172345,564832,215,5638.0,5690.0
2019-06-15,5675.0,5675.0,5211.0,5447.0,2230389192,409453,178,5602.0,5388.0
2019-06-16,5678.0,5678.0,5357.0,5556.0,1516059159,272873,176,5447.0,5560.0
2019-06-17,5600.0,5632.0,5290.0,5401.0,2048551749,379269,196,5556.0,5589.0
2019-06-18,5588.0,5588.0,5400.0,5458.0,3878367440,710606,173,5401.0,5416.0
2019-06-19,5600.0,5600.0,5420.0,5498.0,4278572334,778243,188,5458.0,5504.0
2019-06-22,5600.0,5985.0,5350.0,5679.0,7329930746,1290667,389,5498.0,5948.0
2019-06-23,6000.0,6246.0,6000.0,6198.0,6702723604,1081504,248,5679.0,6246.0
2019-06-24,6815.0,6815.0,6261.0,6603.0,11556634920,1750148,547,6198.0,6419.0
2019-06-25,6499.0,6499.0,5943.0,6077.0,7893425181,1298893,509,6603.0,5960.0
2019-06-26,5551.0,6399.0,5551.0,6140.0,8466934950,1379055,499,6077.0,6006.0
2019-06-30,6290.0,6290.0,5805.0,6089.0,4775914667,784345,324,6140.0,6000.0
2019-07-01,6140.0,6140.0,5870.0,5954.0,3112935401,522814,177,6089.0,5956.0
2019-07-02,6195.0,6490.0,5965.0,6267.0,8378270077,1336872,502,5954.0,6260.0
2019-07-03,6260.0,6700.0,6111.0,6413.0,12284124506,1915547,408,6267.0,6700.0
2019-07-06,6740.0,6890.0,6500.0,6656.0,11446176314,1719801,527,6413.0,6532.0
2019-07-07,6500.0,6661.0,6300.0,6559.0,5895026421,898809,283,6656.0,6500.0
2019-07-08,6560.0,7214.0,6500.0,7141.0,15899954278,2226450,466,6559.0,7214.0
2019-07-09,7350.0,7410.0,6519.0,7023.0,12849046884,1829683,520,7141.0,6870.0
2019-07-10,7050.0,7050.0,6460.0,6635.0,5599541664,843967,316,7023.0,6640.0
2019-07-13,6640.0,7100.0,6640.0,6867.0,5397004089,785976,264,6635.0,7045.0
2019-07-14,6868.0,7553.0,6868.0,7456.0,26180625128,3511429,724,6867.0,7552.0
2019-07-15,7399.0,7710.0,6920.0,7224.0,7969400543,1103110,482,7456.0,7000.0
2019-07-16,6970.0,6970.0,6502.0,6507.0,3489576640,536297,170,7224.0,6502.0
2019-07-17,6300.0,6950.0,5858.0,6608.0,7086423218,1072458,303,6507.0,6651.0
2019-07-20,6501.0,6999.0,6337.0,6582.0,3345688189,508338,179,6608.0,6678.0
2019-07-21,6699.0,6937.0,6200.0,6613.0,5646415985,853857,296,6582.0,6590.0
2019-07-22,6112.0,6480.0,6000.0,6195.0,5503830547,888374,337,6613.0,6200.0
2019-07-23,6052.0,6288.0,6052.0,6190.0,2498121343,403560,212,6195.0,6271.0
2019-07-24,6350.0,6610.0,6060.0,6494.0,5122928114,788840,310,6190.0,6500.0
2019-07-27,6300.0,6770.0,6200.0,6386.0,3491003825,546665,192,6494.0,6427.0
2019-07-28,6700.0,6700.0,6400.0,6575.0,5265281640,800769,397,6386.0,6533.0
2019-07-29,6690.0,6690.0,6402.0,6469.0,2851285626,440780,204,6575.0,6494.0
2019-07-30,6600.0,7115.0,6501.0,7024.0,13562121868,1930771,579,6469.0,7115.0
2019-07-31,7218.0,7480.0,6670.0,6998.0,14042210223,2006718,768,7024.0,6945.0
2019-08-03,7099.0,7099.0,6661.0,6824.0,4825892166,707225,286,6998.0,6860.0
2019-08-04,6900.0,7200.0,6672.0,6938.0,8449357060,1217830,435,6824.0,6968.0
2019-08-05,7200.0,7398.0,7055.0,7277.0,15791035162,2170035,673,6938.0,7384.0
2019-08-06,7490.0,8004.0,7367.0,7693.0,17138466710,2227850,792,7277.0,7670.0
2019-08-07,7794.0,7794.0,7290.0,7605.0,8549139209,1124145,593,7693.0,7500.0
2019-08-10,7800.0,7800.0,7015.0,7599.0,5623222209,739968,360,7605.0,7575.0
2019-08-11,7400.0,8199.0,7400.0,7846.0,8421722821,1073383,491,7599.0,7703.0
2019-08-13,8049.0,8150.0,7501.0,7877.0,7378108825,936722,424,7846.0,7755.0
2019-08-14,7758.0,8100.0,7700.0,7801.0,8698257350,1114991,361,7877.0,7700.0
2019-08-17,7711.0,7860.0,7480.0,7520.0,9174387648,1220066,557,7801.0,7483.0
2019-08-18,7890.0,7890.0,7011.0,7314.0,4571646248,625054,355,7520.0,7300.0
2019-08-19,7202.0,8045.0,7202.0,7948.0,15630778019,1966604,543,7314.0,8045.0
2019-08-21,8269.0,8742.0,8200.0,8473.0,13705328001,1617495,663,7948.0,8370.0
2019-08-24,8336.0,8700.0,8100.0,8259.0,14102383686,1707415,709,8473.0,8310.0
2019-08-25,8310.0,8310.0,7535.0,7896.0,7991507419,1012119,474,8259.0,7900.0
2019-08-26,8310.0,8458.0,7901.0,8254.0,9812778545,1188900,500,7896.0,8299.0
2019-08-27,8500.0,8500.0,7790.0,8049.0,8837723094,1098009,551,8254.0,7790.0
2019-08-28,7245.0,7880.0,7245.0,7296.0,10367772355,1420926,539,8049.0,7245.0
2019-08-31,6567.0,7000.0,6567.0,6570.0,6563443273,999018,307,7296.0,6567.0
2019-09-01,6373.0,6373.0,6373.0,6373.0,157795480,24760,29,6570.0,6373.0
2019-09-02,6182.0,6182.0,6182.0,6182.0,88025498,14239,16,6373.0,6182.0
2019-09-03,5997.0,5997.0,5997.0,5997.0,930182676,155108,98,6182.0,5997.0
2019-09-04,5818.0,6175.0,5818.0,5965.0,5931125440,994282,425,5997.0,5852.0
2019-09-16,5608.0,5608.0,5608.0,5608.0,1631479360,290920,50,5965.0,5608.0
2019-09-17,5515.0,5776.0,5440.0,5521.0,7737200983,1401521,482,5608.0,5445.0
2019-09-18,5460.0,5460.0,5440.0,5441.0,2998579429,551102,92,5521.0,5440.0
2019-09-21,5440.0,5440.0,5440.0,5440.0,291050880,53502,23,5441.0,5440.0
2019-09-22,5440.0,5440.0,5440.0,5440.0,195121920,35868,30,5440.0,5440.0
2019-09-23,5470.0,5646.0,5440.0,5470.0,4139869810,756848,251,5440.0,5440.0
2019-09-24,5469.0,5470.0,5277.0,5298.0,1178100731,222373,94,5470.0,5277.0
2019-09-25,5140.0,5200.0,5140.0,5140.0,3089856157,601081,201,5298.0,5140.0
2019-09-28,4986.0,5100.0,4986.0,4991.0,6957581010,1394112,355,5140.0,5046.0
2019-09-29,5011.0,5140.0,5000.0,5115.0,1704766192,333309,145,4991.0,5140.0
2019-09-30,5268.0,5268.0,5255.0,5268.0,3641258716,691265,167,5115.0,5268.0
2019-10-01,5369.0,5369.0,5123.0,5251.0,2199188501,418837,185,5268.0,5125.0
2019-10-02,5094.0,5260.0,5094.0,5099.0,2588504725,507641,145,5251.0,5094.0
2019-10-05,4999.0,4999.0,4947.0,4951.0,989298054,199820,79,5099.0,4947.0
2019-10-06,4803.0,5099.0,4803.0,4953.0,3262231394,658655,213,4951.0,5099.0
2019-10-07,5101.0,5101.0,5101.0,5101.0,1237681135,242635,53,4953.0,5101.0
2019-10-08,5249.0,5254.0,4948.0,5149.0,2605703791,506028,195,5101.0,5080.0
2019-10-09,5080.0,5200.0,4995.0,5026.0,1652914773,328892,124,5149.0,4995.0
2019-10-12,4876.0,5150.0,4876.0,4945.0,1305547384,263997,138,5026.0,4913.0
2019-10-13,4800.0,5089.0,4800.0,4856.0,1910195765,393361,143,4945.0,4850.0
2019-10-14,4900.0,4900.0,4711.0,4746.0,629017790,132529,57,4856.0,4711.0
2019-10-15,4604.0,4604.0,4604.0,4604.0,55887956,12139,13,4746.0,4604.0
2019-10-16,4466.0,4466.0,4466.0,4466.0,207633272,46492,26,4604.0,4466.0
2019-10-20,4333.0,4333.0,4333.0,4333.0,68595723,15831,6,4466.0,4333.0
2019-10-21,4117.0,4117.0,4117.0,4117.0,79663950,19350,12,4333.0,4117.0
2019-10-22,3994.0,4230.0,3994.0,4005.0,2634298193,657794,201,4117.0,3994.0
2019-10-23,4125.0,4125.0,4010.0,4120.0,3355705685,814505,172,4005.0,4125.0
2019-10-26,4243.0,4243.0,4243.0,4243.0,43796246,10322,13,4120.0,4243.0
2019-10-28,4370.0,4370.0,4370.0,4370.0,113641850,26005,13,4243.0,4370.0
2019-10-30,4588.0,4588.0,4588.0,4588.0,106326900,23175,13,4370.0,4588.0
2019-11-02,4725.0,4725.0,4725.0,4725.0,889901775,188339,40,4588.0,4725.0
2019-11-03,4866.0,4866.0,4866.0,4866.0,716533098,147253,21,4725.0,4866.0
2019-11-04,5011.0,5011.0,5011.0,5011.0,1067899221,213111,52,4866.0,5011.0
2019-11-05,5261.0,5261.0,5020.0,5260.0,4125072119,784168,151,5011.0,5261.0
2019-11-09,5417.0,5417.0,5105.0,5359.0,3349684616,625103,245,5260.0,5380.0
2019-11-10,5420.0,5519.0,5199.0,5396.0,3778068672,700208,246,5359.0,5519.0
2019-11-11,5557.0,5557.0,5557.0,5557.0,4534045212,815916,68,5396.0,5557.0
2019-11-12,5723.0,5723.0,5723.0,5723.0,661166744,115528,34,5557.0,5723.0
2019-11-13,6009.0,6009.0,5450.0,5965.0,8671220946,1453701,380,5723.0,6006.0
2019-11-16,6100.0,6137.0,5787.0,5848.0,3947329985,675039,260,5965.0,5787.0
2019-11-17,5673.0,5673.0,5673.0,5673.0,96463692,17004,12,5848.0,5673.0
2019-11-18,5503.0,5503.0,5503.0,5503.0,210605313,38271,22,5673.0,5503.0
2019-11-19,5228.0,5698.0,5228.0,5412.0,11394953378,2105585,351,5503.0,5661.0
2019-11-20,5574.0,5574.0,5574.0,5574.0,249369612,44738,22,5412.0,5574.0
2019-11-23,5741.0,5741.0,5459.0,5740.0,2871467043,500236,126,5574.0,5741.0
2019-11-24,5912.0,5912.0,5900.0,5912.0,4281686551,724297,179,5740.0,5912.0
2019-11-25,6207.0,6207.0,5920.0,6117.0,6384969268,1043781,342,5912.0,6207.0
2019-11-26,6300.0,6300.0,6000.0,6156.0,3571041416,580054,232,6117.0,6125.0
2019-11-27,5974.0,6137.0,5972.0,5998.0,4965040139,827832,232,6156.0,5990.0
2019-11-30,5998.0,6099.0,5819.0,5944.0,1250138636,210321,129,5998.0,6000.0
2019-12-01,5845.0,6122.0,5845.0,6113.0,3418339517,559190,175,5944.0,6122.0
2019-12-02,6290.0,6296.0,6110.0,6228.0,3549894540,570016,214,6113.0,6268.0
2019-12-03,6310.0,6310.0,6043.0,6152.0,2583311769,419891,165,6228.0,6120.0
2019-12-04,6120.0,6336.0,6104.0,6286.0,5289523993,841425,212,6152.0,6336.0
2019-12-07,6474.0,6474.0,6370.0,6473.0,2149013702,331971,120,6286.0,6474.0
2019-12-08,6599.0,6667.0,6510.0,6640.0,1986804776,299206,71,6473.0,6667.0
2019-12-09,6972.0,6972.0,6720.0,6960.0,11809421376,1696746,298,6640.0,6972.0
2019-12-10,7168.0,7168.0,7168.0,7168.0,10121043968,1411976,193,6960.0,7168.0
2019-12-11,7360.0,7383.0,7170.0,7356.0,4408727917,599311,134,7168.0,7383.0
2019-12-14,7576.0,7576.0,7576.0,7576.0,5641862352,744702,132,7356.0,7576.0
2019-12-15,7954.0,7954.0,7954.0,7954.0,7003425414,880491,190,7576.0,7954.0
2019-12-16,8192.0,8192.0,8000.0,8191.0,13699945450,1672612,229,7954.0,8192.0
2019-12-17,8436.0,8436.0,8436.0,8436.0,1068124140,126615,43,8191.0,8436.0
2019-12-18,8689.0,8689.0,8689.0,8689.0,1972411689,227001,72,8436.0,8689.0
2019-12-21,9123.0,9123.0,9122.0,9123.0,13334812701,1461671,263,8689.0,9123.0
2019-12-30,9396.0,9677.0,9396.0,9637.0,2454713864,254706,34,9123.0,9677.0
2019-12-31,9842.0,9926.0,9360.0,9814.0,42584785715,4339103,1060,9637.0,9926.0
2020-01-01,10108.0,10108.0,10001.0,10108.0,21570082345,2133985,543,9814.0,10108.0
2020-01-04,9805.0,9805.0,9805.0,9805.0,684751785,69837,21,10108.0,9805.0
2020-01-05,9511.0,9800.0,9511.0,9527.0,12786950388,1342111,265,9805.0,9511.0
2020-01-07,9242.0,9511.0,9242.0,9267.0,1808620991,195176,67,9527.0,9242.0
2020-01-08,9082.0,9082.0,9082.0,9082.0,97331794,10717,7,9267.0,9082.0
2020-01-11,9263.0,9263.0,9263.0,9263.0,955895285,103195,42,9082.0,9263.0
2020-01-12,9540.0,9540.0,8986.0,9156.0,18755078824,2048435,639,9263.0,9150.0
2020-01-13,9380.0,9430.0,8951.0,9245.0,13877552873,1501139,315,9156.0,9430.0
2020-01-14,9522.0,9522.0,9522.0,9522.0,3648040074,383117,67,9245.0,9522.0
2020-01-25,10101.0,10404.0,10101.0,10320.0,3650110768,353689,111,9522.0,10404.0
2020-01-26,10629.0,10629.0,10629.0,10629.0,8115847353,763557,122,10320.0,10629.0
2020-01-27,10947.0,10947.0,10629.0,10941.0,12310865386,1125161,199,10629.0,10947.0
2020-01-28,11269.0,11269.0,10950.0,11195.0,7618804151,680560,179,10941.0,11269.0
2020-02-01,11754.0,11754.0,10637.0,11688.0,19648281817,1681015,569,11195.0,11480.0
2020-02-02,11338.0,11423.0,11338.0,11339.0,7498959524,661335,365,11688.0,11338.0
2020-02-03,10999.0,11338.0,10999.0,11061.0,28021672105,2533264,929,11339.0,11000.0
2020-02-04,10780.0,11200.0,10730.0,10786.0,20567495228,1906839,359,11061.0,10900.0
2020-02-05,10688.0,11109.0,10463.0,10975.0,16806397549,1531330,592,10786.0,11109.0
2020-02-08,11304.0,11304.0,10646.0,10869.0,16475578376,1515797,682,10975.0,10800.0
2020-02-09,11139.0,11139.0,10543.0,10569.0,12574858346,1189765,617,10869.0,10543.0
2020-02-10,10800.0,10800.0,10252.0,10369.0,6087949708,587105,347,10569.0,10490.0
2020-02-12,10600.0,10680.0,10395.0,10667.0,8543875421,800983,358,10369.0,10680.0
2020-02-15,10987.0,10987.0,10987.0,10987.0,4432760085,403455,162,10667.0,10987.0
2020-02-16,11316.0,11316.0,11180.0,11314.0,4546187758,401820,182,10987.0,11316.0
2020-02-17,11879.0,11879.0,11227.0,11737.0,14200797183,1209929,438,11314.0,11510.0
2020-02-18,12060.0,12083.0,11385.0,11395.0,18825942315,1652149,565,11737.0,11385.0
2020-02-19,11057.0,11704.0,11054.0,11324.0,24188573632,2136026,858,11395.0,11630.0
2020-02-22,10986.0,11663.0,10986.0,11528.0,14524190445,1259896,374,11324.0,11663.0
2020-02-23,11873.0,11873.0,11334.0,11855.0,11793281348,994814,338,11528.0,11873.0
2020-02-24,12210.0,12210.0,12210.0,12210.0,1403686020,114962,66,11855.0,12210.0
2020-02-25,12820.0,12820.0,12820.0,12820.0,1180439960,92078,50,12210.0,12820.0
2020-02-26,13204.0,13204.0,13204.0,13204.0,2106843444,159561,63,12820.0,13204.0
2020-02-29,12808.0,12808.0,12808.0,12808.0,2164756928,169016,117,13204.0,12808.0
2020-03-01,12424.0,13180.0,12424.0,12862.0,41319285309,3212433,898,12808.0,13079.0
2020-03-02,13200.0,13247.0,12883.0,13162.0,15847388520,1196742,337,12862.0,13247.0
2020-03-03,13556.0,13556.0,12810.0,13238.0,14091160019,1061815,611,13162.0,12900.0
2020-03-04,13459.0,13459.0,12841.0,12876.0,21791786517,1692391,769,13238.0,12841.0
2020-03-07,12510.0,12790.0,12490.0,12692.0,9605084922,768147,474,12876.0,12490.0
2020-03-09,13000.0,13000.0,12312.0,12674.0,1133196842,91466,98,12692.0,12312.0
2020-03-10,12041.0,12730.0,12041.0,12260.0,13446105053,1111679,459,12674.0,12041.0
2020-03-11,11900.0,12260.0,11893.0,12071.0,10596068728,888182,342,12260.0,11893.0
2020-03-14,11709.0,11709.0,11709.0,12060.0,570790332,48748,52,12071.0,11709.0
2020-03-15,11699.0,11699.0,11699.0,12036.0,1273108578,108822,122,12060.0,11699.0
2020-03-16,11436.0,11949.0,11435.0,11857.0,5737549842,501294,298,12036.0,11435.0
2020-03-17,11550.0,11999.0,11502.0,11793.0,3799695357,329352,167,11857.0,11502.0
2020-03-18,11440.0,12111.0,11440.0,11725.0,16869924100,1440032,715,11793.0,12072.0
2020-03-24,11400.0,12005.0,11400.0,11699.0,5724997473,492100,331,11725.0,11695.0
2020-03-25,11361.0,12049.0,11361.0,11775.0,8616931224,725507,530,11699.0,12049.0
2020-03-28,12110.0,12128.0,11700.0,11965.0,18735808247,1563783,660,11775.0,12128.0
2020-03-29,12323.0,12323.0,11611.0,12075.0,13639762315,1124356,602,11965.0,11884.0
2020-03-30,11713.0,12437.0,11713.0,12063.0,13840828989,1147949,431,12075.0,12220.0
2020-04-04,12420.0,12424.0,12000.0,12141.0,8545286485,697661,461,12063.0,12052.0
2020-04-05,12490.0,12490.0,11777.0,12005.0,9514044012,802201,485,12141.0,11777.0
2020-04-06,11800.0,12365.0,11645.0,12140.0,20113964899,1656832,705,12005.0,12365.0
2020-04-07,12498.0,12504.0,12000.0,12196.0,9092031560,741250,365,12140.0,12017.0
2020-04-08,12000.0,12300.0,11930.0,12111.0,11136248531,924672,444,12196.0,12149.0
2020-04-11,12300.0,12474.0,11900.0,12310.0,14431327174,1164460,372,12111.0,12474.0
2020-04-12,12679.0,12679.0,12679.0,12356.0,2616413082,206358,85,12310.0,12679.0
2020-04-13,12726.0,12726.0,12300.0,12520.0,11503638466,909114,301,12356.0,12726.0
2020-04-14,12145.0,12887.0,12145.0,12492.0,6759083591,543497,340,12520.0,12218.0
2020-04-15,12780.0,12866.0,12121.0,12637.0,13259876684,1042277,398,12492.0,12866.0
2020-04-18,13016.0,13016.0,13016.0,12763.0,6856490384,526774,117,12637.0,13016.0
2020-04-19,13145.0,13145.0,13145.0,13015.0,13739127710,1045198,206,12763.0,13145.0
2020-04-20,13405.0,13665.0,13015.0,13629.0,39890055486,2926798,283,13015.0,13665.0
2020-04-21,14037.0,14037.0,13666.0,13941.0,18618595700,1329869,229,13629.0,14037.0
2020-04-22,14359.0,14359.0,14037.0,14111.0,9424351966,656674,155,13941.0,14359.0
2020-04-25,14534.0,14534.0,14000.0,14329.0,12240782495,845550,311,14111.0,14534.0
2020-04-26,14758.0,14758.0,13900.0,14177.0,17623226558,1244956,495,14329.0,14100.0
2020-04-27,13800.0,14600.0,13752.0,13964.0,30655867968,2195407,516,14177.0,14077.0
2020-04-28,14000.0,14000.0,13546.0,13696.0,13093277338,964814,372,13964.0,13546.0
2020-04-29,13310.0,14106.0,13286.0,13818.0,18405041972,1331249,596,13696.0,14106.0
2020-05-02,14230.0,14232.0,13818.0,14114.0,15051548561,1058225,498,13818.0,14229.0
2020-05-03,14537.0,14537.0,14319.0,14497.0,30697817068,2117591,725,14114.0,14537.0
2020-05-04,14597.0,14649.0,14063.0,14343.0,12225965118,858745,482,14497.0,14153.0
2020-05-05,14615.0,14615.0,13913.0,14230.0,7084231813,505301,254,14343.0,13913.0
2020-05-06,13804.0,14200.0,13804.0,14052.0,12278633819,881011,246,14230.0,14000.0
2020-05-09,14471.0,14471.0,13650.0,14107.0,11580152983,818547,371,14052.0,14100.0
2020-05-10,14100.0,14100.0,13684.0,13988.0,25606443833,1830627,519,14107.0,13684.0
2020-05-11,13684.0,13684.0,13569.0,13706.0,13214248895,973388,262,13988.0,13569.0
2020-05-12,13295.0,13620.0,13295.0,13642.0,3383390756,253496,129,13706.0,13295.0
2020-05-13,12960.0,14100.0,12960.0,13575.0,8038872560,596274,313,13642.0,13300.0
2020-05-16,13972.0,13972.0,13168.0,13529.0,3748298412,281068,185,13575.0,13168.0
2020-05-17,13124.0,13184.0,13124.0,13433.0,4622833078,352204,173,13529.0,13124.0
2020-05-18,13032.0,13833.0,13031.0,13199.0,14474613079,1103188,313,13433.0,13034.0
2020-05-19,12804.0,13496.0,12804.0,13016.0,9345582475,728456,250,13199.0,12804.0
2020-05-20,12679.0,12679.0,12626.0,12932.0,4066918005,321940,207,13016.0,12626.0
2020-05-23,12545.0,12545.0,12545.0,12907.0,1271950095,101391,55,12932.0,12545.0
2020-05-26,12520.0,12520.0,12520.0,12904.0,134026600,10705,11,12907.0,12520.0
2020-05-27,12259.0,12517.0,12259.0,12408.0,14801038107,1206404,252,12904.0,12259.0
2020-05-30,12036.0,12386.0,12036.0,12222.0,10293216522,853748,345,12408.0,12036.0
2020-05-31,11856.0,11900.0,11856.0,12175.0,2471917011,208491,95,12222.0,11856.0
2020-06-01,11810.0,11810.0,11810.0,12130.0,2325483480,196908,97,12175.0,11810.0
2020-06-02,11767.0,12399.0,11767.0,12064.0,13889220860,1153766,445,12130.0,12399.0
2020-06-06,12425.0,12425.0,12020.0,12164.0,6236293008,503153,232,12064.0,12425.0
2020-06-07,12528.0,12528.0,12200.0,12393.0,13763846822,1100281,332,12164.0,12528.0
2020-06-08,12542.0,12700.0,12127.0,12390.0,5922814895,478267,310,12393.0,12200.0
2020-06-09,12202.0,12610.0,12019.0,12312.0,7876119067,646073,264,12390.0,12100.0
2020-06-10,12100.0,12681.0,12100.0,12367.0,6563681965,525707,350,12312.0,12590.0
2020-06-13,12730.0,12738.0,12370.0,12546.0,11774870025,928649,290,12367.0,12738.0
2020-06-14,12922.0,12922.0,12726.0,12815.0,15011353567,1161847,211,12546.0,12922.0
2020-06-15,13199.0,13199.0,13199.0,12955.0,7799157110,590890,90,12815.0,13199.0
2020-06-16,13343.0,13343.0,13343.0,13035.0,4462112688,334416,68,12955.0,13343.0
2020-06-20,13686.0,13686.0,13686.0,13370.0,10812336894,790029,105,13035.0,13686.0
2020-06-21,13771.0,13771.0,13771.0,13521.0,7955382761,577691,106,13370.0,13771.0
2020-06-22,13926.0,13926.0,13926.0,13556.0,1870985952,134352,90,13521.0,13926.0
2020-06-23,13962.0,13962.0,13962.0,13822.0,14046707454,1006067,185,13556.0,13962.0
2020-06-24,14510.0,14513.0,13829.0,14195.0,14566990751,1012519,312,13822.0,14513.0
2020-06-27,14620.0,14620.0,14620.0,14333.0,6712305160,459118,91,14195.0,14620.0
2020-06-28,14762.0,14762.0,13904.0,14464.0,25828526087,1785744,298,14333.0,13906.0
2020-06-29,14031.0,14031.0,14031.0,14436.0,1294892928,92288,58,14464.0,14031.0
2020-06-30,14003.0,14869.0,14003.0,14505.0,27393371912,1888548,490,14436.0,14869.0
2020-07-01,14940.0,14940.0,14869.0,14904.0,19391263770,1298071,239,14505.0,14940.0
2020-07-04,15351.0,15351.0,14900.0,15306.0,24985993563,1632398,340,14904.0,15351.0
2020-07-05,16071.0,16071.0,15766.0,16008.0,19991995128,1244604,277,15306.0,16071.0
2020-07-06,16488.0,16488.0,16488.0,16099.0,4179444192,253484,78,16008.0,16488.0
2020-07-07,16581.0,16581.0,16581.0,16278.0,8256309978,497938,106,16099.0,16581.0
2020-07-08,16766.0,16766.0,16766.0,16540.0,12058123966,719201,185,16278.0,16766.0
2020-07-11,17367.0,17367.0,17367.0,16690.0,3804119781,219043,93,16540.0,17367.0
2020-07-12,17190.0,17190.0,17190.0,16923.0,9698460480,564192,87,16690.0,17190.0
2020-07-13,17430.0,17430.0,17430.0,17127.0,8479032660,486462,109,16943.0,17430.0
2020-07-14,17640.0,17640.0,17640.0,17217.0,3727596600,211315,78,17127.0,17640.0
2020-07-15,18077.0,18077.0,18077.0,17473.0,6518728893,360609,89,17217.0,18077.0
2020-07-18,17997.0,17997.0,17997.0,17564.0,3565799601,198133,77,17473.0,17997.0
2020-07-19,18090.0,18090.0,18090.0,17759.0,7677070380,424382,84,17564.0,18090.0
2020-07-20,18291.0,18291.0,18291.0,18188.0,16877325192,922712,99,17759.0,18291.0
2020-07-21,19097.0,19097.0,19097.0,18775.0,14124656819,739627,120,18188.0,19097.0
2020-07-22,19338.0,19338.0,19338.0,18930.0,6093326448,315096,70,18775.0,19338.0
2020-07-25,19497.0,19497.0,19497.0,19109.0,6507806145,333785,95,18930.0,19497.0
2020-07-26,19682.0,19682.0,19682.0,19197.0,3209583104,163072,61,19109.0,19682.0
2020-07-27,20156.0,20156.0,20156.0,19422.0,5002900604,248209,93,19197.0,20156.0
2020-07-28,20004.0,20004.0,20004.0,19573.0,5499679716,274929,76,19422.0,20004.0
2020-07-29,20160.0,20160.0,20160.0,19797.0,8115488640,402554,108,19573.0,20160.0
2020-08-01,20390.0,20390.0,20390.0,19887.0,3113512220,152698,71,19797.0,20390.0
2020-08-02,20881.0,20881.0,20881.0,20596.0,15050836871,720791,114,19887.0,20881.0
2020-08-03,21213.0,21213.0,21213.0,20678.0,2860085151,134827,77,20596.0,21213.0
2020-08-04,21298.0,21298.0,21298.0,20730.0,1795783466,84317,73,20678.0,21298.0
2020-08-05,21351.0,21351.0,21351.0,20825.0,3303149157,154707,76,20730.0,21351.0
2020-08-09,21866.0,21866.0,21866.0,21866.0,22288910306,1019341,242,20825.0,21866.0
2020-08-10,22521.0,22521.0,22521.0,22003.0,4513771425,200425,77,21866.0,22521.0
2020-08-11,22663.0,22663.0,22663.0,22229.0,7468523661,329547,64,22003.0,22663.0
2020-08-12,22895.0,22895.0,22895.0,22281.0,1709088855,74649,46,22229.0,22895.0
2020-08-15,23395.0,23395.0,23395.0,22949.0,12595868000,538400,69,22281.0,23395.0
2020-08-16,23637.0,23637.0,23637.0,23405.0,14059051230,594790,80,22949.0,23637.0
2020-08-17,24107.0,24107.0,24107.0,23498.0,2869504424,119032,68,23405.0,24107.0
2020-08-18,24202.0,24202.0,24202.0,24158.0,20353470566,840983,220,23498.0,24202.0
2020-08-19,25365.0,25365.0,25365.0,24849.0,13035403245,513913,100,24158.0,25365.0
2020-08-22,25594.0,25594.0,25594.0,25071.0,6140768420,239930,58,24849.0,25594.0
2020-08-23,25823.0,25823.0,24319.0,25468.0,74673656312,2932001,766,25071.0,24319.0
2020-08-24,24704.0,24704.0,24704.0,25369.0,2573489792,104173,88,25468.0,24704.0
2020-08-25,24608.0,24608.0,24608.0,25279.0,2354001280,95660,84,25369.0,24608.0
2020-08-26,24016.0,24016.0,24016.0,24942.0,5152728864,214554,134,25279.0,24016.0
2020-08-31,24194.0,24194.0,24194.0,24883.0,1540722308,63682,52,24942.0,24194.0
2020-09-01,24137.0,24137.0,24137.0,24849.0,873711126,36198,16,24883.0,24137.0
2020-09-05,23607.0,23607.0,23607.0,24767.0,1257332427,53261,36,24849.0,23607.0
2020-09-06,24024.0,24024.0,24024.0,24731.0,931146216,38759,13,24767.0,24024.0
2020-09-07,23990.0,23990.0,23990.0,24729.0,63381580,2642,5,24731.0,23990.0
2020-09-08,23988.0,23988.0,23988.0,24728.0,18950520,790,2,24729.0,23988.0
2020-09-09,23492.0,23492.0,23492.0,24179.0,8398061112,357486,121,24728.0,23492.0
2020-09-12,23454.0,24904.0,23454.0,23724.0,185597489366,7823334,1822,24179.0,24904.0
2020-09-13,24435.0,24435.0,24435.0,24383.0,18734778765,766719,220,23724.0,24435.0
2020-09-14,25114.0,25114.0,25114.0,25011.0,17846611136,710624,125,24383.0,25114.0
2020-09-15,26261.0,26261.0,26261.0,25456.0,7734415981,294521,205,25011.0,26261.0
2020-09-16,26219.0,26219.0,26219.0,25858.0,11423277453,435687,230,25456.0,26219.0
2020-09-19,26633.0,26633.0,25083.0,26406.0,89881822287,3403777,1484,25858.0,26633.0
2020-09-20,27198.0,27198.0,26214.0,27146.0,45886920060,1690359,1003,26406.0,27198.0
2020-09-21,28260.0,28503.0,25790.0,28013.0,84515813861,3017051,1799,27146.0,28503.0
2020-09-22,28853.0,28853.0,28853.0,28560.0,14537930286,503862,276,28013.0,28853.0
2020-09-23,29416.0,29416.0,29416.0,29281.0,19159699776,651336,284,28560.0,29416.0
2020-09-26,30159.0,30159.0,30159.0,29950.0,15685062561,520079,246,29281.0,30159.0
2020-09-27,30849.0,31447.0,28953.0,31019.0,58842766608,1896979,764,29950.0,31447.0
2020-09-28,31949.0,31949.0,30089.0,31458.0,165615068876,5264647,2401,31019.0,30940.0
2020-09-29,30515.0,31000.0,30515.0,30630.0,37891046773,1237069,624,31458.0,30515.0
2020-09-30,29712.0,29712.0,29712.0,30456.0,3840305712,129251,73,30630.0,29712.0
2020-10-03,29543.0,29543.0,29543.0,30343.0,2394017005,81035,44,30456.0,29543.0
2020-10-04,28826.0,28826.0,28826.0,30164.0,2227932714,77289,76,30343.0,28826.0
2020-10-05,29260.0,29260.0,29260.0,30138.0,548273880,18738,15,30164.0,29260.0
2020-10-07,29234.0,31042.0,29234.0,29774.0,59577055190,2000959,681,30138.0,31042.0
2020-10-10,30667.0,30667.0,28881.0,29948.0,114124129192,3810790,1907,29774.0,28881.0
2020-10-11,29050.0,29500.0,29050.0,29118.0,33425889997,1147932,547,29948.0,29050.0
2020-10-12,28245.0,28245.0,28245.0,29076.0,908669895,32171,17,29118.0,28245.0
2020-10-13,27623.0,28160.0,27623.0,27638.0,36919718464,1335832,339,29076.0,27623.0
2020-10-14,26809.0,26809.0,26809.0,27604.0,745906807,27823,27,27638.0,26809.0
2020-10-18,26776.0,26776.0,26776.0,27564.0,948004280,35405,47,27604.0,26776.0
2020-10-19,26738.0,26738.0,26738.0,27550.0,326417504,12208,19,27564.0,26738.0
2020-10-20,26173.0,26173.0,26173.0,27509.0,558584166,21342,23,27550.0,26173.0
2020-10-21,26684.0,28334.0,26684.0,27741.0,70535373313,2542616,824,27509.0,28334.0
2020-10-24,28573.0,28573.0,26909.0,27779.0,32753592777,1179079,686,27741.0,26909.0
2020-10-26,26946.0,26946.0,26946.0,27766.0,307292184,11404,16,27779.0,26946.0
2020-10-27,26934.0,26934.0,26934.0,27737.0,679086942,25213,30,27766.0,26934.0
2020-10-28,26351.0,26351.0,26351.0,27483.0,3484208273,132223,73,27737.0,26351.0
2020-10-31,26659.0,26659.0,26659.0,27422.0,1435453855,53845,53,27483.0,26659.0
2020-11-01,26600.0,26600.0,26600.0,27416.0,139384000,5240,10,27422.0,26600.0
2020-11-02,26594.0,26594.0,26594.0,27392.0,575387784,21636,14,27416.0,26594.0
2020-11-04,26023.0,26023.0,26023.0,27193.0,2750995422,105714,57,27392.0,26023.0
2020-11-07,26378.0,26378.0,26378.0,27190.0,76496200,2900,5,27193.0,26378.0
2020-11-08,26375.0,26375.0,26375.0,27188.0,40010875,1517,5,27190.0,26375.0
2020-11-09,26373.0,28003.0,26373.0,27249.0,103414657177,3795145,1569,27188.0,27000.0
2020-11-10,26432.0,26432.0,26432.0,27133.0,2758972160,104380,114,27249.0,26432.0
2020-11-11,26320.0,27600.0,26320.0,26570.0,30376800118,1143284,472,27133.0,26320.0
2020-11-14,25773.0,25773.0,25773.0,26530.0,962647323,37351,42,26570.0,25773.0
2020-11-15,25204.0,25760.0,25204.0,25210.0,44776601812,1776137,558,26530.0,25204.0
2020-11-16,25966.0,25966.0,25966.0,25857.0,16737449906,644591,248,25210.0,25966.0
2020-11-17,26632.0,26632.0,26632.0,26248.0,10105858616,379463,135,25857.0,26632.0
2020-11-18,27035.0,27035.0,27035.0,26980.0,18933745970,700342,184,26248.0,27035.0
2020-11-21,28329.0,28329.0,28329.0,28208.0,19110460110,674590,207,26980.0,28329.0
2020-11-22,29054.0,29054.0,29054.0,28834.0,15925659560,548140,137,28208.0,29054.0
2020-11-23,29699.0,29699.0,29699.0,29358.0,13328643909,448791,182,28834.0,29699.0
2020-11-24,30238.0,30238.0,30238.0,29851.0,12560562820,415390,179,29358.0,30238.0
2020-11-25,31343.0,31343.0,31343.0,31343.0,23245410578,741646,179,29851.0,31343.0
2020-11-28,32283.0,32283.0,32283.0,32083.0,16216783956,502332,192,31343.0,32283.0
2020-11-29,33045.0,33045.0,33045.0,32538.0,9968090340,301652,174,32083.0,33045.0
2020-11-30,33514.0,33514.0,33514.0,33468.0,20369909742,607803,213,32538.0,33514.0
2020-12-01,35141.0,35141.0,35141.0,35141.0,28102749674,799714,225,33468.0,35141.0
2020-12-02,36195.0,36195.0,36195.0,36130.0,21678886665,598947,206,35141.0,36195.0
2020-12-05,37213.0,37213.0,37213.0,37213.0,21862860778,587506,186,36130.0,37213.0
2020-12-06,38329.0,38329.0,38329.0,37990.0,14767473778,385282,196,37213.0,38329.0
2020-12-07,39889.0,39889.0,36091.0,37444.0,171176374817,4571483,1290,37990.0,36091.0
2020-12-08,36321.0,36321.0,36321.0,36321.0,28037959629,771949,148,37444.0,36321.0
2020-12-09,35232.0,36310.0,35232.0,35261.0,131730810118,3735863,932,36321.0,35232.0
2020-12-12,34204.0,34204.0,34204.0,34204.0,25249734840,738210,244,35261.0,34204.0
2020-12-13,32494.0,32494.0,32494.0,32624.0,17033809716,524214,163,34204.0,32494.0
2020-12-14,31646.0,33602.0,31646.0,32614.0,196324161742,6019635,1070,32624.0,33602.0
2020-12-15,33592.0,33592.0,33592.0,33247.0,12329775640,367045,229,32614.0,33592.0
2020-12-16,34244.0,34244.0,34244.0,33958.0,13843684904,404266,143,33247.0,34244.0
2020-12-19,35655.0,35655.0,35655.0,35649.0,20928807555,586981,159,33958.0,35655.0
2020-12-20,36718.0,36718.0,36718.0,36099.0,9105366358,247981,203,35649.0,36718.0
2020-12-21,37181.0,37181.0,37181.0,37181.0,37954736610,1020810,164,36099.0,37181.0
2020-12-22,38296.0,38296.0,36066.0,37474.0,111192987096,2967166,897,37181.0,36066.0
2020-12-23,36350.0,38598.0,36350.0,37093.0,447496588544,12064192,3482,37474.0,36350.0
2020-12-26,35981.0,36720.0,35981.0,36011.0,83319316155,2313698,1255,37093.0,35981.0
2020-12-27,34211.0,35900.0,34211.0,34396.0,60080543461,1746733,835,36011.0,34211.0
2020-12-28,33365.0,33365.0,33365.0,33775.0,10835817590,324766,138,34396.0,33365.0
2020-12-29,32762.0,32762.0,32762.0,33604.0,2984814772,91106,94,33775.0,32762.0
2020-12-30,32596.0,33600.0,32596.0,32623.0,112638854970,3452708,1020,33604.0,32596.0
2021-01-02,30992.0,31488.0,30992.0,31010.0,112012532043,3612183,1078,32623.0,30992.0
2021-01-03,30080.0,30080.0,30080.0,30804.0,4091571840,136023,99,31010.0,30080.0
2021-01-04,29880.0,31540.0,29880.0,30202.0,261177608572,8647572,3064,30804.0,30609.0
2021-01-05,31108.0,31108.0,31108.0,31108.0,23419346720,752840,347,30202.0,31108.0
2021-01-06,32041.0,32041.0,30175.0,30974.0,145962570030,4712430,1411,31108.0,30175.0
2021-01-09,30045.0,30045.0,30045.0,30805.0,3538609965,117777,61,30974.0,30045.0
2021-01-10,29881.0,29881.0,29881.0,30596.0,4354647773,145733,96,30805.0,29881.0
2021-01-11,29067.0,30520.0,29067.0,29255.0,289369023624,9891370,4091,30596.0,29067.0
2021-01-12,28378.0,29848.0,28378.0,28863.0,165013647562,5717179,2324,29255.0,28378.0
2021-01-13,27998.0,28901.0,27998.0,28072.0,49348744651,1757930,923,28863.0,27998.0
2021-01-16,27230.0,27230.0,27230.0,28039.0,765380840,28108,33,28072.0,27230.0
2021-01-30,27198.0,27198.0,27198.0,27724.0,7263117108,267046,107,28039.0,27198.0
2021-01-31,26893.0,26893.0,26893.0,27667.0,1307349409,48613,29,27724.0,26893.0
2021-02-01,26837.0,26837.0,26837.0,27636.0,705786263,26299,21,27667.0,26837.0
2021-02-02,26807.0,26807.0,26807.0,27628.0,195047732,7276,13,27636.0,26807.0
2021-02-03,26247.0,26930.0,26247.0,26401.0,89063215316,3373542,1033,27628.0,26247.0
2021-02-06,25609.0,25609.0,25609.0,26351.0,1228489339,47971,30,26401.0,25609.0
2021-02-07,25561.0,27141.0,25561.0,26290.0,324410447916,12339741,3967,26351.0,26000.0
2021-02-08,26980.0,27078.0,26500.0,27048.0,38853362829,1436441,647,26290.0,27078.0
2021-02-09,27850.0,27859.0,26237.0,27822.0,191684134120,6889784,1407,27048.0,27859.0
2021-03-30,27264.0,28654.0,27264.0,27790.0,1742628905,63407,17,27820.0,27264.0
2021-03-31,27235.0,27235.0,27235.0,27789.0,45754800,1680,5,27790.0,27235.0
2021-04-03,27234.0,27234.0,27234.0,27786.0,102808350,3775,2,27789.0,27234.0
2021-04-05,26675.0,26675.0,26675.0,27786.0,5068250,190,1,27786.0,26675.0
2021-04-10,27231.0,27231.0,27231.0,27786.0,12553491,461,2,27786.0,27231.0
2021-04-13,27231.0,27231.0,27231.0,27786.0,5446200,200,1,27786.0,27231.0
2021-04-14,27231.0,27231.0,27231.0,27783.0,112464030,4130,10,27786.0,27231.0
2021-04-21,26672.0,26672.0,26672.0,27782.0,13336000,500,1,27783.0,26672.0
2021-04-26,27227.0,27227.0,27227.0,27779.0,108908000,4000,6,27782.0,27227.0
2021-05-03,26668.0,26668.0,26668.0,27779.0,5466940,205,1,27779.0,26668.0
2021-05-09,27224.0,27224.0,27224.0,27779.0,1361200,50,1,27779.0,27224.0
2021-05-10,26668.0,26668.0,26668.0,27775.0,74857076,2807,4,27779.0,26668.0
2021-05-16,26387.0,26387.0,26387.0,27774.0,7124490,270,1,27775.0,26387.0
2021-05-19,26941.0,26941.0,26941.0,27774.0,5118790,190,1,27774.0,26941.0
2021-05-24,26941.0,26941.0,26941.0,27771.0,32329200,1200,1,27774.0,26941.0
2021-05-25,26938.0,26938.0,26938.0,27628.0,1659811808,61616,3,27771.0,26938.0
2021-05-26,26247.0,26247.0,26247.0,27625.0,18897840,720,1,27628.0,26247.0
2021-05-30,26797.0,26797.0,26797.0,27622.0,32317182,1206,1,27625.0,26797.0
2021-05-31,26794.0,26794.0,26794.0,27621.0,6028650,225,1,27622.0,26794.0
2021-06-01,26240.0,26240.0,26240.0,27618.0,18997760,724,1,27621.0,26240.0
2021-06-02,26790.0,26790.0,26790.0,27068.0,6443128950,240505,33,27618.0,26790.0
2021-06-07,26256.0,26256.0,26256.0,27067.0,15175968,578,2,27068.0,26256.0
2021-06-08,26255.0,26255.0,26255.0,27065.0,18378500,700,2,27067.0,26255.0
2021-06-09,25712.0,25712.0,25712.0,27062.0,19001168,739,1,27065.0,25712.0
2021-06-13,26251.0,26251.0,26251.0,27061.0,15120576,576,2,27062.0,26251.0
2021-06-15,25708.0,25708.0,25708.0,27056.0,37996424,1478,3,27061.0,25708.0
2021-06-16,26245.0,26245.0,26245.0,27056.0,5249000,200,1,27056.0,26245.0
2021-06-19,26245.0,26245.0,26245.0,27054.0,24197890,922,3,27056.0,26245.0
2021-06-21,25702.0,25702.0,25702.0,27053.0,5962864,232,1,27054.0,25702.0
2021-06-22,26242.0,26242.0,26242.0,27046.0,86756052,3306,4,27053.0,26242.0
2021-06-23,26235.0,26235.0,26235.0,27045.0,10494000,400,2,27046.0,26235.0
2021-06-26,26234.0,26234.0,26234.0,27020.0,297414858,11337,6,27045.0,26234.0
2021-06-27,25669.0,25669.0,25669.0,27010.0,73362002,2858,8,27020.0,25669.0
2021-06-28,26200.0,26200.0,26200.0,27008.0,20829000,795,4,27010.0,26200.0
2021-06-29,26198.0,26198.0,26198.0,27007.0,15587810,595,3,27008.0,26198.0
2021-07-03,25657.0,25657.0,25657.0,26502.0,3552416906,138458,15,27007.0,25657.0
2021-07-04,25707.0,25707.0,25707.0,26500.0,29563050,1150,4,26502.0,25707.0
2021-07-05,25705.0,25705.0,25705.0,26498.0,19561505,761,3,26500.0,25705.0
2021-07-07,25174.0,25174.0,25174.0,26494.0,30485714,1211,3,26498.0,25174.0
2021-07-11,25700.0,25700.0,25700.0,26493.0,10280000,400,2,26494.0,25700.0
2021-07-12,25699.0,25699.0,25699.0,26493.0,5139800,200,1,26493.0,25699.0
2021-07-13,25169.0,25169.0,25169.0,26490.0,18373370,730,3,26493.0,25169.0
2021-07-14,25696.0,25696.0,25696.0,26483.0,82098720,3195,4,26490.0,25696.0
2021-07-17,25689.0,25689.0,25689.0,26482.0,14950998,582,2,26483.0,25689.0
2021-07-19,25158.0,25158.0,25158.0,26463.0,138369000,5500,7,26482.0,25158.0
2021-07-26,25670.0,26235.0,25670.0,25700.0,263028315911,10234392,2476,26463.0,25670.0
2021-07-27,25080.0,25500.0,24929.0,25081.0,28808500491,1148610,516,25700.0,24929.0
2021-07-28,24329.0,24329.0,24329.0,24997.0,1021599039,41991,20,25081.0,24329.0
2021-07-31,23748.0,23748.0,23748.0,24828.0,1287070356,54197,39,24997.0,23748.0
2021-08-01,24084.0,24084.0,24084.0,24824.0,55682208,2312,5,24828.0,24084.0
2021-08-02,24080.0,24080.0,24080.0,24822.0,24465280,1016,3,24824.0,24080.0
2021-08-03,24078.0,24078.0,24078.0,24822.0,6163968,256,1,24822.0,24078.0
2021-08-04,23581.0,23581.0,23581.0,24818.0,32683266,1386,6,24822.0,23581.0
2021-08-07,24074.0,24074.0,24074.0,24809.0,111005214,4611,4,24818.0,24074.0
2021-08-08,24065.0,24065.0,24065.0,24801.0,110530545,4593,6,24809.0,24065.0
2021-08-14,24057.0,24057.0,24057.0,24799.0,22998492,956,2,24801.0,24057.0
2021-08-15,24056.0,24056.0,24056.0,24644.0,2023662888,84123,18,24799.0,24056.0
2021-08-22,23412.0,23412.0,23412.0,24617.0,208881864,8922,13,24644.0,23412.0
2021-08-23,23879.0,23879.0,23879.0,24610.0,87325503,3657,8,24617.0,23879.0
2021-08-24,23872.0,23872.0,23872.0,24564.0,600977600,25175,24,24610.0,23872.0
2021-08-25,23828.0,23828.0,23828.0,24144.0,5520685492,231689,75,24564.0,23828.0
2021-08-28,23828.0,25000.0,23225.0,23811.0,372612337395,15648955,7271,24144.0,24238.0
2021-08-29,24245.0,24455.0,23200.0,24049.0,87717865494,3647394,2333,23811.0,23746.0
2021-08-30,23328.0,23746.0,23328.0,23362.0,9258526668,396815,271,24049.0,23328.0
2021-08-31,22662.0,23260.0,22662.0,22729.0,56095382926,2467967,1004,23362.0,22662.0
2021-09-01,22730.0,23240.0,22048.0,22312.0,91255382555,4090046,2432,22729.0,22600.0
2021-09-04,22969.0,22981.0,22312.0,22885.0,46757521529,2043168,1209,22312.0,22981.0
2021-09-05,23260.0,23260.0,22199.0,22371.0,44488203553,1988631,1398,22885.0,22430.0
2021-09-06,22370.0,22370.0,21700.0,21803.0,26062757091,1195386,879,22371.0,21700.0
2021-09-07,21149.0,21149.0,21149.0,21565.0,3453779743,163307,135,21803.0,21149.0
2021-09-08,20919.0,21480.0,20919.0,20934.0,29656642063,1416657,799,21565.0,20919.0
2021-09-11,19950.0,21980.0,19888.0,21183.0,108997869244,5145596,2773,20934.0,21980.0
2021-09-12,21818.0,21818.0,20548.0,21233.0,48536215028,2285937,1568,21183.0,21550.0
2021-09-13,20810.0,21749.0,20597.0,20744.0,11283609340,543938,372,21233.0,20597.0
2021-09-14,20122.0,20500.0,20122.0,20166.0,32116008626,1592546,1012,20744.0,20122.0
2021-09-15,19562.0,19571.0,19562.0,19877.0,4479114004,228959,188,20166.0,19562.0
2021-09-18,18884.0,19400.0,18884.0,18912.0,9350982085,494867,260,19877.0,18884.0
2021-09-19,18345.0,18345.0,18345.0,18563.0,5683849695,309831,96,18912.0,18345.0
2021-09-20,18007.0,18940.0,18007.0,18279.0,26539965943,1451949,855,18563.0,18007.0
2021-09-21,17750.0,18007.0,17731.0,18018.0,4838405724,271877,157,18279.0,17731.0
2021-09-22,17118.0,17400.0,17118.0,17619.0,3925727209,229017,185,18018.0,17118.0
2021-09-25,17091.0,17230.0,17091.0,17146.0,9093958800,531390,215,17619.0,17091.0
2021-09-26,16632.0,16632.0,16632.0,17129.0,319966416,19238,20,17146.0,16632.0
2021-09-28,16616.0,16616.0,16616.0,17110.0,355266696,21381,11,17129.0,16616.0
2021-09-29,16255.0,17668.0,16255.0,16573.0,64093053308,3867226,1374,17110.0,16400.0
2021-10-02,16076.0,16500.0,16076.0,16382.0,3966631175,246281,169,16573.0,16076.0
2021-10-03,15891.0,15891.0,15891.0,16334.0,933119520,58720,24,16382.0,15891.0
2021-10-04,15844.0,15844.0,15844.0,16288.0,900937372,56863,35,16334.0,15844.0
2021-10-06,15474.0,16076.0,15474.0,15593.0,45558249453,2921745,1246,16288.0,15599.0
2021-10-09,15900.0,15900.0,15126.0,15373.0,7163846647,468459,213,15593.0,15126.0
2021-10-10,14912.0,14912.0,14912.0,15318.0,1140007488,76449,49,15373.0,14912.0
2021-10-11,14859.0,15500.0,14859.0,14961.0,19926094218,1331900,763,15318.0,14859.0
2021-10-12,15500.0,15500.0,14213.0,14576.0,6103631604,424487,177,14961.0,14213.0
2021-10-13,14139.0,14139.0,14139.0,14546.0,627559515,44385,24,14576.0,14139.0
2021-10-16,14110.0,14400.0,14110.0,14118.0,12891420935,913146,344,14546.0,14110.0
2021-10-17,13701.0,13900.0,13695.0,13728.0,8716105720,636368,153,14118.0,13695.0
2021-10-18,13042.0,13042.0,13042.0,13446.0,3688851448,282844,58,13728.0,13042.0
2021-10-19,13043.0,13100.0,13043.0,13286.0,3553565429,272440,152,13446.0,13043.0
2021-10-20,12888.0,12888.0,12888.0,13272.0,300741480,23335,20,13286.0,12888.0
2021-10-23,12874.0,12874.0,12874.0,13268.0,104897352,8148,10,13272.0,12874.0
2021-10-25,12605.0,12605.0,12605.0,13256.0,172272535,13667,11,13268.0,12605.0
2021-10-26,12859.0,12859.0,12859.0,13255.0,30861600,2400,6,13256.0,12859.0
2021-10-27,12858.0,13627.0,12858.0,13073.0,13531442284,1035100,480,13255.0,12858.0
2021-10-30,12681.0,12900.0,12681.0,12955.0,3049273075,240179,96,13073.0,12681.0
2021-10-31,13343.0,13343.0,12567.0,12833.0,9035530870,704660,184,12955.0,12567.0
2021-11-01,12449.0,12833.0,12449.0,12466.0,14767784434,1184631,354,12833.0,12449.0
2021-11-02,11900.0,13085.0,11850.0,12655.0,16505890341,1304345,538,12466.0,13006.0
2021-11-03,13010.0,13034.0,12800.0,12881.0,6288842665,483272,265,12655.0,13034.0
2021-11-06,13034.0,13267.0,12750.0,13108.0,8641770477,657208,344,12881.0,12880.0
2021-11-07,13190.0,13190.0,12715.0,12843.0,7142428440,560593,189,13108.0,12715.0
2021-11-08,12458.0,12840.0,12458.0,12539.0,8063873362,646230,252,12843.0,12458.0
2021-11-09,12650.0,12650.0,12163.0,12382.0,5229670014,426812,200,12539.0,12163.0
2021-11-10,11767.0,12472.0,11763.0,11933.0,15224622099,1275832,544,12382.0,11850.0
2021-11-13,11620.0,11850.0,11576.0,11718.0,6029074333,519654,265,11933.0,11690.0
2021-11-14,11370.0,12069.0,11367.0,11876.0,22499229278,1894586,454,11718.0,12069.0
2021-11-15,12232.0,12232.0,12220.0,12228.0,9681952023,791529,170,11876.0,12232.0
2021-11-16,12459.0,12459.0,11862.0,11907.0,16318383999,1370507,413,12228.0,11862.0
2021-11-17,11888.0,11900.0,11550.0,11768.0,4170375089,359571,171,11907.0,11550.0
2021-11-20,11827.0,11827.0,11415.0,11637.0,3588064018,313773,140,11768.0,11415.0
2021-11-21,11056.0,11400.0,11056.0,11093.0,8361731837,755929,151,11637.0,11056.0
2021-11-22,10761.0,10761.0,10761.0,10971.0,3152650170,292970,98,11093.0,10761.0
2021-11-23,10642.0,11300.0,10642.0,10772.0,23741460892,2204026,397,10971.0,10959.0
2021-11-24,11010.0,11010.0,10449.0,10486.0,7724240786,738286,149,10772.0,10449.0
2021-11-27,10172.0,10400.0,10172.0,10175.0,18175900381,1786340,190,10486.0,10172.0
2021-11-28,10170.0,10170.0,9870.0,9951.0,5880183834,595514,199,10175.0,9870.0
2021-11-29,9700.0,9940.0,9454.0,9748.0,4086174943,426989,131,9951.0,9454.0
2021-11-30,9457.0,9457.0,9456.0,9734.0,374360785,39589,21,9748.0,9456.0
2021-12-01,9442.0,9739.0,9442.0,9509.0,5934076086,628083,105,9734.0,9442.0
2021-12-04,9224.0,9710.0,9224.0,9490.0,497305764,53881,26,9509.0,9224.0
2021-12-05,9206.0,9206.0,9206.0,9486.0,95843666,10411,8,9490.0,9206.0
2021-12-06,9202.0,9400.0,9202.0,9248.0,6321058794,686455,170,9486.0,9202.0
2021-12-07,8786.0,9000.0,8786.0,8819.0,6543712848,744725,110,9248.0,8786.0
2021-12-08,8555.0,8750.0,8555.0,8558.0,7013951632,819548,168,8819.0,8555.0
2021-12-11,8352.0,8777.0,8302.0,8566.0,5967623786,696535,291,8558.0,8450.0
2021-12-12,8326.0,8550.0,8310.0,8493.0,2142371102,256934,126,8566.0,8310.0
2021-12-13,8240.0,8573.0,8239.0,8406.0,2830427195,341463,105,8493.0,8239.0
2021-12-14,8155.0,8300.0,8154.0,8299.0,2931644686,358909,100,8406.0,8154.0
2021-12-15,8290.0,8299.0,8051.0,8076.0,5854486760,726911,134,8299.0,8051.0
2021-12-18,7840.0,8279.0,7840.0,8091.0,1778395879,218733,133,8076.0,8150.0
2021-12-19,8076.0,8219.0,7849.0,8051.0,1586763243,200086,119,8091.0,7849.0
2021-12-20,7810.0,8198.0,7810.0,7994.0,3547009723,446275,148,8051.0,8055.0
2021-12-21,8000.0,8115.0,7800.0,8007.0,2403283152,299351,153,7994.0,8050.0
2021-12-22,8049.0,8200.0,7920.0,8015.0,2445638063,304617,114,8007.0,8018.0
2021-12-25,8150.0,8200.0,7932.0,8019.0,2650345061,330307,143,8015.0,7980.0
2021-12-26,7822.0,8011.0,7779.0,7963.0,1818539881,232360,107,8019.0,7779.0
2021-12-27,7963.0,7963.0,7725.0,7868.0,2859737558,368685,106,7963.0,7725.0
2021-12-28,7632.0,7860.0,7632.0,7648.0,5814774758,761428,168,7868.0,7632.0
2021-12-29,7500.0,7720.0,7419.0,7517.0,3660705300,492309,165,7648.0,7419.0
2022-01-01,7490.0,7570.0,7292.0,7426.0,2843269192,387949,103,7517.0,7351.0
2022-01-02,7632.0,7648.0,7291.0,7536.0,3357927144,440363,219,7426.0,7647.0
2022-01-03,7760.0,7762.0,7588.0,7617.0,2380481694,307245,126,7536.0,7762.0
2022-01-04,7845.0,7845.0,7845.0,7683.0,1821303045,232161,46,7617.0,7845.0
2022-01-05,7913.0,7913.0,7913.0,7714.0,856835466,108282,26,7683.0,7913.0
2022-01-08,7940.0,7940.0,7940.0,7750.0,1042005900,131235,37,7714.0,7940.0
2022-01-09,7980.0,7980.0,7980.0,7790.0,1009342320,126484,35,7750.0,7980.0
2022-01-10,8170.0,8170.0,8020.0,8160.0,13309368470,1632031,205,7790.0,8170.0
2022-01-11,8400.0,8400.0,7950.0,8300.0,11466344590,1381322,351,8160.0,8200.0
2022-01-12,8240.0,8250.0,8060.0,8190.0,3207738380,397062,154,8300.0,8060.0
2022-01-15,8430.0,8430.0,8000.0,8270.0,6329604410,764702,90,8190.0,8110.0
2022-01-16,8030.0,8030.0,8030.0,8190.0,2102302180,261806,32,8270.0,8030.0
2022-01-17,7950.0,8000.0,7950.0,8150.0,1103919750,138825,36,8190.0,7950.0
2022-01-23,7910.0,7910.0,7910.0,8150.0,54705560,6916,8,8150.0,7910.0
2022-01-24,7910.0,7910.0,7910.0,8060.0,2458000860,310746,21,8150.0,7910.0
2022-01-25,7820.0,7820.0,7820.0,7970.0,2368318280,302854,36,8060.0,7820.0
2022-01-26,7740.0,7970.0,7740.0,7960.0,353526820,45452,20,7970.0,7740.0
2022-01-29,7570.0,7580.0,7570.0,7850.0,1712088330,226159,67,7960.0,7570.0
2022-01-30,7620.0,8050.0,7620.0,7760.0,4866115870,629392,144,7850.0,7620.0
2022-01-31,7540.0,7950.0,7530.0,7650.0,7320943520,957117,199,7760.0,7710.0
2022-02-01,7710.0,7870.0,7490.0,7740.0,3071959770,391745,168,7650.0,7870.0
2022-02-02,7750.0,7970.0,7740.0,7840.0,3438697320,434131,158,7740.0,7970.0
2022-02-05,8070.0,8070.0,7860.0,7960.0,3358479350,416500,148,7840.0,8070.0
2022-02-06,8120.0,8230.0,7580.0,8000.0,4395564730,547945,179,7960.0,8150.0
2022-02-07,8200.0,8240.0,7910.0,8130.0,5949909680,731167,207,8000.0,7940.0
2022-02-08,7900.0,8220.0,7890.0,7920.0,7705211160,972958,168,8130.0,8020.0
2022-02-09,7700.0,8150.0,7690.0,7940.0,1752507170,218987,160,7920.0,8140.0
2022-02-12,8170.0,8170.0,7710.0,8010.0,9115767030,1138588,160,7940.0,8170.0
2022-02-13,8250.0,8250.0,8250.0,8220.0,5687055000,689340,77,8010.0,8250.0
2022-02-14,8460.0,8460.0,8440.0,8460.0,11534954870,1363523,104,8220.0,8460.0
2022-02-16,8710.0,8710.0,8710.0,8710.0,7082492950,813145,131,8460.0,8710.0
2022-02-19,9100.0,9140.0,9080.0,9130.0,9448328700,1034492,173,8710.0,9140.0
2022-02-20,9380.0,9400.0,8860.0,9380.0,7659028180,816260,128,9130.0,9400.0
2022-02-21,9660.0,9660.0,9660.0,9660.0,8890948080,920388,116,9380.0,9660.0
2022-02-22,9940.0,9940.0,9940.0,9940.0,14739022060,1482799,162,9660.0,9940.0
2022-02-23,10430.0,10430.0,10430.0,10430.0,10248664020,982614,157,9940.0,10430.0
2022-02-26,10740.0,10740.0,10500.0,10550.0,22972661400,2176600,394,10430.0,10660.0
2022-02-27,10800.0,10860.0,10240.0,10680.0,40406384770,3782299,762,10550.0,10860.0
2022-02-28,10980.0,10980.0,10360.0,10570.0,36919068220,3493713,770,10680.0,10740.0
2022-03-02,10260.0,10880.0,10260.0,10790.0,34453749530,3192122,456,10570.0,10880.0
2022-03-05,11110.0,11110.0,11110.0,10890.0,2704096230,243393,48,10790.0,11110.0
2022-03-06,11210.0,11210.0,11210.0,11190.0,8424214110,751491,83,10890.0,11210.0
2022-03-07,11740.0,11740.0,11210.0,11730.0,16705059110,1423599,186,11190.0,11740.0
2022-03-08,12080.0,12080.0,11380.0,12070.0,25227316100,2089545,158,11730.0,12080.0
2022-03-09,12430.0,12430.0,12430.0,12430.0,11201828990,901193,77,12070.0,12430.0
2022-03-12,12800.0,12800.0,12060.0,12430.0,19455601930,1565736,291,12430.0,12060.0
2022-03-13,12130.0,12800.0,12060.0,12580.0,39474041520,3138685,729,12430.0,12790.0
2022-03-14,12950.0,12950.0,12950.0,12720.0,4000151400,308892,75,12580.0,12950.0
2022-03-15,13100.0,13100.0,12440.0,13040.0,23360697240,1792031,433,12720.0,13090.0
2022-03-16,13070.0,13230.0,12650.0,12870.0,7441329800,581025,359,13040.0,13100.0
2022-03-19,13240.0,13240.0,12520.0,13010.0,5936822580,453032,168,12870.0,13140.0
2022-03-26,12680.0,13390.0,12680.0,13280.0,15874106470,1195738,153,13010.0,13360.0
2022-03-27,13430.0,13640.0,13070.0,13490.0,17906398520,1327616,303,13280.0,13640.0
2022-03-29,13660.0,13870.0,13490.0,13640.0,8065898350,589430,194,13490.0,13780.0
2022-03-30,13950.0,13980.0,13250.0,13550.0,7728445560,571723,214,13640.0,13550.0
2022-04-03,13800.0,13800.0,13150.0,13400.0,3648443850,277383,89,13550.0,13150.0
2022-04-04,13000.0,13000.0,13000.0,13360.0,893464000,68728,22,13400.0,13000.0
2022-04-05,12960.0,12960.0,12960.0,13340.0,545654880,42103,7,13360.0,12960.0
2022-04-06,12680.0,12680.0,12680.0,13280.0,821372360,64777,21,13340.0,12680.0
2022-04-09,12890.0,12890.0,12890.0,13280.0,35447500,2750,2,13280.0,12890.0
2022-04-10,12890.0,12890.0,12890.0,13270.0,139302230,10807,7,13280.0,12890.0
2022-04-11,12880.0,13660.0,12880.0,13450.0,67846892850,5044654,859,13270.0,13660.0
2022-04-12,13510.0,13850.0,13050.0,13330.0,6331599760,477265,225,13450.0,13050.0
2022-04-13,12940.0,13050.0,12940.0,13080.0,6382379030,493062,156,13330.0,12940.0
2022-04-16,12690.0,13470.0,12690.0,13190.0,60477349550,4586257,1018,13080.0,13350.0
2022-04-17,13190.0,13300.0,12800.0,12860.0,18195305340,1415315,466,13190.0,12800.0
2022-04-18,12480.0,12760.0,12480.0,12500.0,22831800820,1825822,543,12860.0,12480.0
2022-04-19,12130.0,12300.0,12130.0,12130.0,10521238050,867254,253,12500.0,12130.0
2022-04-20,11530.0,12000.0,11530.0,11590.0,35761897560,3085827,748,12130.0,11530.0
2022-04-24,11250.0,11490.0,11250.0,11310.0,7625538200,677573,213,11590.0,11250.0
2022-04-25,10980.0,11330.0,10980.0,11100.0,79774748610,7188862,1402,11310.0,11310.0
2022-04-26,11410.0,11430.0,11130.0,11370.0,21761772840,1914198,581,11100.0,11430.0
2022-04-27,11490.0,11690.0,11030.0,11220.0,28519922580,2541844,734,11370.0,11490.0
2022-04-30,11540.0,11550.0,11400.0,11540.0,24002242280,2079467,450,11220.0,11550.0
2022-05-01,11600.0,11860.0,11220.0,11490.0,21499840840,1870897,423,11540.0,11450.0
2022-05-02,11650.0,11830.0,11150.0,11450.0,35762923670,3124335,952,11490.0,11400.0
2022-05-07,11450.0,11790.0,11450.0,11740.0,29583735660,2519296,636,11450.0,11790.0
2022-05-08,11830.0,11950.0,11390.0,11470.0,41054697530,3579893,882,11740.0,11590.0
2022-05-09,11220.0,11690.0,11180.0,11350.0,12293435400,1083064,436,11470.0,11380.0
2022-05-10,11160.0,11500.0,11080.0,11180.0,9803237050,876710,295,11350.0,11130.0
2022-05-11,11350.0,11510.0,11200.0,11480.0,10528265080,917010,145,11180.0,11510.0
2022-05-14,11820.0,11820.0,11600.0,11820.0,17253529470,1459964,306,11480.0,11820.0
2022-05-15,12000.0,12170.0,11470.0,11950.0,24999762020,2091420,581,11820.0,12170.0
2022-05-16,11980.0,12300.0,11980.0,12290.0,12436782790,1012291,364,11950.0,12010.0
2022-05-17,12000.0,12650.0,11930.0,12250.0,18816842010,1536681,566,12290.0,11930.0
2022-05-18,11890.0,12120.0,11890.0,12110.0,3911967020,328541,98,12250.0,11890.0
2022-05-21,11750.0,11750.0,11750.0,12090.0,474335750,40369,32,12110.0,11750.0
2022-05-22,11730.0,11730.0,11730.0,12020.0,1935696330,165021,40,12090.0,11730.0
2022-05-23,11660.0,11660.0,11660.0,11960.0,1618431320,138802,10,12020.0,11660.0
2022-05-24,11610.0,11610.0,11610.0,11940.0,524145060,45146,15,11960.0,11610.0
2022-05-25,11590.0,11960.0,11590.0,11600.0,17308878980,1492074,397,11940.0,11590.0
2022-05-28,11280.0,11560.0,11260.0,11490.0,3261669370,289090,104,11600.0,11260.0
2022-05-29,11150.0,11150.0,11150.0,11470.0,505050400,45296,24,11490.0,11150.0
2022-05-30,11130.0,11260.0,11130.0,11190.0,7512424730,674404,155,11470.0,11130.0
2022-05-31,10860.0,10860.0,10860.0,11130.0,1498213020,137957,58,11190.0,10860.0
2022-06-01,10800.0,10800.0,10800.0,11100.0,662461200,61339,25,11130.0,10800.0
2022-06-06,10770.0,10770.0,10770.0,11080.0,400503990,37187,23,11100.0,10770.0
2022-06-07,10750.0,10750.0,10750.0,11070.0,229759750,21373,14,11080.0,10750.0
2022-06-08,10740.0,10740.0,10740.0,11060.0,261561960,24354,11,11070.0,10740.0
2022-06-11,10730.0,10730.0,10730.0,11050.0,142676810,13297,7,11060.0,10730.0
2022-06-12,10500.0,10500.0,10500.0,10950.0,1506172500,143445,58,11050.0,10500.0
2022-06-13,10630.0,10950.0,10630.0,10660.0,33992238440,3189881,544,10950.0,10630.0
2022-06-14,10820.0,10820.0,10350.0,10410.0,15550494440,1494078,326,10660.0,10350.0
2022-06-15,10100.0,10720.0,10100.0,10400.0,26651560030,2561763,512,10410.0,10720.0
2022-06-18,10710.0,10710.0,10710.0,10480.0,2083137840,194504,55,10400.0,10710.0
2022-06-19,10790.0,10790.0,10790.0,10790.0,8981703900,832410,52,10480.0,10790.0
2022-06-20,11110.0,11110.0,10510.0,10940.0,35574742180,3253023,666,10790.0,10750.0
2022-06-21,10620.0,11260.0,10620.0,11000.0,36308530840,3301198,668,10940.0,11260.0
2022-06-22,11060.0,11330.0,11060.0,11190.0,12691587510,1134326,211,11000.0,11140.0
2022-06-25,10940.0,11350.0,10860.0,11170.0,18754083200,1678560,227,11190.0,11210.0
2022-06-26,11250.0,11410.0,10850.0,11260.0,12630067650,1121452,162,11170.0,11220.0
2022-06-27,11390.0,11390.0,11100.0,11230.0,8674357710,772705,153,11260.0,11360.0
2022-06-28,11230.0,11560.0,11230.0,11420.0,13350651890,1169359,181,11230.0,11450.0
2022-06-29,11300.0,11550.0,11100.0,11360.0,11323397550,996798,172,11420.0,11550.0
2022-07-02,11100.0,11420.0,11020.0,11340.0,13872344390,1223755,226,11360.0,11400.0
2022-07-19,11000.0,11500.0,11000.0,11310.0,4000406010,354762,45,11340.0,11020.0
2022-07-20,11340.0,11640.0,11000.0,11450.0,9356186020,816989,247,11310.0,11640.0
2022-07-23,11780.0,11780.0,11490.0,11580.0,6127665860,526232,140,11450.0,11720.0
2022-07-24,11780.0,11900.0,11500.0,11700.0,8399587820,717043,195,11580.0,11500.0
2022-07-25,11500.0,11820.0,11400.0,11670.0,10038815820,860569,163,11700.0,11750.0
2022-07-26,11570.0,12000.0,11570.0,11760.0,6095677740,516414,127,11670.0,11910.0
2022-07-27,11790.0,12100.0,11640.0,11900.0,6562832970,548295,124,11760.0,12010.0
2022-07-30,12110.0,12250.0,11770.0,12170.0,12528558010,1029114,244,11900.0,12090.0
2022-07-31,11830.0,12200.0,11810.0,11910.0,7647029760,645753,164,12170.0,12000.0
2022-08-01,12180.0,12180.0,11760.0,11960.0,5268757940,439099,130,11910.0,12030.0
2022-08-02,11910.0,12190.0,11900.0,12000.0,3182306850,263643,99,11960.0,12130.0
2022-08-03,12210.0,12300.0,11900.0,12050.0,5796370480,479614,113,12000.0,12150.0
2022-08-06,11810.0,12300.0,11810.0,12130.0,4888792860,400286,108,12050.0,12300.0
2022-08-09,12200.0,12440.0,12200.0,12230.0,4735069360,383585,137,12130.0,12340.0
2022-08-10,12170.0,12470.0,12000.0,12190.0,7084026960,581994,119,12230.0,12010.0
2022-08-13,11900.0,12350.0,11900.0,12140.0,5363504920,443458,115,12190.0,12020.0
2022-08-14,11810.0,12240.0,11810.0,12060.0,4741528600,395582,128,12140.0,11920.0
2022-08-15,11710.0,12300.0,11710.0,12040.0,3083618750,257335,77,12060.0,11910.0
2022-08-16,11740.0,12030.0,11680.0,11870.0,6032902690,512600,189,12040.0,12000.0
2022-08-17,11870.0,12190.0,11700.0,11940.0,3208098330,265441,91,11870.0,12180.0
2022-08-20,11980.0,12250.0,11980.0,11950.0,1506345520,125335,76,11940.0,12160.0
2022-08-21,12000.0,12000.0,11800.0,11950.0,1446145270,121202,63,11950.0,11950.0
2022-08-22,11650.0,11900.0,11630.0,11910.0,1861771680,158522,84,11950.0,11710.0
2022-08-23,11900.0,11990.0,11680.0,11880.0,2143400180,181718,91,11910.0,11750.0
2022-08-24,12140.0,12140.0,11650.0,11830.0,3258857460,277876,108,11880.0,11720.0
2022-08-27,11640.0,11960.0,11630.0,11810.0,2857647490,243032,90,11830.0,11650.0
2022-08-28,11630.0,11990.0,11460.0,11770.0,1665919310,144061,97,11810.0,11500.0
2022-08-29,11500.0,11520.0,11420.0,11720.0,1386823040,120962,88,11770.0,11420.0
2022-08-30,11650.0,11950.0,11410.0,11700.0,2029856060,174369,99,11720.0,11750.0
2022-08-31,12040.0,12050.0,11790.0,11860.0,4742907050,394204,170,11700.0,12050.0
2022-09-03,11860.0,12150.0,11540.0,11860.0,1206749940,101496,68,11860.0,12000.0
2022-09-04,11630.0,12210.0,11630.0,11990.0,3661083840,300069,84,11860.0,12210.0
2022-09-05,12340.0,12340.0,12340.0,12220.0,6387443140,517621,126,11990.0,12340.0
2022-09-06,12400.0,12580.0,12320.0,12390.0,5332819810,425184,90,12220.0,12580.0
2022-09-07,12760.0,12760.0,12760.0,12530.0,3955229960,309971,53,12390.0,12760.0
2022-09-10,12900.0,12900.0,12890.0,12660.0,3630966700,281473,96,12530.0,12900.0
2022-09-11,13030.0,13030.0,12290.0,12660.0,26367161220,2082972,461,12660.0,12520.0
2022-09-12,12310.0,13030.0,12290.0,12820.0,7274187830,564724,127,12660.0,13030.0
2022-09-13,13180.0,13200.0,13010.0,12970.0,4325793020,327853,96,12820.0,13200.0
2022-09-14,13350.0,13350.0,12620.0,13240.0,13797575300,1041777,263,12970.0,13010.0
2022-09-18,13010.0,13160.0,12850.0,13100.0,3500057690,272194,123,13240.0,12850.0
2022-09-19,12710.0,12800.0,12710.0,12710.0,11268280160,886493,83,13100.0,12710.0
2022-09-20,12590.0,12590.0,12330.0,12520.0,4595499020,372680,44,12710.0,12330.0
2022-09-28,12800.0,12890.0,12150.0,12590.0,4646117050,366948,150,12520.0,12150.0
2022-10-01,12220.0,12220.0,12220.0,12580.0,326640600,26730,10,12590.0,12220.0
2022-10-04,12210.0,12620.0,12210.0,12220.0,23187759680,1897989,186,12580.0,12620.0
2022-10-08,12580.0,12580.0,11860.0,12340.0,8446751580,683439,201,12220.0,12580.0
2022-10-09,12050.0,12590.0,11970.0,12310.0,1175084940,97448,40,12340.0,11970.0
2022-10-10,11950.0,12670.0,11950.0,12380.0,10261592520,828831,190,12310.0,12670.0
2022-10-11,12750.0,12750.0,12020.0,12370.0,1354719360,110317,76,12380.0,12400.0
2022-10-12,12110.0,12740.0,12000.0,12450.0,3327589350,264057,64,12370.0,12740.0
2022-10-15,12160.0,12820.0,12110.0,12480.0,2405666040,191459,98,12450.0,12540.0
2022-10-16,12170.0,12850.0,12170.0,12530.0,4103517710,325826,104,12480.0,12850.0
2022-10-17,12350.0,12900.0,12350.0,12600.0,3093402700,242316,95,12530.0,12900.0
2022-10-18,12950.0,12970.0,12750.0,12820.0,6835665040,528832,124,12600.0,12970.0
2022-10-25,12500.0,13100.0,12440.0,12830.0,3206788960,249501,56,12820.0,13100.0
2022-10-26,13100.0,13180.0,12450.0,12660.0,4642635830,372286,84,12830.0,12450.0
2022-10-29,12300.0,12620.0,12290.0,12580.0,2061169060,167606,71,12660.0,12290.0
2022-10-30,12210.0,12650.0,12210.0,12490.0,2874623940,234371,60,12580.0,12590.0
2022-10-31,12210.0,12860.0,12200.0,12580.0,12323088480,979422,134,12490.0,12860.0
2022-11-01,12950.0,12950.0,12300.0,12850.0,7622302360,588931,88,12580.0,12950.0
2022-11-06,13230.0,13230.0,12750.0,12920.0,2142412870,162294,47,12850.0,13180.0
2022-11-07,12700.0,13290.0,12610.0,12960.0,2749937730,210209,108,12920.0,13080.0
2022-11-08,13270.0,13270.0,12650.0,12970.0,2076220600,159571,77,12960.0,13010.0
2022-11-09,12650.0,13180.0,12650.0,13010.0,23649525180,1817639,79,12970.0,13180.0
2022-11-12,13300.0,13400.0,13300.0,13400.0,22345465700,1667642,82,13010.0,13400.0
2022-11-13,13800.0,13800.0,13800.0,13800.0,25172028000,1824060,89,13400.0,13800.0
2022-11-14,14210.0,14210.0,14210.0,13870.0,1873872700,131870,31,13800.0,14210.0
2022-11-15,14280.0,14280.0,13550.0,14210.0,15125656930,1064424,155,13870.0,14100.0
2022-11-16,13930.0,14610.0,13930.0,14420.0,9304438390,643252,154,14210.0,14370.0
2022-11-19,14090.0,14700.0,13990.0,14410.0,15018385750,1042342,159,14420.0,14420.0
2022-11-20,14300.0,14820.0,14120.0,14510.0,23114672270,1593122,92,14410.0,14120.0
2022-11-21,14220.0,14750.0,14220.0,14560.0,20423503050,1402878,79,14510.0,14470.0
2022-11-22,14180.0,14990.0,14130.0,14610.0,36199554360,2477038,183,14560.0,14750.0
2022-11-23,14520.0,14700.0,14240.0,14440.0,14363668230,994578,73,14610.0,14440.0
2022-11-30,14020.0,14020.0,14010.0,14400.0,869279120,62045,32,14440.0,14010.0
2022-12-14,14700.0,14700.0,13970.0,14320.0,2223676210,158212,105,14400.0,13970.0
2022-12-20,13900.0,14150.0,13900.0,13960.0,11568983150,828686,92,14320.0,14000.0
2022-12-21,13560.0,14350.0,13550.0,13780.0,8468240890,615577,125,13960.0,13860.0
2022-12-24,13860.0,14190.0,13530.0,13830.0,4823827070,347644,159,13780.0,13550.0
2022-12-25,13880.0,13880.0,13490.0,13740.0,3636515460,267523,143,13830.0,13530.0
2022-12-26,13350.0,14140.0,13350.0,13800.0,5412274920,390687,112,13740.0,14000.0
2022-12-28,14000.0,14210.0,14000.0,14010.0,5950597480,420239,150,13800.0,14210.0
2022-12-31,14420.0,14420.0,13590.0,13940.0,3041400530,220520,92,14010.0,14020.0
2023-01-01,14080.0,14350.0,13600.0,14090.0,5909836880,416491,182,13940.0,14350.0
2023-01-02,14510.0,14510.0,14510.0,14130.0,921776770,63527,38,14090.0,14510.0
2023-01-03,14550.0,14550.0,14190.0,14230.0,3576354890,248207,90,14130.0,14190.0
2023-01-04,13820.0,14650.0,13810.0,14230.0,4290766790,301596,141,14230.0,14650.0
2023-01-07,14650.0,14650.0,14650.0,14360.0,3161997400,215836,49,14230.0,14650.0
2023-01-08,14790.0,14790.0,14790.0,14450.0,2288545440,154736,41,14360.0,14790.0
2023-01-09,14880.0,14880.0,14880.0,14630.0,4493016000,301950,95,14450.0,14880.0
2023-01-10,15060.0,15060.0,15060.0,14740.0,2634897600,174960,41,14630.0,15060.0
2023-01-11,15180.0,15180.0,15180.0,14800.0,1466600520,96614,31,14740.0,15180.0
2023-01-14,15240.0,15240.0,15240.0,14890.0,2167829040,142246,35,14800.0,15240.0
2023-01-16,15330.0,15330.0,15330.0,15020.0,3081529290,201013,38,14890.0,15330.0
2023-01-17,15470.0,15470.0,15330.0,15400.0,9313390090,602764,214,15020.0,15470.0
2023-01-18,15860.0,15860.0,14940.0,15550.0,3923603040,248198,185,15400.0,15860.0
2023-01-21,16010.0,16010.0,15500.0,15650.0,2632961310,165179,84,15550.0,15500.0
2023-01-22,16110.0,16110.0,16110.0,15830.0,4083095610,253451,80,15650.0,16110.0
2023-01-23,16300.0,16300.0,16300.0,16020.0,4174870100,256127,53,15830.0,16300.0
2023-01-24,16500.0,16500.0,16500.0,16060.0,830940000,50360,34,16020.0,16500.0
2023-01-25,16540.0,16540.0,15580.0,16200.0,11224816520,692829,217,16060.0,16540.0
2023-01-28,16680.0,16680.0,16570.0,16370.0,7269892300,435873,116,16200.0,16680.0
2023-01-29,16860.0,16860.0,15880.0,16240.0,15574258710,961361,190,16370.0,15950.0
2023-01-30,15760.0,16250.0,15760.0,16130.0,5337205740,337005,117,16240.0,15790.0
2023-01-31,15650.0,16100.0,15650.0,16010.0,5647930570,359540,76,16130.0,15650.0
2023-02-01,15530.0,15800.0,15530.0,15910.0,4066771270,261794,65,16010.0,15650.0
2023-02-05,15440.0,15450.0,15440.0,15840.0,2931528950,189862,50,15910.0,15450.0
2023-02-06,15370.0,15590.0,15370.0,15790.0,2301961210,149612,49,15840.0,15370.0
2023-02-07,15350.0,16260.0,15330.0,15830.0,3257452940,203383,62,15790.0,15870.0
2023-02-08,15920.0,16300.0,15900.0,15890.0,4313978940,267836,49,15830.0,16300.0
2023-02-12,16300.0,16360.0,16000.0,15940.0,3254876300,200543,53,15890.0,16360.0
2023-02-13,16410.0,16410.0,16410.0,15990.0,2359495440,143784,46,15940.0,16410.0
2023-02-14,16460.0,16460.0,16460.0,16020.0,1328766420,80727,24,15990.0,16460.0
2023-02-15,16500.0,16500.0,16500.0,16140.0,5105842500,309445,30,16020.0,16500.0
2023-02-19,16620.0,16620.0,16620.0,16200.0,2532971100,152405,28,16140.0,16620.0
2023-02-20,16680.0,16680.0,16680.0,16220.0,847460760,50807,20,16200.0,16680.0
2023-02-21,16700.0,16700.0,16700.0,16250.0,1258979600,75388,24,16220.0,16700.0
2023-02-22,16730.0,16730.0,16720.0,16380.0,5755364770,344015,45,16250.0,16730.0
2023-02-25,16870.0,16870.0,16450.0,16640.0,12155763450,722978,78,16380.0,16870.0
2023-02-26,17130.0,17130.0,16250.0,16800.0,9158163060,538983,102,16640.0,17000.0
2023-02-27,17130.0,17130.0,16400.0,16780.0,2913114190,174962,62,16800.0,16820.0
2023-02-28,16280.0,16350.0,16280.0,16710.0,2849447470,174867,55,16780.0,16280.0
2023-03-01,16210.0,16690.0,16210.0,16620.0,4250147080,260602,47,16710.0,16220.0
2023-03-04,16130.0,16620.0,16130.0,16570.0,2010589970,124378,29,16620.0,16130.0
2023-03-05,16110.0,16150.0,16110.0,16550.0,755425140,46814,20,16570.0,16110.0
2023-03-06,16060.0,16120.0,16060.0,16490.0,2383371570,148358,46,16550.0,16070.0
2023-03-07,16490.0,16500.0,16000.0,16400.0,25507262750,1555718,59,16490.0,16500.0
2023-03-11,15920.0,16890.0,15920.0,16440.0,4591527060,276937,81,16400.0,16890.0
2023-03-12,15960.0,16930.0,15960.0,16540.0,4533566680,268336,73,16440.0,16930.0
2023-03-13,17000.0,17030.0,16100.0,16670.0,6788888060,400740,96,16540.0,17030.0
2023-03-14,16330.0,17170.0,16330.0,16680.0,1433151090,84928,71,16670.0,16900.0
2023-03-15,16250.0,16760.0,16180.0,16330.0,45344579830,2777256,186,16680.0,16230.0
2023-03-18,16480.0,16810.0,16480.0,16800.0,20787796210,1237229,50,16330.0,16810.0
2023-03-19,16500.0,17300.0,16500.0,16830.0,2643638700,155467,48,16800.0,17060.0
2023-03-25,16450.0,16750.0,16450.0,16820.0,900887620,54186,28,16830.0,16500.0
2023-03-26,16320.0,16370.0,16320.0,16820.0,73763610,4518,3,16820.0,16370.0
2023-03-27,16350.0,17100.0,16350.0,16820.0,9696445600,576534,52,16820.0,16820.0
2023-03-28,16820.0,17000.0,16820.0,16820.0,5747502880,341640,41,16820.0,16850.0
2023-03-29,16330.0,16700.0,16330.0,16770.0,3046691940,184587,65,16820.0,16700.0
2023-04-03,16270.0,16490.0,16270.0,16660.0,5188755900,317533,64,16770.0,16460.0
2023-04-04,16680.0,16700.0,16350.0,16660.0,5717382490,343104,53,16660.0,16670.0
2023-04-05,16230.0,16940.0,16230.0,16650.0,2773790010,167085,60,16660.0,16400.0
2023-04-08,16230.0,16870.0,16230.0,16620.0,6732587170,406713,114,16650.0,16550.0
2023-04-09,16740.0,17110.0,16740.0,16790.0,7497410990,438582,122,16620.0,17110.0
2023-04-10,17290.0,17290.0,16340.0,16980.0,7848022500,454180,55,16790.0,17290.0
2023-04-11,17470.0,17480.0,17200.0,17150.0,7294493610,417699,83,16980.0,17480.0
2023-04-15,17660.0,17660.0,17100.0,17220.0,65923615360,3829366,147,17150.0,17660.0
2023-04-16,17730.0,17730.0,17570.0,17730.0,38223420730,2155909,97,17220.0,17730.0
2023-04-17,18260.0,18260.0,18260.0,17830.0,3853243460,211021,29,17730.0,18260.0
2023-04-18,18360.0,18360.0,18360.0,18310.0,19216916280,1046673,38,17830.0,18360.0
2023-04-19,18850.0,18850.0,18850.0,18670.0,14475028100,767906,38,18310.0,18850.0
2023-05-01,25500.0,25500.0,25500.0,25500.0,48276192000,1893184,76,18670.0,25500.0
2023-05-02,25090.0,25090.0,24740.0,24740.0,96685943230,3907420,238,25500.0,24740.0
2023-05-03,24000.0,24000.0,24000.0,24000.0,94462704000,3935946,271,24740.0,24000.0
2023-05-06,23300.0,23950.0,23300.0,23300.0,76936162850,3299490,267,24000.0,23300.0
2023-05-07,22650.0,22650.0,22650.0,23200.0,2518000500,111170,14,23300.0,22650.0
2023-05-08,22550.0,22550.0,22550.0,23200.0,164299300,7286,3,23200.0,22550.0
2023-05-09,22550.0,22550.0,22550.0,22800.0,11832661500,524730,11,23200.0,22550.0
2023-05-10,22150.0,22150.0,22150.0,22800.0,158505400,7156,3,22800.0,22150.0
2023-05-14,22150.0,22150.0,22150.0,22750.0,939890950,42433,6,22800.0,22150.0
2023-05-15,22100.0,22100.0,22100.0,22700.0,1376830000,62300,7,22750.0,22100.0
2023-05-17,22050.0,22050.0,22050.0,22050.0,48615884100,2204802,64,22700.0,22050.0
2023-05-20,21400.0,22700.0,21400.0,22000.0,49575846050,2254481,347,22050.0,21600.0
2023-05-21,21400.0,21900.0,21350.0,21750.0,7052661700,329896,108,22000.0,21350.0
2023-05-22,21250.0,21300.0,21100.0,21500.0,7141360300,337977,95,21750.0,21100.0
2023-05-23,20950.0,22100.0,20900.0,21550.0,13705882950,636209,165,21500.0,21400.0
2023-05-24,21300.0,21300.0,20950.0,21400.0,4211339250,200720,82,21550.0,20950.0
2023-05-27,20800.0,21000.0,20800.0,21300.0,2891706700,138897,48,21400.0,20800.0
2023-05-28,20700.0,20700.0,20700.0,21300.0,54792900,2647,2,21300.0,20700.0
2023-05-29,20700.0,21300.0,20700.0,21150.0,5649581100,272773,51,21300.0,20700.0
2023-05-30,20550.0,20700.0,20550.0,21050.0,2912828300,141497,64,21150.0,20550.0
2023-05-31,20450.0,20550.0,20450.0,21000.0,2238034500,109410,29,21050.0,20450.0
2023-06-03,20550.0,21000.0,20400.0,20800.0,7266018750,354146,102,21000.0,21000.0
2023-06-06,20450.0,21250.0,20200.0,20500.0,10243079900,506312,79,20800.0,20200.0
2023-06-07,19950.0,20000.0,19900.0,20350.0,4640814300,232982,75,20500.0,19900.0
2023-06-10,19800.0,19800.0,19750.0,20250.0,3002491750,151973,33,20350.0,19750.0
2023-06-11,19650.0,19750.0,19650.0,20100.0,4157073250,211505,58,20250.0,19650.0
2023-06-12,19500.0,19500.0,19500.0,20000.0,2881281000,147758,31,20100.0,19500.0
2023-06-13,19400.0,19400.0,19400.0,19800.0,6648360600,342699,39,20000.0,19400.0
2023-06-14,19250.0,20300.0,19250.0,19750.0,5622179450,286063,103,19800.0,19400.0
2023-06-17,19170.0,20340.0,19160.0,19950.0,9550820030,473350,133,19750.0,20330.0
2023-06-18,19500.0,19630.0,19360.0,19820.0,4932268640,253798,67,19950.0,19400.0
2023-06-19,19240.0,20190.0,19240.0,19820.0,1373223500,69423,33,19820.0,19570.0
2023-06-20,20410.0,20410.0,20410.0,19970.0,5377790080,263488,77,19820.0,20410.0
2023-06-21,20560.0,20560.0,20560.0,20010.0,1444812880,70273,32,19970.0,20560.0
2023-06-24,20600.0,20600.0,20600.0,20250.0,8343164800,405008,36,20010.0,20600.0
2023-06-25,20850.0,20850.0,20000.0,20800.0,26243223800,1261366,139,20250.0,20800.0
2023-06-26,21150.0,21400.0,20500.0,21350.0,44324125300,2076173,355,20800.0,21400.0
2023-06-27,21950.0,21950.0,20850.0,21450.0,15348708650,713321,147,21350.0,21550.0
2023-06-28,20900.0,22000.0,20850.0,21250.0,15128444850,714788,160,21450.0,20900.0
2023-07-01,20800.0,21850.0,20800.0,21550.0,17889388750,828648,184,21250.0,21700.0
2023-07-02,22100.0,22150.0,22100.0,22150.0,26922612200,1215840,175,21550.0,22150.0
2023-07-03,22800.0,22800.0,22500.0,22550.0,14142177350,620846,142,22150.0,22800.0
2023-07-04,23200.0,23200.0,22850.0,23100.0,18502127550,798301,219,22550.0,23200.0
2023-07-05,23700.0,23750.0,22450.0,23150.0,49704068650,2147013,451,23100.0,22550.0
2023-07-08,22500.0,23400.0,22500.0,22850.0,18955077200,830848,235,23150.0,22900.0
2023-07-09,22400.0,22750.0,22200.0,22600.0,9158131850,410904,116,22850.0,22200.0
2023-07-10,21950.0,21950.0,21950.0,22550.0,2057790550,93749,29,22600.0,21950.0
2023-07-11,21900.0,22450.0,21900.0,22200.0,10884228350,496664,132,22550.0,21900.0
2023-07-12,21550.0,21900.0,21550.0,22000.0,5895860150,273543,82,22200.0,21550.0
2023-07-15,21350.0,22400.0,21350.0,21800.0,13236771350,609528,156,22000.0,21350.0
2023-07-16,21200.0,21200.0,21150.0,21700.0,2812123450,132942,36,21800.0,21150.0
2023-07-17,21050.0,21050.0,21050.0,21650.0,1789839400,85028,25,21700.0,21050.0
2023-07-18,21050.0,21950.0,21050.0,21450.0,10094418450,473897,150,21650.0,21150.0
2023-07-19,20900.0,21400.0,20900.0,21350.0,5539700650,261935,90,21450.0,21250.0
2023-07-22,20750.0,21150.0,20750.0,21250.0,3690506750,177705,36,21350.0,20750.0
2023-07-23,20650.0,20650.0,20650.0,21250.0,468548500,22690,9,21250.0,20650.0
2023-07-24,20650.0,20650.0,20650.0,21200.0,1386854000,67160,17,21250.0,20650.0
2023-07-25,20600.0,20600.0,20600.0,21150.0,1834945000,89075,19,21200.0,20600.0
2023-07-29,20550.0,20550.0,20550.0,21150.0,447209100,21762,5,21150.0,20550.0
2023-07-30,20100.0,20100.0,20100.0,21000.0,2268928200,112882,30,21150.0,20100.0
2023-07-31,20400.0,20400.0,20400.0,21000.0,102000000,5000,1,21000.0,20400.0
2023-08-01,20400.0,21600.0,20400.0,21050.0,32898514400,1561041,251,21000.0,21400.0
2023-08-05,20600.0,21650.0,20450.0,20950.0,14403814150,688587,145,21050.0,20700.0
2023-08-06,20400.0,20800.0,20350.0,20800.0,6139108750,300898,76,20950.0,20350.0
2023-08-07,20200.0,20900.0,20200.0,20700.0,3251976750,160259,83,20800.0,20200.0
2023-08-08,20200.0,20200.0,20100.0,20650.0,1854412800,92228,27,20700.0,20100.0
2023-08-09,20050.0,20050.0,20050.0,20500.0,5369670700,267814,40,20650.0,20050.0
2023-08-12,19900.0,20300.0,19900.0,20500.0,379614400,19056,8,20500.0,19900.0
2023-08-13,19900.0,19900.0,19900.0,20500.0,202522300,10177,5,20500.0,19900.0
2023-08-14,19900.0,19900.0,19900.0,20500.0,696042300,34977,9,20500.0,19900.0
2023-08-15,19900.0,19900.0,19900.0,20500.0,137190600,6894,1,20500.0,19900.0
2023-08-19,19900.0,19900.0,19900.0,20500.0,50148000,2520,1,20500.0,19900.0
2023-08-20,19500.0,19500.0,19500.0,20450.0,1115517000,57206,11,20500.0,19500.0
2023-08-21,19850.0,19850.0,19850.0,20450.0,51610000,2600,1,20450.0,19850.0
2023-08-23,19850.0,19850.0,19850.0,20450.0,59550000,3000,1,20450.0,19850.0
2023-08-26,19850.0,19850.0,19850.0,20450.0,260332750,13115,4,20450.0,19850.0
2023-08-27,19850.0,19850.0,19850.0,20450.0,617374700,31102,4,20450.0,19850.0
2023-08-28,19450.0,19450.0,19450.0,20400.0,702436750,36115,8,20450.0,19450.0
2023-08-29,19800.0,19800.0,19800.0,20400.0,51480000,2600,1,20400.0,19800.0
2023-08-30,19800.0,19800.0,19800.0,20400.0,119592000,6040,1,20400.0,19800.0
2023-09-03,19800.0,19800.0,19800.0,20400.0,50806800,2566,1,20400.0,19800.0
2023-09-04,19800.0,19800.0,19800.0,20400.0,201128400,10158,2,20400.0,19800.0
2023-09-05,19400.0,19400.0,19400.0,20300.0,1684385600,86824,18,20400.0,19400.0
2023-09-09,19700.0,19700.0,19700.0,20300.0,50235000,2550,1,20300.0,19700.0
2023-09-12,19700.0,19700.0,19700.0,19700.0,101455000,5150,2,20300.0,19700.0
2023-09-17,19110.0,19110.0,19110.0,19110.0,534277380,27958,5,19700.0,19110.0
2023-09-18,18540.0,18550.0,18540.0,18540.0,14492871490,781696,122,19110.0,18540.0
2023-09-19,18200.0,19090.0,18200.0,18900.0,16625899810,877306,182,18540.0,19090.0
2023-09-20,19100.0,19460.0,19100.0,19040.0,5839999000,301441,94,18900.0,19250.0
2023-09-23,18500.0,18510.0,18470.0,19000.0,1387089950,75085,29,19040.0,18470.0
2023-09-25,18430.0,18430.0,18430.0,18990.0,398567180,21626,6,19000.0,18430.0
2023-09-26,18430.0,19220.0,18430.0,18460.0,30878268440,1672277,215,18990.0,18450.0
2023-09-27,18100.0,19010.0,18000.0,18580.0,7984867980,425641,118,18460.0,19010.0
2023-09-30,19130.0,19130.0,19030.0,19010.0,16183544160,846021,110,18580.0,19130.0
2023-10-01,19580.0,19580.0,19580.0,19110.0,3547582720,181184,50,19010.0,19580.0
2023-10-02,19680.0,19680.0,19680.0,19240.0,4771986720,242479,32,19110.0,19680.0
2023-10-04,19810.0,19810.0,19810.0,19570.0,12272532720,619512,57,19240.0,19810.0
2023-10-07,20150.0,20150.0,18990.0,19570.0,11435151780,584568,162,19570.0,19100.0
2023-10-08,19000.0,19000.0,18990.0,19550.0,666607920,35096,12,19570.0,18990.0
2023-10-09,18970.0,18970.0,18970.0,19510.0,1182893320,62356,18,19550.0,18970.0
2023-10-10,18930.0,19150.0,18930.0,19290.0,7578374230,400075,87,19510.0,18930.0
2023-10-11,19350.0,19350.0,18720.0,19240.0,2187479940,116101,33,19290.0,18940.0
2023-10-14,18700.0,19810.0,18700.0,19610.0,15441631580,782647,131,19240.0,19810.0
2023-10-15,20130.0,20190.0,20110.0,19740.0,4835589700,239722,71,19610.0,20190.0
2023-10-16,19650.0,20330.0,19650.0,19910.0,6752796620,333095,65,19740.0,20330.0
2023-10-17,20400.0,20400.0,19520.0,19960.0,7083668380,353234,54,19910.0,20000.0
2023-10-18,20400.0,20550.0,19370.0,20320.0,17498778020,858126,138,19960.0,20550.0
2023-10-21,20900.0,20900.0,20900.0,20850.0,19680004300,941627,82,20320.0,20900.0
2023-10-22,21450.0,21450.0,21100.0,21450.0,20990823750,978749,87,20850.0,21450.0
2023-10-23,21950.0,22050.0,20850.0,21700.0,18716107600,862043,160,21450.0,20850.0
2023-10-24,21050.0,22350.0,21050.0,21700.0,10548622400,486497,115,21700.0,21050.0
2023-10-25,21050.0,21350.0,21050.0,21650.0,2470955000,117100,44,21700.0,21150.0
2023-10-28,21050.0,21700.0,21050.0,21650.0,2492155900,115465,19,21650.0,21050.0
2023-10-30,21050.0,21050.0,21050.0,21650.0,450175300,21386,9,21650.0,21050.0
2023-11-04,21050.0,21100.0,21050.0,21500.0,5483299850,260449,49,21650.0,21050.0
2023-11-05,20900.0,20900.0,20900.0,21500.0,51455800,2462,1,21500.0,20900.0
2023-11-06,20900.0,22050.0,20900.0,21450.0,36110625600,1681865,269,21500.0,21350.0
2023-11-07,20950.0,21000.0,20850.0,21300.0,4825964750,231356,43,21450.0,20850.0
2023-11-08,20700.0,20700.0,20700.0,21300.0,309547800,14954,4,21300.0,20700.0
2023-11-11,20700.0,21700.0,20700.0,21150.0,9991138200,476780,110,21300.0,21300.0
2023-11-12,20600.0,21750.0,20600.0,21300.0,6957114050,322718,100,21150.0,21150.0
2023-11-13,20700.0,21400.0,20700.0,21300.0,4376459950,206297,65,21300.0,20850.0
2023-11-14,21350.0,21350.0,20700.0,21300.0,765496400,36902,19,21300.0,20700.0
2023-11-15,20700.0,20700.0,20700.0,21300.0,620586000,29980,10,21300.0,20700.0
2023-11-18,20700.0,21600.0,20700.0,21250.0,1778094200,85112,19,21300.0,20700.0
2023-11-19,20650.0,21450.0,20650.0,20850.0,16125214900,776222,101,21250.0,21250.0
2023-11-20,20250.0,21000.0,20250.0,20750.0,4440279000,217456,50,20850.0,20250.0
2023-11-21,20550.0,21150.0,20150.0,20700.0,4698233750,229685,71,20750.0,20300.0
2023-11-22,20300.0,21300.0,20100.0,20950.0,13067070250,620065,93,20700.0,21300.0
2023-11-25,21550.0,21550.0,21500.0,21400.0,15737499500,730290,76,20950.0,21550.0
2023-11-26,21900.0,22000.0,21550.0,21800.0,15339978600,698146,94,21400.0,22000.0
2023-11-27,22150.0,22450.0,21150.0,21900.0,7851740350,355451,95,21800.0,21650.0
2023-11-28,21350.0,22550.0,21350.0,22350.0,16330839950,726071,158,21900.0,22550.0
2023-11-29,22950.0,23000.0,22000.0,22700.0,17771187900,781227,116,22350.0,22500.0
2023-12-02,22100.0,23350.0,22050.0,23200.0,32796097250,1413827,91,22700.0,22400.0
2023-12-03,23300.0,23850.0,22950.0,23600.0,17526807600,740380,99,23200.0,23000.0
2023-12-04,24200.0,24200.0,23100.0,23650.0,12666986800,534612,66,23600.0,23650.0
2023-12-05,23000.0,23000.0,22950.0,23600.0,1941436700,84566,28,23650.0,22950.0
2023-12-06,22900.0,24000.0,22900.0,23550.0,4010658300,170958,54,23600.0,22900.0
2023-12-09,22850.0,22850.0,22850.0,22850.0,31166348900,1363954,34,23550.0,22850.0
2023-12-10,22200.0,22200.0,22200.0,22850.0,272416200,12271,4,22850.0,22200.0
2023-12-11,22200.0,23500.0,22200.0,22850.0,24638946000,1078340,151,22850.0,23400.0
2023-12-12,22900.0,23500.0,22850.0,23400.0,24531024550,1048308,170,22850.0,23000.0
2023-12-13,23900.0,24100.0,23550.0,23700.0,9997669350,416664,81,23400.0,23950.0
2023-12-16,23700.0,24400.0,23000.0,23700.0,11856611400,500102,124,23700.0,23000.0
2023-12-18,24000.0,24400.0,23000.0,23650.0,9303461050,394164,91,23700.0,23000.0
2023-12-19,22950.0,23900.0,22950.0,23500.0,4546672950,197380,50,23650.0,22950.0
2023-12-20,22800.0,22800.0,22800.0,23500.0,538878000,23635,4,23500.0,22800.0
2023-12-23,23450.0,24200.0,22800.0,23550.0,9301587450,394173,104,23500.0,22800.0
2023-12-24,23600.0,24250.0,22850.0,23450.0,14398761350,614188,147,23550.0,22850.0
2023-12-25,22750.0,22750.0,22750.0,23150.0,8579457250,377119,27,23450.0,22750.0
2023-12-26,23450.0,23450.0,22500.0,23150.0,759172400,33154,13,23150.0,22500.0
2023-12-27,22500.0,23800.0,22500.0,23650.0,35369715750,1495386,185,23150.0,23800.0
2023-12-30,23950.0,24350.0,23950.0,24350.0,23766672950,976481,246,23650.0,24350.0
2023-12-31,25000.0,25050.0,24950.0,25050.0,24708891200,986806,267,24350.0,25050.0
2024-01-01,25500.0,25800.0,25500.0,25550.0,14139327250,548346,188,25050.0,25800.0
2024-01-02,26250.0,26300.0,25000.0,26100.0,19639719600,750063,152,25550.0,25900.0
2024-01-03,26800.0,26800.0,25350.0,26000.0,44205408450,1700584,301,26100.0,26750.0
2024-01-06,26000.0,26750.0,25650.0,26000.0,841449650,32161,18,26000.0,26500.0
2024-01-08,25250.0,25350.0,25250.0,25900.0,2075967900,82176,25,26000.0,25250.0
2024-01-09,25150.0,26400.0,25150.0,25550.0,23876380100,934715,167,25900.0,25900.0
2024-01-10,26300.0,26300.0,24800.0,24900.0,61987422050,2487331,314,25550.0,24800.0
2024-01-13,24200.0,24300.0,24200.0,24200.0,20378075000,841969,101,24900.0,24200.0
2024-01-17,23500.0,23500.0,23500.0,24200.0,593116500,25239,10,24200.0,23500.0
2024-01-20,23500.0,23500.0,23500.0,24200.0,58750000,2500,1,24200.0,23500.0
2024-01-21,23500.0,23500.0,23500.0,23900.0,8717654000,370964,33,24200.0,23500.0
2024-01-22,23200.0,23500.0,23200.0,23400.0,13080210400,563758,64,23900.0,23200.0
2024-01-23,24000.0,24000.0,22700.0,23350.0,979499000,42870,13,23400.0,22700.0
2024-01-24,22650.0,22650.0,22650.0,23300.0,1013428950,44743,12,23350.0,22650.0
2024-01-27,22650.0,22650.0,22650.0,23300.0,67950000,3000,1,23300.0,22650.0
2024-01-28,22650.0,22650.0,22650.0,23300.0,370282200,16348,8,23300.0,22650.0
2024-01-31,22150.0,22150.0,22150.0,23250.0,1001578700,45218,15,23300.0,22150.0
2024-02-03,22600.0,22600.0,22600.0,23250.0,50804800,2248,1,23250.0,22600.0
2024-02-10,22100.0,23900.0,22100.0,22850.0,11039980250,489830,104,23250.0,22100.0
2024-02-12,22200.0,22200.0,22200.0,22200.0,24316126200,1095321,27,22850.0,22200.0
2024-02-13,21550.0,21550.0,21550.0,22200.0,260755000,12100,5,22200.0,21550.0
2024-02-14,21550.0,21550.0,21550.0,22200.0,50814900,2358,1,22200.0,21550.0
2024-02-19,21550.0,21550.0,21550.0,22200.0,105595000,4900,2,22200.0,21550.0
2024-02-20,21100.0,21500.0,21100.0,22050.0,2761731900,130837,35,22200.0,21500.0
2024-02-21,21400.0,21400.0,21400.0,22050.0,141475400,6611,2,22050.0,21400.0
2024-02-28,21400.0,21400.0,21400.0,22050.0,52408600,2449,1,22050.0,21400.0
2024-03-02,20950.0,21050.0,20950.0,21700.0,6387911950,304776,86,22050.0,21000.0
2024-03-03,21050.0,22000.0,21050.0,21500.0,6786477300,320196,118,21700.0,21050.0
2024-03-04,21050.0,21050.0,20900.0,21400.0,3648127850,174417,47,21500.0,20900.0
2024-03-05,20850.0,20850.0,20800.0,21150.0,7416427400,356553,43,21400.0,20800.0
2024-03-06,20550.0,21600.0,20550.0,21100.0,2925967350,139716,54,21150.0,20650.0
2024-03-13,21000.0,21000.0,21000.0,21100.0,53550000,2550,3,21100.0,21000.0
2024-03-16,20500.0,20600.0,20500.0,20950.0,4290203150,209211,45,21100.0,20550.0
2024-03-17,20350.0,20950.0,20350.0,20900.0,1721337650,83911,31,20950.0,20950.0
2024-03-18,20350.0,21500.0,20300.0,20950.0,2452806100,115753,34,20900.0,21500.0
2024-03-24,20800.0,20800.0,20450.0,20950.0,487158100,23676,13,20950.0,20600.0
2024-03-25,20600.0,21550.0,20450.0,21150.0,8594591750,400277,46,20950.0,21550.0
2024-03-26,21700.0,21700.0,21050.0,21150.0,149694800,7029,7,21150.0,21100.0
2024-03-27,20700.0,21000.0,20650.0,21150.0,678079200,32664,17,21150.0,20650.0
2024-03-30,20750.0,20800.0,20650.0,21100.0,1227147750,59208,12,21150.0,20800.0
2024-04-02,20600.0,20800.0,20500.0,21050.0,1507826300,73413,12,21100.0,20800.0
2024-04-03,21550.0,21600.0,20750.0,21050.0,164710750,7821,3,21050.0,20750.0
2024-04-06,20600.0,20600.0,20600.0,21050.0,566500000,27500,11,21050.0,20600.0
2024-04-07,20700.0,20750.0,20700.0,21050.0,1395866650,67372,14,21050.0,20700.0
2024-04-08,20500.0,21000.0,20500.0,21000.0,1990115500,97066,11,21050.0,20500.0
2024-04-09,20450.0,20600.0,20450.0,21000.0,579127300,28177,16,21000.0,20600.0
2024-04-13,20400.0,20400.0,20400.0,20950.0,1661090400,81426,30,21000.0,20400.0
2024-04-14,20750.0,20750.0,20750.0,20950.0,779411500,37562,10,20950.0,20750.0
2024-04-15,20800.0,20800.0,20750.0,20950.0,2313164350,111423,18,20950.0,20750.0
2024-04-16,20750.0,20750.0,20750.0,20950.0,818919500,39466,10,20950.0,20750.0
2024-04-17,21150.0,21150.0,20750.0,20950.0,359779000,17252,12,20950.0,20750.0
2024-04-20,21500.0,21550.0,20450.0,20950.0,224740600,10690,6,20950.0,20550.0
2024-04-21,20450.0,20800.0,20450.0,20950.0,879524650,42782,16,20950.0,20800.0
2024-04-22,20500.0,20500.0,20350.0,20950.0,545299750,26676,11,20950.0,20450.0
2024-04-23,20400.0,20700.0,20350.0,20950.0,755806800,36880,19,20950.0,20700.0
2024-04-24,20350.0,21450.0,20350.0,21000.0,2557186550,120045,10,20950.0,20450.0
2024-04-27,20450.0,20600.0,20450.0,21000.0,296755850,14444,10,21000.0,20450.0
2024-04-28,20450.0,20500.0,20400.0,21000.0,421085650,20564,11,21000.0,20500.0
2024-04-29,20400.0,20400.0,20400.0,21000.0,668691600,32779,18,21000.0,20400.0
2024-04-30,20400.0,20400.0,20400.0,21000.0,631298400,30946,7,21000.0,20400.0
2024-05-01,20400.0,20550.0,20400.0,20950.0,1028824400,50176,17,21000.0,20550.0
2024-05-05,20350.0,20350.0,20350.0,20950.0,564020600,27716,12,20950.0,20350.0
2024-05-06,20350.0,20350.0,20350.0,20850.0,2495479800,122628,21,20950.0,20350.0
2024-05-07,20250.0,20250.0,20250.0,20800.0,1314123750,64895,14,20850.0,20250.0
2024-05-08,20200.0,20250.0,20200.0,20800.0,192859450,9534,10,20800.0,20250.0
2024-05-11,20300.0,20350.0,20250.0,20800.0,159130650,7830,7,20800.0,20250.0
2024-05-12,20200.0,20200.0,20200.0,20700.0,3170349600,156948,11,20800.0,20200.0
2024-05-13,20100.0,20100.0,20100.0,20650.0,1854868200,92282,13,20700.0,20100.0
2024-05-14,20050.0,20050.0,20050.0,20650.0,507806350,25327,11,20650.0,20050.0
2024-05-15,20050.0,20050.0,20050.0,20650.0,336840000,16800,8,20650.0,20050.0
2024-05-18,20050.0,20250.0,20050.0,20600.0,1129029450,56157,21,20650.0,20050.0
2024-05-19,20000.0,20000.0,20000.0,20550.0,1852980000,92649,23,20600.0,20000.0
2024-05-21,20150.0,20150.0,20150.0,20550.0,338943150,16821,12,20550.0,20150.0
2024-05-25,20150.0,20150.0,20150.0,20550.0,1032506150,51241,17,20550.0,20150.0
2024-05-26,20150.0,20150.0,20150.0,20550.0,1181475100,58634,19,20550.0,20150.0
2024-05-27,20150.0,20150.0,20150.0,20550.0,446886700,22178,7,20550.0,20150.0
2024-05-28,20150.0,20200.0,20150.0,20550.0,964272750,47848,21,20550.0,20150.0
2024-05-29,20150.0,20250.0,20150.0,20500.0,1290266700,64018,12,20550.0,20150.0
2024-06-01,20100.0,20100.0,20100.0,20500.0,1068737100,53171,12,20500.0,20100.0
2024-06-02,20100.0,20100.0,20100.0,20500.0,40682400,2024,1,20500.0,20100.0
2024-06-05,20100.0,20100.0,20100.0,20500.0,58671900,2919,2,20500.0,20100.0
2024-06-24,20100.0,20100.0,20100.0,20400.0,5285194500,262945,13,20500.0,20100.0
2024-06-26,20000.0,20400.0,20000.0,20400.0,488154100,24347,13,20400.0,20000.0
2024-06-29,19800.0,21000.0,19800.0,20450.0,1080149650,51674,26,20400.0,21000.0
2024-07-01,19850.0,19850.0,19850.0,20450.0,214995350,10831,7,20450.0,19850.0
2024-07-03,19850.0,19850.0,19850.0,20450.0,50617500,2550,1,20450.0,19850.0
2024-07-06,19900.0,19900.0,19850.0,20450.0,446724450,22470,14,20450.0,19850.0
2024-07-23,19850.0,19850.0,19850.0,20450.0,50617500,2550,4,20450.0,19850.0
2024-07-29,19850.0,19900.0,19850.0,20250.0,7265400000,366000,18,20450.0,19850.0
2024-07-31,19650.0,20400.0,19650.0,20100.0,19747472350,981746,31,20250.0,20200.0
2024-08-31,19700.0,19700.0,19700.0,20050.0,1473441800,74794,19,20100.0,19700.0
2024-09-01,20200.0,20200.0,20200.0,20050.0,48803200,2416,1,20050.0,20200.0
2024-09-09,19450.0,19450.0,19450.0,20050.0,50570000,2600,1,20050.0,19450.0
2024-09-10,19450.0,19450.0,19450.0,20050.0,161571150,8307,4,20050.0,19450.0
2024-09-11,19050.0,19050.0,19050.0,20000.0,1093489050,57401,16,20050.0,19050.0
2024-09-22,19000.0,19200.0,19000.0,19870.0,2512572020,132082,35,20000.0,19200.0
2024-09-23,19280.0,19400.0,19280.0,19850.0,800044860,41420,18,19870.0,19280.0
2024-09-24,19260.0,19260.0,19260.0,19840.0,446215680,23168,8,19850.0,19260.0
2024-09-25,19250.0,19500.0,19250.0,19820.0,637909650,33104,11,19840.0,19250.0
2024-09-29,19630.0,19630.0,19630.0,19820.0,50311690,2563,1,19820.0,19630.0
2024-10-12,19230.0,19230.0,19230.0,19810.0,457827840,23808,10,19820.0,19230.0
2024-10-13,19220.0,19220.0,19220.0,19810.0,15068480,784,1,19810.0,19220.0
2024-10-27,18820.0,19300.0,18820.0,19640.0,3609294100,190805,61,19810.0,18820.0
2024-10-29,19060.0,19060.0,19060.0,19640.0,101018000,5300,2,19640.0,19060.0
2024-10-30,19060.0,19060.0,19060.0,19640.0,75439480,3958,1,19640.0,19060.0
2024-11-05,19060.0,19060.0,19060.0,19640.0,57180000,3000,3,19640.0,19060.0
2024-11-09,19060.0,19060.0,19060.0,19530.0,3813810700,200095,32,19640.0,19060.0
2024-11-10,18950.0,18960.0,18950.0,19510.0,595440750,31415,15,19530.0,18950.0
2024-11-11,18930.0,18930.0,18930.0,19500.0,245389590,12963,7,19510.0,18930.0
2024-11-12,18920.0,18920.0,18920.0,19500.0,149392320,7896,4,19500.0,18920.0
2024-11-13,18920.0,18920.0,18920.0,19500.0,122412400,6470,3,19500.0,18920.0
2024-11-16,18920.0,18920.0,18920.0,19470.0,959395360,50708,23,19500.0,18920.0
2024-11-17,18890.0,18890.0,18890.0,19450.0,502152870,26583,11,19470.0,18890.0
2024-11-18,18500.0,18800.0,18500.0,19350.0,2181914390,117647,40,19450.0,18520.0
2024-11-19,18770.0,19490.0,18770.0,19150.0,6751085550,359347,53,19350.0,18770.0
2024-11-20,18580.0,18580.0,18580.0,19140.0,283270680,15246,11,19150.0,18580.0
2024-11-23,18570.0,18570.0,18570.0,19140.0,50139000,2700,1,19140.0,18570.0
2024-11-24,18570.0,18600.0,18570.0,18980.0,5464581670,294050,47,19140.0,18570.0
2024-11-25,18420.0,19490.0,18420.0,18960.0,5546355030,293352,51,18980.0,19340.0
2024-11-26,19500.0,19500.0,18400.0,18870.0,4265656360,229816,35,18960.0,18400.0
2024-11-27,18310.0,19000.0,18310.0,18860.0,700436080,37942,12,18870.0,19000.0
2024-11-30,18300.0,18310.0,18300.0,18850.0,408152780,22300,12,18860.0,18300.0
2024-12-01,18990.0,19000.0,18990.0,18850.0,68398080,3600,3,18850.0,19000.0
2024-12-02,18290.0,19410.0,18290.0,18950.0,5766181820,300522,70,18850.0,19150.0
2024-12-03,18440.0,18800.0,18440.0,18940.0,400876930,21610,11,18950.0,18700.0
2024-12-04,18410.0,18520.0,18410.0,18920.0,889656230,48180,17,18940.0,18520.0
2024-12-07,18520.0,18520.0,18360.0,18900.0,822603120,44654,17,18920.0,18380.0
2024-12-08,18340.0,18850.0,18340.0,18880.0,685360380,37281,15,18900.0,18850.0
2024-12-09,18320.0,19200.0,18320.0,18890.0,1704137810,89493,33,18880.0,19200.0
2024-12-10,19440.0,19440.0,18400.0,18880.0,795123060,42387,22,18890.0,18400.0
2024-12-11,18330.0,19300.0,18330.0,18900.0,1711107610,89565,19,18880.0,19200.0
2024-12-14,18590.0,19460.0,18590.0,18940.0,2004717420,103555,52,18900.0,19460.0
2024-12-15,18550.0,18840.0,18550.0,18940.0,445464330,23675,13,18940.0,18800.0
2024-12-16,18390.0,19350.0,18390.0,18930.0,640689320,34596,23,18940.0,19350.0
2024-12-17,19440.0,19490.0,18520.0,19020.0,3592782490,184840,67,18930.0,18750.0
2024-12-18,18500.0,18500.0,18450.0,18990.0,1156019570,62630,37,19020.0,18450.0
2024-12-21,19490.0,19490.0,18610.0,18990.0,383182280,20201,8,18990.0,18610.0
2024-12-22,18450.0,18450.0,18430.0,18960.0,994426520,53954,21,18990.0,18430.0
2024-12-23,18430.0,19420.0,18400.0,18470.0,20339228450,1101157,51,18960.0,19060.0
2024-12-24,18100.0,19020.0,18100.0,18500.0,13668700770,738367,41,18470.0,19020.0
2024-12-25,19020.0,19050.0,18660.0,18650.0,12548126380,669666,48,18500.0,18750.0
2025-01-01,18100.0,19000.0,18100.0,18650.0,153399450,8162,7,18650.0,18990.0
2025-01-04,19180.0,19200.0,18930.0,18850.0,8119550690,423827,49,18650.0,19000.0
2025-01-05,18850.0,19410.0,18450.0,18910.0,2779528320,144114,39,18850.0,19410.0
2025-01-06,19470.0,19470.0,19090.0,18930.0,928022600,47666,20,18910.0,19470.0
2025-01-07,19490.0,19490.0,19000.0,18990.0,2233139630,114599,35,18930.0,19490.0
2025-01-08,19550.0,19550.0,18830.0,19040.0,2157879990,110620,31,18990.0,19550.0
2025-01-11,19610.0,19610.0,19010.0,19600.0,21608083640,1102182,49,19040.0,19610.0
2025-01-12,20180.0,20180.0,20180.0,20180.0,21125271560,1046842,63,19600.0,20180.0
2025-01-13,20780.0,20780.0,20780.0,20770.0,21474239020,1033409,43,20180.0,20780.0
2025-01-15,21390.0,21390.0,21390.0,21180.0,14741517420,689178,52,20770.0,21390.0
2025-01-29,20550.0,20550.0,20550.0,21150.0,327628650,15943,9,21180.0,20550.0
2025-02-01,20550.0,20550.0,20550.0,21100.0,842447250,40995,6,21150.0,20550.0
2025-02-03,20500.0,20500.0,20500.0,21100.0,460225000,22450,7,21100.0,20500.0
2025-02-04,20500.0,20500.0,20500.0,21100.0,102500000,5000,2,21100.0,20500.0
2025-02-05,20500.0,20500.0,20500.0,21100.0,276750000,13500,5,21100.0,20500.0
2025-02-09,20050.0,20050.0,20050.0,21100.0,399596500,19930,10,21100.0,20050.0
2025-02-19,20500.0,20500.0,20500.0,21100.0,50020000,2440,1,21100.0,20500.0
2025-02-23,20500.0,20500.0,20500.0,21100.0,66215000,3230,1,21100.0,20500.0
2025-02-25,20500.0,20500.0,20500.0,21100.0,331095500,16151,4,21100.0,20500.0
2025-03-02,20050.0,20050.0,20050.0,21100.0,106265000,5300,2,21100.0,20050.0
2025-03-17,20500.0,20500.0,20500.0,21100.0,175500500,8561,2,21100.0,20500.0
2025-03-30,20500.0,21700.0,20500.0,21100.0,12532564150,594875,76,21100.0,20650.0
2025-04-05,20500.0,20800.0,20500.0,21050.0,863666200,42088,7,21100.0,20500.0
2025-04-13,20000.0,20600.0,20000.0,20450.0,11142588100,556475,125,21050.0,20000.0
2025-04-14,19850.0,20000.0,19850.0,20450.0,306467300,15433,8,20450.0,19850.0
2025-04-20,19850.0,19850.0,19850.0,20450.0,683991300,34458,9,20450.0,19850.0
2025-04-21,19850.0,19850.0,19850.0,20450.0,250090150,12599,3,20450.0,19850.0
2025-04-30,19450.0,19500.0,19450.0,20100.0,6802227500,349663,81,20450.0,19450.0
2025-05-03,19500.0,19500.0,19500.0,20100.0,394192500,20215,4,20100.0,19500.0
2025-05-06,19500.0,19500.0,19500.0,20100.0,100678500,5163,3,20100.0,19500.0
2025-05-10,19100.0,19100.0,19100.0,20100.0,50042000,2620,1,20100.0,19100.0
2025-05-11,19500.0,19500.0,19500.0,20100.0,39000,2,2,20100.0,19500.0
2025-05-12,19500.0,19500.0,19500.0,20100.0,61503000,3154,3,20100.0,19500.0
2025-05-13,19500.0,19500.0,19500.0,20100.0,54600000,2800,3,20100.0,19500.0
2025-05-18,19100.0,19100.0,19100.0,20050.0,511956400,26804,10,20100.0,19100.0
2025-05-19,19450.0,19450.0,19450.0,20050.0,58350000,3000,2,20050.0,19450.0
2025-05-20,19450.0,19450.0,19450.0,20050.0,53468050,2749,1,20050.0,19450.0
2025-05-21,19450.0,19450.0,19450.0,20050.0,71148100,3658,2,20050.0,19450.0
2025-05-26,19050.0,19050.0,19050.0,20050.0,216369900,11358,7,20050.0,19050.0
2025-05-28,19450.0,19450.0,19450.0,20050.0,420042200,21596,3,20050.0,19450.0
2025-06-08,19050.0,19050.0,19050.0,19050.0,142894050,7501,3,20050.0,19050.0
2025-06-09,18480.0,18480.0,18480.0,18480.0,235601520,12749,5,19050.0,18480.0
2025-07-07,17560.0,17560.0,17560.0,17560.0,150910640,8594,3,18480.0,17560.0
2025-07-15,16690.0,16690.0,16690.0,16690.0,167651050,10045,8,17560.0,16690.0
2025-08-13,15860.0,15860.0,15860.0,15860.0,53924000,3400,1,16690.0,15860.0
2025-08-26,15390.0,15390.0,15390.0,15390.0,20214749610,1313499,64,15860.0,15390.0
2025-09-02,14930.0,14930.0,14930.0,15390.0,207153750,13875,2,15390.0,14930.0
