date,open,high,low,adjClose,value,volume,count,yesterday,close
2013-11-30,550.0,550.0,550.0,550.0,44550000,81000,4,1000.0,550.0
2013-12-02,550.0,550.0,550.0,550.0,25436400,46248,3,550.0,550.0
2013-12-10,600.0,800.0,600.0,780.0,156000000,200000,3,550.0,800.0
2013-12-22,1000.0,1000.0,790.0,927.0,218843300,236143,7,780.0,880.0
2013-12-30,1000.0,1549.0,780.0,1343.0,666943970,496577,20,927.0,1000.0
2014-01-01,990.0,990.0,990.0,990.0,44550000,45000,1,1343.0,990.0
2014-01-04,1500.0,1500.0,1100.0,1372.0,184142100,134238,4,990.0,1500.0
2014-01-08,990.0,1550.0,900.0,1428.0,896825030,628184,28,1372.0,990.0
2014-01-13,1428.0,1930.0,1400.0,1550.0,413939252,267037,16,1428.0,1930.0
2014-01-15,1400.0,1930.0,1400.0,1447.0,554461000,383100,16,1550.0,1400.0
2014-01-21,1650.0,1650.0,1400.0,1535.0,261107150,170084,12,1447.0,1650.0
2014-01-27,1400.0,1685.0,1130.0,1604.0,337810459,210545,11,1535.0,1130.0
2014-01-29,1140.0,1140.0,1140.0,1140.0,11396580,9997,2,1604.0,1140.0
2014-02-01,1300.0,1300.0,1300.0,1300.0,650000,500,2,1140.0,1300.0
2014-02-03,1310.0,1310.0,1000.0,1287.0,160508980,124757,8,1300.0,1000.0
2014-02-05,1000.0,1310.0,1000.0,1306.0,13229000,10129,2,1287.0,1310.0
2014-02-08,1310.0,1310.0,1130.0,1197.0,126987550,106129,8,1306.0,1310.0
2014-02-17,1310.0,1310.0,1120.0,1149.0,32429450,28229,4,1197.0,1120.0
2014-03-02,1100.0,1149.0,1051.0,1129.0,158149335,140045,9,1149.0,1100.0
2014-03-04,1129.0,1129.0,1100.0,1116.0,100450000,90000,3,1129.0,1100.0
2014-03-05,1000.0,1111.0,1000.0,1043.0,51074665,48985,7,1116.0,1100.0
2014-03-08,1100.0,1100.0,1090.0,1092.0,13100000,12000,2,1043.0,1090.0
2014-03-09,1051.0,1051.0,1002.0,1047.0,23750118,22681,5,1092.0,1002.0
2014-03-10,1002.0,1002.0,1000.0,1001.0,155374830,155177,7,1047.0,1000.0
2014-03-11,950.0,950.0,950.0,950.0,3978600,4188,2,1001.0,950.0
2014-03-12,951.0,951.0,950.0,950.0,35092479,36929,3,950.0,950.0
2014-03-19,950.0,950.0,950.0,950.0,5238300,5514,1,950.0,950.0
2014-03-29,950.0,950.0,950.0,950.0,57681150,60717,1,950.0,950.0
2014-04-08,900.0,900.0,900.0,900.0,1764900,1961,1,950.0,900.0
2014-04-09,900.0,900.0,900.0,900.0,799200,888,1,900.0,900.0
2014-04-12,940.0,940.0,800.0,802.0,40500000,50500,3,900.0,800.0
2014-04-13,661.0,661.0,661.0,661.0,15614803,23623,1,802.0,661.0
2014-04-15,651.0,651.0,651.0,651.0,2278500,3500,1,661.0,651.0
2014-04-16,870.0,870.0,870.0,870.0,43500000,50000,1,651.0,870.0
2014-04-19,710.0,711.0,710.0,710.0,193778999,272838,3,870.0,710.0
2014-04-20,710.0,710.0,655.0,661.0,30565255,46260,4,710.0,655.0
2014-04-29,660.0,660.0,656.0,659.0,3223796,4894,3,661.0,656.0
2014-05-10,800.0,800.0,800.0,800.0,2666400,3333,1,659.0,800.0
2014-05-12,799.0,799.0,799.0,799.0,7990000,10000,1,800.0,799.0
2014-05-24,710.0,710.0,710.0,710.0,710000,1000,1,799.0,710.0
2014-05-26,848.0,848.0,798.0,807.0,48854880,60560,2,710.0,798.0
2014-05-28,799.0,799.0,799.0,799.0,2494478,3122,1,807.0,799.0
2014-05-31,850.0,850.0,799.0,839.0,41950000,50000,3,799.0,799.0
2014-06-01,848.0,848.0,848.0,848.0,8480000,10000,1,839.0,848.0
2014-06-07,800.0,800.0,720.0,766.0,15540116,20292,3,848.0,720.0
2014-06-08,800.0,800.0,800.0,800.0,16000000,20000,1,766.0,800.0
2014-06-09,800.0,800.0,720.0,794.0,3416000,4300,2,800.0,720.0
2014-06-14,720.0,720.0,720.0,720.0,1505520,2091,1,794.0,720.0
2014-06-15,650.0,799.0,600.0,643.0,347391261,540216,18,720.0,650.0
2014-06-16,611.0,611.0,600.0,604.0,102670000,170000,4,643.0,600.0
2014-06-17,600.0,679.0,590.0,634.0,373217080,588512,14,604.0,621.0
2014-06-18,610.0,654.0,600.0,603.0,471580000,782000,8,634.0,600.0
2014-06-21,610.0,674.0,610.0,654.0,293708680,449392,13,603.0,650.0
2014-06-22,652.0,652.0,636.0,637.0,145239650,227861,6,654.0,636.0
2014-06-23,640.0,730.0,640.0,696.0,1125799613,1617552,22,637.0,725.0
2014-06-24,720.0,790.0,690.0,718.0,418237360,582344,16,696.0,740.0
2014-06-25,701.0,790.0,701.0,755.0,386580823,511802,11,718.0,790.0
2014-06-28,790.0,810.0,730.0,756.0,728289866,963500,17,755.0,730.0
2014-06-29,710.0,720.0,670.0,709.0,332950680,469505,9,756.0,708.0
2014-06-30,705.0,705.0,705.0,705.0,35250000,50000,1,709.0,705.0
2014-07-01,709.0,710.0,709.0,709.0,70950000,100000,2,705.0,710.0
2014-07-02,710.0,770.0,689.0,740.0,329895368,445531,8,709.0,770.0
2014-07-05,777.0,795.0,713.0,781.0,39096859,50031,8,740.0,713.0
2014-07-06,794.0,794.0,714.0,745.0,244707968,328272,8,781.0,714.0
2014-07-07,676.0,695.0,676.0,690.0,73104344,105894,2,745.0,695.0
2014-07-08,750.0,795.0,750.0,753.0,18821888,25000,4,690.0,795.0
2014-07-12,786.0,786.0,786.0,786.0,977784,1244,1,753.0,786.0
2014-07-13,720.0,720.0,691.0,712.0,29201691,41001,3,786.0,691.0
2014-07-14,730.0,730.0,706.0,708.0,76958300,108710,2,712.0,706.0
2014-07-20,691.0,691.0,680.0,684.0,72059509,105339,6,708.0,680.0
2014-07-21,682.0,682.0,680.0,680.0,76884000,113000,5,684.0,680.0
2014-07-22,680.0,680.0,676.0,676.0,44634640,66000,3,680.0,676.0
2014-07-23,680.0,682.0,680.0,680.0,229959331,338164,4,676.0,681.0
2014-07-26,681.0,681.0,670.0,679.0,194354709,286189,3,680.0,670.0
2014-07-27,690.0,690.0,680.0,681.0,7490000,11000,2,679.0,680.0
2014-07-28,682.0,682.0,680.0,681.0,121900000,179000,2,681.0,680.0
2014-08-04,679.0,691.0,679.0,680.0,38764421,57031,3,681.0,691.0
2014-08-06,679.0,710.0,679.0,688.0,2889736,4200,4,680.0,710.0
2014-08-10,660.0,675.0,652.0,664.0,230169240,346698,7,688.0,660.0
2014-08-11,652.0,652.0,650.0,651.0,56624000,87000,3,664.0,650.0
2014-08-12,700.0,700.0,700.0,700.0,700000,1000,1,651.0,700.0
2014-08-13,740.0,740.0,740.0,740.0,14800000,20000,1,700.0,740.0
2014-08-16,655.0,655.0,655.0,655.0,13100000,20000,1,740.0,655.0
2014-08-17,654.0,698.0,652.0,658.0,39737904,60376,3,655.0,698.0
2014-08-20,654.0,695.0,654.0,685.0,2689296,3924,2,658.0,695.0
2014-08-25,655.0,655.0,654.0,655.0,9820000,15000,2,685.0,654.0
2014-08-26,654.0,654.0,654.0,654.0,4698990,7185,2,655.0,654.0
2014-08-27,655.0,655.0,653.0,654.0,26145891,40000,3,654.0,653.0
2014-08-30,653.0,653.0,653.0,653.0,6396135,9795,4,654.0,653.0
2014-08-31,654.0,654.0,654.0,654.0,4028640,6160,1,653.0,654.0
2014-09-01,688.0,720.0,688.0,706.0,353175018,500129,10,654.0,720.0
2014-09-02,700.0,715.0,667.0,702.0,360817680,513662,17,706.0,667.0
2014-09-03,729.0,729.0,670.0,728.0,1114270,1531,2,702.0,670.0
2014-09-06,668.0,668.0,668.0,668.0,995320,1490,1,728.0,668.0
2014-09-08,670.0,670.0,670.0,670.0,6700000,10000,1,668.0,670.0
2014-09-10,682.0,684.0,672.0,679.0,74662760,110000,5,670.0,672.0
2014-09-13,670.0,670.0,660.0,667.0,83400000,125000,2,679.0,660.0
2014-09-14,660.0,660.0,651.0,655.0,54917400,83890,3,667.0,651.0
2014-09-17,652.0,652.0,652.0,652.0,2248748,3449,2,655.0,652.0
2014-09-20,652.0,652.0,652.0,652.0,3912000,6000,1,652.0,652.0
2014-09-21,652.0,652.0,646.0,650.0,40931616,62985,4,652.0,646.0
2014-09-22,640.0,640.0,640.0,640.0,19200000,30000,2,650.0,640.0
2014-09-23,615.0,615.0,615.0,615.0,6150000,10000,1,640.0,615.0
2014-09-24,666.0,666.0,666.0,666.0,666000,1000,1,615.0,666.0
2014-09-27,650.0,650.0,650.0,650.0,208000000,320000,1,666.0,650.0
2014-09-28,630.0,630.0,630.0,630.0,134820,214,1,650.0,630.0
2014-09-29,630.0,630.0,630.0,630.0,691110,1097,1,630.0,630.0
2014-09-30,631.0,631.0,630.0,630.0,18270200,29000,3,630.0,630.0
2014-10-01,630.0,630.0,630.0,630.0,4095000,6500,1,630.0,630.0
2014-10-04,630.0,630.0,630.0,630.0,14719950,23365,3,630.0,630.0
2014-10-06,665.0,729.0,665.0,686.0,467143690,680765,28,630.0,710.0
2014-10-07,715.0,810.0,631.0,748.0,535026249,715613,29,686.0,720.0
2014-10-11,681.0,681.0,681.0,681.0,68100000,100000,1,748.0,681.0
2014-10-12,685.0,700.0,685.0,693.0,132299790,190934,5,681.0,685.0
2014-10-14,680.0,685.0,680.0,683.0,37606596,55081,4,693.0,684.0
2014-10-18,690.0,690.0,662.0,670.0,228859915,341625,6,683.0,662.0
2014-10-19,680.0,680.0,660.0,668.0,16172000,24200,2,670.0,660.0
2014-10-20,680.0,700.0,680.0,693.0,200940000,290000,7,668.0,700.0
2014-10-21,710.0,750.0,710.0,727.0,240052010,330031,10,693.0,710.0
2014-10-22,731.0,731.0,720.0,725.0,145077339,199969,2,727.0,720.0
2014-10-25,745.0,745.0,745.0,745.0,74500,100,1,725.0,745.0
2014-10-26,713.0,713.0,666.0,699.0,122270000,175000,7,745.0,690.0
2014-10-28,700.0,745.0,700.0,717.0,118479100,165147,8,699.0,745.0
2014-10-29,711.0,745.0,711.0,717.0,171905500,239900,4,717.0,745.0
2014-11-01,745.0,750.0,745.0,750.0,599707735,799613,3,717.0,750.0
2014-11-02,760.0,900.0,750.0,809.0,472622844,583999,32,750.0,900.0
2014-11-05,849.0,850.0,849.0,849.0,25480000,30000,2,809.0,850.0
2014-11-08,815.0,817.0,800.0,811.0,210850000,260000,11,849.0,800.0
2014-11-10,850.0,850.0,830.0,845.0,50700000,60000,3,811.0,840.0
2014-11-11,800.0,830.0,800.0,827.0,30610000,37000,4,845.0,830.0
2014-11-12,840.0,860.0,840.0,848.0,84770000,100000,4,827.0,860.0
2014-11-15,850.0,850.0,821.0,844.0,55189170,65378,5,848.0,845.0
2014-11-16,850.0,880.0,830.0,856.0,98596000,115200,10,844.0,860.0
2014-11-17,860.0,860.0,860.0,860.0,7689260,8941,4,856.0,860.0
2014-11-18,900.0,900.0,860.0,899.0,91772460,102061,2,860.0,860.0
2014-11-19,1000.0,1050.0,888.0,1004.0,279963000,278783,11,899.0,1050.0
2014-11-22,1250.0,1250.0,1200.0,1246.0,8350000,6700,2,1004.0,1200.0
2014-11-23,1280.0,1290.0,1201.0,1264.0,102159000,80800,10,1246.0,1290.0
2014-11-25,1060.0,1120.0,903.0,1036.0,608621812,587500,21,1264.0,903.0
2014-11-26,1000.0,1000.0,912.0,956.0,8055936,8428,3,1036.0,1000.0
2014-11-29,1000.0,1000.0,999.0,1000.0,29683403,29696,3,956.0,1000.0
2014-11-30,1000.0,1000.0,951.0,955.0,224492149,235015,9,1000.0,1000.0
2014-12-03,951.0,951.0,924.0,948.0,72912951,76926,8,955.0,924.0
2014-12-07,924.0,924.0,902.0,908.0,128060900,140975,5,948.0,902.0
2014-12-08,874.0,900.0,874.0,900.0,631200876,701374,5,908.0,900.0
2014-12-09,874.0,874.0,850.0,862.0,364961874,423441,4,900.0,850.0
2014-12-10,850.0,850.0,850.0,850.0,10707450,12597,1,862.0,850.0
2014-12-14,810.0,850.0,810.0,826.0,55384800,67088,5,850.0,830.0
2014-12-15,830.0,830.0,830.0,830.0,977740,1178,1,826.0,830.0
2014-12-16,815.0,832.0,721.0,789.0,168650140,213787,8,830.0,721.0
2014-12-17,832.0,832.0,703.0,829.0,106180443,128076,4,789.0,703.0
2014-12-24,706.0,706.0,706.0,706.0,353000,500,1,829.0,706.0
2014-12-27,727.0,730.0,725.0,728.0,11358000,15600,5,706.0,730.0
2014-12-28,800.0,800.0,800.0,800.0,22392800,27991,1,728.0,800.0
2014-12-29,840.0,840.0,840.0,840.0,5880000,7000,1,800.0,840.0
2014-12-30,840.0,840.0,799.0,835.0,95345800,114200,2,840.0,799.0
2014-12-31,840.0,840.0,840.0,840.0,21848400,26010,2,835.0,840.0
2015-01-03,840.0,877.0,765.0,853.0,57974100,67940,6,840.0,877.0
2015-01-05,774.0,774.0,774.0,774.0,77400,100,1,853.0,774.0
2015-01-06,774.0,774.0,774.0,774.0,527868,682,1,774.0,774.0
2015-01-07,773.0,916.0,772.0,782.0,11638694,14878,3,774.0,916.0
2015-01-10,774.0,774.0,750.0,761.0,173400000,228000,7,782.0,764.0
2015-01-11,742.0,764.0,741.0,754.0,70876000,94000,6,761.0,762.0
2015-01-14,821.0,821.0,821.0,821.0,16420000,20000,2,754.0,821.0
2015-01-17,879.0,879.0,753.0,780.0,21102103,27057,4,821.0,780.0
2015-01-19,800.0,800.0,800.0,800.0,4000000,5000,1,780.0,800.0
2015-01-20,760.0,857.0,760.0,781.0,39141000,50100,6,800.0,857.0
2015-01-21,765.0,781.0,765.0,779.0,27382045,35137,3,781.0,781.0
2015-01-26,781.0,800.0,769.0,797.0,18121969,22749,4,779.0,800.0
2015-01-27,801.0,854.0,800.0,809.0,33825999,41806,10,797.0,854.0
2015-01-28,854.0,855.0,800.0,807.0,94755332,117354,11,809.0,802.0
2015-01-31,855.0,863.0,804.0,851.0,208799796,245235,13,807.0,827.0
2015-02-01,831.0,831.0,831.0,831.0,26366799,31729,2,851.0,831.0
2015-02-02,899.0,899.0,840.0,845.0,18343850,21715,2,831.0,840.0
2015-02-03,899.0,899.0,899.0,899.0,8990000,10000,1,845.0,899.0
2015-02-04,860.0,920.0,860.0,902.0,20194260,22388,6,899.0,900.0
2015-02-07,920.0,960.0,858.0,879.0,446930138,508271,11,902.0,858.0
2015-02-08,829.0,835.0,829.0,834.0,8822640,10579,3,879.0,834.0
2015-02-09,830.0,830.0,804.0,825.0,49352879,59793,4,834.0,804.0
2015-02-10,820.0,820.0,820.0,820.0,82000000,100000,1,825.0,820.0
2015-02-14,879.0,879.0,753.0,761.0,139516750,183250,7,820.0,771.0
2015-02-15,760.0,765.0,757.0,762.0,30470000,40000,3,761.0,765.0
2015-02-16,800.0,800.0,800.0,800.0,16267200,20334,1,762.0,800.0
2015-02-18,767.0,767.0,766.0,766.0,45990000,60000,3,800.0,767.0
2015-02-21,819.0,819.0,767.0,776.0,55623594,71726,4,766.0,767.0
2015-02-22,810.0,810.0,736.0,746.0,190945000,256000,8,776.0,741.0
2015-02-24,720.0,779.0,710.0,720.0,41068000,57000,6,746.0,710.0
2015-02-25,768.0,768.0,768.0,768.0,1536000,2000,1,720.0,768.0
2015-02-28,722.0,722.0,722.0,722.0,50540000,70000,2,768.0,722.0
2015-03-01,722.0,722.0,720.0,722.0,7580000,10500,2,722.0,720.0
2015-03-02,721.0,721.0,680.0,700.0,264642317,378129,21,722.0,680.0
2015-03-03,746.0,750.0,746.0,748.0,155630000,208000,7,700.0,750.0
2015-03-04,750.0,750.0,740.0,745.0,18148040,24345,2,748.0,740.0
2015-03-07,697.0,697.0,680.0,683.0,203705080,298331,6,745.0,680.0
2015-03-08,698.0,698.0,698.0,698.0,1396000,2000,1,683.0,698.0
2015-03-09,665.0,665.0,640.0,642.0,134850000,210000,4,698.0,640.0
2015-03-10,690.0,690.0,630.0,631.0,116980690,185263,9,642.0,630.0
2015-03-11,669.0,669.0,601.0,604.0,72393430,119863,3,631.0,601.0
2015-03-14,639.0,650.0,612.0,647.0,95474652,147671,8,604.0,650.0
2015-03-15,659.0,662.0,659.0,660.0,17152000,26000,3,647.0,662.0
2015-03-16,641.0,641.0,641.0,641.0,14046233,21913,2,660.0,641.0
2015-03-17,660.0,660.0,660.0,660.0,1980000,3000,1,641.0,660.0
2015-03-18,660.0,700.0,660.0,676.0,163500000,242000,8,660.0,700.0
2015-03-25,699.0,699.0,699.0,699.0,699000,1000,1,676.0,699.0
2015-03-29,699.0,730.0,640.0,698.0,89640117,128374,11,699.0,730.0
2015-03-30,729.0,729.0,690.0,695.0,43119000,62000,5,698.0,690.0
2015-03-31,690.0,729.0,641.0,708.0,14170000,20000,4,695.0,641.0
2015-04-04,655.0,795.0,641.0,709.0,356994806,503334,22,708.0,795.0
2015-04-05,795.0,850.0,760.0,780.0,426075000,546000,18,709.0,810.0
2015-04-06,760.0,785.0,700.0,712.0,132385000,186000,9,780.0,700.0
2015-04-07,701.0,701.0,660.0,664.0,73751000,111000,4,712.0,660.0
2015-04-08,642.0,642.0,642.0,642.0,9591480,14940,2,664.0,642.0
2015-04-11,661.0,700.0,661.0,695.0,8072803,11623,2,642.0,700.0
2015-04-12,700.0,700.0,700.0,700.0,1663900,2377,1,695.0,700.0
2015-04-14,650.0,689.0,650.0,685.0,19028750,27775,3,700.0,689.0
2015-04-19,680.0,680.0,650.0,669.0,31807500,47550,3,685.0,650.0
2015-04-20,698.0,698.0,646.0,666.0,3453600,5184,3,669.0,646.0
2015-04-21,695.0,695.0,695.0,695.0,1390000,2000,1,666.0,695.0
2015-04-26,651.0,699.0,651.0,687.0,163580537,237987,13,695.0,699.0
2015-04-27,698.0,698.0,698.0,698.0,9772,14,1,687.0,698.0
2015-04-28,652.0,653.0,652.0,652.0,7926496,12148,3,698.0,653.0
2015-04-29,690.0,690.0,646.0,667.0,25433897,38104,7,652.0,646.0
2015-05-03,652.0,683.0,652.0,653.0,29371000,45000,3,667.0,683.0
2015-05-04,641.0,651.0,641.0,650.0,113944320,175363,6,653.0,651.0
2015-05-05,650.0,650.0,640.0,646.0,38766370,60000,2,650.0,640.0
2015-05-06,669.0,683.0,669.0,678.0,101850071,150249,8,646.0,683.0
2015-05-09,699.0,699.0,699.0,699.0,1398000,2000,1,678.0,699.0
2015-05-11,655.0,655.0,653.0,655.0,36015000,55000,2,699.0,653.0
2015-05-12,690.0,697.0,689.0,691.0,41786940,60460,4,655.0,697.0
2015-05-13,691.0,691.0,654.0,661.0,3437800,5200,2,691.0,654.0
2015-05-17,694.0,694.0,694.0,694.0,2776000,4000,1,661.0,694.0
2015-05-18,660.0,693.0,650.0,667.0,13331000,20000,3,694.0,650.0
2015-05-19,652.0,693.0,652.0,680.0,5084920,7480,3,667.0,693.0
2015-05-20,693.0,693.0,693.0,693.0,13860000,20000,2,680.0,693.0
2015-05-23,655.0,693.0,655.0,689.0,123594770,179333,3,693.0,693.0
2015-05-25,630.0,630.0,630.0,630.0,2755620,4374,1,689.0,630.0
2015-05-27,698.0,700.0,692.0,696.0,89896992,129180,9,630.0,700.0
2015-05-30,692.0,696.0,692.0,696.0,156165072,224383,2,696.0,696.0
2015-05-31,735.0,874.0,735.0,811.0,77013329,95003,12,696.0,840.0
2015-06-24,900.0,900.0,811.0,814.0,132685300,163017,10,811.0,812.0
2015-06-27,800.0,949.0,746.0,872.0,408773602,468749,22,814.0,910.0
2015-06-28,940.0,950.0,872.0,921.0,241660000,262500,13,872.0,950.0
2015-06-29,977.0,977.0,977.0,977.0,4885000,5000,1,921.0,977.0
2015-07-01,850.0,1000.0,850.0,971.0,257018984,264771,16,977.0,1000.0
2015-07-04,1100.0,1100.0,982.0,1049.0,74024000,70580,8,971.0,1090.0
2015-07-05,1000.0,1100.0,921.0,927.0,38369800,41390,6,1049.0,921.0
2015-07-06,950.0,1099.0,950.0,1075.0,258003513,240110,20,927.0,1099.0
2015-07-07,1099.0,1100.0,1099.0,1100.0,86313000,78500,11,1075.0,1100.0
2015-07-11,1100.0,1100.0,1050.0,1058.0,84500300,79873,7,1100.0,1051.0
2015-07-12,1100.0,1280.0,1060.0,1227.0,1068627020,870673,20,1058.0,1230.0
2015-07-13,1280.0,1400.0,1201.0,1311.0,264659230,201847,20,1227.0,1400.0
2015-07-14,1313.0,1399.0,1261.0,1311.0,598592830,456525,21,1311.0,1389.0
2015-07-15,1440.0,1440.0,1290.0,1377.0,65076242,47259,6,1311.0,1290.0
2015-07-20,1290.0,1380.0,1290.0,1304.0,391915350,300614,15,1377.0,1379.0
2015-07-21,1378.0,1378.0,1300.0,1304.0,90635700,69500,7,1304.0,1365.0
2015-07-22,1365.0,1365.0,1201.0,1291.0,87337699,67639,8,1304.0,1201.0
2015-07-25,1210.0,1210.0,1201.0,1203.0,29723001,24711,3,1291.0,1201.0
2015-07-26,1090.0,1198.0,1052.0,1064.0,658811141,618934,19,1203.0,1198.0
2015-07-27,1197.0,1197.0,1053.0,1058.0,54732008,51736,5,1064.0,1053.0
2015-07-28,1178.0,1210.0,1081.0,1171.0,52458802,44787,16,1058.0,1210.0
2015-07-29,1200.0,1210.0,1200.0,1204.0,19631210,16301,2,1171.0,1210.0
2015-08-01,1130.0,1198.0,1130.0,1194.0,252320410,211257,3,1204.0,1130.0
2015-08-02,1194.0,1198.0,1150.0,1186.0,296460000,250000,4,1194.0,1198.0
2015-08-03,1196.0,1196.0,1196.0,1196.0,239200000,200000,1,1186.0,1196.0
2015-08-04,1195.0,1200.0,1195.0,1198.0,782274950,652810,9,1196.0,1200.0
2015-08-05,1200.0,1200.0,1199.0,1199.0,359800000,300000,3,1198.0,1199.0
2015-08-08,1198.0,1198.0,1094.0,1197.0,241788000,202000,2,1199.0,1094.0
2015-08-09,1200.0,1200.0,1200.0,1200.0,12000000,10000,1,1197.0,1200.0
2015-08-10,1199.0,1200.0,1199.0,1200.0,106792900,89000,7,1200.0,1200.0
2015-08-12,1120.0,1200.0,1120.0,1120.0,224600000,200500,2,1200.0,1200.0
2015-08-15,1150.0,1200.0,1150.0,1150.0,48374400,42062,3,1120.0,1200.0
2015-08-16,1200.0,1377.0,1200.0,1243.0,1298391750,1044557,23,1150.0,1360.0
2015-08-17,1360.0,1400.0,1300.0,1314.0,1951681650,1485010,29,1243.0,1300.0
2015-08-18,1300.0,1400.0,1260.0,1348.0,258700208,191920,14,1314.0,1399.0
2015-08-19,1390.0,1430.0,1350.0,1389.0,326561604,235043,16,1348.0,1399.0
2015-08-22,1323.0,1438.0,1323.0,1400.0,260007747,185738,15,1389.0,1323.0
2015-08-23,1323.0,1400.0,1320.0,1326.0,138427285,104381,12,1400.0,1321.0
2015-08-24,1359.0,1385.0,1355.0,1377.0,139070000,101000,5,1326.0,1385.0
2015-08-25,1385.0,1385.0,1150.0,1260.0,1910891120,1517062,12,1377.0,1150.0
2015-08-26,1350.0,1350.0,1350.0,1350.0,1350000,1000,1,1260.0,1350.0
2015-08-30,1200.0,1289.0,1200.0,1287.0,1338600,1040,3,1350.0,1289.0
2015-08-31,1289.0,1289.0,1240.0,1277.0,7635354,5980,5,1287.0,1289.0
2015-09-01,1284.0,1284.0,1284.0,1284.0,1284000,1000,1,1277.0,1284.0
2015-09-02,1279.0,1289.0,1278.0,1280.0,78093540,61000,6,1284.0,1289.0
2015-09-05,1289.0,1290.0,1289.0,1290.0,58040194,45000,6,1280.0,1290.0
2015-09-06,1270.0,1300.0,1270.0,1290.0,97876697,75861,9,1290.0,1300.0
2015-09-07,1290.0,1300.0,1290.0,1297.0,42216803,32539,5,1290.0,1300.0
2015-09-08,1262.0,1298.0,1200.0,1285.0,255295010,198680,13,1297.0,1298.0
2015-09-09,1296.0,1296.0,1222.0,1239.0,117736000,95000,6,1285.0,1222.0
2015-09-12,1295.0,1298.0,1251.0,1289.0,39951609,31000,6,1239.0,1251.0
2015-09-13,1220.0,1220.0,1121.0,1127.0,370575615,328858,6,1289.0,1121.0
2015-09-14,1254.0,1254.0,1190.0,1211.0,4843000,4000,4,1127.0,1199.0
2015-09-27,1300.0,1300.0,1220.0,1228.0,73674000,60000,5,1211.0,1223.0
2015-09-28,1198.0,1198.0,1198.0,1198.0,15574000,13000,1,1228.0,1198.0
2015-09-29,1199.0,1199.0,1198.0,1198.0,1277421232,1066294,4,1198.0,1198.0
2015-09-30,1199.0,1199.0,1004.0,1121.0,22488244,20061,4,1198.0,1199.0
2015-10-03,1199.0,1199.0,1199.0,1199.0,1365661,1139,2,1121.0,1199.0
2015-10-04,1199.0,1199.0,1199.0,1199.0,330924,276,1,1199.0,1199.0
2015-10-12,1179.0,1179.0,1179.0,1179.0,23580000,20000,1,1199.0,1179.0
2015-10-14,1179.0,1179.0,1179.0,1179.0,5895000,5000,1,1179.0,1179.0
2015-10-19,1100.0,1101.0,1070.0,1075.0,69817618,64966,8,1179.0,1071.0
2015-10-20,1071.0,1071.0,1071.0,1071.0,605115,565,1,1075.0,1071.0
2015-10-25,1071.0,1071.0,1071.0,1071.0,10710,10,1,1071.0,1071.0
2015-10-26,1130.0,1140.0,1130.0,1134.0,5670000,5000,2,1071.0,1140.0
2015-10-27,1120.0,1185.0,1120.0,1143.0,33289430,29129,8,1134.0,1150.0
2015-10-28,1150.0,1600.0,1150.0,1363.0,1288290660,945436,82,1143.0,1500.0
2015-10-31,1656.0,1800.0,1656.0,1750.0,187265831,107019,36,1363.0,1800.0
2015-11-01,1900.0,2020.0,1801.0,1924.0,765000069,397560,52,1750.0,1900.0
2015-11-02,1900.0,2700.0,1833.0,2171.0,899681250,414424,60,1924.0,2500.0
2015-11-03,2550.0,2700.0,2380.0,2552.0,760743380,298147,54,2171.0,2400.0
2015-11-04,2579.0,2580.0,2200.0,2357.0,2053367917,871014,60,2552.0,2389.0
2015-11-07,2111.0,2360.0,2100.0,2162.0,633908482,293141,31,2357.0,2220.0
2015-11-08,2080.0,2148.0,2000.0,2117.0,404305000,191020,19,2162.0,2101.0
2015-11-09,2101.0,2172.0,2000.0,2069.0,798950878,386150,35,2117.0,2060.0
2015-11-10,2105.0,2399.0,2105.0,2218.0,5202469856,2345850,102,2069.0,2399.0
2015-11-11,2400.0,2790.0,2400.0,2559.0,992454552,387884,37,2218.0,2688.0
2015-11-14,2683.0,2683.0,2402.0,2530.0,872977140,345117,40,2559.0,2403.0
2015-11-15,2450.0,2850.0,2350.0,2644.0,6344082338,2399700,183,2530.0,2406.0
2015-11-16,2500.0,2630.0,2400.0,2494.0,2198713568,881609,72,2644.0,2417.0
2015-11-17,2440.0,2440.0,2405.0,2407.0,253295075,105218,16,2494.0,2405.0
2015-11-18,2440.0,2440.0,2350.0,2382.0,1005432646,422018,29,2407.0,2350.0
2015-11-21,2350.0,2350.0,2250.0,2305.0,292277500,126790,9,2382.0,2250.0
2015-11-22,2201.0,2203.0,2200.0,2200.0,407070000,185000,15,2305.0,2200.0
2015-11-23,2250.0,2270.0,2060.0,2187.0,165146505,75515,17,2200.0,2160.0
2015-11-24,2081.0,2250.0,2081.0,2162.0,154191223,71328,12,2187.0,2171.0
2015-11-25,2171.0,2289.0,2171.0,2172.0,2327621799,1071587,14,2162.0,2250.0
2015-11-28,2201.0,2289.0,2200.0,2214.0,117492319,53071,7,2172.0,2201.0
2015-11-29,2201.0,2201.0,2200.0,2201.0,2030701032,922632,9,2214.0,2201.0
2015-11-30,2200.0,2296.0,2200.0,2273.0,74999752,33000,6,2201.0,2290.0
2015-12-01,2176.0,2290.0,2176.0,2195.0,142110446,64736,13,2273.0,2289.0
2015-12-05,2260.0,2260.0,2180.0,2201.0,89488680,40652,12,2195.0,2180.0
2015-12-06,2175.0,2200.0,2140.0,2172.0,179528174,82662,12,2201.0,2160.0
2015-12-07,2100.0,2160.0,2090.0,2106.0,84225000,40000,7,2172.0,2090.0
2015-12-08,2074.0,2090.0,2050.0,2055.0,157949200,76850,10,2106.0,2052.0
2015-12-09,2052.0,2100.0,2050.0,2054.0,23997350,11681,5,2055.0,2100.0
2015-12-13,2050.0,2050.0,2000.0,2033.0,83057462,40845,6,2054.0,2000.0
2015-12-14,2040.0,2040.0,1890.0,1908.0,433109050,226943,9,2033.0,2000.0
2015-12-15,2040.0,2080.0,1850.0,2019.0,149562050,74083,4,1908.0,2080.0
2015-12-16,1901.0,2095.0,1901.0,2059.0,345084160,167586,14,2019.0,2011.0
2015-12-19,2080.0,2080.0,1950.0,2007.0,260791755,129935,23,2059.0,1950.0
2015-12-20,1900.0,2029.0,1900.0,1940.0,64055557,33018,6,2007.0,1900.0
2015-12-21,1900.0,1999.0,1822.0,1855.0,275354853,148416,12,1940.0,1822.0
2015-12-22,1890.0,1920.0,1822.0,1868.0,18680000,10000,3,1855.0,1822.0
2015-12-23,1899.0,1899.0,1841.0,1884.0,119353640,63360,5,1868.0,1899.0
2015-12-26,1900.0,2100.0,1840.0,1990.0,731062541,367338,35,1884.0,2100.0
2015-12-27,2190.0,2380.0,2190.0,2256.0,2176459716,964767,79,1990.0,2379.0
2015-12-28,2380.0,2400.0,2212.0,2275.0,1728377850,759673,20,2256.0,2212.0
2015-12-30,2211.0,2340.0,2203.0,2288.0,272549421,119132,14,2275.0,2340.0
2016-01-02,2350.0,2480.0,2303.0,2383.0,1659018660,696249,42,2288.0,2450.0
2016-01-03,2350.0,2351.0,2283.0,2336.0,278084183,119021,11,2383.0,2283.0
2016-01-04,2283.0,2283.0,2281.0,2282.0,78821235,34545,4,2336.0,2283.0
2016-01-05,2280.0,2344.0,2220.0,2276.0,639627240,281000,27,2282.0,2330.0
2016-01-06,2329.0,2329.0,2230.0,2274.0,352735007,155147,13,2276.0,2300.0
2016-01-09,2300.0,2400.0,2250.0,2354.0,1017746016,432323,36,2274.0,2312.0
2016-01-10,2400.0,2748.0,2400.0,2584.0,6330502970,2450278,140,2354.0,2660.0
2016-01-11,2690.0,2800.0,2455.0,2654.0,5092982860,1918628,106,2584.0,2455.0
2016-01-12,2460.0,2500.0,2350.0,2421.0,1251016832,516829,36,2654.0,2500.0
2016-01-13,2450.0,2500.0,2401.0,2430.0,210024549,86413,16,2421.0,2500.0
2016-01-16,2500.0,2581.0,2422.0,2529.0,241634362,95545,10,2430.0,2577.0
2016-01-17,2577.0,2577.0,2350.0,2413.0,146037178,60510,15,2529.0,2350.0
2016-01-18,2350.0,2350.0,2201.0,2267.0,1112047740,490610,39,2413.0,2211.0
2016-01-19,2286.0,2300.0,2150.0,2231.0,672133984,301305,20,2267.0,2250.0
2016-01-20,2280.0,2280.0,2070.0,2125.0,660745000,311000,15,2231.0,2100.0
2016-01-23,2063.0,2063.0,2020.0,2039.0,647678116,317598,14,2125.0,2050.0
2016-01-24,2027.0,2099.0,2000.0,2037.0,2035458958,999323,30,2039.0,2031.0
2016-01-25,2087.0,2199.0,2041.0,2125.0,2234465469,1051638,39,2037.0,2197.0
2016-01-26,2197.0,2280.0,2111.0,2168.0,339257510,156485,19,2125.0,2111.0
2016-01-27,2120.0,2140.0,2063.0,2120.0,183165800,86415,11,2168.0,2063.0
2016-01-30,2120.0,2120.0,2014.0,2071.0,208132120,100500,10,2120.0,2024.0
2016-01-31,2023.0,2024.0,2000.0,2018.0,318815460,158020,13,2071.0,2021.0
2016-02-01,2090.0,2130.0,1930.0,2010.0,446682728,222274,14,2018.0,1962.0
2016-02-02,2020.0,2078.0,1910.0,1999.0,1325682315,663027,24,2010.0,2000.0
2016-02-03,1999.0,2294.0,1999.0,2127.0,2623109400,1233300,53,1999.0,2289.0
2016-02-06,2290.0,2400.0,2289.0,2359.0,1244051850,527363,31,2127.0,2360.0
2016-02-07,2360.0,2460.0,2301.0,2373.0,1611419200,679148,32,2359.0,2360.0
2016-02-08,2360.0,2398.0,2251.0,2316.0,2147061200,927227,43,2373.0,2252.0
2016-02-09,2269.0,2390.0,2225.0,2290.0,1225659366,535195,30,2316.0,2225.0
2016-02-10,2211.0,2600.0,2211.0,2468.0,3297598162,1335955,80,2290.0,2570.0
2016-02-13,2551.0,2900.0,2551.0,2727.0,6032319238,2212324,105,2468.0,2561.0
2016-02-14,2559.0,2670.0,2400.0,2532.0,1270981600,501901,25,2727.0,2400.0
2016-02-15,2400.0,2500.0,2351.0,2423.0,1069851785,441588,29,2532.0,2450.0
2016-02-16,2490.0,2650.0,2490.0,2575.0,2021360400,784842,42,2423.0,2503.0
2016-02-17,2600.0,2600.0,2474.0,2532.0,1495395544,590595,24,2575.0,2500.0
2016-02-20,2593.0,3100.0,2593.0,2781.0,9641376524,3466864,135,2532.0,2660.0
2016-02-21,2670.0,2670.0,2420.0,2538.0,976330600,384631,31,2781.0,2422.0
2016-02-22,2410.0,2500.0,2310.0,2371.0,1665581020,702568,38,2538.0,2310.0
2016-02-23,2351.0,2352.0,2239.0,2271.0,736882892,324546,22,2371.0,2239.0
2016-02-24,2262.0,2300.0,2100.0,2210.0,891652990,403515,26,2271.0,2199.0
2016-02-27,2200.0,2200.0,2120.0,2149.0,175331899,81605,17,2210.0,2197.0
2016-02-28,2196.0,2290.0,2070.0,2145.0,1892182555,882174,49,2149.0,2110.0
2016-02-29,2195.0,2195.0,2113.0,2127.0,813284530,382399,15,2145.0,2113.0
2016-03-01,2110.0,2121.0,2055.0,2095.0,104738780,50000,4,2127.0,2055.0
2016-03-02,2103.0,2300.0,2102.0,2228.0,1295354340,581300,21,2095.0,2300.0
2016-03-05,2290.0,2470.0,2290.0,2321.0,638968800,275256,19,2228.0,2302.0
2016-03-06,2130.0,2250.0,2100.0,2112.0,728870503,345048,25,2321.0,2111.0
2016-03-07,2170.0,2190.0,2050.0,2086.0,914813997,438552,18,2112.0,2050.0
2016-03-08,1902.0,2052.0,1850.0,1968.0,784467280,398566,21,2086.0,1850.0
2016-03-09,1900.0,1930.0,1500.0,1574.0,663156290,421423,33,1968.0,1570.0
2016-03-12,1769.0,1769.0,1580.0,1609.0,466680017,289998,21,1574.0,1580.0
2016-03-14,1571.0,1697.0,1541.0,1588.0,51594500,32500,4,1609.0,1541.0
2016-03-15,1550.0,1680.0,1541.0,1588.0,545245432,343332,9,1588.0,1601.0
2016-03-16,1650.0,2090.0,1600.0,1751.0,1157327036,660842,38,1588.0,2090.0
2016-03-26,1850.0,2200.0,1850.0,2120.0,563892100,265965,23,1751.0,2127.0
2016-03-28,1820.0,2100.0,1750.0,1845.0,118110273,64025,13,2120.0,1750.0
2016-03-29,1900.0,1900.0,1900.0,1900.0,15485000,8150,1,1845.0,1900.0
2016-03-30,1755.0,1850.0,1755.0,1787.0,124079975,69432,9,1900.0,1850.0
2016-04-02,1897.0,2150.0,1850.0,1999.0,1081037088,540838,27,1787.0,2140.0
2016-04-03,2050.0,2050.0,1910.0,1943.0,429084650,220873,16,1999.0,1950.0
2016-04-04,2010.0,2010.0,1932.0,1997.0,188007030,94128,7,1943.0,1932.0
2016-04-05,1932.0,1932.0,1860.0,1887.0,292542000,155000,10,1997.0,1900.0
2016-04-06,1900.0,1900.0,1875.0,1892.0,425675000,225000,7,1887.0,1875.0
2016-04-09,2000.0,2039.0,1900.0,1957.0,301456800,154027,18,1892.0,1900.0
2016-04-10,1999.0,2000.0,1875.0,1902.0,689421804,362399,16,1957.0,1989.0
2016-04-11,1910.0,1910.0,1850.0,1866.0,65936900,35328,10,1902.0,1850.0
2016-04-12,1851.0,1861.0,1654.0,1778.0,381849561,214799,21,1866.0,1700.0
2016-04-13,1680.0,1680.0,1651.0,1658.0,140950000,85000,6,1778.0,1651.0
2016-04-16,1600.0,1600.0,1600.0,1600.0,1600000,1000,1,1658.0,1600.0
2016-04-17,1610.0,1650.0,1520.0,1646.0,6132057580,3724623,13,1600.0,1650.0
2016-06-11,1870.0,1880.0,1700.0,1712.0,2337207490,1365468,14,1646.0,1700.0
2016-06-12,1725.0,1725.0,1650.0,1700.0,671271850,394948,15,1712.0,1650.0
2016-06-13,1650.0,1650.0,1600.0,1629.0,121841824,74797,4,1700.0,1603.0
2016-06-14,1700.0,1700.0,1551.0,1599.0,572439,358,4,1629.0,1609.0
2016-06-15,1609.0,1700.0,1609.0,1679.0,41161781,24510,3,1599.0,1700.0
2016-06-18,1699.0,1699.0,1699.0,1699.0,8598639,5061,2,1679.0,1699.0
2016-06-19,1698.0,1700.0,1670.0,1695.0,310436118,183168,8,1699.0,1700.0
2016-06-20,1730.0,1790.0,1606.0,1753.0,301574000,172000,9,1695.0,1780.0
2016-06-21,1640.0,1790.0,1640.0,1784.0,409193260,229349,6,1753.0,1750.0
2016-06-22,1789.0,2000.0,1789.0,1829.0,1191623150,651489,27,1784.0,1886.0
2016-06-25,1887.0,1950.0,1886.0,1912.0,611861350,319994,21,1829.0,1950.0
2016-06-26,1901.0,1929.0,1800.0,1834.0,904227674,493021,17,1912.0,1800.0
2016-06-28,1810.0,1810.0,1790.0,1792.0,429610556,239787,12,1834.0,1790.0
2016-06-29,1791.0,1791.0,1761.0,1790.0,179911465,100500,4,1792.0,1761.0
2016-07-02,1762.0,1762.0,1750.0,1757.0,111591500,63500,5,1790.0,1750.0
2016-07-04,1702.0,1702.0,1660.0,1666.0,98301576,58997,6,1757.0,1660.0
2016-07-05,1700.0,1849.0,1700.0,1812.0,331443400,182946,11,1666.0,1849.0
2016-07-09,1920.0,1920.0,1800.0,1835.0,117440000,64000,4,1812.0,1820.0
2016-07-10,1894.0,1894.0,1810.0,1890.0,90734449,47997,3,1835.0,1889.0
2016-07-11,1773.0,1810.0,1773.0,1781.0,96061421,53951,4,1890.0,1800.0
2016-07-12,1790.0,1790.0,1760.0,1773.0,76546899,43164,6,1781.0,1760.0
2016-07-13,1675.0,1675.0,1673.0,1674.0,11834764,7068,3,1773.0,1673.0
2016-07-17,1660.0,1700.0,1650.0,1658.0,445076686,268507,18,1674.0,1700.0
2016-07-18,1680.0,1680.0,1670.0,1673.0,58550000,35000,3,1658.0,1670.0
2016-07-19,1670.0,1670.0,1641.0,1643.0,176453218,107383,7,1673.0,1641.0
2016-07-20,1650.0,1650.0,1631.0,1640.0,85532746,52166,4,1643.0,1631.0
2016-07-24,1790.0,1790.0,1790.0,1790.0,35800000,20000,1,1640.0,1790.0
2016-07-25,1784.0,1785.0,1750.0,1763.0,82843000,47000,3,1790.0,1750.0
2016-07-27,1829.0,1829.0,1600.0,1685.0,124143856,73660,9,1763.0,1600.0
2016-07-31,1620.0,1620.0,1620.0,1620.0,7834320,4836,1,1685.0,1620.0
2016-08-02,1780.0,1784.0,1610.0,1671.0,222302000,133000,6,1620.0,1610.0
2016-08-03,1600.0,1630.0,1580.0,1593.0,75665000,47500,4,1671.0,1630.0
2016-08-06,1582.0,1582.0,1581.0,1581.0,19767500,12500,2,1593.0,1581.0
2016-08-07,1580.0,1581.0,1570.0,1576.0,192505566,122114,6,1581.0,1570.0
2016-08-08,1561.0,1570.0,1555.0,1562.0,465582200,298100,9,1576.0,1562.0
2016-08-09,1550.0,1698.0,1550.0,1673.0,106546000,63690,7,1562.0,1600.0
2016-08-10,1600.0,1698.0,1600.0,1675.0,15335600,9156,2,1673.0,1698.0
2016-08-13,1601.0,1677.0,1570.0,1591.0,43689810,27467,8,1675.0,1677.0
2016-08-14,1580.0,1677.0,1570.0,1572.0,329705615,209783,6,1591.0,1574.0
2016-08-15,1630.0,1630.0,1575.0,1629.0,5003400,3072,2,1572.0,1575.0
2016-08-16,1615.0,1630.0,1615.0,1622.0,32760480,20196,3,1629.0,1630.0
2016-08-17,1575.0,1600.0,1575.0,1589.0,8253975,5193,4,1622.0,1600.0
2016-08-20,1562.0,1618.0,1562.0,1589.0,190650000,120000,5,1589.0,1581.0
2016-08-23,1600.0,1600.0,1560.0,1575.0,52784913,33504,6,1589.0,1560.0
2016-08-24,1561.0,1561.0,1550.0,1556.0,103202830,66318,6,1575.0,1550.0
2016-08-27,1550.0,1555.0,1531.0,1546.0,59486060,38485,5,1556.0,1531.0
2016-08-28,1531.0,1599.0,1500.0,1527.0,239982790,157190,14,1546.0,1500.0
2016-08-29,1519.0,1519.0,1519.0,1519.0,7595000,5000,1,1527.0,1519.0
2016-08-30,1470.0,1470.0,1470.0,1470.0,14700000,10000,1,1519.0,1470.0
2016-08-31,1490.0,1490.0,1261.0,1352.0,473047948,350000,15,1470.0,1261.0
2016-09-03,1432.0,1432.0,1330.0,1333.0,141947000,106500,5,1352.0,1330.0
2016-09-25,1333.0,1333.0,1333.0,1333.0,5332000,4000,1,1333.0,1333.0
2016-09-26,1333.0,1333.0,1333.0,1333.0,53186700,39900,1,1333.0,1333.0
2016-09-28,1431.0,1431.0,1431.0,1431.0,150715782,105322,1,1333.0,1431.0
2016-10-01,1350.0,1599.0,1337.0,1396.0,256800000,184000,10,1431.0,1599.0
2016-10-02,1450.0,1450.0,1421.0,1447.0,32060834,22154,4,1396.0,1421.0
2016-10-03,1420.0,1579.0,1420.0,1422.0,78517827,55229,7,1447.0,1421.0
2016-10-04,1421.0,1421.0,1410.0,1412.0,23885039,16917,6,1422.0,1410.0
2016-10-05,1410.0,1410.0,1400.0,1408.0,10478800,7442,3,1412.0,1400.0
2016-10-08,1400.0,1400.0,1338.0,1348.0,134099596,99500,6,1408.0,1338.0
2016-10-09,1338.0,1338.0,1338.0,1338.0,1338000,1000,1,1348.0,1338.0
2016-10-10,1338.0,1350.0,1309.0,1325.0,418015000,315500,13,1338.0,1309.0
2016-10-15,1338.0,1338.0,1300.0,1319.0,2638000,2000,2,1325.0,1300.0
2016-10-16,1380.0,1380.0,1201.0,1240.0,434705000,350500,14,1319.0,1201.0
2016-10-17,1300.0,1450.0,1300.0,1352.0,1807760300,1336631,18,1240.0,1303.0
2016-10-18,1294.0,1300.0,1294.0,1299.0,475218800,365876,6,1352.0,1300.0
2016-10-19,1290.0,1295.0,1277.0,1281.0,576669225,450055,9,1299.0,1280.0
2016-10-22,1276.0,1276.0,1200.0,1242.0,2687217540,2163496,36,1281.0,1201.0
2016-10-23,1200.0,1203.0,1200.0,1200.0,648235600,540038,18,1242.0,1200.0
2016-10-24,1200.0,1280.0,1190.0,1200.0,1790990000,1492000,11,1200.0,1190.0
2016-10-25,1163.0,1190.0,1150.0,1156.0,393100000,340000,8,1200.0,1150.0
2016-10-26,1170.0,1238.0,1170.0,1190.0,839931660,705830,18,1156.0,1170.0
2016-10-29,1200.0,1270.0,1200.0,1235.0,808244239,654455,24,1190.0,1200.0
2016-10-30,1202.0,1202.0,1172.0,1184.0,512289760,432830,16,1235.0,1172.0
2016-10-31,1200.0,1247.0,1171.0,1201.0,360489240,300170,9,1184.0,1200.0
2016-11-01,1184.0,1184.0,1182.0,1183.0,251865060,212830,8,1201.0,1184.0
2016-11-02,1184.0,1250.0,1182.0,1194.0,150183968,125824,8,1183.0,1182.0
2016-11-05,1210.0,1210.0,1210.0,1210.0,1973510,1631,1,1194.0,1210.0
2016-11-06,1182.0,1182.0,1167.0,1168.0,41537712,35566,3,1210.0,1167.0
2016-11-07,1167.0,1239.0,1167.0,1227.0,163673870,133369,11,1168.0,1230.0
2016-11-08,1200.0,1229.0,1200.0,1222.0,53786000,44000,8,1227.0,1229.0
2016-11-09,1229.0,1230.0,1181.0,1211.0,135026500,111500,7,1222.0,1181.0
2016-11-12,1183.0,1250.0,1183.0,1232.0,399695478,324486,17,1211.0,1220.0
2016-11-13,1220.0,1260.0,1220.0,1222.0,517313400,423470,7,1232.0,1220.0
2016-11-14,1247.0,1447.0,1247.0,1337.0,3992804688,2986282,46,1222.0,1334.0
2016-11-15,1327.0,1327.0,1251.0,1267.0,421363947,332697,16,1337.0,1251.0
2016-11-16,1290.0,1299.0,1241.0,1283.0,509411000,397000,15,1267.0,1263.0
2016-11-19,1270.0,1339.0,1204.0,1243.0,616121765,495684,22,1283.0,1270.0
2016-11-21,1300.0,1320.0,1299.0,1300.0,175432700,134929,11,1243.0,1300.0
2016-11-22,1320.0,1397.0,1272.0,1310.0,583271421,445172,21,1300.0,1272.0
2016-11-23,1272.0,1330.0,1259.0,1276.0,542512098,425304,15,1310.0,1320.0
2016-11-26,1264.0,1264.0,1250.0,1255.0,382222150,304579,17,1276.0,1250.0
2016-11-27,1290.0,1307.0,1240.0,1264.0,99718671,78888,9,1255.0,1240.0
2016-11-29,1299.0,1306.0,1272.0,1295.0,422103173,325944,19,1264.0,1278.0
2016-12-03,1292.0,1292.0,1262.0,1274.0,428384620,336266,9,1295.0,1289.0
2016-12-04,1270.0,1319.0,1270.0,1294.0,193174166,149231,12,1274.0,1319.0
2016-12-05,1308.0,1338.0,1290.0,1306.0,621226240,475588,15,1294.0,1338.0
2016-12-06,1340.0,1343.0,1284.0,1298.0,237611952,183103,11,1306.0,1286.0
2016-12-07,1301.0,1344.0,1301.0,1328.0,375119711,282367,15,1298.0,1344.0
2016-12-10,1350.0,1360.0,1311.0,1334.0,81349354,61000,6,1328.0,1328.0
2016-12-11,1360.0,1450.0,1328.0,1389.0,536451599,386121,25,1334.0,1432.0
2016-12-12,1400.0,1410.0,1320.0,1336.0,307840010,230405,13,1389.0,1320.0
2016-12-13,1320.0,1433.0,1320.0,1405.0,231132000,164500,10,1336.0,1370.0
2016-12-14,1425.0,1433.0,1317.0,1351.0,917975900,679247,29,1405.0,1317.0
2016-12-18,1320.0,1350.0,1307.0,1314.0,57714916,43923,8,1351.0,1307.0
2016-12-19,1306.0,1349.0,1292.0,1305.0,287759524,220432,15,1314.0,1292.0
2016-12-21,1348.0,1348.0,1291.0,1303.0,59937000,46000,7,1305.0,1291.0
2016-12-24,1340.0,1340.0,1340.0,1340.0,2680000,2000,1,1303.0,1340.0
2016-12-25,1339.0,1340.0,1339.0,1339.0,29460000,22000,4,1340.0,1340.0
2016-12-26,1330.0,1374.0,1276.0,1310.0,518578024,396000,16,1339.0,1374.0
2016-12-27,1374.0,1390.0,1300.0,1320.0,129721126,98249,9,1310.0,1313.0
2016-12-28,1385.0,1400.0,1250.0,1328.0,189896000,143000,13,1320.0,1293.0
2016-12-31,1295.0,1295.0,1295.0,1295.0,259000000,200000,2,1328.0,1295.0
2017-01-01,1330.0,1330.0,1330.0,1330.0,39900000,30000,1,1295.0,1330.0
2017-01-02,1300.0,1370.0,1277.0,1290.0,323136516,250500,23,1330.0,1278.0
2017-01-03,1367.0,1367.0,1286.0,1316.0,70611013,53639,4,1290.0,1286.0
2017-01-04,1306.0,1347.0,1286.0,1307.0,70555500,54000,7,1316.0,1301.0
2017-01-07,1278.0,1341.0,1278.0,1313.0,17671580,13460,3,1307.0,1285.0
2017-01-08,1285.0,1285.0,1000.0,1104.0,2064233337,1869373,57,1313.0,1039.0
2017-01-09,1030.0,1050.0,1021.0,1041.0,109281000,105000,5,1104.0,1050.0
2017-01-11,1021.0,1176.0,1021.0,1050.0,1420139100,1352100,10,1041.0,1176.0
2017-01-14,1148.0,1175.0,1001.0,1068.0,241823728,226361,14,1050.0,1001.0
2017-01-15,1070.0,1070.0,1070.0,1070.0,1070000,1000,1,1068.0,1070.0
2017-01-16,1025.0,1025.0,1020.0,1022.0,235010000,230000,9,1070.0,1020.0
2017-01-17,1002.0,1003.0,1002.0,1002.0,62146000,62000,5,1022.0,1002.0
2017-01-18,1005.0,1005.0,1005.0,1005.0,3015000,3000,1,1002.0,1005.0
2017-01-21,1047.0,1047.0,1010.0,1028.0,41140000,40000,2,1005.0,1010.0
2017-01-22,1011.0,1012.0,1011.0,1012.0,34010831,33621,3,1028.0,1012.0
2017-01-23,1008.0,1015.0,980.0,1000.0,1529315629,1529888,18,1012.0,999.0
2017-01-24,1028.0,1048.0,1000.0,1041.0,109634160,105278,7,1000.0,1010.0
2017-01-25,1030.0,1030.0,1011.0,1018.0,15775000,15500,2,1041.0,1011.0
2017-01-28,1010.0,1011.0,987.0,1002.0,74993470,74810,10,1018.0,1000.0
2017-01-29,988.0,988.0,971.0,977.0,29300000,30000,4,1002.0,971.0
2017-01-30,971.0,971.0,970.0,971.0,29328850,30205,5,977.0,971.0
2017-01-31,1000.0,1000.0,1000.0,1000.0,101400000,101400,5,971.0,1000.0
2017-02-01,1000.0,1000.0,980.0,997.0,57063840,57208,3,1000.0,980.0
2017-02-04,981.0,981.0,981.0,981.0,19620000,20000,1,997.0,981.0
2017-02-05,958.0,1000.0,953.0,977.0,216848000,222058,11,981.0,1000.0
2017-02-06,953.0,953.0,953.0,953.0,809097,849,2,977.0,953.0
2017-02-08,967.0,967.0,953.0,961.0,121567419,126447,5,953.0,953.0
2017-02-11,952.0,952.0,952.0,952.0,47600000,50000,1,961.0,952.0
2017-02-12,989.0,989.0,989.0,989.0,49450000,50000,2,952.0,989.0
2017-02-13,956.0,956.0,955.0,956.0,136602552,142942,2,989.0,955.0
2017-02-15,988.0,989.0,960.0,981.0,33753734,34400,4,956.0,989.0
2017-02-18,988.0,1000.0,988.0,999.0,118030056,118104,2,981.0,1000.0
2017-02-20,955.0,989.0,955.0,970.0,21397472,22048,3,999.0,989.0
2017-02-21,989.0,999.0,989.0,993.0,212451088,213852,10,970.0,999.0
2017-02-25,1065.0,1066.0,1065.0,1065.0,10655000,10000,2,993.0,1066.0
2017-02-26,1020.0,1050.0,1020.0,1038.0,13662640,13157,3,1065.0,1050.0
2017-02-27,1048.0,1048.0,1002.0,1022.0,23060110,22555,2,1038.0,1002.0
2017-02-28,1003.0,1039.0,956.0,972.0,39500211,40653,7,1022.0,1030.0
2017-03-07,1044.0,1044.0,1044.0,1044.0,1044000,1000,1,972.0,1044.0
2017-03-13,1000.0,1000.0,940.0,941.0,159822604,169762,24,1044.0,942.0
2017-03-14,1020.0,1035.0,970.0,1025.0,108200470,105570,22,941.0,1035.0
2017-03-15,1100.0,1127.0,1050.0,1117.0,594549755,532052,46,1025.0,1127.0
2017-03-18,1220.0,1228.0,1160.0,1225.0,1469686936,1199504,114,1117.0,1227.0
2017-03-25,1339.0,1347.0,1337.0,1347.0,296875650,220450,14,1225.0,1347.0
2017-03-26,1481.0,1481.0,1481.0,1481.0,471276415,318215,27,1347.0,1481.0
2017-03-27,1629.0,1629.0,1629.0,1629.0,327446919,201011,13,1481.0,1629.0
2017-03-28,1791.0,1791.0,1704.0,1790.0,4015369824,2242762,214,1629.0,1791.0
2017-03-29,1860.0,1948.0,1611.0,1655.0,2740734486,1656301,152,1790.0,1611.0
2017-04-03,1697.0,1750.0,1500.0,1601.0,1673832646,1045670,130,1655.0,1515.0
2017-04-04,1595.0,1599.0,1441.0,1467.0,3373534041,2299130,166,1601.0,1480.0
2017-04-05,1466.0,1575.0,1399.0,1416.0,157163576,111000,7,1467.0,1399.0
2017-04-08,1400.0,1530.0,1300.0,1374.0,1168512599,850570,83,1416.0,1400.0
2017-04-09,1470.0,1511.0,1470.0,1508.0,897674351,595311,44,1374.0,1511.0
2017-04-10,1557.0,1658.0,1556.0,1650.0,992124586,601117,55,1508.0,1658.0
2017-04-12,1815.0,1815.0,1800.0,1815.0,3639220110,2005194,123,1650.0,1815.0
2017-04-15,1996.0,1996.0,1996.0,1996.0,112732084,56479,7,1815.0,1996.0
2017-04-16,2195.0,2195.0,2070.0,2181.0,11462173324,5255421,433,1996.0,2195.0
2017-04-17,2270.0,2398.0,2100.0,2216.0,5560118225,2508700,206,2181.0,2100.0
2017-04-18,2191.0,2437.0,2191.0,2420.0,14197298566,5866903,474,2216.0,2437.0
2017-04-19,2662.0,2662.0,2461.0,2659.0,8122674486,3054975,327,2420.0,2662.0
2017-04-22,2920.0,2920.0,2552.0,2828.0,7843594477,2773988,373,2659.0,2721.0
2017-04-23,2799.0,2799.0,2546.0,2556.0,1929000215,754578,102,2828.0,2546.0
2017-04-24,2320.0,2549.0,2301.0,2323.0,2698490068,1161657,108,2556.0,2301.0
2017-04-26,2120.0,2339.0,2091.0,2155.0,6070697455,2817468,327,2323.0,2200.0
2017-04-29,2340.0,2370.0,2203.0,2350.0,1939367756,825251,122,2155.0,2370.0
2017-04-30,2569.0,2569.0,2257.0,2341.0,966130937,412753,82,2350.0,2283.0
2017-05-01,2390.0,2390.0,2107.0,2115.0,2348127406,1110445,166,2341.0,2107.0
2017-05-02,1930.0,2229.0,1930.0,2141.0,1846088732,862353,107,2115.0,2074.0
2017-05-03,2249.0,2249.0,2061.0,2137.0,508386620,237879,71,2141.0,2067.0
2017-05-06,2173.0,2173.0,1924.0,1973.0,1294224688,655976,112,2137.0,1930.0
2017-05-07,1999.0,1999.0,1776.0,1808.0,1677058146,927482,129,1973.0,1800.0
2017-05-08,1720.0,1988.0,1720.0,1909.0,3013072035,1578012,192,1808.0,1906.0
2017-05-09,1784.0,2084.0,1730.0,1846.0,361162353,195606,57,1909.0,1927.0
2017-05-10,1755.0,1866.0,1720.0,1780.0,510389611,286662,46,1846.0,1760.0
2017-05-13,1800.0,1928.0,1750.0,1803.0,363347840,201527,29,1780.0,1762.0
2017-05-14,1800.0,1841.0,1694.0,1797.0,453495270,252431,67,1803.0,1723.0
2017-05-15,1800.0,1836.0,1772.0,1805.0,544868393,301808,53,1797.0,1810.0
2017-05-16,1918.0,1928.0,1784.0,1875.0,412454038,219994,32,1805.0,1801.0
2017-05-17,1830.0,1856.0,1750.0,1784.0,386653263,216787,43,1875.0,1798.0
2017-05-20,1835.0,1962.0,1835.0,1933.0,1908365438,987150,124,1784.0,1962.0
2017-05-21,2120.0,2120.0,1884.0,2014.0,915778757,454759,65,1933.0,1969.0
2017-05-22,1999.0,1999.0,1823.0,1876.0,878760980,468428,84,2014.0,1852.0
2017-05-23,1950.0,2063.0,1852.0,2020.0,3015642086,1492524,230,1876.0,2063.0
2017-05-24,2120.0,2222.0,2110.0,2200.0,2473237263,1124200,188,2020.0,2222.0
2017-05-27,2287.0,2397.0,2100.0,2276.0,2951807062,1297201,218,2200.0,2250.0
2017-05-28,2226.0,2348.0,2049.0,2078.0,2852019703,1372538,205,2276.0,2049.0
2017-05-29,2100.0,2100.0,1871.0,1897.0,1759139327,927561,140,2078.0,1871.0
2017-05-30,1821.0,1920.0,1750.0,1832.0,731721208,399406,88,1897.0,1825.0
2017-05-31,1927.0,1927.0,1700.0,1737.0,1521771519,876314,128,1832.0,1720.0
2017-06-03,1778.0,1806.0,1702.0,1754.0,524053369,298814,63,1737.0,1806.0
2017-06-06,1811.0,1867.0,1775.0,1804.0,265717501,147308,33,1754.0,1800.0
2017-06-07,1838.0,1838.0,1624.0,1684.0,1367867389,812425,89,1804.0,1625.0
2017-06-10,1734.0,1800.0,1640.0,1729.0,401300010,232140,49,1684.0,1712.0
2017-06-11,1630.0,1655.0,1557.0,1564.0,2781707649,1778711,181,1729.0,1557.0
2017-06-12,1450.0,1530.0,1422.0,1475.0,387014917,262419,60,1564.0,1458.0
2017-06-13,1450.0,1548.0,1425.0,1447.0,1209613274,835952,84,1475.0,1481.0
2017-06-14,1430.0,1530.0,1430.0,1469.0,511688342,348377,57,1447.0,1510.0
2017-06-17,1567.0,1579.0,1455.0,1502.0,984879807,655847,98,1469.0,1520.0
2017-06-18,1539.0,1600.0,1485.0,1562.0,302418741,193656,36,1502.0,1525.0
2017-06-19,1576.0,1576.0,1406.0,1458.0,1590145843,1090674,143,1562.0,1477.0
2017-06-20,1461.0,1499.0,1438.0,1469.0,707421068,481616,113,1458.0,1440.0
2017-06-21,1447.0,1550.0,1447.0,1520.0,1129902210,743267,129,1469.0,1530.0
2017-06-24,1572.0,1611.0,1500.0,1527.0,1614849630,1057199,165,1520.0,1520.0
2017-06-25,1568.0,1599.0,1520.0,1573.0,1083264801,688759,70,1527.0,1590.0
2017-06-28,1638.0,1638.0,1575.0,1597.0,639956480,400612,71,1573.0,1618.0
2017-07-01,1600.0,1600.0,1502.0,1528.0,360402619,235933,57,1597.0,1520.0
2017-07-02,1577.0,1577.0,1455.0,1471.0,2127053086,1445882,112,1528.0,1500.0
2017-07-03,1454.0,1538.0,1452.0,1484.0,805028676,542608,72,1471.0,1500.0
2017-07-04,1456.0,1495.0,1425.0,1444.0,224626403,155544,26,1484.0,1435.0
2017-07-05,1433.0,1548.0,1432.0,1489.0,1013836033,680943,102,1444.0,1470.0
2017-07-08,1437.0,1480.0,1423.0,1437.0,171223464,119119,26,1489.0,1451.0
2017-07-09,1466.0,1540.0,1424.0,1450.0,85171880,58719,22,1437.0,1441.0
2017-07-10,1436.0,1494.0,1433.0,1439.0,422131609,293354,38,1450.0,1437.0
2017-07-11,1459.0,1479.0,1420.0,1444.0,268683886,186124,39,1439.0,1440.0
2017-07-12,1460.0,1460.0,1397.0,1406.0,840495412,597691,69,1444.0,1397.0
2017-07-15,1361.0,1428.0,1356.0,1388.0,733143062,528046,55,1406.0,1390.0
2017-07-16,1312.0,1398.0,1271.0,1331.0,603624923,453500,50,1388.0,1300.0
2017-07-17,1364.0,1364.0,1200.0,1229.0,719230837,585317,87,1331.0,1210.0
2017-07-18,1200.0,1320.0,1200.0,1251.0,834813965,667133,107,1229.0,1290.0
2017-07-19,1330.0,1376.0,1281.0,1345.0,599608089,445939,89,1251.0,1376.0
2017-07-22,1479.0,1479.0,1478.0,1479.0,1545773656,1045148,91,1345.0,1479.0
2017-07-23,1549.0,1626.0,1479.0,1603.0,3413191134,2129342,279,1479.0,1626.0
2017-07-24,1605.0,1761.0,1551.0,1677.0,3180484020,1897089,271,1603.0,1670.0
2017-07-25,1700.0,1700.0,1522.0,1571.0,1112519480,708238,110,1677.0,1570.0
2017-07-26,1511.0,1640.0,1414.0,1475.0,1767952102,1198669,171,1571.0,1453.0
2017-07-29,1476.0,1476.0,1330.0,1364.0,615346617,451289,109,1475.0,1367.0
2017-07-30,1397.0,1500.0,1394.0,1486.0,742941913,500027,84,1364.0,1500.0
2017-07-31,1556.0,1629.0,1510.0,1593.0,1261720661,792085,195,1486.0,1611.0
2017-08-01,1591.0,1725.0,1556.0,1639.0,1296160233,790901,138,1593.0,1620.0
2017-08-02,1698.0,1698.0,1550.0,1597.0,429183670,268767,73,1639.0,1620.0
2017-08-06,1640.0,1660.0,1550.0,1605.0,788360850,491341,115,1597.0,1599.0
2017-08-07,1551.0,1680.0,1551.0,1630.0,948617465,581921,206,1605.0,1620.0
2017-08-08,1599.0,1648.0,1570.0,1591.0,769582342,483860,142,1630.0,1595.0
2017-08-09,1500.0,1686.0,1500.0,1606.0,925765386,576296,198,1591.0,1680.0
2017-08-12,1590.0,1766.0,1590.0,1741.0,2999168141,1722645,388,1606.0,1766.0
2017-08-13,1771.0,1888.0,1700.0,1796.0,2835378901,1579118,336,1741.0,1700.0
2017-08-14,1788.0,1788.0,1621.0,1659.0,867332347,522898,145,1796.0,1669.0
2017-08-15,1600.0,1664.0,1553.0,1587.0,607736237,383029,95,1659.0,1610.0
2017-08-16,1694.0,1694.0,1512.0,1571.0,350329461,222942,64,1587.0,1594.0
2017-08-19,1414.0,1500.0,1414.0,1427.0,2449681997,1716098,260,1571.0,1414.0
2017-08-20,1400.0,1419.0,1309.0,1335.0,1065628692,798449,133,1427.0,1358.0
2017-08-21,1348.0,1449.0,1348.0,1415.0,716772924,506518,109,1335.0,1426.0
2017-08-28,1415.0,1415.0,1415.0,1415.0,147561860,104284,42,1415.0,1415.0
2017-08-30,1300.0,1382.0,1300.0,1324.0,437556470,332445,99,1415.0,1382.0
2017-09-02,1324.0,1344.0,1324.0,1325.0,327446660,247065,66,1324.0,1344.0
2017-09-04,1401.0,1401.0,1392.0,1398.0,155193699,110981,30,1325.0,1392.0
2017-09-06,1430.0,1430.0,1399.0,1429.0,683442474,478217,153,1398.0,1399.0
2017-09-11,1432.0,1432.0,1416.0,1430.0,35396992,24756,21,1429.0,1416.0
2017-09-13,1432.0,1432.0,1400.0,1430.0,163915200,114600,32,1430.0,1400.0
2017-09-16,1390.0,1390.0,1231.0,1241.0,13214064,10644,4,1430.0,1231.0
2017-09-18,1370.0,1370.0,1246.0,1285.0,46295460,36032,12,1241.0,1246.0
2017-09-20,1350.0,1353.0,1350.0,1350.0,1287820674,953915,111,1285.0,1353.0
2017-09-25,1350.0,1363.0,1350.0,1350.0,497928563,368809,46,1350.0,1363.0
2017-09-27,1350.0,1350.0,1350.0,1350.0,107574750,79685,18,1350.0,1350.0
2017-10-02,1350.0,1350.0,1350.0,1350.0,2304450,1707,2,1350.0,1350.0
2017-10-04,1215.0,1215.0,1215.0,1215.0,17496000,14400,2,1350.0,1215.0
2017-10-11,1215.0,1215.0,1215.0,1215.0,141547500,116500,20,1215.0,1215.0
2017-10-14,1270.0,1351.0,1270.0,1311.0,379685875,289597,45,1215.0,1351.0
2017-11-08,2100.0,2100.0,2100.0,2100.0,1630704600,776526,75,1311.0,2100.0
2017-11-11,2200.0,2200.0,1800.0,2174.0,3580222600,1647071,140,2100.0,1800.0
2017-11-13,1850.0,1850.0,1850.0,1850.0,1909965900,1032414,99,2174.0,1850.0
2017-11-15,1850.0,1880.0,1850.0,1855.0,1383928090,746036,94,1850.0,1880.0
2017-11-18,1879.0,1900.0,1879.0,1883.0,1377192428,731354,75,1855.0,1900.0
2017-11-20,1960.0,1960.0,1960.0,1960.0,1200527440,612514,85,1883.0,1960.0
2017-11-22,1980.0,1980.0,1851.0,1854.0,272327538,146900,16,1960.0,1851.0
2017-11-25,1800.0,1800.0,1800.0,1800.0,19800000,11000,2,1854.0,1800.0
2017-11-29,1800.0,1800.0,1800.0,1800.0,201249000,111805,22,1800.0,1800.0
2017-12-02,1303.0,1761.0,1303.0,1615.0,134445647,83237,14,1800.0,1761.0
2017-12-04,1740.0,1740.0,1619.0,1723.0,184523959,107065,32,1615.0,1619.0
2017-12-09,1560.0,1560.0,1560.0,1560.0,132600000,85000,8,1723.0,1560.0
2017-12-11,1560.0,1630.0,1560.0,1561.0,430721920,275857,40,1560.0,1630.0
2017-12-13,1560.0,1560.0,1559.0,1560.0,1085337103,695798,51,1561.0,1559.0
2017-12-16,1560.0,1640.0,1560.0,1568.0,183110280,116763,22,1560.0,1640.0
2017-12-18,1660.0,1680.0,1660.0,1661.0,1265128000,761600,56,1568.0,1680.0
2017-12-20,1700.0,1700.0,1700.0,1700.0,769675000,452750,65,1661.0,1700.0
2017-12-23,1700.0,1700.0,1700.0,1700.0,764697400,449822,67,1700.0,1700.0
2017-12-25,1789.0,1789.0,1789.0,1789.0,949323905,530645,39,1700.0,1789.0
2017-12-27,1666.0,1666.0,1666.0,1666.0,16660000,10000,1,1789.0,1666.0
2017-12-30,1660.0,1660.0,1660.0,1660.0,27058000,16300,4,1666.0,1660.0
2018-01-01,1670.0,1670.0,1670.0,1670.0,1670000,1000,2,1660.0,1670.0
2018-01-03,1650.0,1650.0,1580.0,1586.0,4591780,2896,3,1670.0,1580.0
2018-01-06,1600.0,1600.0,1580.0,1600.0,729358400,455974,55,1586.0,1580.0
2018-01-08,1520.0,1639.0,1520.0,1526.0,650421800,426265,44,1600.0,1639.0
2018-01-10,1600.0,1600.0,1600.0,1600.0,302483200,189052,33,1526.0,1600.0
2018-01-15,1569.0,1569.0,1569.0,1569.0,52326150,33350,7,1600.0,1569.0
2018-01-17,1401.0,1510.0,1401.0,1493.0,67863480,45448,9,1569.0,1510.0
2018-01-20,1495.0,1495.0,1495.0,1495.0,77813255,52049,13,1493.0,1495.0
2018-01-22,1372.0,1415.0,1372.0,1395.0,90453220,64852,13,1495.0,1415.0
2018-01-24,1395.0,1420.0,1395.0,1411.0,107182115,75937,12,1395.0,1420.0
2018-01-27,1411.0,1411.0,1411.0,1411.0,519260699,368009,46,1411.0,1411.0
2018-01-29,1450.0,1450.0,1450.0,1450.0,15864450,10941,2,1411.0,1450.0
2018-01-31,1499.0,1499.0,1450.0,1482.0,6525588,4402,6,1450.0,1450.0
2018-02-03,1410.0,1410.0,1410.0,1410.0,18330000,13000,4,1482.0,1410.0
2018-02-05,1400.0,1400.0,1361.0,1394.0,207069300,148500,35,1410.0,1361.0
2018-02-07,1370.0,1370.0,1370.0,1370.0,518946410,378793,53,1394.0,1370.0
2018-02-10,1370.0,1370.0,1370.0,1370.0,319963500,233550,10,1370.0,1370.0
2018-02-12,1370.0,1400.0,1370.0,1374.0,380068400,276640,20,1370.0,1400.0
2018-02-14,1378.0,1378.0,1378.0,1378.0,41335866,29997,3,1374.0,1378.0
2018-02-17,1378.0,1470.0,1378.0,1460.0,157497494,107903,17,1378.0,1470.0
2018-02-19,1400.0,1430.0,1400.0,1415.0,174418760,123232,15,1460.0,1430.0
2018-02-24,1415.0,1415.0,1415.0,1415.0,304631105,215287,18,1415.0,1415.0
2018-02-26,1586.0,1586.0,1381.0,1393.0,38736286,27806,4,1415.0,1381.0
2018-02-28,1344.0,1400.0,1344.0,1351.0,208529328,154362,31,1393.0,1400.0
2018-03-03,1351.0,1430.0,1351.0,1416.0,89737185,63385,8,1351.0,1430.0
2018-03-05,1416.0,1416.0,1353.0,1415.0,97411539,68863,16,1416.0,1353.0
2018-04-09,1550.0,1550.0,1550.0,1550.0,310607600,200392,12,1415.0,1550.0
2018-04-11,1454.0,1550.0,1454.0,1457.0,1851043748,1270462,111,1550.0,1550.0
2018-04-16,1457.0,1457.0,1457.0,1457.0,476417145,326985,51,1457.0,1457.0
2018-04-18,1457.0,1457.0,1457.0,1457.0,360333584,247312,34,1457.0,1457.0
2018-04-21,1457.0,1500.0,1457.0,1487.0,111596963,75059,9,1457.0,1500.0
2018-04-23,1516.0,1516.0,1516.0,1516.0,483178004,318719,67,1487.0,1516.0
2018-04-25,1518.0,1576.0,1518.0,1520.0,452759328,297826,57,1516.0,1576.0
2018-04-28,1528.0,1528.0,1528.0,1528.0,15280000,10000,3,1520.0,1528.0
2018-04-30,1529.0,1529.0,1528.0,1529.0,677191206,442902,36,1528.0,1528.0
2018-05-05,1455.0,1455.0,1455.0,1455.0,7711500,5300,2,1529.0,1455.0
2018-05-07,1455.0,1455.0,1455.0,1455.0,5456250,3750,1,1455.0,1455.0
2018-05-09,1320.0,1320.0,1320.0,1320.0,111476640,84452,10,1455.0,1320.0
2018-05-14,1280.0,1280.0,1280.0,1280.0,125184000,97800,9,1320.0,1280.0
2018-05-16,1222.0,1222.0,1222.0,1222.0,60611200,49600,7,1280.0,1222.0
2018-05-23,1282.0,1301.0,1282.0,1283.0,135440572,105596,17,1222.0,1301.0
2018-05-26,1283.0,1381.0,1283.0,1332.0,20193120,15160,6,1283.0,1381.0
2018-05-28,1499.0,1499.0,1499.0,1499.0,233844000,156000,13,1332.0,1499.0
2018-05-30,1499.0,1499.0,1499.0,1499.0,95186500,63500,15,1499.0,1499.0
2018-06-02,1499.0,1562.0,1499.0,1506.0,817597593,542907,50,1499.0,1562.0
2018-06-09,1620.0,1620.0,1600.0,1605.0,664067640,413622,26,1506.0,1600.0
2018-06-11,1620.0,1778.0,1620.0,1716.0,1421259644,828221,50,1605.0,1778.0
2018-06-13,1796.0,1796.0,1796.0,1796.0,1208761880,673030,70,1716.0,1796.0
2018-06-18,1885.0,1885.0,1885.0,1885.0,1921976160,1019616,79,1796.0,1885.0
2018-06-20,2090.0,2090.0,1988.0,2085.0,137786570,66073,15,1885.0,1988.0
2018-06-23,1999.0,1999.0,1899.0,1903.0,100597150,52850,7,2085.0,1899.0
2018-06-25,1880.0,1880.0,1880.0,1880.0,194354400,103380,11,1903.0,1880.0
2018-06-27,1779.0,1779.0,1602.0,1766.0,568323150,321850,24,1880.0,1602.0
2018-06-30,1770.0,1770.0,1550.0,1550.0,205324000,132460,14,1766.0,1550.0
2018-07-02,1550.0,1552.0,1550.0,1550.0,252962650,163163,20,1550.0,1552.0
2018-07-04,1600.0,1600.0,1500.0,1558.0,310704000,199440,13,1550.0,1500.0
2018-07-07,1558.0,1558.0,1550.0,1551.0,18616000,12000,4,1558.0,1550.0
2018-07-11,1500.0,1500.0,1498.0,1500.0,545163000,363450,41,1551.0,1498.0
2018-07-14,1500.0,1500.0,1488.0,1500.0,64612500,43083,12,1500.0,1488.0
2018-07-16,1440.0,1440.0,1440.0,1440.0,30362400,21085,9,1500.0,1440.0
2018-07-18,1440.0,1440.0,1440.0,1440.0,4032000,2800,6,1440.0,1440.0
2018-07-21,1490.0,1490.0,1487.0,1490.0,170795010,114630,10,1440.0,1487.0
2018-07-23,1488.0,1488.0,1303.0,1485.0,1629214845,1097275,27,1490.0,1303.0
2018-07-25,1400.0,1400.0,1400.0,1400.0,131184200,93703,19,1485.0,1400.0
2018-07-28,1400.0,1400.0,1400.0,1400.0,440444200,314603,23,1400.0,1400.0
2018-07-30,1400.0,1400.0,1350.0,1400.0,662645450,473487,33,1400.0,1350.0
2018-08-01,1852.0,1852.0,1829.0,1851.0,1247760044,674047,52,1400.0,1829.0
2018-08-04,1850.0,1850.0,1795.0,1824.0,95555750,52395,6,1851.0,1795.0
2018-08-06,1860.0,1860.0,1860.0,1860.0,667793940,359029,35,1824.0,1860.0
2018-08-08,1830.0,1830.0,1699.0,1806.0,99356990,55010,8,1860.0,1699.0
2018-08-11,1820.0,1821.0,1820.0,1820.0,2459102327,1351139,117,1806.0,1821.0
2018-08-13,1820.0,1820.0,1820.0,1820.0,179472020,98611,19,1820.0,1820.0
2018-08-15,1750.0,1750.0,1750.0,1750.0,11448500,6542,5,1820.0,1750.0
2018-08-18,1750.0,1750.0,1750.0,1750.0,197802500,113030,27,1750.0,1750.0
2018-08-20,1820.0,1820.0,1820.0,1820.0,939751540,516347,56,1750.0,1820.0
2018-08-25,1860.0,2199.0,1860.0,2164.0,474514095,219326,27,1820.0,2199.0
2018-08-27,2490.0,2490.0,2300.0,2430.0,1886104920,776017,55,2164.0,2300.0
2018-08-29,2284.0,2284.0,2284.0,2284.0,136286280,59670,8,2430.0,2284.0
2018-09-01,2199.0,2200.0,2199.0,2199.0,2346369251,1066990,139,2284.0,2200.0
2018-09-03,2199.0,2199.0,2199.0,2199.0,3359027475,1527525,90,2199.0,2199.0
2018-09-05,2449.0,2449.0,2449.0,2449.0,4135055683,1688467,109,2199.0,2449.0
2018-09-08,2450.0,2800.0,2450.0,2466.0,2819740350,1143307,107,2449.0,2800.0
2018-09-10,3200.0,3200.0,2998.0,3168.0,4724793266,1491387,131,2466.0,2998.0
2018-09-12,3069.0,3069.0,2502.0,2813.0,1824971634,648873,44,3168.0,2502.0
2018-09-15,2813.0,2813.0,2813.0,2813.0,13731144721,4881317,294,2813.0,2813.0
2018-10-10,2813.0,2813.0,2440.0,2765.0,1067792486,386222,27,2813.0,2440.0
2018-10-13,2695.0,2695.0,1850.0,1903.0,371738925,195315,22,2765.0,1850.0
2018-10-15,1903.0,2250.0,1903.0,1935.0,945979448,488951,34,1903.0,2250.0
2018-10-17,2150.0,2150.0,2030.0,2103.0,531694150,252881,22,1935.0,2030.0
2018-10-20,2103.0,2250.0,2103.0,2213.0,307361571,138889,17,2103.0,2250.0
2018-10-22,2880.0,3180.0,2880.0,2919.0,4955527740,1697648,174,2213.0,3180.0
2018-10-24,2900.0,2900.0,2700.0,2808.0,976591000,347790,34,2919.0,2700.0
2018-10-27,2999.0,2999.0,2692.0,2842.0,539955595,190007,32,2808.0,2692.0
2018-10-29,2930.0,2930.0,2700.0,2840.0,2009887260,707778,56,2842.0,2700.0
2018-10-31,2930.0,2930.0,2790.0,2812.0,559781820,199058,15,2840.0,2790.0
2018-11-03,2750.0,2750.0,2652.0,2736.0,1114111750,407145,65,2812.0,2652.0
2018-11-05,2690.0,2690.0,2562.0,2656.0,1398016342,526443,56,2736.0,2562.0
2018-11-10,2919.0,3160.0,2919.0,2958.0,3698560745,1250398,101,2656.0,3160.0
2018-11-12,3180.0,3203.0,3180.0,3183.0,4429095020,1391679,111,2958.0,3203.0
2018-11-14,3140.0,3220.0,3140.0,3147.0,3148744060,1000399,82,3183.0,3220.0
2018-11-17,3801.0,3801.0,3500.0,3781.0,1101566305,291358,31,3147.0,3500.0
2018-11-19,3340.0,3429.0,3340.0,3340.0,6639775415,1987838,159,3781.0,3429.0
2018-11-21,3340.0,3340.0,3230.0,3239.0,346186120,106883,15,3340.0,3230.0
2018-11-24,3390.0,3390.0,3003.0,3232.0,62822814,19438,10,3239.0,3003.0
2018-11-26,3200.0,3200.0,3200.0,3200.0,83200000,26000,9,3232.0,3200.0
2018-11-28,3189.0,3189.0,2999.0,3162.0,57115285,18065,5,3200.0,2999.0
2018-12-01,2340.0,2340.0,2340.0,2340.0,138060000,59000,7,3162.0,2340.0
2018-12-03,2800.0,2800.0,2800.0,2800.0,347102000,123965,11,2340.0,2800.0
2018-12-05,2800.0,2800.0,2600.0,2774.0,499495000,180064,18,2800.0,2600.0
2018-12-08,2690.0,2690.0,2650.0,2684.0,193645840,72136,17,2774.0,2650.0
2018-12-10,2684.0,2684.0,2550.0,2680.0,405051492,151163,24,2684.0,2550.0
2018-12-12,2640.0,2640.0,2599.0,2603.0,132756050,51000,9,2680.0,2599.0
2018-12-15,2700.0,2700.0,2489.0,2501.0,83932334,33556,11,2603.0,2489.0
2018-12-17,2499.0,2499.0,2496.0,2499.0,243301440,97360,7,2501.0,2496.0
2018-12-19,2550.0,2550.0,2300.0,2301.0,495417000,215290,11,2499.0,2300.0
2018-12-22,2301.0,2301.0,2301.0,2301.0,233174136,101336,41,2301.0,2301.0
2018-12-24,2460.0,2460.0,2460.0,2460.0,1364687460,554751,61,2301.0,2460.0
2018-12-26,2231.0,2231.0,2231.0,2231.0,149477000,67000,7,2460.0,2231.0
2018-12-29,2200.0,2200.0,2200.0,2200.0,1722846400,783112,85,2231.0,2200.0
2018-12-31,2290.0,2290.0,2200.0,2276.0,136572000,60000,11,2200.0,2200.0
2019-01-05,2200.0,2200.0,2200.0,2200.0,491051000,223205,10,2276.0,2200.0
2019-01-07,2300.0,2300.0,2300.0,2300.0,3674583500,1597645,101,2200.0,2300.0
2019-01-09,2400.0,2400.0,2400.0,2400.0,1953273600,813864,82,2300.0,2400.0
2019-01-12,2390.0,2390.0,2390.0,2390.0,48803800,20420,3,2400.0,2390.0
2019-01-14,2450.0,2450.0,2450.0,2450.0,389493650,158977,13,2390.0,2450.0
2019-01-16,2349.0,2349.0,2110.0,2222.0,143723219,64691,11,2450.0,2110.0
2019-01-19,2212.0,2410.0,2212.0,2235.0,1493067344,668018,57,2222.0,2410.0
2019-01-21,2202.0,2202.0,2202.0,2202.0,374333394,169997,44,2235.0,2202.0
2019-01-23,2202.0,2202.0,2202.0,2202.0,1030692342,468071,31,2202.0,2202.0
2019-01-26,2500.0,2500.0,2500.0,2500.0,128450000,51380,9,2202.0,2500.0
2019-02-02,2200.0,2200.0,2200.0,2200.0,315792400,143542,10,2500.0,2200.0
2019-02-04,2200.0,2200.0,2090.0,2167.0,681014400,314272,28,2200.0,2090.0
2019-02-06,2150.0,2300.0,2150.0,2164.0,2545603050,1176327,100,2167.0,2300.0
2019-02-13,2614.0,2614.0,2370.0,2588.0,561180608,216834,25,2164.0,2370.0
2019-02-16,2549.0,2549.0,2400.0,2468.0,647526965,262329,25,2588.0,2400.0
2019-02-18,2400.0,2400.0,2250.0,2334.0,216586350,92794,21,2468.0,2250.0
2019-02-27,2334.0,2449.0,2334.0,2342.0,2038391343,870317,54,2334.0,2449.0
2019-03-09,2342.0,2460.0,2342.0,2427.0,655074110,269961,26,2342.0,2460.0
2019-03-25,2705.0,3180.0,2705.0,2946.0,890241220,302149,39,2427.0,3180.0
2019-04-10,3222.0,3222.0,3222.0,3222.0,3984077106,1236523,134,2946.0,3222.0
2019-04-13,3500.0,3500.0,3400.0,3483.0,2720435500,780993,76,3222.0,3400.0
2019-04-15,3500.0,3500.0,3400.0,3495.0,2752510100,787593,91,3483.0,3400.0
2019-04-17,3479.0,3479.0,3375.0,3429.0,149384979,43565,15,3495.0,3375.0
2019-04-20,3300.0,3300.0,3199.0,3295.0,3983241810,1209029,132,3429.0,3199.0
2019-04-22,3450.0,3450.0,3015.0,3143.0,1023140490,325509,30,3295.0,3015.0
2019-04-24,3100.0,3109.0,3100.0,3101.0,4396458300,1417938,153,3143.0,3109.0
2019-04-27,3300.0,3300.0,3293.0,3300.0,6032983035,1828431,158,3101.0,3293.0
2019-04-29,3301.0,3301.0,3301.0,3301.0,4158989318,1259918,111,3300.0,3301.0
2019-05-01,3699.0,3910.0,3699.0,3722.0,9763357647,2623288,176,3301.0,3910.0
2019-05-04,3610.0,3777.0,3610.0,3654.0,755433743,206719,39,3722.0,3777.0
2019-05-06,3888.0,3888.0,3500.0,3763.0,892555836,237196,27,3654.0,3500.0
2019-05-08,3740.0,4199.0,3740.0,3770.0,6986655580,1853117,135,3763.0,4199.0
2019-05-11,4800.0,4800.0,4790.0,4800.0,12306035770,2563876,216,3770.0,4790.0
2019-05-13,5000.0,5000.0,4990.0,4999.0,6059066550,1211963,118,4800.0,4990.0
2019-05-15,4989.0,5301.0,4989.0,5004.0,5212289763,1041567,75,4999.0,5301.0
2019-05-20,6000.0,6000.0,6000.0,6000.0,15745398000,2624233,314,5004.0,6000.0
2019-05-22,6500.0,6500.0,6370.0,6460.0,3459760070,535594,98,6000.0,6370.0
2019-05-25,6460.0,6500.0,6460.0,6467.0,5847781960,904270,97,6460.0,6500.0
2019-05-29,5990.0,5990.0,5480.0,5615.0,471974640,84054,19,6467.0,5480.0
2019-06-01,5614.0,5614.0,5614.0,5614.0,855309742,152353,21,5615.0,5614.0
2019-06-03,4999.0,4999.0,4300.0,4849.0,702774644,144944,58,5614.0,4300.0
2019-06-10,4980.0,4980.0,4101.0,4936.0,718652541,145607,29,4849.0,4101.0
2019-06-12,4500.0,4500.0,4290.0,4499.0,5868696150,1304490,146,4936.0,4290.0
2019-06-15,4101.0,4450.0,4101.0,4114.0,1679948067,408367,63,4499.0,4450.0
2019-06-17,4150.0,4150.0,4150.0,4150.0,2232546450,537963,84,4114.0,4150.0
2019-06-19,4150.0,4150.0,3970.0,4015.0,537103910,133787,22,4150.0,3970.0
2019-06-22,3949.0,3949.0,3880.0,3927.0,426448352,108584,22,4015.0,3880.0
2019-06-24,4126.0,4500.0,4126.0,4196.0,1769652082,421718,73,3927.0,4500.0
2019-06-26,4730.0,4730.0,4400.0,4694.0,1660286760,353694,74,4196.0,4400.0
2019-07-01,4599.0,4599.0,4400.0,4503.0,114859833,25509,15,4694.0,4400.0
2019-07-03,4509.0,4900.0,4509.0,4572.0,9113169118,1993393,207,4503.0,4900.0
2019-07-06,5310.0,5310.0,5300.0,5308.0,16824379710,3169462,321,4572.0,5300.0
2019-07-08,5610.0,5610.0,5100.0,5388.0,2840234370,527117,75,5308.0,5100.0
2019-07-10,5100.0,5610.0,5100.0,5200.0,30711783330,5906038,510,5388.0,5610.0
2019-07-13,5610.0,6000.0,5610.0,5714.0,12831471240,2245691,200,5200.0,6000.0
2019-07-15,5900.0,5900.0,5488.0,5879.0,12837637236,2183805,236,5714.0,5488.0
2019-07-17,4970.0,5480.0,4970.0,5158.0,6890083600,1335824,96,5879.0,5480.0
2019-07-20,5500.0,5500.0,5480.0,5498.0,17570880240,3195623,296,5158.0,5480.0
2019-07-22,5480.0,5640.0,5480.0,5501.0,10984422400,1996952,220,5498.0,5640.0
2019-07-24,5800.0,6100.0,5800.0,5861.0,23863040900,4071287,392,5501.0,6100.0
2019-07-27,6501.0,6894.0,6501.0,6732.0,4114256253,611149,82,5861.0,6894.0
2019-07-29,7000.0,7300.0,7000.0,7033.0,30370473100,4318276,454,6732.0,7300.0
2019-07-31,7100.0,7150.0,7100.0,7104.0,12628781950,1777576,281,7033.0,7150.0
2019-08-03,7200.0,7200.0,6499.0,6838.0,2086750678,305163,69,7104.0,6499.0
2019-08-05,7000.0,7000.0,6700.0,6978.0,5786754600,829284,117,6838.0,6700.0
2019-08-07,6600.0,6600.0,6249.0,6378.0,3363921834,527462,115,6978.0,6249.0
2019-08-10,6379.0,6379.0,6378.0,6379.0,10085009066,1581014,212,6378.0,6378.0
2019-08-14,6990.0,6990.0,6699.0,6945.0,4379137290,630585,100,6379.0,6699.0
2019-08-17,6550.0,6550.0,6450.0,6542.0,5195036600,794130,219,6945.0,6450.0
2019-08-19,6449.0,6449.0,6400.0,6437.0,2260887942,351252,101,6542.0,6400.0
2019-08-21,6581.0,6581.0,6550.0,6581.0,12458251166,1893204,209,6437.0,6550.0
2019-08-24,6800.0,6800.0,6500.0,6589.0,4725563100,717186,86,6581.0,6500.0
2019-08-26,6000.0,6400.0,6000.0,6124.0,6383268400,1042403,116,6589.0,6400.0
2019-08-28,5590.0,5610.0,5590.0,5591.0,14993980360,2681746,318,6124.0,5610.0
2019-08-31,5750.0,5750.0,5700.0,5747.0,9698159750,1687467,146,5591.0,5700.0
2019-09-02,5575.0,5575.0,5575.0,5575.0,1826698925,327659,34,5747.0,5575.0
2019-09-16,5352.0,5352.0,5352.0,5352.0,363791496,67973,20,5575.0,5352.0
2019-09-17,5249.0,5249.0,5245.0,5246.0,1269239142,241966,65,5352.0,5245.0
2019-09-18,5245.0,5245.0,5245.0,5245.0,205651205,39209,12,5246.0,5245.0
2019-09-21,5245.0,5459.0,5245.0,5305.0,6803503359,1282567,163,5245.0,5459.0
2019-09-22,5459.0,5459.0,5245.0,5396.0,2016928966,373793,89,5305.0,5246.0
2019-09-23,5254.0,5459.0,5245.0,5349.0,4168528454,779237,106,5396.0,5351.0
2019-09-24,5450.0,5458.0,5265.0,5378.0,1941662355,361043,58,5349.0,5420.0
2019-09-25,5281.0,5485.0,5271.0,5385.0,6244267442,1159632,183,5378.0,5485.0
2019-09-28,5492.0,5492.0,5452.0,5491.0,4890778667,890771,150,5385.0,5462.0
2019-09-29,5600.0,5600.0,5382.0,5588.0,6195561168,1108667,192,5491.0,5600.0
2019-09-30,5699.0,5699.0,5477.0,5656.0,5158150312,911937,119,5588.0,5680.0
2019-10-01,5768.0,5768.0,5543.0,5552.0,8065422497,1452785,133,5656.0,5543.0
2019-10-02,5441.0,5441.0,5441.0,5441.0,2653918483,487763,61,5552.0,5441.0
2019-10-05,5333.0,5548.0,5333.0,5357.0,2828852096,528065,88,5441.0,5333.0
2019-10-06,5250.0,5251.0,5250.0,5250.0,445799549,84913,22,5357.0,5250.0
2019-10-07,5145.0,5145.0,5145.0,5145.0,500629080,97304,28,5250.0,5145.0
2019-10-08,5043.0,5043.0,5043.0,5043.0,659185659,130713,26,5145.0,5043.0
2019-10-09,4943.0,4943.0,4943.0,4943.0,31096413,6291,7,5043.0,4943.0
2019-10-12,4845.0,5030.0,4845.0,4891.0,3283954925,671464,140,4943.0,4930.0
2019-10-13,4800.0,4970.0,4795.0,4865.0,350552082,72054,38,4891.0,4805.0
2019-10-14,4771.0,4840.0,4768.0,4769.0,2454315467,514650,41,4865.0,4768.0
2019-10-15,4850.0,4850.0,4674.0,4721.0,159681550,33825,21,4769.0,4674.0
2019-10-16,4627.0,4627.0,4627.0,4627.0,473767784,102392,24,4721.0,4627.0
2019-10-20,4442.0,4442.0,4442.0,4442.0,8884000,2000,2,4627.0,4442.0
2019-10-22,4354.0,4520.0,4354.0,4360.0,5675863466,1301815,144,4442.0,4355.0
2019-10-23,4273.0,4446.0,4273.0,4311.0,616226659,142927,51,4360.0,4273.0
2019-10-26,4240.0,4397.0,4240.0,4373.0,3102257770,709373,107,4311.0,4397.0
2019-10-28,4460.0,4460.0,4353.0,4458.0,1882346413,422213,83,4373.0,4460.0
2019-10-30,4547.0,4547.0,4380.0,4547.0,1053937163,231798,42,4458.0,4547.0
2019-11-02,4637.0,4637.0,4637.0,4637.0,1738142354,374842,79,4547.0,4637.0
2019-11-03,4729.0,4729.0,4729.0,4729.0,1795232438,379622,58,4637.0,4729.0
2019-11-04,4823.0,4823.0,4823.0,4823.0,736226127,152649,21,4729.0,4823.0
2019-11-05,4919.0,4919.0,4919.0,4919.0,120845073,24567,6,4823.0,4919.0
2019-11-09,5115.0,5115.0,5115.0,5115.0,103583865,20251,11,4919.0,5115.0
2019-11-10,5217.0,5217.0,5217.0,5217.0,135735906,26018,7,5115.0,5217.0
2019-11-11,5321.0,5321.0,5321.0,5321.0,123096014,23134,8,5217.0,5321.0
2019-11-12,5427.0,5427.0,5427.0,5427.0,136147149,25087,11,5321.0,5427.0
2019-11-13,5644.0,5644.0,5644.0,5644.0,125652372,22263,16,5427.0,5644.0
2019-11-16,5756.0,5756.0,5756.0,5756.0,129567560,22510,9,5644.0,5756.0
2019-11-17,5871.0,5871.0,5870.0,5871.0,5197836108,885341,118,5756.0,5871.0
2019-11-18,5988.0,5988.0,5988.0,5988.0,1565802120,261490,35,5871.0,5988.0
2019-11-19,6227.0,6227.0,6227.0,6227.0,8259299763,1326369,127,5988.0,6227.0
2019-11-30,8001.0,8010.0,7841.0,7906.0,12471721544,1577479,222,6227.0,7841.0
2019-12-01,7748.0,8064.0,7748.0,7947.0,64345727495,8096801,994,7906.0,8064.0
2019-12-02,8105.0,8105.0,8105.0,8105.0,416240380,51356,15,7947.0,8105.0
2019-12-03,8267.0,8267.0,8267.0,8267.0,433000659,52377,16,8105.0,8267.0
2019-12-04,8597.0,8597.0,8597.0,8597.0,165681384,19272,12,8267.0,8597.0
2019-12-07,8768.0,8768.0,8768.0,8768.0,193764032,22099,9,8597.0,8768.0
2019-12-08,8943.0,8943.0,8943.0,8943.0,107494860,12020,14,8768.0,8943.0
2019-12-09,9121.0,9121.0,9121.0,9121.0,406969899,44619,14,8943.0,9121.0
2019-12-10,9485.0,9485.0,9485.0,9485.0,516847135,54491,14,9121.0,9485.0
2019-12-11,9674.0,9674.0,9674.0,9674.0,207381538,21437,9,9485.0,9674.0
2019-12-14,9867.0,9867.0,9867.0,9867.0,242540727,24581,9,9674.0,9867.0
2019-12-16,10261.0,10261.0,10261.0,10261.0,392175420,38220,8,9867.0,10261.0
2019-12-17,10466.0,10466.0,10466.0,10466.0,1726691146,164981,18,10261.0,10466.0
2019-12-18,10675.0,10675.0,10257.0,10646.0,20257716452,1902777,227,10466.0,10675.0
2019-12-21,10858.0,10858.0,10858.0,10858.0,656778704,60488,13,10646.0,10858.0
2019-12-22,11292.0,11292.0,11292.0,11292.0,295398720,26160,8,10858.0,11292.0
2019-12-23,11517.0,11517.0,11517.0,11517.0,760674816,66048,15,11292.0,11517.0
2019-12-24,11747.0,11747.0,11747.0,11747.0,247732483,21089,6,11517.0,11747.0
2019-12-25,11981.0,11981.0,11981.0,11981.0,599061981,50001,3,11747.0,11981.0
2019-12-28,12460.0,12460.0,12460.0,12460.0,857584420,68827,13,11981.0,12460.0
2019-12-29,12709.0,12709.0,12709.0,12709.0,698829783,54987,12,12460.0,12709.0
2019-12-30,12963.0,12963.0,12963.0,12963.0,855920964,66028,10,12709.0,12963.0
2019-12-31,13222.0,13222.0,13222.0,13222.0,8023638480,606840,48,12963.0,13222.0
2020-01-01,13750.0,13750.0,13740.0,13750.0,93681243328,6813348,948,13222.0,13750.0
2020-01-04,13475.0,14025.0,13475.0,13752.0,21781819431,1583954,273,13750.0,14025.0
2020-01-05,14027.0,14027.0,14027.0,14027.0,3660415785,260955,31,13752.0,14027.0
2020-01-07,14307.0,14307.0,13747.0,14156.0,103151788879,7286681,1140,14027.0,13930.0
2020-01-08,13873.0,14420.0,13873.0,13974.0,32461052676,2322892,411,14156.0,14080.0
2020-01-11,14253.0,14253.0,14253.0,14253.0,299313000,21000,14,13974.0,14253.0
2020-01-12,14538.0,14538.0,14538.0,14538.0,30204163338,2077601,201,14253.0,14538.0
2020-01-13,14828.0,14828.0,14828.0,14828.0,2614621240,176330,21,14538.0,14828.0
2020-01-14,15421.0,15421.0,15421.0,15421.0,2275306866,147546,24,14828.0,15421.0
2020-01-15,15729.0,15729.0,15729.0,15729.0,9422205786,599034,52,15421.0,15729.0
2020-01-18,16043.0,16043.0,16043.0,16043.0,475305961,29627,16,15729.0,16043.0
2020-01-19,16363.0,16363.0,16363.0,16363.0,1443969298,88246,18,16043.0,16363.0
2020-01-20,17017.0,17017.0,17017.0,17017.0,664547884,39052,11,16363.0,17017.0
2020-01-21,17357.0,17357.0,17357.0,17357.0,547804277,31561,8,17017.0,17357.0
2020-01-22,17704.0,17704.0,17704.0,17704.0,748277264,42266,11,17357.0,17704.0
2020-01-25,18058.0,18058.0,18058.0,18058.0,664335762,36789,7,17704.0,18058.0
2020-01-26,18780.0,18780.0,18780.0,18780.0,1145580000,61000,12,18058.0,18780.0
2020-01-27,19155.0,19155.0,19155.0,19155.0,1189812825,62115,12,18780.0,19155.0
2020-01-28,19538.0,19538.0,19538.0,19538.0,3118792326,159627,18,19155.0,19538.0
2020-02-01,19928.0,19928.0,19928.0,19928.0,2666127264,133788,21,19538.0,19928.0
2020-02-02,20725.0,20725.0,20720.0,20725.0,52392687995,2528012,389,19928.0,20725.0
2020-02-03,21139.0,21139.0,21000.0,21138.0,52471432195,2482328,597,20725.0,21139.0
2020-02-04,21560.0,21560.0,21550.0,21560.0,50512327322,2342874,585,21138.0,21560.0
2020-02-05,21991.0,21991.0,21600.0,21990.0,32906858729,1496450,701,21560.0,21991.0
2020-02-08,22860.0,22860.0,21111.0,21381.0,16796322532,785588,475,21990.0,21111.0
2020-02-09,20954.0,20954.0,20954.0,20954.0,1606501272,76668,55,21381.0,20954.0
2020-02-10,20535.0,21373.0,20535.0,20791.0,101395493234,4876927,1301,20954.0,21372.0
2020-02-12,21206.0,21206.0,20791.0,21182.0,17979300472,848783,487,20791.0,21206.0
2020-02-15,21605.0,21605.0,20759.0,21048.0,18587125218,883093,665,21182.0,20759.0
2020-02-16,20628.0,20628.0,20628.0,20628.0,4603426992,223164,146,21048.0,20628.0
2020-02-17,20216.0,20216.0,20216.0,20216.0,1019169424,50414,52,20628.0,20216.0
2020-02-18,19408.0,20899.0,19408.0,20051.0,52658462146,2626208,1103,20216.0,20500.0
2020-02-24,20452.0,20861.0,20452.0,20791.0,20521676249,987030,69,20051.0,20861.0
2020-02-25,21206.0,21206.0,20376.0,20869.0,58099424091,2784031,1338,20791.0,20376.0
2020-02-26,20452.0,21286.0,20452.0,20716.0,67126312670,3240388,2033,20869.0,20452.0
2020-02-29,20302.0,20302.0,20302.0,20302.0,5504623374,271137,285,20716.0,20302.0
2020-03-01,19896.0,20684.0,19896.0,20104.0,36676264358,1824360,940,20302.0,19896.0
2020-03-02,19702.0,19875.0,19702.0,19702.0,30162635474,1530923,473,20104.0,19702.0
2020-03-03,18914.0,20200.0,18914.0,19209.0,88601670195,4612590,1610,19702.0,18914.0
2020-03-04,19209.0,19209.0,18825.0,18855.0,49125051387,2605347,802,19209.0,18825.0
2020-03-07,18478.0,18478.0,18478.0,18794.0,1587019986,85887,134,18855.0,18478.0
2020-03-09,18419.0,18419.0,18419.0,18733.0,1596890462,86698,82,18794.0,18419.0
2020-03-10,17984.0,19000.0,17984.0,18066.0,36513141386,2021059,867,18733.0,17984.0
2020-03-11,17705.0,18000.0,17705.0,17709.0,16499613913,931702,410,18066.0,17705.0
2020-03-14,17355.0,17900.0,17355.0,17423.0,12739387354,731181,376,17709.0,17355.0
2020-03-15,17075.0,17075.0,17075.0,17294.0,3586620825,210051,121,17423.0,17075.0
2020-03-16,17982.0,17985.0,17500.0,17984.0,28092553782,1562089,698,17294.0,17985.0
2020-03-17,18343.0,18343.0,18200.0,18343.0,15241844209,830943,371,17984.0,18343.0
2020-03-18,18709.0,18709.0,18709.0,18679.0,9712646387,519143,244,18343.0,18709.0
2020-03-24,19052.0,19052.0,19052.0,18967.0,7878573560,413530,147,18679.0,19052.0
2020-04-08,19346.0,19346.0,19346.0,19252.0,7680091156,396986,185,18967.0,19346.0
2020-04-11,19637.0,19637.0,19637.0,19460.0,5512184448,280704,151,19252.0,19637.0
2020-04-12,19849.0,19849.0,19849.0,19783.0,8550254485,430765,147,19460.0,19849.0
2020-04-13,20574.0,20574.0,20574.0,20510.0,9820813734,477341,173,19783.0,20574.0
2020-04-14,20920.0,20920.0,20920.0,20845.0,8881606920,424551,298,20510.0,20920.0
2020-04-15,21261.0,21261.0,21261.0,21261.0,11624387967,546747,249,20845.0,21261.0
2020-04-18,21686.0,21686.0,21686.0,21505.0,5850665940,269790,175,21261.0,21686.0
2020-04-19,22365.0,22365.0,22000.0,22364.0,61600783477,2754491,1044,21505.0,22365.0
2020-04-20,22811.0,22811.0,21917.0,22530.0,110432979125,4901701,1960,22364.0,22807.0
2020-04-21,22980.0,22980.0,22816.0,22979.0,33156103833,1442903,513,22530.0,22980.0
2020-04-22,23438.0,23438.0,23438.0,23438.0,28806403586,1229047,298,22979.0,23438.0
2020-04-25,23906.0,23906.0,23906.0,23906.0,22112117666,924961,244,23438.0,23906.0
2020-04-26,24862.0,24862.0,24862.0,24862.0,13048770976,524848,228,23906.0,24862.0
2020-04-27,25359.0,25359.0,25359.0,25339.0,10385195193,409527,86,24862.0,25359.0
2020-04-28,25845.0,25845.0,25359.0,25818.0,70452421297,2728762,1224,25339.0,25845.0
2020-04-29,26334.0,26334.0,26334.0,26334.0,14370648138,545707,92,25818.0,26334.0
2020-05-02,27387.0,27387.0,27387.0,27109.0,7653214989,279447,133,26334.0,27387.0
2020-05-03,27651.0,27651.0,27598.0,27650.0,34275823940,1239627,601,27109.0,27647.0
2020-05-04,28000.0,28203.0,27097.0,27720.0,100210454395,3615064,1427,27650.0,28203.0
2020-05-05,28274.0,28274.0,27166.0,27678.0,50088676365,1809682,1084,27720.0,27166.0
2020-05-06,27125.0,28231.0,27125.0,27711.0,56962770045,2055602,1086,27678.0,28231.0
2020-05-09,28265.0,28265.0,28231.0,28265.0,49752175281,1760225,511,27711.0,28265.0
2020-05-10,28830.0,28830.0,28800.0,28830.0,27456152390,952357,535,28265.0,28830.0
2020-05-11,29983.0,29983.0,29983.0,29983.0,14600911459,486973,304,28830.0,29983.0
2020-05-12,30582.0,30582.0,30582.0,30582.0,84178698174,2752557,1285,29983.0,30582.0
2020-05-13,31193.0,31193.0,31193.0,31193.0,11438566679,366703,183,30582.0,31193.0
2020-05-16,31816.0,31816.0,31816.0,31816.0,17216273920,541120,179,31193.0,31816.0
2020-05-17,33088.0,33088.0,33088.0,33044.0,10241033792,309509,121,31816.0,33088.0
2020-05-18,33704.0,33704.0,33704.0,33701.0,10759058288,319222,102,33044.0,33704.0
2020-05-19,34375.0,34375.0,34375.0,34022.0,5252431250,152798,82,33701.0,34375.0
2020-05-20,34702.0,34702.0,34702.0,34535.0,8388132738,241719,125,34022.0,34702.0
2020-05-23,35916.0,35916.0,35916.0,35782.0,9387903660,261385,133,34535.0,35916.0
2020-05-26,36497.0,36497.0,36497.0,36497.0,24855843886,681038,263,35782.0,36497.0
2020-05-27,37226.0,37226.0,35768.0,36756.0,208944379407,5684639,3199,36497.0,37226.0
2020-05-30,37491.0,37491.0,36650.0,37400.0,64381226726,1721433,1275,36756.0,37491.0
2020-05-31,38148.0,38148.0,36652.0,37119.0,62673838285,1688453,1583,37400.0,36652.0
2020-06-01,36377.0,37861.0,36377.0,37167.0,146889096540,3952113,2540,37119.0,37861.0
2020-06-02,37889.0,37910.0,37300.0,37892.0,69840975435,1843136,1431,37167.0,37901.0
2020-06-06,38649.0,38649.0,37135.0,37519.0,40142008384,1069905,1150,37892.0,37135.0
2020-06-07,36769.0,36769.0,36769.0,36769.0,15276489968,415472,495,37519.0,36769.0
2020-06-08,36034.0,36034.0,36034.0,36195.0,7432949384,206276,272,36769.0,36034.0
2020-06-09,34748.0,34748.0,34748.0,34748.0,15290058196,440027,461,36195.0,34748.0
2020-06-10,34054.0,35070.0,34054.0,34178.0,139758715925,4089186,2857,34748.0,34054.0
2020-06-13,33700.0,34861.0,33700.0,34748.0,72524972838,2087152,1461,34178.0,34861.0
2020-06-14,35442.0,35442.0,34054.0,34766.0,91283022467,2625670,1750,34748.0,34054.0
2020-06-15,34071.0,35400.0,34071.0,34166.0,35885840804,1050347,851,34766.0,34806.0
2020-06-16,34848.0,34848.0,33483.0,33705.0,81132776151,2407109,2239,34166.0,33900.0
2020-06-20,34379.0,34379.0,33031.0,33164.0,67658447301,2040107,1991,33705.0,33070.0
2020-06-21,33791.0,33791.0,32501.0,32614.0,44761642011,1372481,1221,33164.0,32501.0
2020-06-22,31962.0,33266.0,31962.0,32388.0,70455507641,2175358,1634,32614.0,33266.0
2020-06-23,33035.0,33035.0,33035.0,33035.0,22278275440,674384,369,32388.0,33035.0
2020-06-24,33695.0,33695.0,33695.0,33695.0,35755887285,1061163,515,33035.0,33695.0
2020-06-27,35042.0,35042.0,34800.0,35035.0,46758762660,1334645,1031,33695.0,35042.0
2020-06-28,35735.0,35735.0,34335.0,34820.0,40251068779,1155985,840,35035.0,34335.0
2020-06-29,34124.0,35516.0,34124.0,34942.0,79344852586,2270779,1396,34820.0,35199.0
2020-06-30,35516.0,35640.0,34250.0,35263.0,47216249019,1338979,1556,34942.0,34990.0
2020-07-01,34750.0,35968.0,34700.0,35543.0,97434656144,2741285,1553,35263.0,34911.0
2020-07-04,35490.0,36253.0,34833.0,35872.0,140742368607,3923440,2748,35543.0,36253.0
2020-07-05,36589.0,36589.0,36589.0,36589.0,12345348134,337406,156,35872.0,36589.0
2020-07-06,37320.0,37320.0,37320.0,37320.0,14039970600,376205,162,36589.0,37320.0
2020-07-07,38812.0,38812.0,38812.0,38812.0,43497462264,1120722,552,37320.0,38812.0
2020-07-08,39588.0,39588.0,38036.0,39206.0,156856350510,4000793,3090,38812.0,39588.0
2020-07-11,39990.0,39990.0,39206.0,39960.0,75391157121,1886669,1513,39206.0,39990.0
2020-07-12,40759.0,40759.0,40759.0,40759.0,11494893939,282021,282,39960.0,40759.0
2020-07-13,42389.0,42389.0,42389.0,42389.0,16668244969,393221,363,40977.0,42389.0
2020-07-14,43236.0,43236.0,43236.0,43236.0,39154651308,905603,561,42389.0,43236.0
2020-07-15,44100.0,44100.0,43400.0,44095.0,138241256562,3135072,2424,43236.0,44100.0
2020-07-18,44976.0,44976.0,44976.0,44976.0,22231951632,494307,532,44095.0,44976.0
2020-07-19,46775.0,46775.0,43177.0,44549.0,181453185682,4073149,4353,44976.0,43177.0
2020-07-20,43659.0,43659.0,43659.0,43659.0,19584292266,448574,746,44549.0,43659.0
2020-07-21,42786.0,42786.0,42786.0,42786.0,10741125798,251043,350,43659.0,42786.0
2020-07-22,41931.0,41931.0,41931.0,42168.0,6873413382,163922,223,42786.0,41931.0
2020-07-25,40482.0,40482.0,40482.0,40482.0,15782676858,389869,534,42168.0,40482.0
2020-07-26,39673.0,39673.0,39673.0,39673.0,15791361574,398038,498,40482.0,39673.0
2020-08-10,34900.0,34900.0,34202.0,34613.0,13108581694,378713,238,39673.0,34202.0
2020-08-11,33921.0,33921.0,33921.0,33921.0,27885368628,822068,243,34613.0,33921.0
2020-08-12,33243.0,33243.0,33243.0,33243.0,34720518378,1044446,453,33921.0,33243.0
2020-08-15,32579.0,33907.0,32579.0,33426.0,191139617909,5718346,2027,33243.0,33907.0
2020-08-16,34094.0,34094.0,34094.0,34094.0,18190580948,533542,274,33426.0,34094.0
2020-08-17,34775.0,34775.0,34775.0,34775.0,13416890500,385820,288,34094.0,34775.0
2020-08-18,36166.0,36166.0,33384.0,34260.0,135758527948,3962555,2209,34775.0,33770.0
2020-08-19,33575.0,33575.0,33575.0,34105.0,2284342275,68037,115,34260.0,33575.0
2020-08-22,33423.0,33423.0,33423.0,33905.0,2869063743,85841,62,34105.0,33423.0
2020-08-23,33227.0,33227.0,33227.0,33878.0,385665789,11607,16,33905.0,33227.0
2020-08-24,32523.0,32523.0,32523.0,33459.0,2945478018,90566,31,33878.0,32523.0
2020-08-25,32790.0,32790.0,32790.0,33297.0,2324024040,70876,82,33459.0,32790.0
2020-08-26,32632.0,32632.0,32632.0,32936.0,5196646000,159250,186,33297.0,32632.0
2020-08-31,32278.0,32278.0,32278.0,32853.0,1242444776,38492,32,32936.0,32278.0
2020-09-01,31539.0,31539.0,31539.0,32823.0,219889908,6972,17,32853.0,31539.0
2020-09-02,32167.0,32167.0,32167.0,32818.0,76428792,2376,4,32823.0,32167.0
2020-09-05,32162.0,32162.0,32162.0,32608.0,3137499586,97553,88,32818.0,32162.0
2020-09-06,31956.0,31956.0,31956.0,32566.0,631865988,19773,31,32608.0,31956.0
2020-09-07,31264.0,31264.0,31264.0,32480.0,626186656,20029,12,32566.0,31264.0
2020-09-08,31831.0,31831.0,31831.0,32475.0,79832148,2508,7,32480.0,31831.0
2020-09-09,31826.0,31826.0,31826.0,32442.0,486237628,15278,25,32475.0,31826.0
2020-09-12,31794.0,31794.0,31794.0,32418.0,356378946,11209,20,32442.0,31794.0
2020-09-13,31122.0,31122.0,31122.0,32310.0,796660956,25598,19,32418.0,31122.0
2020-09-14,31664.0,31664.0,31664.0,32303.0,101324800,3200,3,32310.0,31664.0
2020-09-15,31657.0,31657.0,31657.0,32280.0,346359237,10941,27,32303.0,31657.0
2020-09-16,31635.0,31635.0,31635.0,32224.0,842186970,26622,32,32280.0,31635.0
2020-09-19,30936.0,30936.0,30936.0,32135.0,661782912,21392,13,32224.0,30936.0
2020-09-20,31493.0,31493.0,31493.0,32123.0,185808700,5900,4,32135.0,31493.0
2020-09-21,31481.0,31481.0,31481.0,32123.0,5036960,160,1,32123.0,31481.0
2020-09-22,31481.0,31481.0,31481.0,32116.0,103603971,3291,5,32123.0,31481.0
2020-09-23,30832.0,30832.0,30832.0,32085.0,228465120,7410,16,32116.0,30832.0
2020-09-26,31444.0,31444.0,31444.0,32067.0,272588036,8669,9,32085.0,31444.0
2020-09-27,31426.0,31426.0,31426.0,32062.0,69451460,2210,2,32067.0,31426.0
2020-09-28,31421.0,31421.0,31421.0,32062.0,5310149,169,1,32062.0,31421.0
2020-09-29,30780.0,30780.0,30780.0,32048.0,102466620,3329,12,32062.0,30780.0
2020-10-03,31087.0,31087.0,31087.0,32039.0,179776121,5783,12,32048.0,31087.0
2020-10-04,31078.0,31078.0,31078.0,32029.0,210087280,6760,7,32039.0,31078.0
2020-10-05,31069.0,31069.0,31069.0,32023.0,121231238,3902,5,32029.0,31069.0
2020-10-07,31063.0,31063.0,31063.0,31995.0,566123175,18225,19,32023.0,31063.0
2020-10-10,30396.0,30396.0,30396.0,31960.0,414297480,13630,25,31995.0,30396.0
2020-10-11,31002.0,31002.0,31002.0,31928.0,650483964,20982,37,31960.0,31002.0
2020-10-12,30971.0,30971.0,30971.0,31914.0,285614562,9222,9,31928.0,30971.0
2020-10-13,30957.0,30957.0,30957.0,31901.0,264744264,8552,13,31914.0,30957.0
2020-10-14,30306.0,30306.0,30306.0,31871.0,360308034,11889,9,31901.0,30306.0
2020-10-19,30915.0,30915.0,30915.0,31849.0,454110435,14689,11,31871.0,30915.0
2020-10-20,30894.0,30894.0,30894.0,31846.0,55979928,1812,5,31849.0,30894.0
2020-10-21,30254.0,30254.0,30254.0,31821.0,300331458,9927,16,31846.0,30254.0
2020-10-24,30867.0,30867.0,30867.0,31811.0,209401728,6784,10,31821.0,30867.0
2020-10-26,30857.0,30857.0,30857.0,31810.0,21569043,699,3,31811.0,30857.0
2020-10-27,30856.0,30856.0,30856.0,31808.0,49770728,1613,3,31810.0,30856.0
2020-10-28,30218.0,30218.0,30218.0,31791.0,197565284,6538,5,31808.0,30218.0
2020-10-31,30838.0,30838.0,30838.0,30838.0,30973841390,1004405,172,31791.0,30838.0
2020-11-01,29913.0,29913.0,29913.0,30836.0,34968297,1169,4,30838.0,29913.0
2020-11-02,29911.0,29911.0,29911.0,30829.0,145277727,4857,5,30836.0,29911.0
2020-11-04,29288.0,29288.0,29288.0,30829.0,5447568,186,2,30829.0,29288.0
2020-11-08,29905.0,29905.0,29905.0,30828.0,26914500,900,3,30829.0,29905.0
2020-11-09,29904.0,29904.0,29904.0,30828.0,5083680,170,1,30828.0,29904.0
2020-11-10,29287.0,29287.0,29287.0,30823.0,61473413,2099,9,30828.0,29287.0
2020-11-14,29899.0,29899.0,29899.0,30381.0,9285283945,310555,28,30823.0,29899.0
2020-11-15,29470.0,29470.0,29470.0,29926.0,9553466720,324176,27,30381.0,29470.0
2020-11-16,28430.0,28430.0,28430.0,28437.0,18362084100,645870,57,29926.0,28430.0
2020-11-17,27584.0,27584.0,27584.0,28286.0,3159112768,114527,31,28437.0,27584.0
2020-11-18,27438.0,27438.0,27438.0,27506.0,16371568650,596675,74,28286.0,27438.0
2020-11-21,26681.0,26681.0,26681.0,26734.0,18152898608,680368,81,27506.0,26681.0
2020-11-22,25398.0,25398.0,25398.0,25406.0,18353788506,722647,128,26734.0,25398.0
2020-11-23,24644.0,24644.0,24644.0,24797.0,14317942204,580991,53,25406.0,24644.0
2020-11-24,24054.0,24054.0,24054.0,24080.0,16888722318,702117,108,24797.0,24054.0
2020-11-25,23358.0,24802.0,23358.0,24120.0,224995104724,9328299,2306,24080.0,24802.0
2020-11-28,24840.0,24843.0,24150.0,24767.0,50208394385,2027246,878,24120.0,24843.0
2020-11-29,25510.0,25510.0,24024.0,25089.0,102278109512,4076670,1674,24767.0,25510.0
2020-11-30,26343.0,26343.0,25000.0,26274.0,30483537457,1160217,454,25089.0,26343.0
2020-12-01,27050.0,27062.0,25486.0,26597.0,45210896805,1699852,979,26274.0,27062.0
2020-12-02,27300.0,27394.0,25900.0,27300.0,23653347187,866436,478,26597.0,27394.0
2020-12-05,28119.0,28119.0,28119.0,27834.0,13431996396,477684,159,27300.0,28119.0
2020-12-06,28669.0,28669.0,28200.0,28580.0,18768177914,654653,277,27834.0,28669.0
2020-12-07,30009.0,30009.0,28710.0,29964.0,28288800551,944107,425,28580.0,30009.0
2020-12-08,30862.0,30862.0,30150.0,30733.0,31895435047,1037832,589,29964.0,30862.0
2020-12-09,31654.0,31654.0,29812.0,31430.0,31417197212,999598,588,30733.0,31654.0
2020-12-12,32372.0,32372.0,32370.0,32372.0,21388621160,660714,415,31430.0,32372.0
2020-12-13,33990.0,33990.0,33990.0,33673.0,17390541630,511637,282,32372.0,33990.0
2020-12-14,34683.0,34683.0,32663.0,33976.0,45941679521,1352166,566,33673.0,32663.0
2020-12-15,32957.0,32957.0,32957.0,33940.0,731480615,22195,24,33976.0,32957.0
2020-12-16,32922.0,32922.0,32922.0,33178.0,15683151906,476373,67,33940.0,32922.0
2020-12-19,31520.0,31520.0,31520.0,32874.0,3480879680,110434,93,33178.0,31520.0
2020-12-20,31888.0,31888.0,31888.0,32837.0,715630496,22442,43,32874.0,31888.0
2020-12-21,31852.0,31852.0,31852.0,32779.0,1133071196,35573,29,32837.0,31852.0
2020-12-22,31796.0,33762.0,31796.0,32911.0,122553461037,3723805,1505,32779.0,33762.0
2020-12-23,33898.0,33898.0,31924.0,33246.0,180351504919,5424689,2383,32911.0,33898.0
2020-12-26,34243.0,34243.0,33246.0,34237.0,66860602052,1952889,643,33246.0,34242.0
2020-12-27,34670.0,35264.0,33210.0,34519.0,194943919139,5647413,2287,34237.0,35264.0
2020-12-28,35554.0,35554.0,33550.0,34726.0,81095836151,2335274,1552,34519.0,34910.0
2020-12-29,35500.0,35767.0,33800.0,35591.0,94546911644,2656503,801,34726.0,35767.0
2020-12-30,36658.0,36658.0,36658.0,36658.0,35451438588,967086,390,35591.0,36658.0
2021-01-02,37757.0,37757.0,37757.0,37757.0,36300410454,961422,319,36658.0,37757.0
2021-01-03,39644.0,39644.0,39644.0,39644.0,29548932908,745357,263,37757.0,39644.0
2021-01-04,40833.0,40833.0,40833.0,40833.0,23172115005,567485,196,39644.0,40833.0
2021-01-05,42057.0,42057.0,42057.0,41849.0,19039834755,452715,206,40833.0,42057.0
2021-01-10,43104.0,43104.0,43104.0,43104.0,21286220736,493834,198,41849.0,43104.0
2021-01-11,44397.0,44397.0,44397.0,44397.0,24209062542,545286,377,43104.0,44397.0
2021-01-12,45728.0,45728.0,43314.0,45650.0,291694988093,6389757,1572,44397.0,45728.0
2021-01-13,46010.0,47019.0,44300.0,46432.0,130716926031,2815250,1177,45650.0,47019.0
2021-01-16,48753.0,48753.0,44111.0,46156.0,338881197656,7342033,3392,46432.0,44111.0
2021-01-18,44772.0,47540.0,44772.0,46392.0,274633131678,5919876,2801,46156.0,47540.0
2021-01-19,47770.0,47783.0,45020.0,47485.0,159347164557,3355722,1894,46392.0,47783.0
2021-01-20,48909.0,48909.0,47802.0,48906.0,42986696956,878969,517,47485.0,48909.0
2021-01-23,51351.0,51351.0,51351.0,51351.0,25952795400,505400,301,48906.0,51351.0
2021-01-24,52891.0,52891.0,52891.0,52891.0,31461259312,594832,253,51351.0,52891.0
2021-01-25,54477.0,54477.0,54477.0,53875.0,13826752893,253809,176,52891.0,54477.0
2021-01-26,55491.0,55491.0,52259.0,54366.0,473703098537,8713205,4005,53875.0,52350.0
2021-01-27,52740.0,55996.0,52736.0,54938.0,368076121286,6699856,3761,54366.0,55450.0
2021-01-30,53356.0,56586.0,53356.0,56433.0,158435736330,2807511,1744,54938.0,56549.0
2021-02-15,56433.0,57995.0,55305.0,55726.0,268803494469,4823673,1284,56433.0,55305.0
2021-02-16,55100.0,57397.0,55100.0,56840.0,184974097688,3254303,2410,55726.0,57394.0
2021-02-17,58545.0,58545.0,57000.0,58391.0,175189944937,3000314,1915,56840.0,58545.0
2021-02-20,59980.0,59990.0,57224.0,57778.0,30568132307,529061,410,58391.0,57224.0
2021-02-21,56623.0,56623.0,56623.0,57268.0,8555735300,151100,33,57778.0,56623.0
2021-02-22,56123.0,56123.0,56123.0,56903.0,6122514193,109091,22,57268.0,56123.0
2021-02-23,54627.0,54627.0,54627.0,56417.0,3992578176,73088,56,56903.0,54627.0
2021-02-24,55289.0,55289.0,55289.0,56001.0,6991294050,126450,45,56417.0,55289.0
2021-02-27,54881.0,54881.0,54881.0,55979.0,387130574,7054,10,56001.0,54881.0
2021-02-28,54860.0,54860.0,54860.0,55915.0,1119802320,20412,7,55979.0,54860.0
2021-03-01,53679.0,53679.0,53679.0,55705.0,1797656031,33489,27,55915.0,53679.0
2021-03-02,54591.0,54591.0,54591.0,55651.0,950429310,17410,7,55705.0,54591.0
2021-03-03,54538.0,54538.0,54538.0,55639.0,217443006,3987,8,55651.0,54538.0
2021-03-06,54527.0,54527.0,54527.0,55606.0,573514986,10518,11,55639.0,54527.0
2021-03-07,54494.0,54494.0,54494.0,55600.0,111331242,2043,5,55606.0,54494.0
2021-03-08,53376.0,53376.0,53376.0,55450.0,1295222016,24266,25,55600.0,53376.0
2021-03-09,54341.0,54341.0,54341.0,55424.0,460920362,8482,4,55450.0,54341.0
2021-03-10,54316.0,54316.0,54316.0,55420.0,71860068,1323,7,55424.0,54316.0
2021-03-13,54312.0,54312.0,54312.0,55412.0,143112120,2635,6,55420.0,54312.0
2021-03-14,53196.0,53196.0,53196.0,55333.0,683781384,12854,23,55412.0,53196.0
2021-03-15,54227.0,54227.0,54227.0,55329.0,74616352,1376,3,55333.0,54227.0
2021-03-16,54223.0,54223.0,54223.0,55285.0,785257486,14482,15,55329.0,54223.0
2021-03-17,54180.0,54180.0,54180.0,55254.0,552256740,10193,7,55285.0,54180.0
2021-03-27,53044.0,53044.0,53044.0,55168.0,746116904,14066,10,55254.0,53044.0
2021-03-28,54065.0,54065.0,54065.0,55165.0,59471500,1100,2,55168.0,54065.0
2021-03-30,54062.0,54062.0,54062.0,55157.0,137101232,2536,5,55165.0,54062.0
2021-03-31,54054.0,54054.0,54054.0,55150.0,116756640,2160,4,55157.0,54054.0
2021-04-03,52944.0,52944.0,52944.0,55137.0,113353104,2141,12,55150.0,52944.0
2021-04-04,54035.0,54035.0,54035.0,55136.0,14373310,266,2,55137.0,54035.0
2021-04-05,54034.0,54034.0,54034.0,55131.0,82563952,1528,7,55136.0,54034.0
2021-04-06,54029.0,54029.0,54029.0,55130.0,10805800,200,1,55131.0,54029.0
2021-04-07,52925.0,52925.0,52925.0,55096.0,294368850,5562,10,55130.0,52925.0
2021-04-10,53995.0,53995.0,53995.0,55072.0,431960000,8000,8,55096.0,53995.0
2021-04-11,53971.0,53971.0,53971.0,55041.0,547967563,10153,2,55072.0,53971.0
2021-04-12,53941.0,53941.0,53941.0,55036.0,87222597,1617,3,55041.0,53941.0
2021-04-13,52835.0,52835.0,52835.0,54965.0,614523885,11631,16,55036.0,52835.0
2021-04-17,53866.0,53866.0,53866.0,54965.0,5979126,111,1,54965.0,53866.0
2021-04-19,52767.0,52767.0,52767.0,54877.0,766546209,14527,7,54965.0,52767.0
2021-04-20,53780.0,53780.0,53780.0,54876.0,10756000,200,2,54877.0,53780.0
2021-04-21,53779.0,53779.0,53779.0,54876.0,6453480,120,1,54876.0,53779.0
2021-04-25,52681.0,52681.0,52681.0,54875.0,5268100,100,1,54876.0,52681.0
2021-04-27,53778.0,53778.0,53778.0,54875.0,6829806,127,1,54875.0,53778.0
2021-04-28,53778.0,53778.0,53778.0,54875.0,5377800,100,1,54875.0,53778.0
2021-05-01,52680.0,52680.0,52680.0,54873.0,19070160,362,3,54875.0,52680.0
2021-05-02,53776.0,53776.0,53776.0,54873.0,5377600,100,1,54873.0,53776.0
2021-05-03,53776.0,53776.0,53776.0,54872.0,16132800,300,2,54873.0,53776.0
2021-05-05,53775.0,53775.0,53775.0,54872.0,5377500,100,1,54872.0,53775.0
2021-05-11,53775.0,53775.0,53775.0,54870.0,40600125,755,4,54872.0,53775.0
2021-05-12,52676.0,52676.0,52676.0,54869.0,5372952,102,1,54870.0,52676.0
2021-05-16,53223.0,53223.0,53223.0,54868.0,5322300,100,1,54869.0,53223.0
2021-05-18,52125.0,52125.0,52125.0,54814.0,188275500,3612,4,54868.0,52125.0
2021-05-24,52074.0,52074.0,52074.0,54807.0,24370632,468,2,54814.0,52074.0
2021-05-26,53163.0,53163.0,53163.0,54792.0,86655690,1630,2,54807.0,53163.0
2021-05-30,52053.0,52053.0,52053.0,54790.0,5205300,100,1,54792.0,52053.0
2021-05-31,53147.0,53147.0,53147.0,54772.0,106612882,2006,3,54790.0,53147.0
2021-06-01,53129.0,53129.0,53129.0,54758.0,79693500,1500,1,54772.0,53129.0
2021-06-02,53116.0,53116.0,53116.0,54482.0,1632201564,30729,16,54758.0,53116.0
2021-06-07,51758.0,51758.0,51758.0,54481.0,5175800,100,1,54482.0,51758.0
2021-06-08,52847.0,52847.0,52847.0,54341.0,831177616,15728,8,54481.0,52847.0
2021-06-19,51624.0,51624.0,51624.0,54325.0,55444176,1074,2,54341.0,51624.0
2021-06-20,52696.0,52696.0,52696.0,54176.0,885292800,16800,5,54325.0,52696.0
2021-06-21,52551.0,52551.0,52551.0,54163.0,76461705,1455,5,54176.0,52551.0
2021-06-22,52539.0,52539.0,52539.0,54150.0,75498543,1437,6,54163.0,52539.0
2021-06-23,51443.0,51443.0,51443.0,54043.0,373836281,7267,4,54150.0,51443.0
2021-06-28,52422.0,52422.0,52422.0,54019.0,141015180,2690,6,54043.0,52422.0
2021-06-29,51319.0,51319.0,51319.0,54007.0,41311795,805,4,54019.0,51319.0
2021-06-30,52387.0,52387.0,52387.0,53664.0,2051108211,39153,13,54007.0,52387.0
2021-07-03,52055.0,52055.0,52055.0,53663.0,7339755,141,3,53664.0,52055.0
2021-07-04,52054.0,52054.0,52054.0,53653.0,59549776,1144,5,53663.0,52054.0
2021-07-05,50971.0,50971.0,50971.0,53068.0,2073245425,40675,7,53653.0,50971.0
2021-07-06,51476.0,51476.0,51476.0,52897.0,1029520000,20000,2,53068.0,51476.0
2021-07-07,51311.0,51311.0,51311.0,52896.0,5131100,100,1,52897.0,51311.0
2021-07-10,51310.0,51310.0,51310.0,52877.0,114010820,2222,4,52896.0,51310.0
2021-07-11,50234.0,50234.0,50234.0,52447.0,1544695500,30750,15,52877.0,50234.0
2021-07-12,50874.0,50874.0,50874.0,51883.0,3450936042,67833,14,52447.0,50874.0
2021-07-13,50327.0,50327.0,50327.0,51865.0,108555339,2157,2,51883.0,50327.0
2021-07-14,50310.0,50310.0,50310.0,51864.0,5031000,100,1,51865.0,50310.0
2021-07-17,49271.0,49271.0,49271.0,51848.0,56908005,1155,8,51864.0,49271.0
2021-07-26,50293.0,50293.0,50293.0,51836.0,75439500,1500,5,51848.0,50293.0
2021-07-27,49245.0,49245.0,49245.0,51835.0,5416950,110,1,51836.0,49245.0
2021-08-02,50280.0,50280.0,50280.0,51832.0,17497440,348,3,51835.0,50280.0
2021-08-03,50278.0,50278.0,50278.0,51425.0,2540798730,50535,4,51832.0,50278.0
2021-08-04,48854.0,48854.0,48854.0,51421.0,16170674,331,3,51425.0,48854.0
2021-08-07,49879.0,49879.0,49879.0,51418.0,15761764,316,3,51421.0,49879.0
2021-08-08,49876.0,49876.0,49876.0,51412.0,37307248,748,5,51418.0,49876.0
2021-08-09,49870.0,49870.0,49870.0,51408.0,24935000,500,1,51412.0,49870.0
2021-08-10,48838.0,48838.0,48838.0,51259.0,550892640,11280,14,51408.0,48838.0
2021-08-11,49722.0,49722.0,49722.0,51256.0,19888800,400,1,51259.0,49722.0
2021-08-14,49719.0,49719.0,49719.0,51254.0,14269353,287,2,51256.0,49719.0
2021-08-15,49717.0,49717.0,49717.0,51252.0,9943400,200,1,51254.0,49717.0
2021-08-22,48690.0,48690.0,48690.0,49256.0,7400003580,151982,18,51252.0,48690.0
2021-08-23,47779.0,47779.0,47779.0,48866.0,2459710699,51481,11,49256.0,47779.0
2021-08-24,47401.0,47401.0,47401.0,48733.0,839566512,17712,9,48866.0,47401.0
2021-08-25,47272.0,47272.0,47272.0,48695.0,240472664,5087,11,48733.0,47272.0
2021-08-28,46261.0,47770.0,46261.0,46561.0,480350197929,10316612,4416,48695.0,46261.0
2021-08-29,46500.0,47957.0,45200.0,47225.0,433668077118,9183114,6080,46561.0,46990.0
2021-08-30,46000.0,48500.0,45809.0,46560.0,112165830419,2409075,1900,47225.0,45809.0
2021-08-31,45164.0,46700.0,45164.0,45207.0,85909458738,1900340,942,46560.0,45164.0
2021-09-01,43852.0,45820.0,43851.0,43874.0,29311329331,668085,466,45207.0,43851.0
2021-09-04,42558.0,43870.0,42558.0,42699.0,74328994989,1740777,1103,43874.0,42558.0
2021-09-05,41500.0,44833.0,40701.0,43735.0,211324461263,4831949,3063,42699.0,44833.0
2021-09-06,45047.0,45047.0,44000.0,45043.0,79428319495,1763400,718,43735.0,45047.0
2021-09-07,46394.0,46394.0,45565.0,46349.0,189962091406,4098547,2011,45043.0,46394.0
2021-09-08,47290.0,47290.0,44959.0,45803.0,98553900364,2151680,1799,46349.0,45250.0
2021-09-11,46940.0,46940.0,44429.0,44521.0,91333528084,2051481,882,45803.0,44429.0
2021-09-12,44522.0,44522.0,43186.0,43302.0,75188583046,1736382,689,44521.0,44150.0
2021-09-13,44000.0,44601.0,43004.0,44324.0,57520570038,1297718,663,43302.0,44601.0
2021-09-14,45653.0,45653.0,45653.0,45653.0,13455445649,294733,177,44324.0,45653.0
2021-09-15,47020.0,47022.0,45700.0,47012.0,113296216903,2409954,1082,45653.0,47022.0
2021-10-11,48100.0,49543.0,46657.0,47080.0,107015249647,2273072,836,47012.0,46657.0
2021-10-12,45668.0,45668.0,45668.0,46116.0,6628664532,145149,94,47080.0,45668.0
2021-10-13,44733.0,44733.0,44733.0,44733.0,12688739115,283655,46,46116.0,44733.0
2021-10-16,43392.0,43392.0,43392.0,43542.0,8613225216,198498,55,44733.0,43392.0
2021-10-17,41365.0,43390.0,41365.0,41546.0,45646882732,1098704,511,43542.0,41365.0
2021-10-18,40300.0,40300.0,40300.0,41021.0,3794486800,94156,33,41546.0,40300.0
2021-10-19,39791.0,40970.0,39791.0,39812.0,91981255532,2310395,899,41021.0,39791.0
2021-10-20,38620.0,41006.0,38618.0,40390.0,47812897694,1183791,464,39812.0,41006.0
2021-10-23,41601.0,41601.0,41006.0,41476.0,78253043475,1886720,937,40390.0,41376.0
2021-10-25,42700.0,42700.0,40232.0,40618.0,49723740364,1224185,529,41476.0,40232.0
2021-10-26,40000.0,41000.0,39400.0,39457.0,20840828107,528190,317,40618.0,39400.0
2021-10-27,38284.0,40640.0,38274.0,39642.0,52356019557,1320734,704,39457.0,39980.0
2021-10-30,38560.0,40830.0,38453.0,38693.0,16145097745,417263,266,39642.0,38453.0
2021-10-31,37533.0,37533.0,37533.0,37952.0,6049005945,161165,67,38693.0,37533.0
2021-11-01,36814.0,36814.0,36814.0,37371.0,4739471174,128741,55,37952.0,36814.0
2021-11-02,35503.0,36898.0,35503.0,35509.0,17494598116,492682,238,37371.0,35503.0
2021-11-03,34444.0,36000.0,34444.0,34698.0,60173704199,1734204,861,35509.0,35186.0
2021-11-06,34689.0,35738.0,34689.0,35643.0,20434010498,573295,283,34698.0,35470.0
2021-11-07,34574.0,36410.0,34574.0,34819.0,38992146564,1119860,523,35643.0,34680.0
2021-11-08,33778.0,35699.0,33775.0,34606.0,29498877980,852414,454,34819.0,34402.0
2021-11-09,35599.0,35599.0,33725.0,34673.0,14675799171,423265,309,34606.0,35182.0
2021-11-10,35708.0,35713.0,34677.0,35402.0,18995967819,536586,284,34673.0,35713.0
2021-11-13,36464.0,36464.0,35403.0,36385.0,22026399931,605378,367,35402.0,36464.0
2021-11-14,36464.0,37200.0,35344.0,36172.0,17851089063,493501,360,36385.0,36500.0
2021-11-15,35150.0,36477.0,35087.0,35129.0,16148387543,459691,210,36172.0,35087.0
2021-11-16,34076.0,35045.0,34076.0,34378.0,28499115212,829000,524,35129.0,35019.0
2021-11-17,35289.0,35409.0,34501.0,35338.0,21722751654,614716,349,34378.0,35409.0
2021-11-20,36151.0,36398.0,36150.0,36382.0,24566554166,675237,360,35338.0,36398.0
2021-11-21,37438.0,37473.0,35910.0,37453.0,18316633616,489060,347,36382.0,37473.0
2021-11-22,38576.0,38576.0,36330.0,37460.0,25526341319,681427,550,37453.0,36330.0
2021-11-23,37449.0,37449.0,36337.0,36670.0,7268038837,199988,55,37460.0,36337.0
2021-11-24,35570.0,36620.0,35570.0,35581.0,42349579048,1190222,377,36670.0,35570.0
2021-11-27,34515.0,36580.0,34514.0,34587.0,17259294383,499012,242,35581.0,34514.0
2021-11-28,34590.0,35590.0,33550.0,34010.0,12355084181,363276,185,34587.0,33550.0
2021-11-29,32990.0,32990.0,32990.0,33885.0,1137330250,34475,37,34010.0,32990.0
2021-11-30,32869.0,32869.0,32869.0,33752.0,1206193693,36697,27,33885.0,32869.0
2021-12-01,32065.0,32065.0,32065.0,32934.0,4367509520,136208,39,33752.0,32065.0
2021-12-04,31946.0,31946.0,31946.0,32907.0,263362824,8244,7,32934.0,31946.0
2021-12-05,31920.0,31920.0,31920.0,32859.0,476118720,14916,14,32907.0,31920.0
2021-12-06,31874.0,31874.0,31874.0,32690.0,1663312816,52184,17,32859.0,31874.0
2021-12-07,31056.0,31056.0,31056.0,32077.0,3538334304,113934,69,32690.0,31056.0
2021-12-08,31115.0,31115.0,31115.0,32025.0,513553075,16505,19,32077.0,31115.0
2021-12-14,31065.0,31065.0,31065.0,32006.0,189931410,6114,3,32025.0,31065.0
2021-12-15,31046.0,31046.0,31046.0,31977.0,295930472,9532,8,32006.0,31046.0
2021-12-18,31018.0,31018.0,31018.0,31952.0,252486520,8140,8,31977.0,31018.0
2021-12-19,30994.0,30994.0,30994.0,31916.0,360274256,11624,4,31952.0,30994.0
2021-12-20,30321.0,30321.0,30321.0,31901.0,87779295,2895,8,31916.0,30321.0
2021-12-21,30944.0,30944.0,30944.0,31884.0,171770144,5551,7,31901.0,30944.0
2021-12-22,30928.0,31200.0,30928.0,30930.0,67220111403,2173303,550,31884.0,30928.0
2021-12-25,30003.0,30003.0,30003.0,30401.0,5536363581,184527,69,30930.0,30003.0
2021-12-26,28881.0,29999.0,28881.0,28982.0,84043848346,2899868,1105,30401.0,28881.0
2021-12-27,28500.0,29490.0,28113.0,28388.0,48221644292,1698672,1052,28982.0,28113.0
2021-12-28,27550.0,27800.0,27537.0,27571.0,14261479768,517264,306,28388.0,27537.0
2021-12-29,26744.0,26744.0,26744.0,27387.0,1927012176,72054,66,27571.0,26744.0
2022-01-01,26018.0,26018.0,26018.0,27120.0,1851544952,71164,50,27387.0,26018.0
2022-01-02,26307.0,26307.0,26307.0,27087.0,387870408,14744,6,27120.0,26307.0
2022-01-03,26275.0,26275.0,26275.0,27050.0,434641050,16542,9,27087.0,26275.0
2022-01-04,26239.0,26239.0,26239.0,27044.0,67827815,2585,4,27050.0,26239.0
2022-01-05,25692.0,25692.0,25692.0,26984.0,418445604,16287,19,27044.0,25692.0
2022-01-08,26200.0,26200.0,26200.0,26950.0,137078400,5232,12,26984.0,26200.0
2022-01-09,26150.0,26150.0,26150.0,26750.0,2618085700,100118,13,26950.0,26150.0
2022-01-10,25950.0,25950.0,25950.0,26750.0,296816100,11438,4,26750.0,25950.0
2022-01-11,25450.0,25450.0,25450.0,26550.0,1570824900,61722,22,26750.0,25450.0
2022-01-12,25800.0,25800.0,25800.0,26450.0,971266800,37646,9,26550.0,25800.0
2022-01-15,25700.0,25700.0,25700.0,26400.0,529317200,20596,5,26450.0,25700.0
2022-01-16,25650.0,25650.0,25650.0,26200.0,2611118700,101798,13,26400.0,25650.0
2022-01-17,24900.0,24900.0,24900.0,26150.0,446008800,17912,11,26200.0,24900.0
2022-01-22,25400.0,25400.0,25400.0,26150.0,5003800,197,1,26150.0,25400.0
2022-01-23,24850.0,24850.0,24850.0,26150.0,5094250,205,1,26150.0,24850.0
2022-01-25,25400.0,25400.0,25400.0,26150.0,51257200,2018,4,26150.0,25400.0
2022-01-26,25400.0,25400.0,25400.0,25400.0,148107400,5831,5,26150.0,25400.0
2022-01-29,24650.0,24650.0,24650.0,24650.0,3769280800,152912,40,25400.0,24650.0
2022-01-30,23950.0,23950.0,23950.0,23950.0,2183593350,91173,26,24650.0,23950.0
2022-01-31,22800.0,22800.0,22800.0,22800.0,3327021600,145922,63,23950.0,22800.0
2022-02-01,22150.0,22150.0,22150.0,22150.0,244580300,11042,6,22800.0,22150.0
2022-02-02,21500.0,22800.0,21500.0,22500.0,46312262500,2058262,780,22150.0,22800.0
2022-02-05,22000.0,23000.0,21850.0,22200.0,5310200150,241846,124,22500.0,21850.0
2022-02-06,21550.0,21550.0,21550.0,22200.0,289373400,13428,6,22200.0,21550.0
2022-02-07,21550.0,21550.0,21550.0,22200.0,6012450,279,1,22200.0,21550.0
2022-02-08,21100.0,21100.0,21100.0,22200.0,211063300,10003,13,22200.0,21100.0
2022-02-09,21550.0,21550.0,21550.0,22200.0,261681650,12143,9,22200.0,21550.0
2022-02-12,21550.0,21550.0,21550.0,22200.0,84648400,3928,2,22200.0,21550.0
2022-02-13,21550.0,21550.0,21550.0,22200.0,57710900,2678,3,22200.0,21550.0
2022-02-14,21100.0,21100.0,21100.0,22100.0,736179000,34890,10,22200.0,21100.0
2022-02-16,21450.0,21450.0,21450.0,22100.0,21450000,1000,1,22100.0,21450.0
2022-02-19,21450.0,21450.0,21450.0,22050.0,462419100,21558,5,22100.0,21450.0
2022-02-21,20950.0,20950.0,20950.0,22000.0,378294150,18057,22,22050.0,20950.0
2022-02-22,21350.0,21350.0,21350.0,22000.0,31106950,1457,3,22000.0,21350.0
2022-02-23,21350.0,21350.0,21350.0,22000.0,32750900,1534,4,22000.0,21350.0
2022-02-26,21350.0,21350.0,21350.0,21950.0,384107850,17991,8,22000.0,21350.0
2022-02-27,20900.0,20900.0,20900.0,21950.0,87466500,4185,6,21950.0,20900.0
2022-02-28,21300.0,21300.0,21300.0,21950.0,10607400,498,2,21950.0,21300.0
2022-03-05,21300.0,21300.0,21300.0,21950.0,28201200,1324,4,21950.0,21300.0
2022-03-06,20900.0,20900.0,20900.0,21900.0,572743600,27404,18,21950.0,20900.0
2022-03-07,21250.0,21250.0,21250.0,21900.0,17998750,847,2,21900.0,21250.0
2022-03-08,21250.0,21250.0,21250.0,21250.0,25585000,1204,4,21900.0,21250.0
2022-03-09,20650.0,20650.0,20650.0,20650.0,673768200,32628,15,21250.0,20650.0
2022-03-15,20050.0,20050.0,20050.0,20050.0,135798650,6773,9,20650.0,20050.0
2022-03-16,19450.0,19750.0,19450.0,19450.0,13533971950,695481,302,20050.0,19450.0
2022-03-19,18950.0,19630.0,18870.0,19020.0,23947425290,1259095,645,19450.0,18870.0
2022-03-26,18870.0,19590.0,18450.0,19130.0,47492319950,2482011,1054,19020.0,19590.0
2022-03-27,19700.0,19700.0,19500.0,19690.0,14765644550,750083,382,19130.0,19700.0
2022-03-29,19600.0,19780.0,19100.0,19330.0,6949278340,362597,190,19690.0,19100.0
2022-03-30,18760.0,19300.0,18760.0,18880.0,15499064150,820938,470,19330.0,19080.0
2022-04-03,19200.0,19430.0,18430.0,19020.0,22558164350,1186249,575,18880.0,19180.0
2022-04-04,19310.0,19590.0,19100.0,19560.0,39390931010,2013519,635,19020.0,19590.0
2022-04-05,19900.0,20140.0,19900.0,20020.0,8654296480,429904,137,19560.0,20140.0
2022-04-06,20620.0,20620.0,20000.0,20610.0,12831317500,622564,281,20020.0,20620.0
2022-04-09,21600.0,21600.0,21300.0,21600.0,15866322300,734996,266,20610.0,21600.0
2022-04-10,22200.0,22200.0,21000.0,21600.0,46455926750,2153038,959,21600.0,21600.0
2022-04-11,21600.0,22200.0,21000.0,21600.0,29295983150,1357797,703,21600.0,22000.0
2022-04-12,22200.0,22200.0,21150.0,21950.0,21414955050,976540,415,21600.0,21250.0
2022-04-13,21350.0,22400.0,21300.0,21700.0,10720611700,493650,247,21950.0,21400.0
2022-04-16,22000.0,22200.0,21050.0,21200.0,14756421650,696171,425,21700.0,21200.0
2022-04-17,20750.0,21800.0,20600.0,21350.0,30404405850,1423723,659,21200.0,21750.0
2022-04-18,21900.0,21900.0,20750.0,21100.0,34790516800,1647856,772,21350.0,20750.0
2022-04-26,20900.0,21700.0,20700.0,21250.0,7328306200,344272,246,21100.0,20950.0
2022-04-27,20850.0,21800.0,20700.0,21150.0,5053630000,240373,122,21250.0,20950.0
2022-04-30,21100.0,21750.0,21100.0,21700.0,14084479300,649621,351,21150.0,21700.0
2022-05-15,22350.0,22350.0,22000.0,22350.0,39948227500,1787655,459,21700.0,22350.0
2022-05-16,22900.0,22900.0,21700.0,22300.0,52164599200,2339975,1236,22350.0,22250.0
2022-05-17,21850.0,22900.0,21800.0,22400.0,54780425400,2442899,970,22300.0,22400.0
2022-05-18,22050.0,22300.0,21750.0,21900.0,39205598100,1788553,718,22400.0,22000.0
2022-05-21,21550.0,22550.0,21550.0,22450.0,40215751350,1790388,536,21900.0,22550.0
2022-05-22,22800.0,23100.0,22750.0,23100.0,16171016450,700240,254,22450.0,23100.0
2022-05-23,23750.0,23750.0,23150.0,23700.0,67247084500,2837008,1031,23100.0,23750.0
2022-05-24,24400.0,24400.0,24400.0,24250.0,8362782800,342737,101,23700.0,24400.0
2022-05-25,24950.0,24950.0,24300.0,24950.0,39143045100,1569220,537,24250.0,24950.0
2022-05-28,25650.0,25650.0,24250.0,25050.0,80379756550,3208279,1420,24950.0,24250.0
2022-05-29,24300.0,24300.0,24300.0,24800.0,3351674700,137929,89,25050.0,24300.0
2022-05-30,24100.0,24100.0,24100.0,24500.0,3837346600,159226,91,24800.0,24100.0
2022-05-31,23800.0,23800.0,23800.0,24350.0,1834194600,77067,56,24500.0,23800.0
2022-06-01,23650.0,23650.0,23650.0,24350.0,88380050,3737,13,24350.0,23650.0
2022-06-06,23650.0,23650.0,23650.0,24350.0,196295000,8300,13,24350.0,23650.0
2022-06-07,23650.0,23650.0,23650.0,24300.0,754269450,31893,19,24350.0,23650.0
2022-06-08,23600.0,23600.0,23600.0,24300.0,10549200,447,2,24300.0,23600.0
2022-06-11,23600.0,23600.0,23600.0,24300.0,145045600,6146,11,24300.0,23600.0
2022-06-12,23100.0,23100.0,23100.0,23850.0,3588123000,155330,81,24300.0,23100.0
2022-06-13,23150.0,23150.0,23150.0,23850.0,200270650,8651,16,23850.0,23150.0
2022-06-14,23150.0,23150.0,23150.0,23750.0,1058811550,45737,8,23850.0,23150.0
2022-06-15,23050.0,23050.0,23050.0,23750.0,23464900,1018,3,23750.0,23050.0
2022-06-18,23050.0,23050.0,23050.0,23750.0,5969950,259,1,23750.0,23050.0
2022-06-19,23050.0,23050.0,23050.0,23750.0,64540000,2800,3,23750.0,23050.0
2022-06-20,22600.0,22600.0,22600.0,23650.0,954601400,42239,22,23750.0,22600.0
2022-06-21,22950.0,22950.0,22950.0,23650.0,32910300,1434,3,23650.0,22950.0
2022-06-22,22950.0,22950.0,22950.0,23650.0,16271550,709,3,23650.0,22950.0
2022-06-25,22950.0,22950.0,22950.0,23650.0,22376250,975,4,23650.0,22950.0
2022-06-26,22950.0,22950.0,22950.0,23650.0,140431050,6119,1,23650.0,22950.0
2022-06-27,22950.0,22950.0,22950.0,23650.0,21091050,919,5,23650.0,22950.0
2022-06-29,22950.0,22950.0,22950.0,22950.0,2875657950,125301,21,23650.0,22950.0
2022-07-02,22300.0,22300.0,22300.0,22300.0,625782600,28062,8,22950.0,22300.0
2022-07-04,21650.0,21650.0,21650.0,21650.0,2387518700,110278,22,22300.0,21650.0
2022-07-05,21050.0,21050.0,21050.0,21050.0,1476404900,70138,28,21650.0,21050.0
2022-07-06,20450.0,21650.0,20450.0,21000.0,99082023750,4719266,1709,21050.0,20600.0
2022-07-09,20750.0,21250.0,20400.0,20450.0,26368542300,1290195,625,21000.0,20650.0
2022-07-11,20100.0,21000.0,19850.0,20200.0,17939796500,888476,500,20450.0,19850.0
2022-07-12,19650.0,20150.0,19600.0,19750.0,16027145750,811232,372,20200.0,19850.0
2022-07-13,20100.0,20300.0,19700.0,20250.0,9559863950,471711,129,19750.0,20300.0
2022-07-16,20850.0,20850.0,20500.0,20850.0,18843193150,903820,246,20250.0,20850.0
2022-07-17,21450.0,21450.0,20300.0,20850.0,19765487950,947028,407,20850.0,20800.0
2022-07-19,20400.0,21450.0,20400.0,21350.0,14313744050,670557,316,20850.0,21250.0
2022-07-20,21600.0,21600.0,20750.0,21050.0,7302305800,349106,249,21350.0,20750.0
2022-07-23,20500.0,21100.0,20450.0,20600.0,7206663750,352282,134,21050.0,20450.0
2022-07-24,20000.0,20200.0,20000.0,20400.0,2967664400,148304,53,20600.0,20000.0
2022-07-25,19800.0,19800.0,19800.0,20350.0,507434400,25628,11,20400.0,19800.0
2022-07-26,19750.0,19750.0,19750.0,20250.0,1391249250,70443,27,20350.0,19750.0
2022-07-27,19650.0,20850.0,19650.0,20050.0,14608459700,729086,350,20250.0,19650.0
2022-07-30,19450.0,20100.0,19450.0,19700.0,6028340500,309401,138,20050.0,19450.0
2022-07-31,19200.0,19200.0,19150.0,19700.0,173933400,9082,13,19700.0,19150.0
2022-08-01,19150.0,19150.0,19150.0,19650.0,1157196200,60428,26,19700.0,19150.0
2022-08-02,19100.0,19800.0,19100.0,19400.0,32313686200,1667140,281,19650.0,19100.0
2022-08-03,18900.0,18950.0,18850.0,18950.0,7341926300,389408,117,19400.0,18850.0
2022-08-06,18400.0,19240.0,18390.0,18560.0,12445023160,670603,374,18950.0,18390.0
2022-08-09,18060.0,18590.0,18010.0,18050.0,9340231410,517828,226,18560.0,18010.0
2022-08-10,17560.0,18280.0,17510.0,17610.0,18825011520,1069064,338,18050.0,18100.0
2022-08-13,18120.0,18130.0,17750.0,18130.0,17113935050,944207,198,17610.0,18130.0
2022-08-14,18650.0,18670.0,17740.0,18370.0,11174904610,608455,214,18130.0,18600.0
2022-08-15,18900.0,18900.0,17820.0,18160.0,17351698060,955693,323,18370.0,18640.0
2022-08-16,17790.0,18600.0,17780.0,18130.0,4153131810,229764,81,18160.0,17990.0
2022-08-17,18470.0,18670.0,18060.0,18520.0,10207888850,550890,190,18130.0,18500.0
2022-08-20,18600.0,18890.0,18080.0,18500.0,3500043550,189460,116,18520.0,18250.0
2022-08-21,18310.0,18850.0,18060.0,18390.0,7934020020,431995,147,18500.0,18220.0
2022-08-22,18710.0,18940.0,18210.0,18860.0,14119878450,748819,255,18390.0,18940.0
2022-08-23,18520.0,19420.0,18520.0,19320.0,61955423540,3206907,489,18860.0,19420.0
2022-08-24,19330.0,19880.0,19030.0,19410.0,10366991870,534038,264,19320.0,19150.0
2022-08-27,19030.0,19540.0,19020.0,19150.0,13561553800,708203,224,19410.0,19050.0
2022-08-28,18830.0,18930.0,18580.0,18590.0,9652497010,519162,205,19150.0,18630.0
2022-08-29,18350.0,19100.0,18350.0,18700.0,4127781080,219065,111,18590.0,18950.0
2022-08-30,18990.0,19210.0,18580.0,18770.0,2697950940,142480,114,18700.0,18900.0
2022-08-31,19000.0,19100.0,18210.0,18610.0,5072124270,274554,146,18770.0,18730.0
2022-09-03,18130.0,19160.0,18100.0,19030.0,21745796120,1142425,358,18610.0,19160.0
2022-09-04,19490.0,19600.0,19350.0,19410.0,7276729400,371535,149,19030.0,19600.0
2022-09-05,19990.0,19990.0,19990.0,19670.0,4880878340,244166,55,19410.0,19990.0
2022-09-06,20260.0,20260.0,20260.0,19820.0,2733033480,134898,47,19670.0,20260.0
2022-09-07,20410.0,20410.0,20410.0,20300.0,8880472640,435104,83,19820.0,20410.0
2022-09-10,20900.0,20900.0,19750.0,20450.0,29912162400,1462550,604,20300.0,19900.0
2022-09-11,19850.0,20300.0,19850.0,20200.0,5003670950,251164,138,20450.0,19850.0
2022-09-12,19600.0,19600.0,19600.0,20150.0,1027255600,52411,63,20200.0,19600.0
2022-09-13,19550.0,20750.0,19550.0,20450.0,32599365800,1594908,511,20150.0,20700.0
2022-09-14,20800.0,21050.0,20100.0,20950.0,24974810000,1190701,441,20450.0,21050.0
2022-09-18,21050.0,21500.0,20350.0,20650.0,15639753250,757283,289,20950.0,20350.0
2022-09-19,20050.0,20700.0,20050.0,20050.0,9829929300,489974,177,20650.0,20050.0
2022-09-20,19450.0,20000.0,19450.0,19550.0,8085524450,415609,121,20050.0,19450.0
2022-09-21,19000.0,19400.0,19000.0,19050.0,8194098200,430831,184,19550.0,19000.0
2022-09-24,18490.0,18490.0,18480.0,18740.0,5305358550,287078,87,19050.0,18480.0
2022-09-26,18180.0,18600.0,18180.0,18240.0,8761165230,481582,196,18740.0,18600.0
2022-09-28,18010.0,18780.0,17700.0,18270.0,5099179870,278615,204,18240.0,18100.0
2022-10-01,18100.0,18100.0,17730.0,17870.0,7397903870,417026,173,18270.0,17730.0
2022-10-02,17370.0,18400.0,17340.0,17730.0,10825499290,610595,263,17870.0,18300.0
2022-10-03,18260.0,18260.0,17450.0,17780.0,2954595410,165244,122,17730.0,17940.0
2022-10-04,17780.0,18250.0,17450.0,17770.0,3931772110,221587,162,17780.0,17530.0
2022-10-08,17240.0,17970.0,17240.0,17270.0,10544495590,610444,197,17770.0,17240.0
2022-10-09,17000.0,17500.0,16760.0,16990.0,5860612700,348415,159,17270.0,16760.0
2022-10-10,16990.0,17390.0,16500.0,17020.0,6020493320,353227,165,16990.0,17260.0
2022-10-11,17400.0,17500.0,16510.0,16770.0,12723119420,758715,289,17020.0,16930.0
2022-10-12,17050.0,17050.0,16270.0,16340.0,12642310110,773899,242,16770.0,16270.0
2022-10-15,16640.0,16640.0,15860.0,16350.0,8046575000,492121,177,16340.0,16360.0
2022-10-16,16360.0,16530.0,15860.0,16010.0,7916603730,496758,207,16350.0,15860.0
2022-10-17,15850.0,16200.0,15530.0,15570.0,14789950100,950086,243,16010.0,15600.0
2022-10-18,15470.0,16030.0,15460.0,15890.0,11580012000,728719,270,15570.0,16020.0
2022-10-19,16100.0,16100.0,15530.0,15840.0,6565338730,415292,157,15890.0,15740.0
2022-10-22,15530.0,16310.0,15470.0,16200.0,10841905620,669397,211,15840.0,16310.0
2022-10-23,16600.0,16680.0,16090.0,16500.0,9793583020,592773,265,16200.0,16680.0
2022-10-24,16890.0,16990.0,16330.0,16860.0,14039450960,832795,338,16500.0,16990.0
2022-10-25,16630.0,17350.0,16630.0,17080.0,10204206110,596964,285,16860.0,17130.0
2022-11-02,17590.0,17590.0,17030.0,17210.0,4795734400,276404,74,17080.0,17520.0
2022-11-05,16910.0,17030.0,16700.0,16760.0,9346905700,558237,283,17210.0,17020.0
2022-11-06,16770.0,17250.0,16660.0,16920.0,7608479800,448451,133,16760.0,17180.0
2022-11-07,17200.0,17410.0,16930.0,17100.0,12363232130,722819,185,16920.0,17400.0
2022-11-08,16760.0,17500.0,16760.0,17240.0,8660487620,501604,198,17100.0,17350.0
2022-11-09,17560.0,17750.0,17180.0,17370.0,5045961630,288387,142,17240.0,17540.0
2022-11-12,17350.0,17410.0,16850.0,17150.0,7103558190,416119,190,17370.0,16870.0
2022-11-13,16820.0,17230.0,16640.0,16920.0,5822281610,347211,151,17150.0,16640.0
2022-11-14,16650.0,17230.0,16600.0,16990.0,6263653160,367850,105,16920.0,17220.0
2022-11-15,17350.0,17470.0,16670.0,17060.0,5961772840,348430,114,16990.0,17170.0
2022-11-16,16800.0,17350.0,16550.0,17020.0,3462818240,204353,109,17060.0,17050.0
2022-11-19,17450.0,17450.0,16760.0,17070.0,3329418880,193782,70,17020.0,17080.0
2022-11-20,16710.0,17530.0,16710.0,17230.0,7773078650,449786,87,17070.0,17190.0
2022-11-21,17000.0,17630.0,16810.0,17190.0,2794491520,163384,78,17230.0,17200.0
2022-11-22,16810.0,17400.0,16680.0,17080.0,3796989880,224488,99,17190.0,16750.0
2022-11-23,16800.0,17300.0,16800.0,17070.0,4297094690,251764,92,17080.0,16870.0
2022-11-26,16730.0,17000.0,16560.0,16720.0,7763493070,466906,156,17070.0,16560.0
2022-11-27,16400.0,16870.0,16220.0,16460.0,5440839200,334495,137,16720.0,16220.0
2022-11-28,16070.0,16950.0,16070.0,16680.0,23360800150,1400800,281,16460.0,16600.0
2022-11-29,16320.0,16700.0,16180.0,16390.0,10342945560,630983,265,16680.0,16470.0
2022-11-30,16580.0,16880.0,16400.0,16820.0,15704123230,933593,142,16390.0,16880.0
2022-12-03,17320.0,17320.0,17240.0,17310.0,14900090610,860536,178,16820.0,17320.0
2022-12-04,17480.0,17810.0,16800.0,17440.0,7316448210,418103,203,17310.0,17150.0
2022-12-05,17030.0,17270.0,16920.0,17150.0,6050357390,356879,164,17440.0,16920.0
2022-12-06,16670.0,16910.0,16640.0,16650.0,17814831470,1070002,274,17150.0,16670.0
2022-12-07,16300.0,17140.0,16200.0,16950.0,15165863710,894879,218,16650.0,17140.0
2022-12-10,17170.0,17190.0,16630.0,16920.0,4454746240,263983,155,16950.0,16890.0
2022-12-11,16620.0,17190.0,16440.0,16850.0,4405220190,262857,119,16920.0,16650.0
2022-12-12,16460.0,17100.0,16460.0,16800.0,3879922410,231870,147,16850.0,16500.0
2022-12-13,16600.0,17300.0,16600.0,17220.0,28110744660,1632872,236,16800.0,17300.0
2022-12-14,17720.0,17720.0,17310.0,17580.0,13196005970,750566,219,17220.0,17700.0
2022-12-17,17710.0,17950.0,17280.0,17590.0,3119413780,177098,138,17580.0,17420.0
2022-12-18,17300.0,18110.0,17300.0,18060.0,11188197710,619341,128,17590.0,18110.0
2022-12-19,18550.0,18600.0,18520.0,18600.0,17687949260,951170,226,18060.0,18600.0
2022-12-20,19050.0,19150.0,18170.0,18850.0,14377284580,762599,302,18600.0,18630.0
2022-12-21,18510.0,19410.0,18510.0,19060.0,9134535670,478258,193,18850.0,19350.0
2022-12-24,19580.0,19580.0,19150.0,19240.0,6679814110,345551,188,19060.0,19360.0
2022-12-25,19620.0,19790.0,18670.0,18860.0,18690696720,991204,435,19240.0,18680.0
2022-12-26,18960.0,18960.0,18300.0,18320.0,39876635660,2176208,604,18860.0,18300.0
2022-12-28,18300.0,18860.0,18300.0,18660.0,30314158970,1624654,389,18320.0,18710.0
2022-12-31,19200.0,19210.0,18890.0,19180.0,45264399040,2359502,447,18660.0,19210.0
2023-01-01,19750.0,19750.0,19550.0,19750.0,12661082250,641071,167,19180.0,19750.0
2023-01-02,20320.0,20340.0,19810.0,20320.0,16975174850,835294,190,19750.0,20340.0
2023-01-03,20920.0,20920.0,19740.0,20760.0,77812268310,3748584,962,20320.0,20920.0
2023-01-04,21300.0,21380.0,21300.0,21360.0,14052553540,657937,76,20760.0,21380.0
2023-01-07,22000.0,22000.0,22000.0,21900.0,9078564000,412662,48,21360.0,22000.0
2023-01-08,22550.0,22550.0,22550.0,22550.0,10531346100,467022,44,21900.0,22550.0
2023-01-09,23200.0,23200.0,23200.0,23200.0,12174385600,524758,56,22550.0,23200.0
2023-01-10,23850.0,23850.0,23850.0,23650.0,8065712250,338185,49,23200.0,23850.0
2023-01-11,24350.0,24350.0,24350.0,24050.0,6213389500,255170,61,23650.0,24350.0
2023-01-14,24750.0,24750.0,24750.0,24250.0,2599566750,105033,43,24050.0,24750.0
2023-01-16,24950.0,24950.0,24950.0,24700.0,6462798500,259030,43,24250.0,24950.0
2023-01-17,25400.0,25400.0,25400.0,25000.0,4481322000,176430,48,24700.0,25400.0
2023-01-18,25750.0,25750.0,25750.0,25200.0,2662575750,103401,67,25000.0,25750.0
2023-01-21,25950.0,25950.0,25950.0,25450.0,3580606950,137981,39,25200.0,25950.0
2023-01-24,26200.0,26200.0,26200.0,25500.0,530052200,20231,15,25450.0,26200.0
2023-01-25,26250.0,26250.0,26250.0,26250.0,31045822500,1182698,96,25500.0,26250.0
2023-01-28,27000.0,27000.0,27000.0,26800.0,15176322000,562086,66,26250.0,27000.0
2023-01-29,27600.0,27600.0,26000.0,26900.0,264594779900,9829822,1218,26800.0,27600.0
2023-01-30,27550.0,27700.0,26100.0,26800.0,77506006150,2890516,456,26900.0,26200.0
2023-01-31,27100.0,27600.0,26550.0,27350.0,32713992250,1197097,281,26800.0,27600.0
2023-02-01,28150.0,28150.0,28150.0,27600.0,6628621250,235475,62,27350.0,28150.0
2023-02-05,28400.0,28400.0,27950.0,28350.0,42146932600,1485674,230,27600.0,28400.0
2023-02-06,29200.0,29200.0,27500.0,27850.0,37855140000,1359399,295,28350.0,27900.0
2023-02-07,28500.0,28500.0,27050.0,27100.0,19522832300,720359,80,27850.0,27050.0
2023-02-08,26400.0,27050.0,26300.0,26500.0,29303506800,1106214,198,27100.0,27050.0
2023-02-12,25800.0,27250.0,25800.0,27100.0,18401686550,676749,110,26500.0,27250.0
2023-02-13,27900.0,27900.0,27900.0,27350.0,6751800000,242000,49,27100.0,27900.0
2023-02-14,28150.0,28150.0,28150.0,27650.0,7772355750,276105,39,27350.0,28150.0
2023-02-15,28450.0,28450.0,28450.0,27750.0,3110125550,109319,40,27650.0,28450.0
2023-02-19,28550.0,28550.0,28550.0,28000.0,5936515700,207934,40,27750.0,28550.0
2023-02-20,28800.0,28800.0,28800.0,28200.0,4928428800,171126,26,28000.0,28800.0
2023-02-21,29000.0,29000.0,28300.0,28800.0,15554513900,536820,121,28200.0,29000.0
2023-02-22,29650.0,29650.0,29400.0,29650.0,28175512700,950339,177,28800.0,29650.0
2023-02-25,30500.0,30500.0,30500.0,29800.0,3363021500,110263,27,29650.0,30500.0
2023-02-26,30650.0,30650.0,30650.0,29900.0,2512319200,81968,18,29800.0,30650.0
2023-02-27,30750.0,30750.0,30750.0,30050.0,3841566750,124929,32,29900.0,30750.0
2023-02-28,30950.0,30950.0,30900.0,30650.0,14231250400,459832,75,30050.0,30950.0
2023-03-01,31550.0,31550.0,31450.0,31550.0,28476919450,902659,201,30650.0,31550.0
2023-03-04,32200.0,32200.0,30650.0,30750.0,18670935450,608129,156,31550.0,30650.0
2023-03-05,30000.0,31650.0,29950.0,31550.0,26376621400,836443,194,30750.0,31650.0
2023-03-06,30900.0,32450.0,30800.0,31950.0,22324535700,699165,161,31550.0,31200.0
2023-03-07,31000.0,32850.0,31000.0,31950.0,13606080900,425501,81,31950.0,31000.0
2023-03-11,31000.0,31000.0,31000.0,31950.0,283061000,9131,3,31950.0,31000.0
2023-03-12,31000.0,31000.0,31000.0,31950.0,394041000,12711,4,31950.0,31000.0
2023-03-13,31000.0,31000.0,31000.0,31750.0,3659023000,118033,15,31950.0,31000.0
2023-03-14,30800.0,30800.0,30800.0,31650.0,2073764000,67330,22,31750.0,30800.0
2023-03-27,32200.0,32500.0,30700.0,31400.0,31641934200,1007933,252,31600.0,30700.0
2023-03-28,30500.0,31400.0,30500.0,30550.0,27102178850,887039,105,31400.0,30500.0
2023-03-29,29650.0,29650.0,29650.0,30450.0,2527099150,85231,11,30550.0,29650.0
2023-04-03,29550.0,31000.0,29550.0,29650.0,100418651350,3385315,536,30450.0,29550.0
2023-04-04,30050.0,30500.0,29100.0,30100.0,44833871550,1489059,371,29650.0,30500.0
2023-04-05,31000.0,31000.0,30800.0,31000.0,38432157700,1240153,288,30100.0,31000.0
2023-04-08,31900.0,31900.0,30950.0,31850.0,52773012400,1655975,247,31000.0,31850.0
2023-04-09,31850.0,32800.0,31850.0,32650.0,36054439650,1104046,236,31850.0,32750.0
2023-04-10,31800.0,33600.0,31700.0,32150.0,20305660550,631712,192,32650.0,31700.0
2023-04-11,31200.0,31200.0,31200.0,31650.0,10593055200,339521,95,32150.0,31200.0
2023-04-15,30850.0,31400.0,30750.0,30800.0,67245116300,2181596,520,31650.0,30750.0
2023-04-16,30150.0,31700.0,30050.0,31550.0,40192241750,1274514,275,30800.0,31700.0
2023-04-17,32450.0,32450.0,32100.0,32450.0,37178647850,1146469,262,31550.0,32400.0
2023-04-18,32950.0,33400.0,31800.0,33300.0,47775211100,1435126,243,32450.0,33400.0
2023-04-19,34250.0,34250.0,33800.0,34250.0,37383811600,1091561,180,33300.0,34250.0
2023-04-24,35250.0,35250.0,35250.0,35050.0,16166919000,458636,57,34250.0,35250.0
2023-04-25,36100.0,36100.0,36100.0,35350.0,6460600400,178964,44,35050.0,36100.0
2023-04-26,36400.0,36400.0,36400.0,35700.0,7015080800,192722,52,35350.0,36400.0
2023-04-29,36750.0,36750.0,36750.0,36100.0,7594240500,206646,74,35700.0,36750.0
2023-04-30,37150.0,37150.0,37150.0,37050.0,18576040200,500028,80,36100.0,37150.0
2023-05-01,38150.0,38150.0,35950.0,37950.0,105842004800,2787731,332,37050.0,38150.0
2023-05-02,39050.0,39050.0,39050.0,38250.0,6420444800,164416,49,37950.0,39050.0
2023-05-03,39350.0,39350.0,39050.0,39350.0,30099088050,765015,154,38250.0,39350.0
2023-05-06,40500.0,40500.0,39400.0,40450.0,33135459550,818700,197,39350.0,40500.0
2023-05-07,41650.0,41650.0,39250.0,39900.0,29803370000,746777,162,40450.0,39250.0
2023-05-08,38750.0,41050.0,38750.0,40100.0,58731225250,1464936,256,39900.0,40050.0
2023-05-13,38900.0,41250.0,38900.0,39400.0,17685395350,449902,128,40100.0,41200.0
2023-05-14,38250.0,40550.0,38250.0,39350.0,79347839050,2015965,343,39400.0,40400.0
2023-05-15,40450.0,40500.0,38550.0,40300.0,51488485050,1278156,236,39350.0,40500.0
2023-05-17,41500.0,41500.0,41000.0,41200.0,16256086650,392084,106,40300.0,41500.0
2023-05-20,42400.0,42400.0,42400.0,42150.0,15982807200,376953,141,41200.0,42400.0
2023-05-21,43400.0,43400.0,42800.0,43000.0,14450825700,332976,134,42150.0,43400.0
2023-05-22,44250.0,44250.0,43600.0,43800.0,14218472750,321732,136,43000.0,44250.0
2023-05-23,45100.0,45100.0,45100.0,44200.0,7002180900,155259,75,43800.0,45100.0
2023-05-24,45500.0,45500.0,45150.0,45450.0,20995136750,461472,108,44200.0,45500.0
2023-05-27,46800.0,46800.0,45750.0,46300.0,13342639400,285472,118,45450.0,46800.0
2023-05-28,47650.0,47650.0,47650.0,47150.0,12820470750,269055,77,46300.0,47650.0
2023-05-29,48550.0,48550.0,45750.0,47850.0,63621534400,1329488,357,47150.0,48550.0
2023-05-30,49250.0,49250.0,49200.0,48600.0,11489002500,233289,140,47850.0,49250.0
2023-05-31,49950.0,50000.0,47150.0,48250.0,20339487400,421715,103,48600.0,47150.0
2023-06-03,46850.0,46850.0,46850.0,47400.0,11734004150,250459,36,48250.0,46850.0
2023-06-06,46000.0,46000.0,46000.0,47150.0,3074640000,66840,15,47400.0,46000.0
2023-06-07,45750.0,45750.0,45750.0,47050.0,1672482750,36557,16,47150.0,45750.0
2023-06-10,45650.0,45650.0,45650.0,46900.0,2097115350,45939,6,47050.0,45650.0
2023-06-11,45500.0,45500.0,45500.0,46800.0,1550958500,34087,12,46900.0,45500.0
2023-06-12,45400.0,45400.0,45400.0,46800.0,210701400,4641,3,46800.0,45400.0
2023-06-13,45400.0,45400.0,45400.0,46700.0,1536381400,33841,13,46800.0,45400.0
2023-06-14,45300.0,47850.0,45300.0,45400.0,115821850600,2551308,346,46700.0,45300.0
2023-06-17,44300.0,46750.0,44300.0,46200.0,99817233600,2160318,426,45400.0,46750.0
2023-06-18,47350.0,47350.0,44850.0,44950.0,39218526250,872772,221,46200.0,44850.0
2023-06-19,46050.0,46050.0,43650.0,44400.0,18862892750,425098,186,44950.0,44950.0
2023-06-20,43100.0,45700.0,43100.0,44750.0,51098761550,1141441,273,44400.0,45300.0
2023-06-21,46050.0,46050.0,45200.0,46050.0,23545629600,511463,140,44750.0,46050.0
2023-06-24,47400.0,47400.0,46350.0,47300.0,20646090250,436394,139,46050.0,47400.0
2023-06-25,48700.0,48700.0,48700.0,47850.0,8132023400,166982,44,47300.0,48700.0
2023-06-26,49250.0,49250.0,49250.0,48650.0,11876933000,241156,40,47850.0,49250.0
2023-06-27,50100.0,50100.0,50100.0,49100.0,6442960200,128602,39,48650.0,50100.0
2023-06-28,50550.0,50550.0,50550.0,49300.0,3298893000,65260,35,49100.0,50550.0
2023-07-01,50750.0,50750.0,50750.0,49650.0,4921430500,96974,35,49300.0,50750.0
2023-07-02,51100.0,51100.0,51100.0,50250.0,8892881900,174029,46,49650.0,51100.0
2023-07-03,51750.0,51750.0,51750.0,50850.0,8536938750,164965,44,50250.0,51750.0
2023-07-04,52350.0,52350.0,52350.0,51000.0,2028405450,38747,21,50850.0,52350.0
2023-07-05,52500.0,52500.0,52500.0,51500.0,7164255000,136462,30,51000.0,52500.0
2023-07-08,53000.0,53000.0,50150.0,52900.0,56858383250,1074959,234,51500.0,53000.0
2023-07-09,52050.0,52900.0,51350.0,51450.0,30168310300,586314,141,52900.0,51350.0
2023-07-10,49950.0,52950.0,49950.0,51550.0,67473851650,1308574,362,51450.0,50000.0
2023-07-11,50050.0,52800.0,50050.0,50650.0,17407832500,344615,137,51550.0,50050.0
2023-07-12,49150.0,49200.0,49150.0,49950.0,8880814550,180685,44,50650.0,49150.0
2023-07-15,48500.0,51400.0,48500.0,50350.0,47995590800,952914,213,49950.0,51350.0
2023-07-16,51850.0,51850.0,49500.0,51600.0,32990178600,639619,232,50350.0,51500.0
2023-07-17,51600.0,51600.0,50100.0,51350.0,4405334400,87298,41,51600.0,50100.0
2023-07-18,51350.0,52100.0,49850.0,50600.0,31161613100,615682,194,51350.0,51500.0
2023-07-19,52100.0,52100.0,50650.0,52000.0,33369911950,641858,124,50600.0,52100.0
2023-07-22,53550.0,53550.0,52700.0,53500.0,49172844450,919186,227,52000.0,53550.0
2023-07-23,55000.0,55100.0,54000.0,54950.0,26129548450,475446,187,53500.0,55100.0
2023-07-24,56550.0,56550.0,56050.0,55700.0,9983860750,176605,86,54950.0,56550.0
2023-07-25,57350.0,57350.0,57350.0,56750.0,13709460150,239049,53,55700.0,57350.0
2023-07-26,58450.0,58450.0,58450.0,57550.0,10451035350,178803,45,56750.0,58450.0
2023-07-29,59250.0,59250.0,59250.0,58300.0,9058140000,152880,57,57550.0,59250.0
2023-07-30,60000.0,60000.0,60000.0,59350.0,12605760000,210096,60,58300.0,60000.0
2023-07-31,61100.0,61100.0,61100.0,60100.0,8797544600,143986,40,59350.0,61100.0
2023-08-01,61900.0,61900.0,61900.0,60800.0,8170923800,132002,42,60100.0,61900.0
2023-08-05,62600.0,62600.0,62600.0,61300.0,5440753800,86913,34,60800.0,62600.0
2023-08-06,63100.0,63100.0,59500.0,60300.0,117951842850,1956378,517,61300.0,59500.0
2023-08-07,58600.0,58600.0,58500.0,58500.0,33118535500,566078,151,60300.0,58500.0
2023-08-08,57050.0,60250.0,56750.0,58050.0,65513682550,1128558,310,58500.0,56750.0
2023-08-09,56350.0,58950.0,56350.0,56650.0,34822762950,614636,247,58050.0,56350.0
2023-08-12,58000.0,58000.0,55000.0,55250.0,21061691800,381291,77,56650.0,55000.0
2023-08-13,55000.0,56800.0,54100.0,55250.0,30837228650,558104,216,55250.0,55150.0
2023-08-14,56900.0,56900.0,53600.0,55150.0,34332599800,622507,212,55250.0,55300.0
2023-08-15,56100.0,56150.0,53500.0,54650.0,6303397550,117434,43,55150.0,53500.0
2023-08-16,53050.0,53050.0,53050.0,54450.0,2323218650,43793,12,54650.0,53050.0
2023-08-19,52850.0,52850.0,52850.0,54400.0,557461800,10548,4,54450.0,52850.0
2023-08-20,52800.0,52800.0,52800.0,54200.0,2601033600,49262,4,54400.0,52800.0
2023-08-21,52600.0,52600.0,52600.0,54150.0,377299800,7173,7,54200.0,52600.0
2023-08-22,52550.0,52550.0,52550.0,54100.0,420925500,8010,5,54150.0,52550.0
2023-08-23,52500.0,52500.0,52500.0,53900.0,2228677500,42451,10,54100.0,52500.0
2023-08-26,52300.0,52300.0,52300.0,52300.0,19591057000,374590,92,53900.0,52300.0
2023-08-27,50750.0,53850.0,50750.0,51200.0,19706808500,384986,142,52300.0,50750.0
2023-08-28,49750.0,49800.0,49700.0,50600.0,7301724700,146900,69,51200.0,49700.0
2023-08-29,49100.0,49100.0,49100.0,50450.0,1617992300,32953,8,50600.0,49100.0
2023-08-30,48950.0,51950.0,48950.0,51100.0,38189087450,747380,277,50450.0,51950.0
2023-09-02,52600.0,52600.0,52600.0,52250.0,16060831400,305339,47,51100.0,52600.0
2023-09-03,53800.0,53800.0,53800.0,52700.0,6062345400,112683,41,52250.0,53800.0
2023-09-04,54250.0,54250.0,54250.0,53600.0,12514335750,230679,45,52700.0,54250.0
2023-09-05,55200.0,55200.0,55200.0,54050.0,5850261600,105983,26,53600.0,55200.0
2023-09-09,55650.0,55650.0,53150.0,55550.0,23783403850,428277,190,54050.0,55650.0
2023-09-10,57200.0,57200.0,53900.0,56600.0,44267967850,781957,273,55550.0,57150.0
2023-09-11,58200.0,58200.0,54950.0,55800.0,11864410250,214902,91,56600.0,54950.0
2023-09-12,54150.0,55600.0,54150.0,54150.0,21523133650,397318,134,55800.0,54150.0
2023-09-13,52550.0,54000.0,52550.0,53100.0,13198709350,250741,72,54150.0,52550.0
2023-09-17,51600.0,53300.0,51550.0,51950.0,20608926000,396781,136,53100.0,52550.0
2023-09-18,50800.0,53500.0,50800.0,52300.0,22591053950,431746,195,51950.0,51000.0
2023-09-19,51100.0,53600.0,50750.0,51650.0,12309035200,240121,144,52300.0,51100.0
2023-09-20,50300.0,53150.0,50150.0,52350.0,26748412750,511002,221,51650.0,53150.0
2023-09-23,53750.0,53900.0,53000.0,53300.0,15114370200,281723,121,52350.0,53900.0
2023-09-25,53000.0,54300.0,51750.0,52350.0,20332750900,388578,197,53300.0,51750.0
2023-09-26,50800.0,53000.0,50800.0,51650.0,11849283250,231619,118,52350.0,50800.0
2023-10-04,51650.0,53150.0,51650.0,52700.0,21744421200,412793,106,51650.0,53150.0
2023-10-07,54250.0,54250.0,51750.0,53600.0,46109530300,860014,245,52700.0,53000.0
2023-10-08,52000.0,53500.0,52000.0,53450.0,2195328000,42189,20,53600.0,52000.0
2023-10-09,51850.0,51850.0,51850.0,53300.0,2122583450,40937,18,53450.0,51850.0
2023-10-10,51750.0,51750.0,51750.0,53000.0,3588500250,69343,27,53300.0,51750.0
2023-10-11,51450.0,53000.0,51450.0,51700.0,16795273700,326047,109,53000.0,51450.0
2023-10-14,51450.0,51450.0,50150.0,51500.0,2742291200,54529,33,51700.0,50150.0
2023-10-15,50000.0,50000.0,50000.0,51450.0,337500000,6750,5,51500.0,50000.0
2023-10-16,49950.0,49950.0,49950.0,51400.0,845503650,16927,11,51450.0,49950.0
2023-10-17,49900.0,49900.0,49900.0,51250.0,2167057200,43428,19,51400.0,49900.0
2023-10-18,49750.0,49750.0,49750.0,50650.0,7847614750,157741,28,51250.0,49750.0
2023-10-21,49150.0,49150.0,49150.0,50550.0,1290777300,26262,12,50650.0,49150.0
2023-10-22,49050.0,49050.0,49050.0,50500.0,514044000,10480,7,50550.0,49050.0
2023-10-23,49000.0,49000.0,49000.0,50500.0,98000000,2000,1,50500.0,49000.0
2023-10-24,49000.0,49000.0,49000.0,50450.0,368039000,7511,8,50500.0,49000.0
2023-10-25,51950.0,51950.0,50450.0,51950.0,90337394300,1739074,201,50450.0,51950.0
2023-10-28,53400.0,53400.0,50500.0,51700.0,28107183350,543894,209,51950.0,51700.0
2023-10-29,50500.0,53200.0,50300.0,51700.0,12020724350,232632,121,51700.0,52450.0
2023-10-30,53000.0,53000.0,50150.0,51250.0,13338401600,261522,80,51700.0,50350.0
2023-10-31,52700.0,52700.0,49800.0,51250.0,26687231100,520659,213,51250.0,51300.0
2023-11-01,50500.0,52750.0,50500.0,51950.0,31190286500,600641,180,51250.0,52250.0
2023-11-04,53450.0,53450.0,50400.0,51200.0,18103818450,354088,139,51950.0,50400.0
2023-11-05,49800.0,51700.0,49700.0,50500.0,9451413800,189866,67,51200.0,49750.0
2023-11-06,49000.0,50600.0,49000.0,49400.0,18680069650,378153,234,50500.0,49700.0
2023-11-07,50700.0,50700.0,47950.0,48750.0,20081504300,411838,186,49400.0,49350.0
2023-11-08,49350.0,50200.0,48500.0,49950.0,24140571700,483085,147,48750.0,50200.0
2023-11-11,50450.0,51400.0,50350.0,51200.0,18810911100,366436,138,49950.0,51400.0
2023-11-12,51400.0,52600.0,51100.0,51450.0,11363866250,220076,104,51200.0,51100.0
2023-11-13,51100.0,51450.0,49950.0,50750.0,9672646800,193459,87,51450.0,49950.0
2023-11-14,49250.0,50700.0,49250.0,50100.0,11571333350,233174,92,50750.0,49250.0
2023-11-15,48600.0,50100.0,48600.0,49850.0,3585547800,73573,57,50100.0,48600.0
2023-11-18,48600.0,49600.0,48400.0,49500.0,7350050000,150425,72,49850.0,48800.0
2023-11-19,50500.0,50700.0,48300.0,49400.0,3155874450,64606,55,49500.0,48350.0
2023-11-20,48100.0,49300.0,47950.0,48950.0,5854806300,122040,68,49400.0,47950.0
2023-11-21,47500.0,47550.0,47500.0,48300.0,8832110000,185938,65,48950.0,47500.0
2023-11-22,46900.0,46900.0,46900.0,48100.0,2487435300,53037,26,48300.0,46900.0
2023-11-25,46700.0,46700.0,46700.0,47950.0,2173418000,46540,11,48100.0,46700.0
2023-11-26,46550.0,46750.0,46550.0,47150.0,11311870250,242970,85,47950.0,46550.0
2023-11-27,45750.0,45750.0,45750.0,46750.0,5400055500,118034,44,47150.0,45750.0
2023-11-28,45350.0,45350.0,45350.0,46700.0,768002250,16935,9,46750.0,45350.0
2023-11-29,45300.0,47000.0,45300.0,45750.0,14906865950,327664,80,46700.0,46600.0
2023-12-02,45000.0,47100.0,44600.0,46400.0,27441717400,591538,154,45750.0,47100.0
2023-12-03,47700.0,47750.0,47600.0,47350.0,15005838600,314277,32,46400.0,47750.0
2023-12-04,48750.0,48750.0,47600.0,48300.0,14673699150,301002,53,47350.0,48750.0
2023-12-05,49700.0,49700.0,49650.0,49700.0,106955241900,2152027,131,48300.0,49700.0
2023-12-06,51150.0,51150.0,51150.0,51150.0,22517713350,440229,34,49700.0,51150.0
2023-12-09,52650.0,52650.0,52650.0,52350.0,16445543400,312356,37,51150.0,52650.0
2023-12-10,53900.0,53900.0,53900.0,53450.0,14807030700,274713,29,52350.0,53900.0
2023-12-11,55050.0,55050.0,54900.0,55050.0,132968013200,2415539,237,53450.0,55050.0
2023-12-12,56700.0,56700.0,55250.0,56700.0,34753216700,613110,111,55050.0,56700.0
2023-12-13,58400.0,58400.0,58400.0,57350.0,8399263200,143823,47,56700.0,58400.0
2023-12-16,59050.0,59050.0,59050.0,58050.0,8177421150,138483,34,57350.0,59050.0
2023-12-18,59750.0,59750.0,59750.0,58950.0,10726021250,179515,49,58050.0,59750.0
2023-12-19,60700.0,60700.0,59200.0,60650.0,81030530750,1336480,264,58950.0,60700.0
2023-12-20,62350.0,62450.0,59200.0,62400.0,34073887300,546133,127,60650.0,62450.0
2023-12-23,64250.0,64250.0,64250.0,63500.0,12047517500,187510,38,62400.0,64250.0
2023-12-24,65400.0,65400.0,65400.0,64150.0,6899503800,105497,26,63500.0,65400.0
2023-12-25,66050.0,66050.0,66050.0,64800.0,6965500900,105458,31,64150.0,66050.0
2023-12-26,66700.0,66700.0,66700.0,65850.0,11574584400,173532,50,64800.0,66700.0
2023-12-27,67800.0,67800.0,65900.0,67800.0,58834605050,867823,174,65850.0,67800.0
2023-12-31,69350.0,69800.0,68750.0,69450.0,48286937200,695381,129,67800.0,69800.0
2024-01-01,71500.0,71500.0,67400.0,70250.0,137027553550,1951130,610,69450.0,68050.0
2024-01-02,68200.0,68300.0,68150.0,68600.0,16231259400,238034,68,70250.0,68150.0
2024-01-03,66550.0,70650.0,66550.0,69250.0,149534639050,2158821,316,68600.0,70650.0
2024-01-06,71300.0,71300.0,71000.0,71300.0,39590938800,555306,215,69250.0,71300.0
2024-01-07,73300.0,73400.0,71600.0,73250.0,64168818550,875746,333,71300.0,73400.0
2024-01-08,75400.0,75400.0,74250.0,75400.0,59291524700,786423,157,73250.0,75400.0
2024-01-09,75500.0,77650.0,75500.0,77400.0,50476913600,652024,279,75400.0,77650.0
2024-01-10,75100.0,75100.0,75100.0,75250.0,20223754100,269291,42,77400.0,75100.0
2024-01-13,73000.0,73000.0,73000.0,75000.0,2090720000,28640,11,75250.0,73000.0
2024-01-14,72750.0,72750.0,72750.0,74900.0,1049346000,14424,9,75000.0,72750.0
2024-01-15,72700.0,72700.0,72700.0,72950.0,16934301800,232934,67,74900.0,72700.0
2024-01-16,70800.0,70800.0,70800.0,72950.0,1851490800,26151,8,72950.0,70800.0
2024-01-17,69350.0,69350.0,69350.0,69350.0,12100257350,174481,33,72950.0,69350.0
2024-01-20,67300.0,67300.0,67300.0,69300.0,7557520800,112296,22,69350.0,67300.0
2024-01-21,67250.0,71350.0,67250.0,69050.0,122848278500,1808004,518,69300.0,67250.0
2024-01-22,70450.0,70450.0,67000.0,69000.0,10136117500,151022,83,69050.0,67000.0
2024-01-23,67000.0,70900.0,66950.0,68900.0,64697858750,953428,278,69000.0,70900.0
2024-01-24,70950.0,70950.0,70950.0,69050.0,49493017200,697576,150,68900.0,70950.0
2024-01-30,71000.0,71100.0,68400.0,69150.0,39392864000,555041,177,69050.0,70950.0
2024-01-31,71200.0,71200.0,68400.0,69200.0,23394348600,333958,177,69150.0,70000.0
2024-02-03,67750.0,69100.0,67150.0,69050.0,68372858500,1010400,307,69200.0,69100.0
2024-02-04,67250.0,70900.0,67250.0,69050.0,52149625000,752959,291,69050.0,70000.0
2024-02-05,69050.0,70950.0,67000.0,69000.0,30442198600,444921,160,69050.0,67000.0
2024-02-06,67150.0,70500.0,67150.0,69050.0,111066585150,1602685,279,69000.0,70000.0
2024-02-07,69300.0,71100.0,69200.0,69350.0,100304613700,1414300,279,69050.0,71100.0
2024-02-10,70000.0,71400.0,70000.0,69400.0,17759307200,248992,111,69350.0,71400.0
2024-02-12,70000.0,71450.0,70000.0,69550.0,52687664350,740047,130,69400.0,70100.0
2024-02-13,69100.0,71600.0,69100.0,69650.0,45372911100,636984,131,69550.0,71600.0
2024-02-14,71700.0,71700.0,71700.0,69700.0,8620706100,120233,39,69650.0,71700.0
2024-02-17,71750.0,71750.0,71750.0,69700.0,4227868750,58925,33,69700.0,71750.0
2024-02-18,71750.0,71750.0,71750.0,69750.0,11354437500,158250,28,69700.0,71750.0
2024-02-19,71800.0,71800.0,71800.0,69800.0,10381059400,144583,23,69750.0,71800.0
2024-02-20,71850.0,71850.0,71850.0,69850.0,19210175250,267365,40,69800.0,71850.0
2024-02-21,73300.0,73300.0,70600.0,73050.0,115879468700,1586639,380,69850.0,73300.0
2024-02-24,75200.0,75200.0,70900.0,73000.0,22581014600,313406,100,73050.0,70900.0
2024-02-26,70850.0,70850.0,70850.0,72950.0,9657563500,136310,38,73000.0,70850.0
2024-02-27,70800.0,73000.0,70800.0,72900.0,11056409800,156156,57,72950.0,70800.0
2024-02-28,70750.0,70750.0,70750.0,72850.0,15047746750,212689,43,72900.0,70750.0
2024-03-02,70700.0,70700.0,70700.0,72850.0,1249693200,17676,8,72850.0,70700.0
2024-03-03,70700.0,70700.0,70700.0,72850.0,2421262900,34247,11,72850.0,70700.0
2024-03-04,70700.0,70700.0,70700.0,72850.0,2265581500,32045,6,72850.0,70700.0
2024-03-05,70700.0,70700.0,70700.0,72850.0,367640000,5200,4,72850.0,70700.0
2024-03-06,69250.0,69250.0,69250.0,69250.0,10553492250,152397,19,72850.0,69250.0
2024-03-10,67200.0,67200.0,67200.0,69250.0,252537600,3758,2,69250.0,67200.0
2024-03-11,67200.0,67200.0,67200.0,69150.0,29393952000,437410,67,69250.0,67200.0
2024-03-12,67250.0,67250.0,67100.0,69100.0,15221031800,226767,54,69150.0,67100.0
2024-03-13,67050.0,67050.0,67050.0,69100.0,4582733400,68348,35,69100.0,67050.0
2024-03-26,66950.0,67000.0,66950.0,69000.0,3390950850,50649,29,69000.0,66950.0
2024-03-27,66950.0,66950.0,66950.0,69000.0,1109562350,16573,10,69000.0,66950.0
2024-03-30,66950.0,66950.0,66950.0,69000.0,747697600,11168,4,69000.0,66950.0
2024-04-02,66950.0,66950.0,66950.0,69000.0,507213200,7576,6,69000.0,66950.0
2024-04-03,66950.0,66950.0,66950.0,69000.0,697619000,10420,8,69000.0,66950.0
2024-04-06,66950.0,66950.0,66950.0,69000.0,7002970000,104600,13,69000.0,66950.0
2024-04-07,65550.0,65550.0,65550.0,65550.0,3024477000,46140,9,69000.0,65550.0
2024-04-08,63600.0,63600.0,63600.0,65550.0,323787600,5091,4,65550.0,63600.0
2024-04-16,64900.0,64900.0,64900.0,64900.0,1095966300,16887,2,65550.0,64900.0
2024-04-17,64300.0,64300.0,64300.0,64900.0,99600700,1549,1,64900.0,64300.0
2024-04-20,63000.0,63000.0,63000.0,64900.0,281421000,4467,6,64900.0,63000.0
2024-04-21,63000.0,63000.0,63000.0,64900.0,6406722000,101694,16,64900.0,63000.0
2024-04-22,63000.0,63000.0,63000.0,64900.0,1338750000,21250,10,64900.0,63000.0
2024-04-23,63000.0,63000.0,63000.0,64900.0,604863000,9601,3,64900.0,63000.0
2024-04-24,61700.0,61700.0,61700.0,61700.0,4452272000,72160,26,64900.0,61700.0
2024-04-27,59850.0,63550.0,59850.0,61700.0,41889703500,676961,226,61700.0,63300.0
2024-04-28,63550.0,63550.0,59850.0,61750.0,47373077600,762311,205,61700.0,59900.0
2024-04-29,59950.0,63200.0,59900.0,61700.0,10967459500,183016,77,61750.0,59900.0
2024-04-30,59850.0,59850.0,59850.0,61700.0,390281850,6521,4,61700.0,59850.0
2024-05-01,59850.0,59850.0,59850.0,61700.0,951615000,15900,4,61700.0,59850.0
2024-05-05,59850.0,59850.0,59850.0,61700.0,2966345550,49563,10,61700.0,59850.0
2024-05-06,59850.0,59850.0,59850.0,61700.0,50812650,849,1,61700.0,59850.0
2024-05-07,59850.0,59850.0,59850.0,61700.0,3121117650,52149,15,61700.0,59850.0
2024-05-08,58650.0,58650.0,58650.0,58650.0,50028450,853,1,61700.0,58650.0
2024-05-11,56900.0,56900.0,56900.0,58650.0,4136174800,72692,13,58650.0,56900.0
2024-05-12,56900.0,56900.0,56900.0,58650.0,113800000,2000,3,58650.0,56900.0
2024-05-13,56900.0,56900.0,56900.0,58650.0,89958900,1581,2,58650.0,56900.0
2024-05-14,56900.0,56900.0,56900.0,58650.0,1031710800,18132,8,58650.0,56900.0
2024-05-15,56900.0,56900.0,56900.0,58600.0,18863032800,331512,58,58650.0,56900.0
2024-05-18,56900.0,56900.0,55700.0,55900.0,4202573000,75190,34,58600.0,55700.0
2024-05-19,54250.0,54250.0,54250.0,55900.0,262949750,4847,1,55900.0,54250.0
2024-05-21,54800.0,54800.0,54800.0,55900.0,91954400,1678,1,55900.0,54800.0
2024-05-25,54800.0,54800.0,54800.0,55900.0,2339960000,42700,4,55900.0,54800.0
2024-05-27,54800.0,54800.0,54800.0,55900.0,54800000,1000,1,55900.0,54800.0
2024-05-28,54800.0,54800.0,54800.0,55900.0,49868000,910,1,55900.0,54800.0
2024-05-29,54800.0,54800.0,54800.0,55900.0,697494400,12728,1,55900.0,54800.0
2024-06-01,54800.0,54800.0,54800.0,55900.0,72829200,1329,1,55900.0,54800.0
2024-06-05,54800.0,54800.0,54800.0,55900.0,2847408000,51960,11,55900.0,54800.0
2024-06-08,54800.0,54800.0,54800.0,55850.0,15131869200,276129,55,55900.0,54800.0
2024-06-09,54750.0,54750.0,54750.0,55300.0,9684891750,176893,4,55850.0,54750.0
2024-06-10,54200.0,54200.0,54200.0,55250.0,902050600,16643,7,55300.0,54200.0
2024-06-12,54150.0,54150.0,54150.0,55250.0,54150000,1000,1,55250.0,54150.0
2024-06-15,54150.0,54150.0,54150.0,55250.0,54150000,1000,1,55250.0,54150.0
2024-06-16,54150.0,54150.0,54150.0,55250.0,270750000,5000,1,55250.0,54150.0
2024-06-18,54150.0,54150.0,54150.0,55200.0,997172250,18415,1,55250.0,54150.0
2024-06-19,54100.0,54100.0,54100.0,55200.0,99598100,1841,1,55200.0,54100.0
2024-06-22,54100.0,54100.0,54100.0,55150.0,541000000,10000,1,55200.0,54100.0
2024-06-24,54050.0,54050.0,54050.0,54050.0,1182451850,21877,4,55150.0,54050.0
2024-06-26,53000.0,53000.0,53000.0,53000.0,2176604000,41068,9,54050.0,53000.0
2024-06-30,51450.0,51450.0,51450.0,51450.0,16085688150,312647,14,53000.0,51450.0
2024-07-01,49950.0,50000.0,49950.0,49950.0,80570631050,1613024,96,51450.0,49950.0
2024-07-02,48500.0,48500.0,48500.0,49900.0,532772500,10985,4,49950.0,48500.0
2024-07-03,48450.0,48450.0,48450.0,49850.0,603396300,12454,8,49900.0,48450.0
2024-07-06,48400.0,51000.0,48400.0,48700.0,18486887550,380111,76,49850.0,48400.0
2024-07-07,47300.0,50150.0,47250.0,47950.0,44839034750,935088,211,48700.0,47250.0
2024-07-08,46850.0,49350.0,46850.0,49250.0,28069684700,569911,151,47950.0,49350.0
2024-07-09,50700.0,50700.0,50700.0,49600.0,4780350900,94287,23,49250.0,50700.0
2024-07-10,51050.0,51050.0,51050.0,50350.0,10609057850,207817,45,49600.0,51050.0
2024-07-13,51850.0,51850.0,51800.0,51850.0,30871050100,595400,141,50350.0,51850.0
2024-07-14,53400.0,53400.0,52300.0,53400.0,43869467900,821649,147,51850.0,53400.0
2024-07-17,54100.0,55000.0,51850.0,53950.0,11389144000,209152,128,53400.0,54500.0
2024-07-20,55000.0,55550.0,54400.0,55500.0,23997057150,432221,103,53950.0,55550.0
2024-07-21,57150.0,57150.0,57100.0,56900.0,18024860000,315400,111,55500.0,57150.0
2024-07-22,56900.0,58600.0,56900.0,57900.0,12684478750,216467,88,56900.0,58600.0
2024-07-23,59600.0,59600.0,59600.0,58500.0,7500481200,125847,27,57900.0,59600.0
2024-07-24,60250.0,60250.0,59600.0,60250.0,56923673850,944850,93,58500.0,60250.0
2024-07-27,62050.0,62050.0,62050.0,61600.0,15473842850,249377,34,60250.0,62050.0
2024-07-29,63400.0,63400.0,63400.0,62000.0,4724631400,74521,34,61600.0,63400.0
2024-07-30,63850.0,63850.0,63850.0,63000.0,11174707750,175015,31,62000.0,63850.0
2024-07-31,64850.0,64850.0,61150.0,62550.0,120202077800,1920990,384,63000.0,61150.0
2024-08-03,60700.0,60700.0,60700.0,62200.0,3821368500,62955,15,62550.0,60700.0
2024-08-04,61600.0,61600.0,61600.0,62200.0,221575200,3597,5,62200.0,61600.0
2024-08-11,61600.0,61600.0,61600.0,62100.0,3058378400,49649,2,62200.0,61600.0
2024-08-12,61500.0,61500.0,61500.0,62100.0,307500,5,1,62100.0,61500.0
2024-08-13,61500.0,61500.0,61500.0,62000.0,2779062000,45188,3,62100.0,61500.0
2024-08-14,61400.0,61400.0,61400.0,62000.0,112177800,1827,2,62000.0,61400.0
2024-08-17,60800.0,60800.0,60800.0,61950.0,767052800,12616,4,62000.0,60800.0
2024-08-18,60750.0,63150.0,60750.0,61050.0,57063889250,934554,179,61950.0,63000.0
2024-08-19,62200.0,62200.0,59850.0,60950.0,9999432300,164201,72,61050.0,59850.0
2024-08-20,59750.0,59750.0,59750.0,60500.0,7127756750,119293,20,60950.0,59750.0
2024-08-21,59300.0,59750.0,59300.0,60150.0,5777146000,97420,16,60500.0,59300.0
2024-08-24,58950.0,58950.0,58950.0,60050.0,1368642150,23217,8,60150.0,58950.0
2024-08-26,58850.0,58850.0,58850.0,60050.0,283421600,4816,3,60050.0,58850.0
2024-08-31,58850.0,58850.0,58850.0,60000.0,922650300,15678,5,60050.0,58850.0
2024-09-01,57600.0,57600.0,57600.0,59950.0,201657600,3501,3,60000.0,57600.0
2024-09-07,58200.0,58200.0,58200.0,59800.0,1627330200,27961,7,59950.0,58200.0
2024-09-08,58050.0,58050.0,58050.0,59800.0,172466550,2971,2,59800.0,58050.0
2024-09-09,58050.0,61550.0,58050.0,60150.0,47123904900,783342,175,59800.0,61550.0
2024-09-10,61950.0,61950.0,58350.0,59150.0,31926259100,539919,104,60150.0,58500.0
2024-09-11,58000.0,60900.0,57400.0,58900.0,43517685800,738602,143,59150.0,60000.0
2024-09-14,60600.0,60650.0,57550.0,58950.0,4781994100,80845,36,58900.0,57600.0
2024-09-15,60000.0,60000.0,57250.0,58800.0,2679984450,46378,25,58950.0,57250.0
2024-09-16,57200.0,60000.0,57050.0,58250.0,9370819200,162451,69,58800.0,59400.0
2024-09-17,56650.0,59000.0,56550.0,57800.0,6514503100,114422,50,58250.0,56550.0
2024-09-18,57800.0,59500.0,56700.0,58550.0,18702394000,319095,105,57800.0,59500.0
2024-09-22,60250.0,60300.0,57200.0,58550.0,14301480150,244308,86,58550.0,58000.0
2024-09-23,59000.0,60300.0,59000.0,60200.0,22968426250,381423,77,58550.0,60300.0
2024-09-24,62000.0,62000.0,62000.0,61750.0,18069466000,291443,30,60200.0,62000.0
2024-09-25,63600.0,63600.0,63600.0,62900.0,13436644800,211268,36,61750.0,63600.0
2024-09-28,62300.0,62300.0,62300.0,62850.0,1029694400,16528,10,62900.0,62300.0
2024-09-29,62250.0,63400.0,62250.0,62550.0,15932369550,255044,95,62850.0,63100.0
2024-09-30,63150.0,63150.0,61950.0,62600.0,33333082950,532357,118,62550.0,63050.0
2024-10-01,63200.0,63200.0,62000.0,62500.0,4494973000,72344,41,62600.0,62000.0
2024-10-02,61900.0,61900.0,61900.0,62400.0,2808155400,45366,9,62500.0,61900.0
2024-10-05,61800.0,61800.0,61800.0,62400.0,118038000,1910,2,62400.0,61800.0
2024-10-06,61800.0,61800.0,61800.0,62350.0,1236000000,20000,2,62400.0,61800.0
2024-10-07,61750.0,61750.0,61750.0,62350.0,247000000,4000,1,62350.0,61750.0
2024-10-09,61750.0,61750.0,61750.0,62300.0,994236750,16101,4,62350.0,61750.0
2024-10-12,60450.0,61900.0,60450.0,61700.0,6402842800,105874,32,62300.0,60450.0
2024-10-13,59850.0,59850.0,59850.0,61600.0,1156062600,19316,5,61700.0,59850.0
2024-10-14,59800.0,59800.0,59800.0,61100.0,5347794400,89428,20,61600.0,59800.0
2024-10-16,59300.0,59300.0,59300.0,61000.0,826345500,13935,3,61100.0,59300.0
2024-10-20,59200.0,59200.0,59200.0,60950.0,592000000,10000,2,61000.0,59200.0
2024-10-21,59150.0,59150.0,59150.0,60900.0,345790900,5846,2,60950.0,59150.0
2024-10-22,57900.0,57900.0,57900.0,60900.0,50778300,877,1,60900.0,57900.0
2024-10-26,59100.0,59100.0,59100.0,60300.0,6626292000,112120,22,60900.0,59100.0
2024-10-27,58500.0,58500.0,58500.0,60100.0,2325258000,39748,9,60300.0,58500.0
2024-10-28,58300.0,60500.0,58300.0,59100.0,25844602800,437202,118,60100.0,59500.0
2024-10-29,60750.0,60850.0,57500.0,59200.0,7641540450,128653,55,59100.0,58750.0
2024-10-30,58700.0,59200.0,57450.0,58550.0,11742480200,201856,77,59200.0,59150.0
2024-11-02,56900.0,60300.0,56800.0,59250.0,39685256150,669645,171,58550.0,60300.0
2024-11-03,61000.0,61000.0,57600.0,59200.0,17418964350,294160,141,59250.0,58250.0
2024-11-04,59900.0,60500.0,58200.0,59300.0,13524595650,227801,59,59200.0,60350.0
2024-11-05,60950.0,61050.0,58500.0,60100.0,12697188000,209546,108,59300.0,60500.0
2024-11-06,61750.0,61750.0,59900.0,60450.0,11349631100,186908,82,60100.0,60900.0
2024-11-09,62000.0,62250.0,62000.0,61900.0,16771854500,269582,86,60450.0,62250.0
2024-11-10,63750.0,63750.0,63750.0,63550.0,18526706250,290615,40,61900.0,63750.0
2024-11-11,65450.0,65450.0,64150.0,65350.0,104814526150,1603548,239,63550.0,65450.0
2024-11-12,65350.0,67300.0,63500.0,65900.0,20320656100,308178,129,65350.0,65950.0
2024-11-13,64000.0,67500.0,64000.0,65450.0,19135405700,292728,108,65900.0,66000.0
2024-11-16,65900.0,67300.0,64600.0,65900.0,19007577700,288288,94,65450.0,64950.0
2024-11-17,65700.0,65700.0,63950.0,64500.0,19761200250,306469,79,65900.0,63950.0
2024-11-18,65750.0,65750.0,62600.0,63500.0,16636895750,262572,109,64500.0,62600.0
2024-11-19,61600.0,65350.0,61600.0,63150.0,62134850500,983561,178,63500.0,62850.0
2024-11-20,64900.0,65000.0,63250.0,65000.0,98530274450,1516353,187,63150.0,65000.0
2024-11-23,65950.0,66950.0,63050.0,63850.0,41451033500,649291,157,65000.0,63100.0
2024-11-24,65700.0,65750.0,64900.0,65700.0,31052645400,472467,73,63850.0,65750.0
2024-11-25,67650.0,67650.0,67000.0,65750.0,804680000,11900,6,65700.0,67000.0
2024-11-26,67700.0,67700.0,67700.0,67700.0,20646672100,304973,33,65750.0,67700.0
2024-11-27,69700.0,69700.0,68000.0,69650.0,172822347050,2480742,430,67700.0,69700.0
2024-11-30,71500.0,71500.0,67600.0,68000.0,74509363700,1095821,249,69650.0,69450.0
2024-12-01,69400.0,69400.0,66000.0,66050.0,20573502700,311472,155,68000.0,66000.0
2024-12-02,66000.0,68000.0,66000.0,67850.0,46072548400,678935,116,66050.0,68000.0
2024-12-03,69800.0,69850.0,69800.0,69850.0,21727352200,311062,52,67850.0,69850.0
2024-12-04,71900.0,71900.0,71000.0,71850.0,43775927850,609058,175,69850.0,71900.0
2024-12-07,74000.0,74000.0,70000.0,73650.0,43372804900,588816,168,71850.0,74000.0
2024-12-08,75850.0,75850.0,73700.0,74650.0,28064496000,376066,122,73650.0,75500.0
2024-12-09,75000.0,76850.0,75000.0,76850.0,35540371050,462480,45,74650.0,76850.0
2024-12-10,79150.0,79150.0,77850.0,79100.0,46818310950,591727,154,76850.0,79150.0
2024-12-11,81450.0,81450.0,81450.0,81300.0,21123813150,259347,52,79100.0,81450.0
2024-12-14,83700.0,83700.0,83500.0,83700.0,39259050200,469046,190,81300.0,83700.0
2024-12-15,85200.0,86200.0,81200.0,81750.0,39707597450,485638,248,83700.0,81200.0
2024-12-16,84000.0,84000.0,79300.0,79450.0,26540542700,334090,76,81750.0,79300.0
2024-12-17,77950.0,80600.0,77100.0,77800.0,39990295550,513876,108,79450.0,77100.0
2024-12-18,75500.0,75600.0,75500.0,75500.0,27733129000,367298,85,77800.0,75500.0
2024-12-21,75500.0,77750.0,74000.0,77600.0,51160779350,659306,155,75500.0,77000.0
2024-12-22,78000.0,78000.0,75300.0,75350.0,164644357500,2185692,207,77600.0,76450.0
2024-12-23,74300.0,77600.0,74300.0,77000.0,33433571150,434121,142,75350.0,77100.0
2024-12-24,76000.0,79300.0,74700.0,76650.0,39667054400,517607,175,77000.0,74700.0
2024-12-25,74400.0,75000.0,74400.0,75350.0,11897994800,159656,71,76650.0,74400.0
2024-12-28,73100.0,73100.0,73100.0,74550.0,6900128300,94393,29,75350.0,73100.0
2024-12-29,72350.0,72350.0,72350.0,73650.0,7857354700,108602,24,74550.0,72350.0
2024-12-30,71450.0,75850.0,71450.0,72250.0,22982653800,317992,80,73650.0,71450.0
2024-12-31,70250.0,74400.0,70250.0,74050.0,45437292150,613575,136,72250.0,74400.0
2025-01-01,74500.0,76250.0,72400.0,74150.0,24020240450,323990,117,74050.0,74200.0
2025-01-04,73700.0,76350.0,73000.0,75500.0,37432635900,495931,118,74150.0,74000.0
2025-01-05,76350.0,76900.0,73750.0,74550.0,52110205100,699022,110,75500.0,76100.0
2025-01-06,76750.0,76750.0,75050.0,76450.0,48477751050,634006,128,74550.0,76750.0
2025-01-07,78700.0,78700.0,77300.0,78250.0,40817281900,521760,131,76450.0,78650.0
2025-01-08,78250.0,80500.0,75950.0,78100.0,65192610600,834743,173,78250.0,79400.0
2025-01-11,80200.0,80400.0,75800.0,76550.0,18988477000,248132,79,78100.0,75800.0
2025-01-12,74300.0,74300.0,74300.0,76400.0,1336136900,17983,13,76550.0,74300.0
2025-01-13,74150.0,74150.0,74150.0,76150.0,1931459200,26048,9,76400.0,74150.0
2025-01-15,73900.0,78400.0,73900.0,75200.0,13572288950,181400,85,76150.0,73900.0
2025-01-18,72950.0,72950.0,72950.0,75150.0,479427400,6572,4,75200.0,72950.0
2025-01-19,72900.0,72900.0,72900.0,74400.0,6259194000,85860,5,75150.0,72900.0
2025-01-20,72200.0,72200.0,72200.0,74350.0,366776000,5080,5,74400.0,72200.0
2025-01-21,72150.0,72150.0,72150.0,74200.0,1108729050,15367,8,74350.0,72150.0
2025-01-22,72000.0,75650.0,72000.0,72150.0,74328297050,1030251,106,74200.0,72000.0
2025-01-25,70000.0,74250.0,70000.0,72650.0,68508194050,943125,173,72150.0,73500.0
2025-01-26,74700.0,74800.0,72400.0,74500.0,28290405200,379707,134,72650.0,74650.0
2025-01-27,76500.0,76700.0,72300.0,75750.0,37616618550,496561,130,74500.0,76700.0
2025-01-29,78000.0,78000.0,77100.0,77950.0,28804293850,369435,69,75750.0,78000.0
2025-02-01,80200.0,80250.0,79100.0,80200.0,99565109700,1241291,270,77950.0,80250.0
2025-02-02,81950.0,82600.0,81950.0,82550.0,87265866400,1056865,242,80200.0,82600.0
2025-02-03,84150.0,84900.0,80500.0,82950.0,90097936400,1086046,236,82550.0,82050.0
2025-02-04,85000.0,85400.0,83300.0,85200.0,66528147950,781032,200,82950.0,85400.0
2025-02-05,87750.0,87750.0,87000.0,87750.0,44467041250,506781,192,85200.0,87750.0
2025-02-09,90350.0,90350.0,87000.0,89550.0,45154486800,504229,178,87750.0,87000.0
2025-02-11,89550.0,89800.0,86900.0,87150.0,19938733750,228747,82,89550.0,86900.0
2025-02-15,84550.0,84550.0,84550.0,86950.0,1344429550,15901,5,87150.0,84550.0
2025-02-17,84350.0,87500.0,84350.0,84600.0,82590439100,976117,153,86950.0,87500.0
2025-02-18,87100.0,87100.0,86050.0,87050.0,53620229300,615943,153,84600.0,87100.0
2025-02-19,89600.0,89650.0,87100.0,89400.0,87136770350,974421,285,87050.0,89650.0
2025-02-22,91800.0,92050.0,89700.0,91750.0,123987647100,1351074,299,89400.0,92050.0
2025-02-23,91700.0,94500.0,90450.0,93100.0,122451725900,1314951,269,91750.0,94200.0
2025-02-26,94900.0,94900.0,90350.0,92400.0,42452988050,459494,92,93100.0,90350.0
2025-03-01,89650.0,89650.0,89650.0,91750.0,4474252200,49908,32,92400.0,89650.0
2025-03-02,89000.0,89000.0,89000.0,90950.0,5656039000,63551,17,91750.0,89000.0
2025-03-03,88250.0,88250.0,88250.0,88250.0,65502415250,742237,51,90950.0,88250.0
2025-03-04,85650.0,85650.0,85650.0,88050.0,1444230300,16862,11,88250.0,85650.0
2025-03-05,85450.0,85450.0,85450.0,88000.0,213368650,2497,5,88050.0,85450.0
2025-03-08,85400.0,85400.0,85400.0,87700.0,2314254600,27099,7,88000.0,85400.0
2025-03-09,85100.0,85100.0,85100.0,87650.0,250449300,2943,2,87700.0,85100.0
2025-03-10,85050.0,85050.0,85050.0,87400.0,1791323100,21062,10,87650.0,85050.0
2025-03-11,84800.0,84800.0,84800.0,87300.0,896081600,10567,8,87400.0,84800.0
2025-03-12,84700.0,84700.0,84700.0,86700.0,4325544300,51069,11,87300.0,84700.0
2025-03-25,83950.0,83950.0,83950.0,86500.0,54903300,654,1,86500.0,83950.0
2025-03-26,83950.0,83950.0,83950.0,86450.0,293741050,3499,4,86500.0,83950.0
2025-03-29,83900.0,83900.0,83900.0,85450.0,7553265300,90027,7,86450.0,83900.0
2025-03-30,82900.0,82900.0,82900.0,83100.0,17685139900,213331,7,85450.0,82900.0
2025-04-05,80650.0,80650.0,80650.0,83050.0,271467900,3366,3,83100.0,80650.0
2025-04-07,80600.0,80600.0,80600.0,83050.0,104538200,1297,2,83050.0,80600.0
2025-04-08,80600.0,80600.0,80600.0,83050.0,80600000,1000,1,83050.0,80600.0
2025-04-09,80600.0,80600.0,80600.0,82850.0,1720004000,21340,6,83050.0,80600.0
2025-04-12,78750.0,78750.0,78750.0,82250.0,2670412500,33910,7,82850.0,78750.0
2025-04-13,79800.0,79800.0,79800.0,81350.0,6932944200,86879,15,82250.0,79800.0
2025-04-14,78950.0,78950.0,78950.0,81100.0,2140018700,27106,10,81350.0,78950.0
2025-04-15,78700.0,78700.0,78700.0,78700.0,76729981600,974968,32,81100.0,78700.0
2025-04-16,76350.0,76350.0,76350.0,76350.0,122631461250,1606175,69,78700.0,76350.0
2025-04-19,74100.0,74100.0,74100.0,76200.0,1509268800,20368,13,76350.0,74100.0
2025-04-20,73950.0,73950.0,73950.0,73950.0,62269153800,842044,27,76200.0,73950.0
2025-04-21,71750.0,71750.0,71750.0,72450.0,12888237250,179627,25,73950.0,71750.0
2025-04-22,70300.0,70300.0,70300.0,70600.0,15663050900,222803,14,72450.0,70300.0
2025-04-23,68500.0,68500.0,68500.0,68500.0,174945986000,2553956,124,70600.0,68500.0
2025-04-26,66450.0,66450.0,66450.0,66450.0,42440551800,638684,56,68500.0,66450.0
2025-04-27,64500.0,64500.0,64500.0,65400.0,9992727000,154926,29,66450.0,64500.0
2025-04-28,63450.0,63450.0,63450.0,64600.0,7458293700,117546,39,65400.0,63450.0
2025-04-29,62700.0,62700.0,62700.0,63950.0,6266363400,99942,27,64600.0,62700.0
2025-04-30,62050.0,65850.0,62050.0,63400.0,113088738800,1784333,443,63950.0,65850.0
2025-05-03,65300.0,65300.0,63650.0,65250.0,57842040850,886228,250,63400.0,65300.0
2025-05-04,67200.0,67200.0,67150.0,67200.0,67122853850,998881,226,65250.0,67200.0
2025-05-05,69200.0,69200.0,68000.0,68950.0,43824933000,635572,276,67200.0,69000.0
2025-05-06,67000.0,69000.0,66900.0,66950.0,66222065450,989427,302,68950.0,66900.0
2025-05-07,68900.0,68900.0,65700.0,67250.0,34115440200,507370,188,66950.0,66250.0
2025-05-10,65250.0,66000.0,65250.0,66800.0,4566250450,69907,59,67250.0,65250.0
2025-05-11,64800.0,64800.0,64800.0,66500.0,2742724800,42326,18,66800.0,64800.0
2025-05-12,64700.0,68350.0,64550.0,64750.0,24844041250,383601,135,66500.0,64550.0
2025-05-13,62850.0,62850.0,62850.0,62850.0,39166611600,623176,148,64750.0,62850.0
2025-05-14,61000.0,61400.0,61000.0,61000.0,34639395400,567758,172,62850.0,61400.0
2025-05-17,62400.0,62800.0,61500.0,62750.0,45531373000,725725,164,61000.0,62800.0
2025-05-18,64500.0,64600.0,64200.0,64600.0,39401337650,610144,180,62750.0,64600.0
2025-05-19,66400.0,66450.0,62900.0,65850.0,37966161500,576647,237,64600.0,62900.0
2025-05-20,63900.0,66300.0,63900.0,63950.0,36517872400,570833,163,65850.0,63900.0
2025-05-21,62100.0,64000.0,62050.0,62050.0,30921300100,498140,137,63950.0,62050.0
2025-05-24,63850.0,63900.0,63100.0,63800.0,19444616200,304399,103,62050.0,63900.0
2025-05-25,65700.0,65700.0,64000.0,65500.0,26448614650,403947,138,63800.0,65000.0
2025-05-26,63550.0,67450.0,63550.0,67250.0,64620820100,960971,248,65500.0,67450.0
2025-05-27,69150.0,69250.0,67450.0,68500.0,16259081750,235715,101,67250.0,67500.0
2025-05-28,66450.0,67200.0,66450.0,66450.0,32295829450,485985,140,68500.0,66450.0
2025-05-31,66900.0,66900.0,64500.0,66050.0,3873225000,60010,23,66450.0,64500.0
2025-06-01,64100.0,64100.0,64100.0,66000.0,367549400,5734,6,66050.0,64100.0
2025-06-02,64050.0,64050.0,64050.0,65750.0,2636874450,41169,12,66000.0,64050.0
2025-06-03,63800.0,63800.0,63800.0,65650.0,861108600,13497,9,65750.0,63800.0
2025-06-07,63700.0,63700.0,63700.0,65650.0,147720300,2319,2,65650.0,63700.0
2025-06-08,63700.0,63700.0,63700.0,65600.0,613239900,9627,9,65650.0,63700.0
2025-06-09,62350.0,62350.0,62350.0,64150.0,8447240350,135481,64,65600.0,62350.0
2025-06-10,62250.0,62250.0,62250.0,64150.0,174922500,2810,3,64150.0,62250.0
2025-06-11,62250.0,62250.0,62250.0,64100.0,728636250,11705,3,64150.0,62250.0
2025-06-30,62200.0,62200.0,62200.0,64050.0,398826400,6412,1,64100.0,62200.0
2025-07-02,62150.0,62150.0,62150.0,64000.0,292664350,4709,2,64050.0,62150.0
2025-07-07,60800.0,60800.0,60800.0,63950.0,422560000,6950,4,64000.0,60800.0
2025-07-09,62050.0,62050.0,62050.0,63850.0,1241000000,20000,1,63950.0,62050.0
2025-07-12,61950.0,61950.0,61950.0,63850.0,163362150,2637,1,63850.0,61950.0
2025-07-15,60700.0,60700.0,60700.0,63850.0,126498800,2084,1,63850.0,60700.0
2025-07-16,61950.0,61950.0,61950.0,63800.0,643722450,10391,3,63850.0,61950.0
2025-07-19,61900.0,61900.0,61900.0,63650.0,1735676000,28040,4,63800.0,61900.0
2025-07-21,61750.0,61750.0,61750.0,63550.0,802688250,12999,3,63650.0,61750.0
2025-07-22,61650.0,61650.0,61650.0,63500.0,308250000,5000,1,63550.0,61650.0
2025-07-29,61600.0,61600.0,61600.0,61600.0,50512000,820,1,63500.0,61600.0
2025-07-30,59800.0,59800.0,59800.0,59800.0,169891800,2841,3,61600.0,59800.0
2025-08-02,58050.0,58050.0,58050.0,58050.0,276608250,4765,5,59800.0,58050.0
2025-08-17,56350.0,56350.0,56350.0,58050.0,225400000,4000,2,58050.0,56350.0
2025-08-19,56350.0,56350.0,56350.0,58000.0,697500300,12378,2,58050.0,56350.0
2025-08-20,56300.0,56300.0,56300.0,57900.0,1407500000,25000,1,58000.0,56300.0
2025-08-23,56200.0,56200.0,56200.0,57800.0,1405000000,25000,1,57900.0,56200.0
2025-08-26,56100.0,56100.0,56100.0,57700.0,1402500000,25000,2,57800.0,56100.0
2025-08-27,56000.0,56000.0,56000.0,57600.0,1400000000,25000,3,57700.0,56000.0
2025-08-30,55900.0,55900.0,55900.0,57550.0,609813100,10909,2,57600.0,55900.0
2025-08-31,55850.0,55850.0,55850.0,57450.0,944982000,16920,2,57550.0,55850.0
2025-09-02,55750.0,55750.0,55750.0,57400.0,334500000,6000,2,57450.0,55750.0
2025-09-03,54550.0,54550.0,54550.0,54550.0,155085650,2843,3,57400.0,54550.0
2025-09-06,52950.0,52950.0,52950.0,54550.0,264802950,5001,2,54550.0,52950.0
2025-09-07,52950.0,52950.0,52950.0,54550.0,264750000,5000,1,54550.0,52950.0
2025-09-13,52950.0,52950.0,52950.0,54500.0,645460500,12190,2,54550.0,52950.0
2025-09-14,52900.0,52900.0,52900.0,54000.0,5794295700,109533,18,54500.0,52900.0
2025-09-15,52400.0,52400.0,52400.0,53650.0,4260801200,81313,20,54000.0,52400.0
2025-09-16,52050.0,52050.0,52050.0,53100.0,6397309350,122907,28,53650.0,52050.0
2025-09-17,51550.0,51550.0,51550.0,52750.0,4469591200,86704,13,53100.0,51550.0
2025-09-20,51200.0,51200.0,51200.0,52750.0,51200000,1000,1,52750.0,51200.0
